FREQ,REF_AREA,UNIT_MEASURE,UNIT_MULT,TIME_FORMAT,COMPILATION,DECIMALS,SOURCE_REF,SUPP_INFO_BREAKS,TITLE,TIME_PERIOD,OBS_VALUE,OBS_STATUS,OBS_CONF,OBS_PRE_BREAK
M,CA,368,0,,"From 1 Jun 1994 onwards: Central Bank target, overnight rate; from 27 Jul 1960 to 31 May 1994: official bank rate.",4,Bank of Canada,"In Jun 1994 the Bank of Canada (BoC) began shifting emphasis from the bank rate to the target for the overnight rate as its key monetary policy instrument. In Feb 1999 the target for the overnight rate was defined as the midpoint of the band, or 25 basis points below the bank rate. In May 2001 the BoC began emphasizing the target as its key interest rate in its communications with the public.", Central bank policy rates - Canada - Monthly - End of period,2016-01,0.5,A,F,
M,CA,368,0,,"From 1 Jun 1994 onwards: Central Bank target, overnight rate; from 27 Jul 1960 to 31 May 1994: official bank rate.",4,Bank of Canada,"In Jun 1994 the Bank of Canada (BoC) began shifting emphasis from the bank rate to the target for the overnight rate as its key monetary policy instrument. In Feb 1999 the target for the overnight rate was defined as the midpoint of the band, or 25 basis points below the bank rate. In May 2001 the BoC began emphasizing the target as its key interest rate in its communications with the public.", Central bank policy rates - Canada - Monthly - End of period,2016-02,0.5,A,F,
M,CA,368,0,,"From 1 Jun 1994 onwards: Central Bank target, overnight rate; from 27 Jul 1960 to 31 May 1994: official bank rate.",4,Bank of Canada,"In Jun 1994 the Bank of Canada (BoC) began shifting emphasis from the bank rate to the target for the overnight rate as its key monetary policy instrument. In Feb 1999 the target for the overnight rate was defined as the midpoint of the band, or 25 basis points below the bank rate. In May 2001 the BoC began emphasizing the target as its key interest rate in its communications with the public.", Central bank policy rates - Canada - Monthly - End of period,2016-03,0.5,A,F,
M,CA,368,0,,"From 1 Jun 1994 onwards: Central Bank target, overnight rate; from 27 Jul 1960 to 31 May 1994: official bank rate.",4,Bank of Canada,"In Jun 1994 the Bank of Canada (BoC) began shifting emphasis from the bank rate to the target for the overnight rate as its key monetary policy instrument. In Feb 1999 the target for the overnight rate was defined as the midpoint of the band, or 25 basis points below the bank rate. In May 2001 the BoC began emphasizing the target as its key interest rate in its communications with the public.", Central bank policy rates - Canada - Monthly - End of period,2016-04,0.5,A,F,
M,CA,368,0,,"From 1 Jun 1994 onwards: Central Bank target, overnight rate; from 27 Jul 1960 to 31 May 1994: official bank rate.",4,Bank of Canada,"In Jun 1994 the Bank of Canada (BoC) began shifting emphasis from the bank rate to the target for the overnight rate as its key monetary policy instrument. In Feb 1999 the target for the overnight rate was defined as the midpoint of the band, or 25 basis points below the bank rate. In May 2001 the BoC began emphasizing the target as its key interest rate in its communications with the public.", Central bank policy rates - Canada - Monthly - End of period,2016-05,0.5,A,F,
M,CA,368,0,,"From 1 Jun 1994 onwards: Central Bank target, overnight rate; from 27 Jul 1960 to 31 May 1994: official bank rate.",4,Bank of Canada,"In Jun 1994 the Bank of Canada (BoC) began shifting emphasis from the bank rate to the target for the overnight rate as its key monetary policy instrument. In Feb 1999 the target for the overnight rate was defined as the midpoint of the band, or 25 basis points below the bank rate. In May 2001 the BoC began emphasizing the target as its key interest rate in its communications with the public.", Central bank policy rates - Canada - Monthly - End of period,2016-06,0.5,A,F,
M,CA,368,0,,"From 1 Jun 1994 onwards: Central Bank target, overnight rate; from 27 Jul 1960 to 31 May 1994: official bank rate.",4,Bank of Canada,"In Jun 1994 the Bank of Canada (BoC) began shifting emphasis from the bank rate to the target for the overnight rate as its key monetary policy instrument. In Feb 1999 the target for the overnight rate was defined as the midpoint of the band, or 25 basis points below the bank rate. In May 2001 the BoC began emphasizing the target as its key interest rate in its communications with the public.", Central bank policy rates - Canada - Monthly - End of period,2016-07,0.5,A,F,
M,CA,368,0,,"From 1 Jun 1994 onwards: Central Bank target, overnight rate; from 27 Jul 1960 to 31 May 1994: official bank rate.",4,Bank of Canada,"In Jun 1994 the Bank of Canada (BoC) began shifting emphasis from the bank rate to the target for the overnight rate as its key monetary policy instrument. In Feb 1999 the target for the overnight rate was defined as the midpoint of the band, or 25 basis points below the bank rate. In May 2001 the BoC began emphasizing the target as its key interest rate in its communications with the public.", Central bank policy rates - Canada - Monthly - End of period,2016-08,0.5,A,F,
M,CA,368,0,,"From 1 Jun 1994 onwards: Central Bank target, overnight rate; from 27 Jul 1960 to 31 May 1994: official bank rate.",4,Bank of Canada,"In Jun 1994 the Bank of Canada (BoC) began shifting emphasis from the bank rate to the target for the overnight rate as its key monetary policy instrument. In Feb 1999 the target for the overnight rate was defined as the midpoint of the band, or 25 basis points below the bank rate. In May 2001 the BoC began emphasizing the target as its key interest rate in its communications with the public.", Central bank policy rates - Canada - Monthly - End of period,2016-09,0.5,A,F,
M,CA,368,0,,"From 1 Jun 1994 onwards: Central Bank target, overnight rate; from 27 Jul 1960 to 31 May 1994: official bank rate.",4,Bank of Canada,"In Jun 1994 the Bank of Canada (BoC) began shifting emphasis from the bank rate to the target for the overnight rate as its key monetary policy instrument. In Feb 1999 the target for the overnight rate was defined as the midpoint of the band, or 25 basis points below the bank rate. In May 2001 the BoC began emphasizing the target as its key interest rate in its communications with the public.", Central bank policy rates - Canada - Monthly - End of period,2016-10,0.5,A,F,
M,CA,368,0,,"From 1 Jun 1994 onwards: Central Bank target, overnight rate; from 27 Jul 1960 to 31 May 1994: official bank rate.",4,Bank of Canada,"In Jun 1994 the Bank of Canada (BoC) began shifting emphasis from the bank rate to the target for the overnight rate as its key monetary policy instrument. In Feb 1999 the target for the overnight rate was defined as the midpoint of the band, or 25 basis points below the bank rate. In May 2001 the BoC began emphasizing the target as its key interest rate in its communications with the public.", Central bank policy rates - Canada - Monthly - End of period,2016-11,0.5,A,F,
M,CA,368,0,,"From 1 Jun 1994 onwards: Central Bank target, overnight rate; from 27 Jul 1960 to 31 May 1994: official bank rate.",4,Bank of Canada,"In Jun 1994 the Bank of Canada (BoC) began shifting emphasis from the bank rate to the target for the overnight rate as its key monetary policy instrument. In Feb 1999 the target for the overnight rate was defined as the midpoint of the band, or 25 basis points below the bank rate. In May 2001 the BoC began emphasizing the target as its key interest rate in its communications with the public.", Central bank policy rates - Canada - Monthly - End of period,2016-12,0.5,A,F,
M,CA,368,0,,"From 1 Jun 1994 onwards: Central Bank target, overnight rate; from 27 Jul 1960 to 31 May 1994: official bank rate.",4,Bank of Canada,"In Jun 1994 the Bank of Canada (BoC) began shifting emphasis from the bank rate to the target for the overnight rate as its key monetary policy instrument. In Feb 1999 the target for the overnight rate was defined as the midpoint of the band, or 25 basis points below the bank rate. In May 2001 the BoC began emphasizing the target as its key interest rate in its communications with the public.", Central bank policy rates - Canada - Monthly - End of period,2017-01,0.5,A,F,
M,CA,368,0,,"From 1 Jun 1994 onwards: Central Bank target, overnight rate; from 27 Jul 1960 to 31 May 1994: official bank rate.",4,Bank of Canada,"In Jun 1994 the Bank of Canada (BoC) began shifting emphasis from the bank rate to the target for the overnight rate as its key monetary policy instrument. In Feb 1999 the target for the overnight rate was defined as the midpoint of the band, or 25 basis points below the bank rate. In May 2001 the BoC began emphasizing the target as its key interest rate in its communications with the public.", Central bank policy rates - Canada - Monthly - End of period,2017-02,0.5,A,F,
M,CA,368,0,,"From 1 Jun 1994 onwards: Central Bank target, overnight rate; from 27 Jul 1960 to 31 May 1994: official bank rate.",4,Bank of Canada,"In Jun 1994 the Bank of Canada (BoC) began shifting emphasis from the bank rate to the target for the overnight rate as its key monetary policy instrument. In Feb 1999 the target for the overnight rate was defined as the midpoint of the band, or 25 basis points below the bank rate. In May 2001 the BoC began emphasizing the target as its key interest rate in its communications with the public.", Central bank policy rates - Canada - Monthly - End of period,2017-03,0.5,A,F,
M,CA,368,0,,"From 1 Jun 1994 onwards: Central Bank target, overnight rate; from 27 Jul 1960 to 31 May 1994: official bank rate.",4,Bank of Canada,"In Jun 1994 the Bank of Canada (BoC) began shifting emphasis from the bank rate to the target for the overnight rate as its key monetary policy instrument. In Feb 1999 the target for the overnight rate was defined as the midpoint of the band, or 25 basis points below the bank rate. In May 2001 the BoC began emphasizing the target as its key interest rate in its communications with the public.", Central bank policy rates - Canada - Monthly - End of period,2017-04,0.5,A,F,
M,CA,368,0,,"From 1 Jun 1994 onwards: Central Bank target, overnight rate; from 27 Jul 1960 to 31 May 1994: official bank rate.",4,Bank of Canada,"In Jun 1994 the Bank of Canada (BoC) began shifting emphasis from the bank rate to the target for the overnight rate as its key monetary policy instrument. In Feb 1999 the target for the overnight rate was defined as the midpoint of the band, or 25 basis points below the bank rate. In May 2001 the BoC began emphasizing the target as its key interest rate in its communications with the public.", Central bank policy rates - Canada - Monthly - End of period,2017-05,0.5,A,F,
M,CA,368,0,,"From 1 Jun 1994 onwards: Central Bank target, overnight rate; from 27 Jul 1960 to 31 May 1994: official bank rate.",4,Bank of Canada,"In Jun 1994 the Bank of Canada (BoC) began shifting emphasis from the bank rate to the target for the overnight rate as its key monetary policy instrument. In Feb 1999 the target for the overnight rate was defined as the midpoint of the band, or 25 basis points below the bank rate. In May 2001 the BoC began emphasizing the target as its key interest rate in its communications with the public.", Central bank policy rates - Canada - Monthly - End of period,2017-06,0.5,A,F,
M,CA,368,0,,"From 1 Jun 1994 onwards: Central Bank target, overnight rate; from 27 Jul 1960 to 31 May 1994: official bank rate.",4,Bank of Canada,"In Jun 1994 the Bank of Canada (BoC) began shifting emphasis from the bank rate to the target for the overnight rate as its key monetary policy instrument. In Feb 1999 the target for the overnight rate was defined as the midpoint of the band, or 25 basis points below the bank rate. In May 2001 the BoC began emphasizing the target as its key interest rate in its communications with the public.", Central bank policy rates - Canada - Monthly - End of period,2017-07,0.75,A,F,
M,CA,368,0,,"From 1 Jun 1994 onwards: Central Bank target, overnight rate; from 27 Jul 1960 to 31 May 1994: official bank rate.",4,Bank of Canada,"In Jun 1994 the Bank of Canada (BoC) began shifting emphasis from the bank rate to the target for the overnight rate as its key monetary policy instrument. In Feb 1999 the target for the overnight rate was defined as the midpoint of the band, or 25 basis points below the bank rate. In May 2001 the BoC began emphasizing the target as its key interest rate in its communications with the public.", Central bank policy rates - Canada - Monthly - End of period,2017-08,0.75,A,F,
M,CA,368,0,,"From 1 Jun 1994 onwards: Central Bank target, overnight rate; from 27 Jul 1960 to 31 May 1994: official bank rate.",4,Bank of Canada,"In Jun 1994 the Bank of Canada (BoC) began shifting emphasis from the bank rate to the target for the overnight rate as its key monetary policy instrument. In Feb 1999 the target for the overnight rate was defined as the midpoint of the band, or 25 basis points below the bank rate. In May 2001 the BoC began emphasizing the target as its key interest rate in its communications with the public.", Central bank policy rates - Canada - Monthly - End of period,2017-09,1,A,F,
M,CA,368,0,,"From 1 Jun 1994 onwards: Central Bank target, overnight rate; from 27 Jul 1960 to 31 May 1994: official bank rate.",4,Bank of Canada,"In Jun 1994 the Bank of Canada (BoC) began shifting emphasis from the bank rate to the target for the overnight rate as its key monetary policy instrument. In Feb 1999 the target for the overnight rate was defined as the midpoint of the band, or 25 basis points below the bank rate. In May 2001 the BoC began emphasizing the target as its key interest rate in its communications with the public.", Central bank policy rates - Canada - Monthly - End of period,2017-10,1,A,F,
M,CA,368,0,,"From 1 Jun 1994 onwards: Central Bank target, overnight rate; from 27 Jul 1960 to 31 May 1994: official bank rate.",4,Bank of Canada,"In Jun 1994 the Bank of Canada (BoC) began shifting emphasis from the bank rate to the target for the overnight rate as its key monetary policy instrument. In Feb 1999 the target for the overnight rate was defined as the midpoint of the band, or 25 basis points below the bank rate. In May 2001 the BoC began emphasizing the target as its key interest rate in its communications with the public.", Central bank policy rates - Canada - Monthly - End of period,2017-11,1,A,F,
M,CA,368,0,,"From 1 Jun 1994 onwards: Central Bank target, overnight rate; from 27 Jul 1960 to 31 May 1994: official bank rate.",4,Bank of Canada,"In Jun 1994 the Bank of Canada (BoC) began shifting emphasis from the bank rate to the target for the overnight rate as its key monetary policy instrument. In Feb 1999 the target for the overnight rate was defined as the midpoint of the band, or 25 basis points below the bank rate. In May 2001 the BoC began emphasizing the target as its key interest rate in its communications with the public.", Central bank policy rates - Canada - Monthly - End of period,2017-12,1,A,F,
M,CA,368,0,,"From 1 Jun 1994 onwards: Central Bank target, overnight rate; from 27 Jul 1960 to 31 May 1994: official bank rate.",4,Bank of Canada,"In Jun 1994 the Bank of Canada (BoC) began shifting emphasis from the bank rate to the target for the overnight rate as its key monetary policy instrument. In Feb 1999 the target for the overnight rate was defined as the midpoint of the band, or 25 basis points below the bank rate. In May 2001 the BoC began emphasizing the target as its key interest rate in its communications with the public.", Central bank policy rates - Canada - Monthly - End of period,2018-01,1.25,A,F,
M,CA,368,0,,"From 1 Jun 1994 onwards: Central Bank target, overnight rate; from 27 Jul 1960 to 31 May 1994: official bank rate.",4,Bank of Canada,"In Jun 1994 the Bank of Canada (BoC) began shifting emphasis from the bank rate to the target for the overnight rate as its key monetary policy instrument. In Feb 1999 the target for the overnight rate was defined as the midpoint of the band, or 25 basis points below the bank rate. In May 2001 the BoC began emphasizing the target as its key interest rate in its communications with the public.", Central bank policy rates - Canada - Monthly - End of period,2018-02,1.25,A,F,
M,CA,368,0,,"From 1 Jun 1994 onwards: Central Bank target, overnight rate; from 27 Jul 1960 to 31 May 1994: official bank rate.",4,Bank of Canada,"In Jun 1994 the Bank of Canada (BoC) began shifting emphasis from the bank rate to the target for the overnight rate as its key monetary policy instrument. In Feb 1999 the target for the overnight rate was defined as the midpoint of the band, or 25 basis points below the bank rate. In May 2001 the BoC began emphasizing the target as its key interest rate in its communications with the public.", Central bank policy rates - Canada - Monthly - End of period,2018-03,1.25,A,F,
M,CA,368,0,,"From 1 Jun 1994 onwards: Central Bank target, overnight rate; from 27 Jul 1960 to 31 May 1994: official bank rate.",4,Bank of Canada,"In Jun 1994 the Bank of Canada (BoC) began shifting emphasis from the bank rate to the target for the overnight rate as its key monetary policy instrument. In Feb 1999 the target for the overnight rate was defined as the midpoint of the band, or 25 basis points below the bank rate. In May 2001 the BoC began emphasizing the target as its key interest rate in its communications with the public.", Central bank policy rates - Canada - Monthly - End of period,2018-04,1.25,A,F,
M,CA,368,0,,"From 1 Jun 1994 onwards: Central Bank target, overnight rate; from 27 Jul 1960 to 31 May 1994: official bank rate.",4,Bank of Canada,"In Jun 1994 the Bank of Canada (BoC) began shifting emphasis from the bank rate to the target for the overnight rate as its key monetary policy instrument. In Feb 1999 the target for the overnight rate was defined as the midpoint of the band, or 25 basis points below the bank rate. In May 2001 the BoC began emphasizing the target as its key interest rate in its communications with the public.", Central bank policy rates - Canada - Monthly - End of period,2018-05,1.25,A,F,
M,CA,368,0,,"From 1 Jun 1994 onwards: Central Bank target, overnight rate; from 27 Jul 1960 to 31 May 1994: official bank rate.",4,Bank of Canada,"In Jun 1994 the Bank of Canada (BoC) began shifting emphasis from the bank rate to the target for the overnight rate as its key monetary policy instrument. In Feb 1999 the target for the overnight rate was defined as the midpoint of the band, or 25 basis points below the bank rate. In May 2001 the BoC began emphasizing the target as its key interest rate in its communications with the public.", Central bank policy rates - Canada - Monthly - End of period,2018-06,1.25,A,F,
M,CA,368,0,,"From 1 Jun 1994 onwards: Central Bank target, overnight rate; from 27 Jul 1960 to 31 May 1994: official bank rate.",4,Bank of Canada,"In Jun 1994 the Bank of Canada (BoC) began shifting emphasis from the bank rate to the target for the overnight rate as its key monetary policy instrument. In Feb 1999 the target for the overnight rate was defined as the midpoint of the band, or 25 basis points below the bank rate. In May 2001 the BoC began emphasizing the target as its key interest rate in its communications with the public.", Central bank policy rates - Canada - Monthly - End of period,2018-07,1.5,A,F,
M,CA,368,0,,"From 1 Jun 1994 onwards: Central Bank target, overnight rate; from 27 Jul 1960 to 31 May 1994: official bank rate.",4,Bank of Canada,"In Jun 1994 the Bank of Canada (BoC) began shifting emphasis from the bank rate to the target for the overnight rate as its key monetary policy instrument. In Feb 1999 the target for the overnight rate was defined as the midpoint of the band, or 25 basis points below the bank rate. In May 2001 the BoC began emphasizing the target as its key interest rate in its communications with the public.", Central bank policy rates - Canada - Monthly - End of period,2018-08,1.5,A,F,
M,CA,368,0,,"From 1 Jun 1994 onwards: Central Bank target, overnight rate; from 27 Jul 1960 to 31 May 1994: official bank rate.",4,Bank of Canada,"In Jun 1994 the Bank of Canada (BoC) began shifting emphasis from the bank rate to the target for the overnight rate as its key monetary policy instrument. In Feb 1999 the target for the overnight rate was defined as the midpoint of the band, or 25 basis points below the bank rate. In May 2001 the BoC began emphasizing the target as its key interest rate in its communications with the public.", Central bank policy rates - Canada - Monthly - End of period,2018-09,1.5,A,F,
M,CA,368,0,,"From 1 Jun 1994 onwards: Central Bank target, overnight rate; from 27 Jul 1960 to 31 May 1994: official bank rate.",4,Bank of Canada,"In Jun 1994 the Bank of Canada (BoC) began shifting emphasis from the bank rate to the target for the overnight rate as its key monetary policy instrument. In Feb 1999 the target for the overnight rate was defined as the midpoint of the band, or 25 basis points below the bank rate. In May 2001 the BoC began emphasizing the target as its key interest rate in its communications with the public.", Central bank policy rates - Canada - Monthly - End of period,2018-10,1.75,A,F,
M,CA,368,0,,"From 1 Jun 1994 onwards: Central Bank target, overnight rate; from 27 Jul 1960 to 31 May 1994: official bank rate.",4,Bank of Canada,"In Jun 1994 the Bank of Canada (BoC) began shifting emphasis from the bank rate to the target for the overnight rate as its key monetary policy instrument. In Feb 1999 the target for the overnight rate was defined as the midpoint of the band, or 25 basis points below the bank rate. In May 2001 the BoC began emphasizing the target as its key interest rate in its communications with the public.", Central bank policy rates - Canada - Monthly - End of period,2018-11,1.75,A,F,
M,CA,368,0,,"From 1 Jun 1994 onwards: Central Bank target, overnight rate; from 27 Jul 1960 to 31 May 1994: official bank rate.",4,Bank of Canada,"In Jun 1994 the Bank of Canada (BoC) began shifting emphasis from the bank rate to the target for the overnight rate as its key monetary policy instrument. In Feb 1999 the target for the overnight rate was defined as the midpoint of the band, or 25 basis points below the bank rate. In May 2001 the BoC began emphasizing the target as its key interest rate in its communications with the public.", Central bank policy rates - Canada - Monthly - End of period,2018-12,1.75,A,F,
M,CA,368,0,,"From 1 Jun 1994 onwards: Central Bank target, overnight rate; from 27 Jul 1960 to 31 May 1994: official bank rate.",4,Bank of Canada,"In Jun 1994 the Bank of Canada (BoC) began shifting emphasis from the bank rate to the target for the overnight rate as its key monetary policy instrument. In Feb 1999 the target for the overnight rate was defined as the midpoint of the band, or 25 basis points below the bank rate. In May 2001 the BoC began emphasizing the target as its key interest rate in its communications with the public.", Central bank policy rates - Canada - Monthly - End of period,2019-01,1.75,A,F,
M,CA,368,0,,"From 1 Jun 1994 onwards: Central Bank target, overnight rate; from 27 Jul 1960 to 31 May 1994: official bank rate.",4,Bank of Canada,"In Jun 1994 the Bank of Canada (BoC) began shifting emphasis from the bank rate to the target for the overnight rate as its key monetary policy instrument. In Feb 1999 the target for the overnight rate was defined as the midpoint of the band, or 25 basis points below the bank rate. In May 2001 the BoC began emphasizing the target as its key interest rate in its communications with the public.", Central bank policy rates - Canada - Monthly - End of period,2019-02,1.75,A,F,
M,CA,368,0,,"From 1 Jun 1994 onwards: Central Bank target, overnight rate; from 27 Jul 1960 to 31 May 1994: official bank rate.",4,Bank of Canada,"In Jun 1994 the Bank of Canada (BoC) began shifting emphasis from the bank rate to the target for the overnight rate as its key monetary policy instrument. In Feb 1999 the target for the overnight rate was defined as the midpoint of the band, or 25 basis points below the bank rate. In May 2001 the BoC began emphasizing the target as its key interest rate in its communications with the public.", Central bank policy rates - Canada - Monthly - End of period,2019-03,1.75,A,F,
M,CA,368,0,,"From 1 Jun 1994 onwards: Central Bank target, overnight rate; from 27 Jul 1960 to 31 May 1994: official bank rate.",4,Bank of Canada,"In Jun 1994 the Bank of Canada (BoC) began shifting emphasis from the bank rate to the target for the overnight rate as its key monetary policy instrument. In Feb 1999 the target for the overnight rate was defined as the midpoint of the band, or 25 basis points below the bank rate. In May 2001 the BoC began emphasizing the target as its key interest rate in its communications with the public.", Central bank policy rates - Canada - Monthly - End of period,2019-04,1.75,A,F,
M,CA,368,0,,"From 1 Jun 1994 onwards: Central Bank target, overnight rate; from 27 Jul 1960 to 31 May 1994: official bank rate.",4,Bank of Canada,"In Jun 1994 the Bank of Canada (BoC) began shifting emphasis from the bank rate to the target for the overnight rate as its key monetary policy instrument. In Feb 1999 the target for the overnight rate was defined as the midpoint of the band, or 25 basis points below the bank rate. In May 2001 the BoC began emphasizing the target as its key interest rate in its communications with the public.", Central bank policy rates - Canada - Monthly - End of period,2019-05,1.75,A,F,
M,CA,368,0,,"From 1 Jun 1994 onwards: Central Bank target, overnight rate; from 27 Jul 1960 to 31 May 1994: official bank rate.",4,Bank of Canada,"In Jun 1994 the Bank of Canada (BoC) began shifting emphasis from the bank rate to the target for the overnight rate as its key monetary policy instrument. In Feb 1999 the target for the overnight rate was defined as the midpoint of the band, or 25 basis points below the bank rate. In May 2001 the BoC began emphasizing the target as its key interest rate in its communications with the public.", Central bank policy rates - Canada - Monthly - End of period,2019-06,1.75,A,F,
M,CA,368,0,,"From 1 Jun 1994 onwards: Central Bank target, overnight rate; from 27 Jul 1960 to 31 May 1994: official bank rate.",4,Bank of Canada,"In Jun 1994 the Bank of Canada (BoC) began shifting emphasis from the bank rate to the target for the overnight rate as its key monetary policy instrument. In Feb 1999 the target for the overnight rate was defined as the midpoint of the band, or 25 basis points below the bank rate. In May 2001 the BoC began emphasizing the target as its key interest rate in its communications with the public.", Central bank policy rates - Canada - Monthly - End of period,2019-07,1.75,A,F,
M,CA,368,0,,"From 1 Jun 1994 onwards: Central Bank target, overnight rate; from 27 Jul 1960 to 31 May 1994: official bank rate.",4,Bank of Canada,"In Jun 1994 the Bank of Canada (BoC) began shifting emphasis from the bank rate to the target for the overnight rate as its key monetary policy instrument. In Feb 1999 the target for the overnight rate was defined as the midpoint of the band, or 25 basis points below the bank rate. In May 2001 the BoC began emphasizing the target as its key interest rate in its communications with the public.", Central bank policy rates - Canada - Monthly - End of period,2019-08,1.75,A,F,
M,CA,368,0,,"From 1 Jun 1994 onwards: Central Bank target, overnight rate; from 27 Jul 1960 to 31 May 1994: official bank rate.",4,Bank of Canada,"In Jun 1994 the Bank of Canada (BoC) began shifting emphasis from the bank rate to the target for the overnight rate as its key monetary policy instrument. In Feb 1999 the target for the overnight rate was defined as the midpoint of the band, or 25 basis points below the bank rate. In May 2001 the BoC began emphasizing the target as its key interest rate in its communications with the public.", Central bank policy rates - Canada - Monthly - End of period,2019-09,1.75,A,F,
M,CA,368,0,,"From 1 Jun 1994 onwards: Central Bank target, overnight rate; from 27 Jul 1960 to 31 May 1994: official bank rate.",4,Bank of Canada,"In Jun 1994 the Bank of Canada (BoC) began shifting emphasis from the bank rate to the target for the overnight rate as its key monetary policy instrument. In Feb 1999 the target for the overnight rate was defined as the midpoint of the band, or 25 basis points below the bank rate. In May 2001 the BoC began emphasizing the target as its key interest rate in its communications with the public.", Central bank policy rates - Canada - Monthly - End of period,2019-10,1.75,A,F,
M,CA,368,0,,"From 1 Jun 1994 onwards: Central Bank target, overnight rate; from 27 Jul 1960 to 31 May 1994: official bank rate.",4,Bank of Canada,"In Jun 1994 the Bank of Canada (BoC) began shifting emphasis from the bank rate to the target for the overnight rate as its key monetary policy instrument. In Feb 1999 the target for the overnight rate was defined as the midpoint of the band, or 25 basis points below the bank rate. In May 2001 the BoC began emphasizing the target as its key interest rate in its communications with the public.", Central bank policy rates - Canada - Monthly - End of period,2019-11,1.75,A,F,
M,CA,368,0,,"From 1 Jun 1994 onwards: Central Bank target, overnight rate; from 27 Jul 1960 to 31 May 1994: official bank rate.",4,Bank of Canada,"In Jun 1994 the Bank of Canada (BoC) began shifting emphasis from the bank rate to the target for the overnight rate as its key monetary policy instrument. In Feb 1999 the target for the overnight rate was defined as the midpoint of the band, or 25 basis points below the bank rate. In May 2001 the BoC began emphasizing the target as its key interest rate in its communications with the public.", Central bank policy rates - Canada - Monthly - End of period,2019-12,1.75,A,F,
M,CA,368,0,,"From 1 Jun 1994 onwards: Central Bank target, overnight rate; from 27 Jul 1960 to 31 May 1994: official bank rate.",4,Bank of Canada,"In Jun 1994 the Bank of Canada (BoC) began shifting emphasis from the bank rate to the target for the overnight rate as its key monetary policy instrument. In Feb 1999 the target for the overnight rate was defined as the midpoint of the band, or 25 basis points below the bank rate. In May 2001 the BoC began emphasizing the target as its key interest rate in its communications with the public.", Central bank policy rates - Canada - Monthly - End of period,2020-01,1.75,A,F,
M,CA,368,0,,"From 1 Jun 1994 onwards: Central Bank target, overnight rate; from 27 Jul 1960 to 31 May 1994: official bank rate.",4,Bank of Canada,"In Jun 1994 the Bank of Canada (BoC) began shifting emphasis from the bank rate to the target for the overnight rate as its key monetary policy instrument. In Feb 1999 the target for the overnight rate was defined as the midpoint of the band, or 25 basis points below the bank rate. In May 2001 the BoC began emphasizing the target as its key interest rate in its communications with the public.", Central bank policy rates - Canada - Monthly - End of period,2020-02,1.75,A,F,
M,CA,368,0,,"From 1 Jun 1994 onwards: Central Bank target, overnight rate; from 27 Jul 1960 to 31 May 1994: official bank rate.",4,Bank of Canada,"In Jun 1994 the Bank of Canada (BoC) began shifting emphasis from the bank rate to the target for the overnight rate as its key monetary policy instrument. In Feb 1999 the target for the overnight rate was defined as the midpoint of the band, or 25 basis points below the bank rate. In May 2001 the BoC began emphasizing the target as its key interest rate in its communications with the public.", Central bank policy rates - Canada - Monthly - End of period,2020-03,0.25,A,F,
M,CA,368,0,,"From 1 Jun 1994 onwards: Central Bank target, overnight rate; from 27 Jul 1960 to 31 May 1994: official bank rate.",4,Bank of Canada,"In Jun 1994 the Bank of Canada (BoC) began shifting emphasis from the bank rate to the target for the overnight rate as its key monetary policy instrument. In Feb 1999 the target for the overnight rate was defined as the midpoint of the band, or 25 basis points below the bank rate. In May 2001 the BoC began emphasizing the target as its key interest rate in its communications with the public.", Central bank policy rates - Canada - Monthly - End of period,2020-04,0.25,A,F,
M,CA,368,0,,"From 1 Jun 1994 onwards: Central Bank target, overnight rate; from 27 Jul 1960 to 31 May 1994: official bank rate.",4,Bank of Canada,"In Jun 1994 the Bank of Canada (BoC) began shifting emphasis from the bank rate to the target for the overnight rate as its key monetary policy instrument. In Feb 1999 the target for the overnight rate was defined as the midpoint of the band, or 25 basis points below the bank rate. In May 2001 the BoC began emphasizing the target as its key interest rate in its communications with the public.", Central bank policy rates - Canada - Monthly - End of period,2020-05,0.25,A,F,
M,CA,368,0,,"From 1 Jun 1994 onwards: Central Bank target, overnight rate; from 27 Jul 1960 to 31 May 1994: official bank rate.",4,Bank of Canada,"In Jun 1994 the Bank of Canada (BoC) began shifting emphasis from the bank rate to the target for the overnight rate as its key monetary policy instrument. In Feb 1999 the target for the overnight rate was defined as the midpoint of the band, or 25 basis points below the bank rate. In May 2001 the BoC began emphasizing the target as its key interest rate in its communications with the public.", Central bank policy rates - Canada - Monthly - End of period,2020-06,0.25,A,F,
M,CA,368,0,,"From 1 Jun 1994 onwards: Central Bank target, overnight rate; from 27 Jul 1960 to 31 May 1994: official bank rate.",4,Bank of Canada,"In Jun 1994 the Bank of Canada (BoC) began shifting emphasis from the bank rate to the target for the overnight rate as its key monetary policy instrument. In Feb 1999 the target for the overnight rate was defined as the midpoint of the band, or 25 basis points below the bank rate. In May 2001 the BoC began emphasizing the target as its key interest rate in its communications with the public.", Central bank policy rates - Canada - Monthly - End of period,2020-07,0.25,A,F,
M,CA,368,0,,"From 1 Jun 1994 onwards: Central Bank target, overnight rate; from 27 Jul 1960 to 31 May 1994: official bank rate.",4,Bank of Canada,"In Jun 1994 the Bank of Canada (BoC) began shifting emphasis from the bank rate to the target for the overnight rate as its key monetary policy instrument. In Feb 1999 the target for the overnight rate was defined as the midpoint of the band, or 25 basis points below the bank rate. In May 2001 the BoC began emphasizing the target as its key interest rate in its communications with the public.", Central bank policy rates - Canada - Monthly - End of period,2020-08,0.25,A,F,
M,CA,368,0,,"From 1 Jun 1994 onwards: Central Bank target, overnight rate; from 27 Jul 1960 to 31 May 1994: official bank rate.",4,Bank of Canada,"In Jun 1994 the Bank of Canada (BoC) began shifting emphasis from the bank rate to the target for the overnight rate as its key monetary policy instrument. In Feb 1999 the target for the overnight rate was defined as the midpoint of the band, or 25 basis points below the bank rate. In May 2001 the BoC began emphasizing the target as its key interest rate in its communications with the public.", Central bank policy rates - Canada - Monthly - End of period,2020-09,0.25,A,F,
M,CA,368,0,,"From 1 Jun 1994 onwards: Central Bank target, overnight rate; from 27 Jul 1960 to 31 May 1994: official bank rate.",4,Bank of Canada,"In Jun 1994 the Bank of Canada (BoC) began shifting emphasis from the bank rate to the target for the overnight rate as its key monetary policy instrument. In Feb 1999 the target for the overnight rate was defined as the midpoint of the band, or 25 basis points below the bank rate. In May 2001 the BoC began emphasizing the target as its key interest rate in its communications with the public.", Central bank policy rates - Canada - Monthly - End of period,2020-10,0.25,A,F,
M,CA,368,0,,"From 1 Jun 1994 onwards: Central Bank target, overnight rate; from 27 Jul 1960 to 31 May 1994: official bank rate.",4,Bank of Canada,"In Jun 1994 the Bank of Canada (BoC) began shifting emphasis from the bank rate to the target for the overnight rate as its key monetary policy instrument. In Feb 1999 the target for the overnight rate was defined as the midpoint of the band, or 25 basis points below the bank rate. In May 2001 the BoC began emphasizing the target as its key interest rate in its communications with the public.", Central bank policy rates - Canada - Monthly - End of period,2020-11,0.25,A,F,
M,CA,368,0,,"From 1 Jun 1994 onwards: Central Bank target, overnight rate; from 27 Jul 1960 to 31 May 1994: official bank rate.",4,Bank of Canada,"In Jun 1994 the Bank of Canada (BoC) began shifting emphasis from the bank rate to the target for the overnight rate as its key monetary policy instrument. In Feb 1999 the target for the overnight rate was defined as the midpoint of the band, or 25 basis points below the bank rate. In May 2001 the BoC began emphasizing the target as its key interest rate in its communications with the public.", Central bank policy rates - Canada - Monthly - End of period,2020-12,0.25,A,F,
M,CA,368,0,,"From 1 Jun 1994 onwards: Central Bank target, overnight rate; from 27 Jul 1960 to 31 May 1994: official bank rate.",4,Bank of Canada,"In Jun 1994 the Bank of Canada (BoC) began shifting emphasis from the bank rate to the target for the overnight rate as its key monetary policy instrument. In Feb 1999 the target for the overnight rate was defined as the midpoint of the band, or 25 basis points below the bank rate. In May 2001 the BoC began emphasizing the target as its key interest rate in its communications with the public.", Central bank policy rates - Canada - Monthly - End of period,2021-01,0.25,A,F,
M,CA,368,0,,"From 1 Jun 1994 onwards: Central Bank target, overnight rate; from 27 Jul 1960 to 31 May 1994: official bank rate.",4,Bank of Canada,"In Jun 1994 the Bank of Canada (BoC) began shifting emphasis from the bank rate to the target for the overnight rate as its key monetary policy instrument. In Feb 1999 the target for the overnight rate was defined as the midpoint of the band, or 25 basis points below the bank rate. In May 2001 the BoC began emphasizing the target as its key interest rate in its communications with the public.", Central bank policy rates - Canada - Monthly - End of period,2021-02,0.25,A,F,
M,CA,368,0,,"From 1 Jun 1994 onwards: Central Bank target, overnight rate; from 27 Jul 1960 to 31 May 1994: official bank rate.",4,Bank of Canada,"In Jun 1994 the Bank of Canada (BoC) began shifting emphasis from the bank rate to the target for the overnight rate as its key monetary policy instrument. In Feb 1999 the target for the overnight rate was defined as the midpoint of the band, or 25 basis points below the bank rate. In May 2001 the BoC began emphasizing the target as its key interest rate in its communications with the public.", Central bank policy rates - Canada - Monthly - End of period,2021-03,0.25,A,F,
M,CA,368,0,,"From 1 Jun 1994 onwards: Central Bank target, overnight rate; from 27 Jul 1960 to 31 May 1994: official bank rate.",4,Bank of Canada,"In Jun 1994 the Bank of Canada (BoC) began shifting emphasis from the bank rate to the target for the overnight rate as its key monetary policy instrument. In Feb 1999 the target for the overnight rate was defined as the midpoint of the band, or 25 basis points below the bank rate. In May 2001 the BoC began emphasizing the target as its key interest rate in its communications with the public.", Central bank policy rates - Canada - Monthly - End of period,2021-04,0.25,A,F,
M,CA,368,0,,"From 1 Jun 1994 onwards: Central Bank target, overnight rate; from 27 Jul 1960 to 31 May 1994: official bank rate.",4,Bank of Canada,"In Jun 1994 the Bank of Canada (BoC) began shifting emphasis from the bank rate to the target for the overnight rate as its key monetary policy instrument. In Feb 1999 the target for the overnight rate was defined as the midpoint of the band, or 25 basis points below the bank rate. In May 2001 the BoC began emphasizing the target as its key interest rate in its communications with the public.", Central bank policy rates - Canada - Monthly - End of period,2021-05,0.25,A,F,
M,CA,368,0,,"From 1 Jun 1994 onwards: Central Bank target, overnight rate; from 27 Jul 1960 to 31 May 1994: official bank rate.",4,Bank of Canada,"In Jun 1994 the Bank of Canada (BoC) began shifting emphasis from the bank rate to the target for the overnight rate as its key monetary policy instrument. In Feb 1999 the target for the overnight rate was defined as the midpoint of the band, or 25 basis points below the bank rate. In May 2001 the BoC began emphasizing the target as its key interest rate in its communications with the public.", Central bank policy rates - Canada - Monthly - End of period,2021-06,0.25,A,F,
M,CA,368,0,,"From 1 Jun 1994 onwards: Central Bank target, overnight rate; from 27 Jul 1960 to 31 May 1994: official bank rate.",4,Bank of Canada,"In Jun 1994 the Bank of Canada (BoC) began shifting emphasis from the bank rate to the target for the overnight rate as its key monetary policy instrument. In Feb 1999 the target for the overnight rate was defined as the midpoint of the band, or 25 basis points below the bank rate. In May 2001 the BoC began emphasizing the target as its key interest rate in its communications with the public.", Central bank policy rates - Canada - Monthly - End of period,2021-07,0.25,A,F,
M,CA,368,0,,"From 1 Jun 1994 onwards: Central Bank target, overnight rate; from 27 Jul 1960 to 31 May 1994: official bank rate.",4,Bank of Canada,"In Jun 1994 the Bank of Canada (BoC) began shifting emphasis from the bank rate to the target for the overnight rate as its key monetary policy instrument. In Feb 1999 the target for the overnight rate was defined as the midpoint of the band, or 25 basis points below the bank rate. In May 2001 the BoC began emphasizing the target as its key interest rate in its communications with the public.", Central bank policy rates - Canada - Monthly - End of period,2021-08,0.25,A,F,
M,CA,368,0,,"From 1 Jun 1994 onwards: Central Bank target, overnight rate; from 27 Jul 1960 to 31 May 1994: official bank rate.",4,Bank of Canada,"In Jun 1994 the Bank of Canada (BoC) began shifting emphasis from the bank rate to the target for the overnight rate as its key monetary policy instrument. In Feb 1999 the target for the overnight rate was defined as the midpoint of the band, or 25 basis points below the bank rate. In May 2001 the BoC began emphasizing the target as its key interest rate in its communications with the public.", Central bank policy rates - Canada - Monthly - End of period,2021-09,0.25,A,F,
M,CA,368,0,,"From 1 Jun 1994 onwards: Central Bank target, overnight rate; from 27 Jul 1960 to 31 May 1994: official bank rate.",4,Bank of Canada,"In Jun 1994 the Bank of Canada (BoC) began shifting emphasis from the bank rate to the target for the overnight rate as its key monetary policy instrument. In Feb 1999 the target for the overnight rate was defined as the midpoint of the band, or 25 basis points below the bank rate. In May 2001 the BoC began emphasizing the target as its key interest rate in its communications with the public.", Central bank policy rates - Canada - Monthly - End of period,2021-10,0.25,A,F,
M,CA,368,0,,"From 1 Jun 1994 onwards: Central Bank target, overnight rate; from 27 Jul 1960 to 31 May 1994: official bank rate.",4,Bank of Canada,"In Jun 1994 the Bank of Canada (BoC) began shifting emphasis from the bank rate to the target for the overnight rate as its key monetary policy instrument. In Feb 1999 the target for the overnight rate was defined as the midpoint of the band, or 25 basis points below the bank rate. In May 2001 the BoC began emphasizing the target as its key interest rate in its communications with the public.", Central bank policy rates - Canada - Monthly - End of period,2021-11,0.25,A,F,
M,CA,368,0,,"From 1 Jun 1994 onwards: Central Bank target, overnight rate; from 27 Jul 1960 to 31 May 1994: official bank rate.",4,Bank of Canada,"In Jun 1994 the Bank of Canada (BoC) began shifting emphasis from the bank rate to the target for the overnight rate as its key monetary policy instrument. In Feb 1999 the target for the overnight rate was defined as the midpoint of the band, or 25 basis points below the bank rate. In May 2001 the BoC began emphasizing the target as its key interest rate in its communications with the public.", Central bank policy rates - Canada - Monthly - End of period,2021-12,0.25,A,F,
M,CA,368,0,,"From 1 Jun 1994 onwards: Central Bank target, overnight rate; from 27 Jul 1960 to 31 May 1994: official bank rate.",4,Bank of Canada,"In Jun 1994 the Bank of Canada (BoC) began shifting emphasis from the bank rate to the target for the overnight rate as its key monetary policy instrument. In Feb 1999 the target for the overnight rate was defined as the midpoint of the band, or 25 basis points below the bank rate. In May 2001 the BoC began emphasizing the target as its key interest rate in its communications with the public.", Central bank policy rates - Canada - Monthly - End of period,2022-01,0.25,A,F,
M,CA,368,0,,"From 1 Jun 1994 onwards: Central Bank target, overnight rate; from 27 Jul 1960 to 31 May 1994: official bank rate.",4,Bank of Canada,"In Jun 1994 the Bank of Canada (BoC) began shifting emphasis from the bank rate to the target for the overnight rate as its key monetary policy instrument. In Feb 1999 the target for the overnight rate was defined as the midpoint of the band, or 25 basis points below the bank rate. In May 2001 the BoC began emphasizing the target as its key interest rate in its communications with the public.", Central bank policy rates - Canada - Monthly - End of period,2022-02,0.25,A,F,
M,CA,368,0,,"From 1 Jun 1994 onwards: Central Bank target, overnight rate; from 27 Jul 1960 to 31 May 1994: official bank rate.",4,Bank of Canada,"In Jun 1994 the Bank of Canada (BoC) began shifting emphasis from the bank rate to the target for the overnight rate as its key monetary policy instrument. In Feb 1999 the target for the overnight rate was defined as the midpoint of the band, or 25 basis points below the bank rate. In May 2001 the BoC began emphasizing the target as its key interest rate in its communications with the public.", Central bank policy rates - Canada - Monthly - End of period,2022-03,0.5,A,F,
M,CA,368,0,,"From 1 Jun 1994 onwards: Central Bank target, overnight rate; from 27 Jul 1960 to 31 May 1994: official bank rate.",4,Bank of Canada,"In Jun 1994 the Bank of Canada (BoC) began shifting emphasis from the bank rate to the target for the overnight rate as its key monetary policy instrument. In Feb 1999 the target for the overnight rate was defined as the midpoint of the band, or 25 basis points below the bank rate. In May 2001 the BoC began emphasizing the target as its key interest rate in its communications with the public.", Central bank policy rates - Canada - Monthly - End of period,2022-04,1,A,F,
M,CA,368,0,,"From 1 Jun 1994 onwards: Central Bank target, overnight rate; from 27 Jul 1960 to 31 May 1994: official bank rate.",4,Bank of Canada,"In Jun 1994 the Bank of Canada (BoC) began shifting emphasis from the bank rate to the target for the overnight rate as its key monetary policy instrument. In Feb 1999 the target for the overnight rate was defined as the midpoint of the band, or 25 basis points below the bank rate. In May 2001 the BoC began emphasizing the target as its key interest rate in its communications with the public.", Central bank policy rates - Canada - Monthly - End of period,2022-05,1,A,F,
M,CA,368,0,,"From 1 Jun 1994 onwards: Central Bank target, overnight rate; from 27 Jul 1960 to 31 May 1994: official bank rate.",4,Bank of Canada,"In Jun 1994 the Bank of Canada (BoC) began shifting emphasis from the bank rate to the target for the overnight rate as its key monetary policy instrument. In Feb 1999 the target for the overnight rate was defined as the midpoint of the band, or 25 basis points below the bank rate. In May 2001 the BoC began emphasizing the target as its key interest rate in its communications with the public.", Central bank policy rates - Canada - Monthly - End of period,2022-06,1.5,A,F,
M,CA,368,0,,"From 1 Jun 1994 onwards: Central Bank target, overnight rate; from 27 Jul 1960 to 31 May 1994: official bank rate.",4,Bank of Canada,"In Jun 1994 the Bank of Canada (BoC) began shifting emphasis from the bank rate to the target for the overnight rate as its key monetary policy instrument. In Feb 1999 the target for the overnight rate was defined as the midpoint of the band, or 25 basis points below the bank rate. In May 2001 the BoC began emphasizing the target as its key interest rate in its communications with the public.", Central bank policy rates - Canada - Monthly - End of period,2022-07,2.5,A,F,
M,CA,368,0,,"From 1 Jun 1994 onwards: Central Bank target, overnight rate; from 27 Jul 1960 to 31 May 1994: official bank rate.",4,Bank of Canada,"In Jun 1994 the Bank of Canada (BoC) began shifting emphasis from the bank rate to the target for the overnight rate as its key monetary policy instrument. In Feb 1999 the target for the overnight rate was defined as the midpoint of the band, or 25 basis points below the bank rate. In May 2001 the BoC began emphasizing the target as its key interest rate in its communications with the public.", Central bank policy rates - Canada - Monthly - End of period,2022-08,2.5,A,F,
M,CA,368,0,,"From 1 Jun 1994 onwards: Central Bank target, overnight rate; from 27 Jul 1960 to 31 May 1994: official bank rate.",4,Bank of Canada,"In Jun 1994 the Bank of Canada (BoC) began shifting emphasis from the bank rate to the target for the overnight rate as its key monetary policy instrument. In Feb 1999 the target for the overnight rate was defined as the midpoint of the band, or 25 basis points below the bank rate. In May 2001 the BoC began emphasizing the target as its key interest rate in its communications with the public.", Central bank policy rates - Canada - Monthly - End of period,2022-09,3.25,A,F,
M,CA,368,0,,"From 1 Jun 1994 onwards: Central Bank target, overnight rate; from 27 Jul 1960 to 31 May 1994: official bank rate.",4,Bank of Canada,"In Jun 1994 the Bank of Canada (BoC) began shifting emphasis from the bank rate to the target for the overnight rate as its key monetary policy instrument. In Feb 1999 the target for the overnight rate was defined as the midpoint of the band, or 25 basis points below the bank rate. In May 2001 the BoC began emphasizing the target as its key interest rate in its communications with the public.", Central bank policy rates - Canada - Monthly - End of period,2022-10,3.75,A,F,
M,CA,368,0,,"From 1 Jun 1994 onwards: Central Bank target, overnight rate; from 27 Jul 1960 to 31 May 1994: official bank rate.",4,Bank of Canada,"In Jun 1994 the Bank of Canada (BoC) began shifting emphasis from the bank rate to the target for the overnight rate as its key monetary policy instrument. In Feb 1999 the target for the overnight rate was defined as the midpoint of the band, or 25 basis points below the bank rate. In May 2001 the BoC began emphasizing the target as its key interest rate in its communications with the public.", Central bank policy rates - Canada - Monthly - End of period,2022-11,3.75,A,F,
M,CA,368,0,,"From 1 Jun 1994 onwards: Central Bank target, overnight rate; from 27 Jul 1960 to 31 May 1994: official bank rate.",4,Bank of Canada,"In Jun 1994 the Bank of Canada (BoC) began shifting emphasis from the bank rate to the target for the overnight rate as its key monetary policy instrument. In Feb 1999 the target for the overnight rate was defined as the midpoint of the band, or 25 basis points below the bank rate. In May 2001 the BoC began emphasizing the target as its key interest rate in its communications with the public.", Central bank policy rates - Canada - Monthly - End of period,2022-12,4.25,A,F,
M,CA,368,0,,"From 1 Jun 1994 onwards: Central Bank target, overnight rate; from 27 Jul 1960 to 31 May 1994: official bank rate.",4,Bank of Canada,"In Jun 1994 the Bank of Canada (BoC) began shifting emphasis from the bank rate to the target for the overnight rate as its key monetary policy instrument. In Feb 1999 the target for the overnight rate was defined as the midpoint of the band, or 25 basis points below the bank rate. In May 2001 the BoC began emphasizing the target as its key interest rate in its communications with the public.", Central bank policy rates - Canada - Monthly - End of period,2023-01,4.5,A,F,
M,CA,368,0,,"From 1 Jun 1994 onwards: Central Bank target, overnight rate; from 27 Jul 1960 to 31 May 1994: official bank rate.",4,Bank of Canada,"In Jun 1994 the Bank of Canada (BoC) began shifting emphasis from the bank rate to the target for the overnight rate as its key monetary policy instrument. In Feb 1999 the target for the overnight rate was defined as the midpoint of the band, or 25 basis points below the bank rate. In May 2001 the BoC began emphasizing the target as its key interest rate in its communications with the public.", Central bank policy rates - Canada - Monthly - End of period,2023-02,4.5,A,F,
M,CA,368,0,,"From 1 Jun 1994 onwards: Central Bank target, overnight rate; from 27 Jul 1960 to 31 May 1994: official bank rate.",4,Bank of Canada,"In Jun 1994 the Bank of Canada (BoC) began shifting emphasis from the bank rate to the target for the overnight rate as its key monetary policy instrument. In Feb 1999 the target for the overnight rate was defined as the midpoint of the band, or 25 basis points below the bank rate. In May 2001 the BoC began emphasizing the target as its key interest rate in its communications with the public.", Central bank policy rates - Canada - Monthly - End of period,2023-03,4.5,A,F,
M,CA,368,0,,"From 1 Jun 1994 onwards: Central Bank target, overnight rate; from 27 Jul 1960 to 31 May 1994: official bank rate.",4,Bank of Canada,"In Jun 1994 the Bank of Canada (BoC) began shifting emphasis from the bank rate to the target for the overnight rate as its key monetary policy instrument. In Feb 1999 the target for the overnight rate was defined as the midpoint of the band, or 25 basis points below the bank rate. In May 2001 the BoC began emphasizing the target as its key interest rate in its communications with the public.", Central bank policy rates - Canada - Monthly - End of period,2023-04,4.5,A,F,
M,CA,368,0,,"From 1 Jun 1994 onwards: Central Bank target, overnight rate; from 27 Jul 1960 to 31 May 1994: official bank rate.",4,Bank of Canada,"In Jun 1994 the Bank of Canada (BoC) began shifting emphasis from the bank rate to the target for the overnight rate as its key monetary policy instrument. In Feb 1999 the target for the overnight rate was defined as the midpoint of the band, or 25 basis points below the bank rate. In May 2001 the BoC began emphasizing the target as its key interest rate in its communications with the public.", Central bank policy rates - Canada - Monthly - End of period,2023-05,4.5,A,F,
M,CA,368,0,,"From 1 Jun 1994 onwards: Central Bank target, overnight rate; from 27 Jul 1960 to 31 May 1994: official bank rate.",4,Bank of Canada,"In Jun 1994 the Bank of Canada (BoC) began shifting emphasis from the bank rate to the target for the overnight rate as its key monetary policy instrument. In Feb 1999 the target for the overnight rate was defined as the midpoint of the band, or 25 basis points below the bank rate. In May 2001 the BoC began emphasizing the target as its key interest rate in its communications with the public.", Central bank policy rates - Canada - Monthly - End of period,2023-06,4.75,A,F,
M,CA,368,0,,"From 1 Jun 1994 onwards: Central Bank target, overnight rate; from 27 Jul 1960 to 31 May 1994: official bank rate.",4,Bank of Canada,"In Jun 1994 the Bank of Canada (BoC) began shifting emphasis from the bank rate to the target for the overnight rate as its key monetary policy instrument. In Feb 1999 the target for the overnight rate was defined as the midpoint of the band, or 25 basis points below the bank rate. In May 2001 the BoC began emphasizing the target as its key interest rate in its communications with the public.", Central bank policy rates - Canada - Monthly - End of period,2023-07,5,A,F,
M,CA,368,0,,"From 1 Jun 1994 onwards: Central Bank target, overnight rate; from 27 Jul 1960 to 31 May 1994: official bank rate.",4,Bank of Canada,"In Jun 1994 the Bank of Canada (BoC) began shifting emphasis from the bank rate to the target for the overnight rate as its key monetary policy instrument. In Feb 1999 the target for the overnight rate was defined as the midpoint of the band, or 25 basis points below the bank rate. In May 2001 the BoC began emphasizing the target as its key interest rate in its communications with the public.", Central bank policy rates - Canada - Monthly - End of period,2023-08,5,A,F,
M,CA,368,0,,"From 1 Jun 1994 onwards: Central Bank target, overnight rate; from 27 Jul 1960 to 31 May 1994: official bank rate.",4,Bank of Canada,"In Jun 1994 the Bank of Canada (BoC) began shifting emphasis from the bank rate to the target for the overnight rate as its key monetary policy instrument. In Feb 1999 the target for the overnight rate was defined as the midpoint of the band, or 25 basis points below the bank rate. In May 2001 the BoC began emphasizing the target as its key interest rate in its communications with the public.", Central bank policy rates - Canada - Monthly - End of period,2023-09,5,A,F,
M,CA,368,0,,"From 1 Jun 1994 onwards: Central Bank target, overnight rate; from 27 Jul 1960 to 31 May 1994: official bank rate.",4,Bank of Canada,"In Jun 1994 the Bank of Canada (BoC) began shifting emphasis from the bank rate to the target for the overnight rate as its key monetary policy instrument. In Feb 1999 the target for the overnight rate was defined as the midpoint of the band, or 25 basis points below the bank rate. In May 2001 the BoC began emphasizing the target as its key interest rate in its communications with the public.", Central bank policy rates - Canada - Monthly - End of period,2023-10,5,A,F,
M,CA,368,0,,"From 1 Jun 1994 onwards: Central Bank target, overnight rate; from 27 Jul 1960 to 31 May 1994: official bank rate.",4,Bank of Canada,"In Jun 1994 the Bank of Canada (BoC) began shifting emphasis from the bank rate to the target for the overnight rate as its key monetary policy instrument. In Feb 1999 the target for the overnight rate was defined as the midpoint of the band, or 25 basis points below the bank rate. In May 2001 the BoC began emphasizing the target as its key interest rate in its communications with the public.", Central bank policy rates - Canada - Monthly - End of period,2023-11,5,A,F,
M,CA,368,0,,"From 1 Jun 1994 onwards: Central Bank target, overnight rate; from 27 Jul 1960 to 31 May 1994: official bank rate.",4,Bank of Canada,"In Jun 1994 the Bank of Canada (BoC) began shifting emphasis from the bank rate to the target for the overnight rate as its key monetary policy instrument. In Feb 1999 the target for the overnight rate was defined as the midpoint of the band, or 25 basis points below the bank rate. In May 2001 the BoC began emphasizing the target as its key interest rate in its communications with the public.", Central bank policy rates - Canada - Monthly - End of period,2023-12,5,A,F,
M,CA,368,0,,"From 1 Jun 1994 onwards: Central Bank target, overnight rate; from 27 Jul 1960 to 31 May 1994: official bank rate.",4,Bank of Canada,"In Jun 1994 the Bank of Canada (BoC) began shifting emphasis from the bank rate to the target for the overnight rate as its key monetary policy instrument. In Feb 1999 the target for the overnight rate was defined as the midpoint of the band, or 25 basis points below the bank rate. In May 2001 the BoC began emphasizing the target as its key interest rate in its communications with the public.", Central bank policy rates - Canada - Monthly - End of period,2024-01,5,A,F,
M,CA,368,0,,"From 1 Jun 1994 onwards: Central Bank target, overnight rate; from 27 Jul 1960 to 31 May 1994: official bank rate.",4,Bank of Canada,"In Jun 1994 the Bank of Canada (BoC) began shifting emphasis from the bank rate to the target for the overnight rate as its key monetary policy instrument. In Feb 1999 the target for the overnight rate was defined as the midpoint of the band, or 25 basis points below the bank rate. In May 2001 the BoC began emphasizing the target as its key interest rate in its communications with the public.", Central bank policy rates - Canada - Monthly - End of period,2024-02,5,A,F,
M,CA,368,0,,"From 1 Jun 1994 onwards: Central Bank target, overnight rate; from 27 Jul 1960 to 31 May 1994: official bank rate.",4,Bank of Canada,"In Jun 1994 the Bank of Canada (BoC) began shifting emphasis from the bank rate to the target for the overnight rate as its key monetary policy instrument. In Feb 1999 the target for the overnight rate was defined as the midpoint of the band, or 25 basis points below the bank rate. In May 2001 the BoC began emphasizing the target as its key interest rate in its communications with the public.", Central bank policy rates - Canada - Monthly - End of period,2024-03,5,A,F,
M,CA,368,0,,"From 1 Jun 1994 onwards: Central Bank target, overnight rate; from 27 Jul 1960 to 31 May 1994: official bank rate.",4,Bank of Canada,"In Jun 1994 the Bank of Canada (BoC) began shifting emphasis from the bank rate to the target for the overnight rate as its key monetary policy instrument. In Feb 1999 the target for the overnight rate was defined as the midpoint of the band, or 25 basis points below the bank rate. In May 2001 the BoC began emphasizing the target as its key interest rate in its communications with the public.", Central bank policy rates - Canada - Monthly - End of period,2024-04,5,A,F,
M,CA,368,0,,"From 1 Jun 1994 onwards: Central Bank target, overnight rate; from 27 Jul 1960 to 31 May 1994: official bank rate.",4,Bank of Canada,"In Jun 1994 the Bank of Canada (BoC) began shifting emphasis from the bank rate to the target for the overnight rate as its key monetary policy instrument. In Feb 1999 the target for the overnight rate was defined as the midpoint of the band, or 25 basis points below the bank rate. In May 2001 the BoC began emphasizing the target as its key interest rate in its communications with the public.", Central bank policy rates - Canada - Monthly - End of period,2024-05,5,A,F,
M,CA,368,0,,"From 1 Jun 1994 onwards: Central Bank target, overnight rate; from 27 Jul 1960 to 31 May 1994: official bank rate.",4,Bank of Canada,"In Jun 1994 the Bank of Canada (BoC) began shifting emphasis from the bank rate to the target for the overnight rate as its key monetary policy instrument. In Feb 1999 the target for the overnight rate was defined as the midpoint of the band, or 25 basis points below the bank rate. In May 2001 the BoC began emphasizing the target as its key interest rate in its communications with the public.", Central bank policy rates - Canada - Monthly - End of period,2024-06,4.75,A,F,
M,CA,368,0,,"From 1 Jun 1994 onwards: Central Bank target, overnight rate; from 27 Jul 1960 to 31 May 1994: official bank rate.",4,Bank of Canada,"In Jun 1994 the Bank of Canada (BoC) began shifting emphasis from the bank rate to the target for the overnight rate as its key monetary policy instrument. In Feb 1999 the target for the overnight rate was defined as the midpoint of the band, or 25 basis points below the bank rate. In May 2001 the BoC began emphasizing the target as its key interest rate in its communications with the public.", Central bank policy rates - Canada - Monthly - End of period,2024-07,4.5,A,F,
M,CA,368,0,,"From 1 Jun 1994 onwards: Central Bank target, overnight rate; from 27 Jul 1960 to 31 May 1994: official bank rate.",4,Bank of Canada,"In Jun 1994 the Bank of Canada (BoC) began shifting emphasis from the bank rate to the target for the overnight rate as its key monetary policy instrument. In Feb 1999 the target for the overnight rate was defined as the midpoint of the band, or 25 basis points below the bank rate. In May 2001 the BoC began emphasizing the target as its key interest rate in its communications with the public.", Central bank policy rates - Canada - Monthly - End of period,2024-08,4.5,A,F,
M,CA,368,0,,"From 1 Jun 1994 onwards: Central Bank target, overnight rate; from 27 Jul 1960 to 31 May 1994: official bank rate.",4,Bank of Canada,"In Jun 1994 the Bank of Canada (BoC) began shifting emphasis from the bank rate to the target for the overnight rate as its key monetary policy instrument. In Feb 1999 the target for the overnight rate was defined as the midpoint of the band, or 25 basis points below the bank rate. In May 2001 the BoC began emphasizing the target as its key interest rate in its communications with the public.", Central bank policy rates - Canada - Monthly - End of period,2024-09,4.25,A,F,
M,CA,368,0,,"From 1 Jun 1994 onwards: Central Bank target, overnight rate; from 27 Jul 1960 to 31 May 1994: official bank rate.",4,Bank of Canada,"In Jun 1994 the Bank of Canada (BoC) began shifting emphasis from the bank rate to the target for the overnight rate as its key monetary policy instrument. In Feb 1999 the target for the overnight rate was defined as the midpoint of the band, or 25 basis points below the bank rate. In May 2001 the BoC began emphasizing the target as its key interest rate in its communications with the public.", Central bank policy rates - Canada - Monthly - End of period,2024-10,3.75,A,F,
M,CA,368,0,,"From 1 Jun 1994 onwards: Central Bank target, overnight rate; from 27 Jul 1960 to 31 May 1994: official bank rate.",4,Bank of Canada,"In Jun 1994 the Bank of Canada (BoC) began shifting emphasis from the bank rate to the target for the overnight rate as its key monetary policy instrument. In Feb 1999 the target for the overnight rate was defined as the midpoint of the band, or 25 basis points below the bank rate. In May 2001 the BoC began emphasizing the target as its key interest rate in its communications with the public.", Central bank policy rates - Canada - Monthly - End of period,2024-11,3.75,A,F,
M,CA,368,0,,"From 1 Jun 1994 onwards: Central Bank target, overnight rate; from 27 Jul 1960 to 31 May 1994: official bank rate.",4,Bank of Canada,"In Jun 1994 the Bank of Canada (BoC) began shifting emphasis from the bank rate to the target for the overnight rate as its key monetary policy instrument. In Feb 1999 the target for the overnight rate was defined as the midpoint of the band, or 25 basis points below the bank rate. In May 2001 the BoC began emphasizing the target as its key interest rate in its communications with the public.", Central bank policy rates - Canada - Monthly - End of period,2024-12,3.25,A,F,
M,CA,368,0,,"From 1 Jun 1994 onwards: Central Bank target, overnight rate; from 27 Jul 1960 to 31 May 1994: official bank rate.",4,Bank of Canada,"In Jun 1994 the Bank of Canada (BoC) began shifting emphasis from the bank rate to the target for the overnight rate as its key monetary policy instrument. In Feb 1999 the target for the overnight rate was defined as the midpoint of the band, or 25 basis points below the bank rate. In May 2001 the BoC began emphasizing the target as its key interest rate in its communications with the public.", Central bank policy rates - Canada - Monthly - End of period,2025-01,3,A,F,
M,CA,368,0,,"From 1 Jun 1994 onwards: Central Bank target, overnight rate; from 27 Jul 1960 to 31 May 1994: official bank rate.",4,Bank of Canada,"In Jun 1994 the Bank of Canada (BoC) began shifting emphasis from the bank rate to the target for the overnight rate as its key monetary policy instrument. In Feb 1999 the target for the overnight rate was defined as the midpoint of the band, or 25 basis points below the bank rate. In May 2001 the BoC began emphasizing the target as its key interest rate in its communications with the public.", Central bank policy rates - Canada - Monthly - End of period,2025-02,3,A,F,
M,CA,368,0,,"From 1 Jun 1994 onwards: Central Bank target, overnight rate; from 27 Jul 1960 to 31 May 1994: official bank rate.",4,Bank of Canada,"In Jun 1994 the Bank of Canada (BoC) began shifting emphasis from the bank rate to the target for the overnight rate as its key monetary policy instrument. In Feb 1999 the target for the overnight rate was defined as the midpoint of the band, or 25 basis points below the bank rate. In May 2001 the BoC began emphasizing the target as its key interest rate in its communications with the public.", Central bank policy rates - Canada - Monthly - End of period,2025-03,2.75,A,F,
M,CA,368,0,,"From 1 Jun 1994 onwards: Central Bank target, overnight rate; from 27 Jul 1960 to 31 May 1994: official bank rate.",4,Bank of Canada,"In Jun 1994 the Bank of Canada (BoC) began shifting emphasis from the bank rate to the target for the overnight rate as its key monetary policy instrument. In Feb 1999 the target for the overnight rate was defined as the midpoint of the band, or 25 basis points below the bank rate. In May 2001 the BoC began emphasizing the target as its key interest rate in its communications with the public.", Central bank policy rates - Canada - Monthly - End of period,2025-04,2.75,A,F,
M,CA,368,0,,"From 1 Jun 1994 onwards: Central Bank target, overnight rate; from 27 Jul 1960 to 31 May 1994: official bank rate.",4,Bank of Canada,"In Jun 1994 the Bank of Canada (BoC) began shifting emphasis from the bank rate to the target for the overnight rate as its key monetary policy instrument. In Feb 1999 the target for the overnight rate was defined as the midpoint of the band, or 25 basis points below the bank rate. In May 2001 the BoC began emphasizing the target as its key interest rate in its communications with the public.", Central bank policy rates - Canada - Monthly - End of period,2025-05,2.75,A,F,
M,CA,368,0,,"From 1 Jun 1994 onwards: Central Bank target, overnight rate; from 27 Jul 1960 to 31 May 1994: official bank rate.",4,Bank of Canada,"In Jun 1994 the Bank of Canada (BoC) began shifting emphasis from the bank rate to the target for the overnight rate as its key monetary policy instrument. In Feb 1999 the target for the overnight rate was defined as the midpoint of the band, or 25 basis points below the bank rate. In May 2001 the BoC began emphasizing the target as its key interest rate in its communications with the public.", Central bank policy rates - Canada - Monthly - End of period,2025-06,2.75,A,F,
M,CA,368,0,,"From 1 Jun 1994 onwards: Central Bank target, overnight rate; from 27 Jul 1960 to 31 May 1994: official bank rate.",4,Bank of Canada,"In Jun 1994 the Bank of Canada (BoC) began shifting emphasis from the bank rate to the target for the overnight rate as its key monetary policy instrument. In Feb 1999 the target for the overnight rate was defined as the midpoint of the band, or 25 basis points below the bank rate. In May 2001 the BoC began emphasizing the target as its key interest rate in its communications with the public.", Central bank policy rates - Canada - Monthly - End of period,2025-07,2.75,A,F,
M,CA,368,0,,"From 1 Jun 1994 onwards: Central Bank target, overnight rate; from 27 Jul 1960 to 31 May 1994: official bank rate.",4,Bank of Canada,"In Jun 1994 the Bank of Canada (BoC) began shifting emphasis from the bank rate to the target for the overnight rate as its key monetary policy instrument. In Feb 1999 the target for the overnight rate was defined as the midpoint of the band, or 25 basis points below the bank rate. In May 2001 the BoC began emphasizing the target as its key interest rate in its communications with the public.", Central bank policy rates - Canada - Monthly - End of period,2025-08,2.75,A,F,
M,CA,368,0,,"From 1 Jun 1994 onwards: Central Bank target, overnight rate; from 27 Jul 1960 to 31 May 1994: official bank rate.",4,Bank of Canada,"In Jun 1994 the Bank of Canada (BoC) began shifting emphasis from the bank rate to the target for the overnight rate as its key monetary policy instrument. In Feb 1999 the target for the overnight rate was defined as the midpoint of the band, or 25 basis points below the bank rate. In May 2001 the BoC began emphasizing the target as its key interest rate in its communications with the public.", Central bank policy rates - Canada - Monthly - End of period,2025-09,2.5,A,F,
M,CA,368,0,,"From 1 Jun 1994 onwards: Central Bank target, overnight rate; from 27 Jul 1960 to 31 May 1994: official bank rate.",4,Bank of Canada,"In Jun 1994 the Bank of Canada (BoC) began shifting emphasis from the bank rate to the target for the overnight rate as its key monetary policy instrument. In Feb 1999 the target for the overnight rate was defined as the midpoint of the band, or 25 basis points below the bank rate. In May 2001 the BoC began emphasizing the target as its key interest rate in its communications with the public.", Central bank policy rates - Canada - Monthly - End of period,2025-10,2.25,A,F,
M,CA,368,0,,"From 1 Jun 1994 onwards: Central Bank target, overnight rate; from 27 Jul 1960 to 31 May 1994: official bank rate.",4,Bank of Canada,"In Jun 1994 the Bank of Canada (BoC) began shifting emphasis from the bank rate to the target for the overnight rate as its key monetary policy instrument. In Feb 1999 the target for the overnight rate was defined as the midpoint of the band, or 25 basis points below the bank rate. In May 2001 the BoC began emphasizing the target as its key interest rate in its communications with the public.", Central bank policy rates - Canada - Monthly - End of period,2025-11,2.25,A,F,
M,CA,368,0,,"From 1 Jun 1994 onwards: Central Bank target, overnight rate; from 27 Jul 1960 to 31 May 1994: official bank rate.",4,Bank of Canada,"In Jun 1994 the Bank of Canada (BoC) began shifting emphasis from the bank rate to the target for the overnight rate as its key monetary policy instrument. In Feb 1999 the target for the overnight rate was defined as the midpoint of the band, or 25 basis points below the bank rate. In May 2001 the BoC began emphasizing the target as its key interest rate in its communications with the public.", Central bank policy rates - Canada - Monthly - End of period,2025-12,2.25,A,F,
M,CA,368,0,,"From 1 Jun 1994 onwards: Central Bank target, overnight rate; from 27 Jul 1960 to 31 May 1994: official bank rate.",4,Bank of Canada,"In Jun 1994 the Bank of Canada (BoC) began shifting emphasis from the bank rate to the target for the overnight rate as its key monetary policy instrument. In Feb 1999 the target for the overnight rate was defined as the midpoint of the band, or 25 basis points below the bank rate. In May 2001 the BoC began emphasizing the target as its key interest rate in its communications with the public.", Central bank policy rates - Canada - Monthly - End of period,2026-01,2.25,A,F,
M,CA,368,0,,"From 1 Jun 1994 onwards: Central Bank target, overnight rate; from 27 Jul 1960 to 31 May 1994: official bank rate.",4,Bank of Canada,"In Jun 1994 the Bank of Canada (BoC) began shifting emphasis from the bank rate to the target for the overnight rate as its key monetary policy instrument. In Feb 1999 the target for the overnight rate was defined as the midpoint of the band, or 25 basis points below the bank rate. In May 2001 the BoC began emphasizing the target as its key interest rate in its communications with the public.", Central bank policy rates - Canada - Monthly - End of period,2026-02,2.25,A,F,
M,CA,368,0,,"From 1 Jun 1994 onwards: Central Bank target, overnight rate; from 27 Jul 1960 to 31 May 1994: official bank rate.",4,Bank of Canada,"In Jun 1994 the Bank of Canada (BoC) began shifting emphasis from the bank rate to the target for the overnight rate as its key monetary policy instrument. In Feb 1999 the target for the overnight rate was defined as the midpoint of the band, or 25 basis points below the bank rate. In May 2001 the BoC began emphasizing the target as its key interest rate in its communications with the public.", Central bank policy rates - Canada - Monthly - End of period,2026-03,2.25,A,F,
M,CA,368,0,,"From 1 Jun 1994 onwards: Central Bank target, overnight rate; from 27 Jul 1960 to 31 May 1994: official bank rate.",4,Bank of Canada,"In Jun 1994 the Bank of Canada (BoC) began shifting emphasis from the bank rate to the target for the overnight rate as its key monetary policy instrument. In Feb 1999 the target for the overnight rate was defined as the midpoint of the band, or 25 basis points below the bank rate. In May 2001 the BoC began emphasizing the target as its key interest rate in its communications with the public.", Central bank policy rates - Canada - Monthly - End of period,2026-04,2.25,A,F,
M,CA,368,0,,"From 1 Jun 1994 onwards: Central Bank target, overnight rate; from 27 Jul 1960 to 31 May 1994: official bank rate.",4,Bank of Canada,"In Jun 1994 the Bank of Canada (BoC) began shifting emphasis from the bank rate to the target for the overnight rate as its key monetary policy instrument. In Feb 1999 the target for the overnight rate was defined as the midpoint of the band, or 25 basis points below the bank rate. In May 2001 the BoC began emphasizing the target as its key interest rate in its communications with the public.", Central bank policy rates - Canada - Monthly - End of period,2026-05,2.25,A,F,
M,CA,368,0,,"From 1 Jun 1994 onwards: Central Bank target, overnight rate; from 27 Jul 1960 to 31 May 1994: official bank rate.",4,Bank of Canada,"In Jun 1994 the Bank of Canada (BoC) began shifting emphasis from the bank rate to the target for the overnight rate as its key monetary policy instrument. In Feb 1999 the target for the overnight rate was defined as the midpoint of the band, or 25 basis points below the bank rate. In May 2001 the BoC began emphasizing the target as its key interest rate in its communications with the public.", Central bank policy rates - Canada - Monthly - End of period,2026-06,2.25,A,F,
M,CA,368,0,,"From 1 Jun 1994 onwards: Central Bank target, overnight rate; from 27 Jul 1960 to 31 May 1994: official bank rate.",4,Bank of Canada,"In Jun 1994 the Bank of Canada (BoC) began shifting emphasis from the bank rate to the target for the overnight rate as its key monetary policy instrument. In Feb 1999 the target for the overnight rate was defined as the midpoint of the band, or 25 basis points below the bank rate. In May 2001 the BoC began emphasizing the target as its key interest rate in its communications with the public.", Central bank policy rates - Canada - Monthly - End of period,2026-07,2.25,A,F,
M,CA,368,0,,"From 1 Jun 1994 onwards: Central Bank target, overnight rate; from 27 Jul 1960 to 31 May 1994: official bank rate.",4,Bank of Canada,"In Jun 1994 the Bank of Canada (BoC) began shifting emphasis from the bank rate to the target for the overnight rate as its key monetary policy instrument. In Feb 1999 the target for the overnight rate was defined as the midpoint of the band, or 25 basis points below the bank rate. In May 2001 the BoC began emphasizing the target as its key interest rate in its communications with the public.", Central bank policy rates - Canada - Monthly - End of period,2026-08,2.25,A,F,
M,GB,368,0,,From 3 Aug 2006 onwards: official bank rate; from 6 May 1997 to 2 Aug 2006: repo rate; from 20 Aug 1981 to 5 May 1997: minimum Bank of England Band 1 dealing rate; from 16 Oct 1972 to 19 Aug 1981: minimum lending rate; from 1 Jan 1946 to 15 Oct 1972: bank rate.,4,Bank of England,, Central bank policy rates - United Kingdom - Monthly - End of period,2016-01,0.5,A,F,
M,GB,368,0,,From 3 Aug 2006 onwards: official bank rate; from 6 May 1997 to 2 Aug 2006: repo rate; from 20 Aug 1981 to 5 May 1997: minimum Bank of England Band 1 dealing rate; from 16 Oct 1972 to 19 Aug 1981: minimum lending rate; from 1 Jan 1946 to 15 Oct 1972: bank rate.,4,Bank of England,, Central bank policy rates - United Kingdom - Monthly - End of period,2016-02,0.5,A,F,
M,GB,368,0,,From 3 Aug 2006 onwards: official bank rate; from 6 May 1997 to 2 Aug 2006: repo rate; from 20 Aug 1981 to 5 May 1997: minimum Bank of England Band 1 dealing rate; from 16 Oct 1972 to 19 Aug 1981: minimum lending rate; from 1 Jan 1946 to 15 Oct 1972: bank rate.,4,Bank of England,, Central bank policy rates - United Kingdom - Monthly - End of period,2016-03,0.5,A,F,
M,GB,368,0,,From 3 Aug 2006 onwards: official bank rate; from 6 May 1997 to 2 Aug 2006: repo rate; from 20 Aug 1981 to 5 May 1997: minimum Bank of England Band 1 dealing rate; from 16 Oct 1972 to 19 Aug 1981: minimum lending rate; from 1 Jan 1946 to 15 Oct 1972: bank rate.,4,Bank of England,, Central bank policy rates - United Kingdom - Monthly - End of period,2016-04,0.5,A,F,
M,GB,368,0,,From 3 Aug 2006 onwards: official bank rate; from 6 May 1997 to 2 Aug 2006: repo rate; from 20 Aug 1981 to 5 May 1997: minimum Bank of England Band 1 dealing rate; from 16 Oct 1972 to 19 Aug 1981: minimum lending rate; from 1 Jan 1946 to 15 Oct 1972: bank rate.,4,Bank of England,, Central bank policy rates - United Kingdom - Monthly - End of period,2016-05,0.5,A,F,
M,GB,368,0,,From 3 Aug 2006 onwards: official bank rate; from 6 May 1997 to 2 Aug 2006: repo rate; from 20 Aug 1981 to 5 May 1997: minimum Bank of England Band 1 dealing rate; from 16 Oct 1972 to 19 Aug 1981: minimum lending rate; from 1 Jan 1946 to 15 Oct 1972: bank rate.,4,Bank of England,, Central bank policy rates - United Kingdom - Monthly - End of period,2016-06,0.5,A,F,
M,GB,368,0,,From 3 Aug 2006 onwards: official bank rate; from 6 May 1997 to 2 Aug 2006: repo rate; from 20 Aug 1981 to 5 May 1997: minimum Bank of England Band 1 dealing rate; from 16 Oct 1972 to 19 Aug 1981: minimum lending rate; from 1 Jan 1946 to 15 Oct 1972: bank rate.,4,Bank of England,, Central bank policy rates - United Kingdom - Monthly - End of period,2016-07,0.5,A,F,
M,GB,368,0,,From 3 Aug 2006 onwards: official bank rate; from 6 May 1997 to 2 Aug 2006: repo rate; from 20 Aug 1981 to 5 May 1997: minimum Bank of England Band 1 dealing rate; from 16 Oct 1972 to 19 Aug 1981: minimum lending rate; from 1 Jan 1946 to 15 Oct 1972: bank rate.,4,Bank of England,, Central bank policy rates - United Kingdom - Monthly - End of period,2016-08,0.25,A,F,
M,GB,368,0,,From 3 Aug 2006 onwards: official bank rate; from 6 May 1997 to 2 Aug 2006: repo rate; from 20 Aug 1981 to 5 May 1997: minimum Bank of England Band 1 dealing rate; from 16 Oct 1972 to 19 Aug 1981: minimum lending rate; from 1 Jan 1946 to 15 Oct 1972: bank rate.,4,Bank of England,, Central bank policy rates - United Kingdom - Monthly - End of period,2016-09,0.25,A,F,
M,GB,368,0,,From 3 Aug 2006 onwards: official bank rate; from 6 May 1997 to 2 Aug 2006: repo rate; from 20 Aug 1981 to 5 May 1997: minimum Bank of England Band 1 dealing rate; from 16 Oct 1972 to 19 Aug 1981: minimum lending rate; from 1 Jan 1946 to 15 Oct 1972: bank rate.,4,Bank of England,, Central bank policy rates - United Kingdom - Monthly - End of period,2016-10,0.25,A,F,
M,GB,368,0,,From 3 Aug 2006 onwards: official bank rate; from 6 May 1997 to 2 Aug 2006: repo rate; from 20 Aug 1981 to 5 May 1997: minimum Bank of England Band 1 dealing rate; from 16 Oct 1972 to 19 Aug 1981: minimum lending rate; from 1 Jan 1946 to 15 Oct 1972: bank rate.,4,Bank of England,, Central bank policy rates - United Kingdom - Monthly - End of period,2016-11,0.25,A,F,
M,GB,368,0,,From 3 Aug 2006 onwards: official bank rate; from 6 May 1997 to 2 Aug 2006: repo rate; from 20 Aug 1981 to 5 May 1997: minimum Bank of England Band 1 dealing rate; from 16 Oct 1972 to 19 Aug 1981: minimum lending rate; from 1 Jan 1946 to 15 Oct 1972: bank rate.,4,Bank of England,, Central bank policy rates - United Kingdom - Monthly - End of period,2016-12,0.25,A,F,
M,GB,368,0,,From 3 Aug 2006 onwards: official bank rate; from 6 May 1997 to 2 Aug 2006: repo rate; from 20 Aug 1981 to 5 May 1997: minimum Bank of England Band 1 dealing rate; from 16 Oct 1972 to 19 Aug 1981: minimum lending rate; from 1 Jan 1946 to 15 Oct 1972: bank rate.,4,Bank of England,, Central bank policy rates - United Kingdom - Monthly - End of period,2017-01,0.25,A,F,
M,GB,368,0,,From 3 Aug 2006 onwards: official bank rate; from 6 May 1997 to 2 Aug 2006: repo rate; from 20 Aug 1981 to 5 May 1997: minimum Bank of England Band 1 dealing rate; from 16 Oct 1972 to 19 Aug 1981: minimum lending rate; from 1 Jan 1946 to 15 Oct 1972: bank rate.,4,Bank of England,, Central bank policy rates - United Kingdom - Monthly - End of period,2017-02,0.25,A,F,
M,GB,368,0,,From 3 Aug 2006 onwards: official bank rate; from 6 May 1997 to 2 Aug 2006: repo rate; from 20 Aug 1981 to 5 May 1997: minimum Bank of England Band 1 dealing rate; from 16 Oct 1972 to 19 Aug 1981: minimum lending rate; from 1 Jan 1946 to 15 Oct 1972: bank rate.,4,Bank of England,, Central bank policy rates - United Kingdom - Monthly - End of period,2017-03,0.25,A,F,
M,GB,368,0,,From 3 Aug 2006 onwards: official bank rate; from 6 May 1997 to 2 Aug 2006: repo rate; from 20 Aug 1981 to 5 May 1997: minimum Bank of England Band 1 dealing rate; from 16 Oct 1972 to 19 Aug 1981: minimum lending rate; from 1 Jan 1946 to 15 Oct 1972: bank rate.,4,Bank of England,, Central bank policy rates - United Kingdom - Monthly - End of period,2017-04,0.25,A,F,
M,GB,368,0,,From 3 Aug 2006 onwards: official bank rate; from 6 May 1997 to 2 Aug 2006: repo rate; from 20 Aug 1981 to 5 May 1997: minimum Bank of England Band 1 dealing rate; from 16 Oct 1972 to 19 Aug 1981: minimum lending rate; from 1 Jan 1946 to 15 Oct 1972: bank rate.,4,Bank of England,, Central bank policy rates - United Kingdom - Monthly - End of period,2017-05,0.25,A,F,
M,GB,368,0,,From 3 Aug 2006 onwards: official bank rate; from 6 May 1997 to 2 Aug 2006: repo rate; from 20 Aug 1981 to 5 May 1997: minimum Bank of England Band 1 dealing rate; from 16 Oct 1972 to 19 Aug 1981: minimum lending rate; from 1 Jan 1946 to 15 Oct 1972: bank rate.,4,Bank of England,, Central bank policy rates - United Kingdom - Monthly - End of period,2017-06,0.25,A,F,
M,GB,368,0,,From 3 Aug 2006 onwards: official bank rate; from 6 May 1997 to 2 Aug 2006: repo rate; from 20 Aug 1981 to 5 May 1997: minimum Bank of England Band 1 dealing rate; from 16 Oct 1972 to 19 Aug 1981: minimum lending rate; from 1 Jan 1946 to 15 Oct 1972: bank rate.,4,Bank of England,, Central bank policy rates - United Kingdom - Monthly - End of period,2017-07,0.25,A,F,
M,GB,368,0,,From 3 Aug 2006 onwards: official bank rate; from 6 May 1997 to 2 Aug 2006: repo rate; from 20 Aug 1981 to 5 May 1997: minimum Bank of England Band 1 dealing rate; from 16 Oct 1972 to 19 Aug 1981: minimum lending rate; from 1 Jan 1946 to 15 Oct 1972: bank rate.,4,Bank of England,, Central bank policy rates - United Kingdom - Monthly - End of period,2017-08,0.25,A,F,
M,GB,368,0,,From 3 Aug 2006 onwards: official bank rate; from 6 May 1997 to 2 Aug 2006: repo rate; from 20 Aug 1981 to 5 May 1997: minimum Bank of England Band 1 dealing rate; from 16 Oct 1972 to 19 Aug 1981: minimum lending rate; from 1 Jan 1946 to 15 Oct 1972: bank rate.,4,Bank of England,, Central bank policy rates - United Kingdom - Monthly - End of period,2017-09,0.25,A,F,
M,GB,368,0,,From 3 Aug 2006 onwards: official bank rate; from 6 May 1997 to 2 Aug 2006: repo rate; from 20 Aug 1981 to 5 May 1997: minimum Bank of England Band 1 dealing rate; from 16 Oct 1972 to 19 Aug 1981: minimum lending rate; from 1 Jan 1946 to 15 Oct 1972: bank rate.,4,Bank of England,, Central bank policy rates - United Kingdom - Monthly - End of period,2017-10,0.25,A,F,
M,GB,368,0,,From 3 Aug 2006 onwards: official bank rate; from 6 May 1997 to 2 Aug 2006: repo rate; from 20 Aug 1981 to 5 May 1997: minimum Bank of England Band 1 dealing rate; from 16 Oct 1972 to 19 Aug 1981: minimum lending rate; from 1 Jan 1946 to 15 Oct 1972: bank rate.,4,Bank of England,, Central bank policy rates - United Kingdom - Monthly - End of period,2017-11,0.5,A,F,
M,GB,368,0,,From 3 Aug 2006 onwards: official bank rate; from 6 May 1997 to 2 Aug 2006: repo rate; from 20 Aug 1981 to 5 May 1997: minimum Bank of England Band 1 dealing rate; from 16 Oct 1972 to 19 Aug 1981: minimum lending rate; from 1 Jan 1946 to 15 Oct 1972: bank rate.,4,Bank of England,, Central bank policy rates - United Kingdom - Monthly - End of period,2017-12,0.5,A,F,
M,GB,368,0,,From 3 Aug 2006 onwards: official bank rate; from 6 May 1997 to 2 Aug 2006: repo rate; from 20 Aug 1981 to 5 May 1997: minimum Bank of England Band 1 dealing rate; from 16 Oct 1972 to 19 Aug 1981: minimum lending rate; from 1 Jan 1946 to 15 Oct 1972: bank rate.,4,Bank of England,, Central bank policy rates - United Kingdom - Monthly - End of period,2018-01,0.5,A,F,
M,GB,368,0,,From 3 Aug 2006 onwards: official bank rate; from 6 May 1997 to 2 Aug 2006: repo rate; from 20 Aug 1981 to 5 May 1997: minimum Bank of England Band 1 dealing rate; from 16 Oct 1972 to 19 Aug 1981: minimum lending rate; from 1 Jan 1946 to 15 Oct 1972: bank rate.,4,Bank of England,, Central bank policy rates - United Kingdom - Monthly - End of period,2018-02,0.5,A,F,
M,GB,368,0,,From 3 Aug 2006 onwards: official bank rate; from 6 May 1997 to 2 Aug 2006: repo rate; from 20 Aug 1981 to 5 May 1997: minimum Bank of England Band 1 dealing rate; from 16 Oct 1972 to 19 Aug 1981: minimum lending rate; from 1 Jan 1946 to 15 Oct 1972: bank rate.,4,Bank of England,, Central bank policy rates - United Kingdom - Monthly - End of period,2018-03,0.5,A,F,
M,GB,368,0,,From 3 Aug 2006 onwards: official bank rate; from 6 May 1997 to 2 Aug 2006: repo rate; from 20 Aug 1981 to 5 May 1997: minimum Bank of England Band 1 dealing rate; from 16 Oct 1972 to 19 Aug 1981: minimum lending rate; from 1 Jan 1946 to 15 Oct 1972: bank rate.,4,Bank of England,, Central bank policy rates - United Kingdom - Monthly - End of period,2018-04,0.5,A,F,
M,GB,368,0,,From 3 Aug 2006 onwards: official bank rate; from 6 May 1997 to 2 Aug 2006: repo rate; from 20 Aug 1981 to 5 May 1997: minimum Bank of England Band 1 dealing rate; from 16 Oct 1972 to 19 Aug 1981: minimum lending rate; from 1 Jan 1946 to 15 Oct 1972: bank rate.,4,Bank of England,, Central bank policy rates - United Kingdom - Monthly - End of period,2018-05,0.5,A,F,
M,GB,368,0,,From 3 Aug 2006 onwards: official bank rate; from 6 May 1997 to 2 Aug 2006: repo rate; from 20 Aug 1981 to 5 May 1997: minimum Bank of England Band 1 dealing rate; from 16 Oct 1972 to 19 Aug 1981: minimum lending rate; from 1 Jan 1946 to 15 Oct 1972: bank rate.,4,Bank of England,, Central bank policy rates - United Kingdom - Monthly - End of period,2018-06,0.5,A,F,
M,GB,368,0,,From 3 Aug 2006 onwards: official bank rate; from 6 May 1997 to 2 Aug 2006: repo rate; from 20 Aug 1981 to 5 May 1997: minimum Bank of England Band 1 dealing rate; from 16 Oct 1972 to 19 Aug 1981: minimum lending rate; from 1 Jan 1946 to 15 Oct 1972: bank rate.,4,Bank of England,, Central bank policy rates - United Kingdom - Monthly - End of period,2018-07,0.5,A,F,
M,GB,368,0,,From 3 Aug 2006 onwards: official bank rate; from 6 May 1997 to 2 Aug 2006: repo rate; from 20 Aug 1981 to 5 May 1997: minimum Bank of England Band 1 dealing rate; from 16 Oct 1972 to 19 Aug 1981: minimum lending rate; from 1 Jan 1946 to 15 Oct 1972: bank rate.,4,Bank of England,, Central bank policy rates - United Kingdom - Monthly - End of period,2018-08,0.75,A,F,
M,GB,368,0,,From 3 Aug 2006 onwards: official bank rate; from 6 May 1997 to 2 Aug 2006: repo rate; from 20 Aug 1981 to 5 May 1997: minimum Bank of England Band 1 dealing rate; from 16 Oct 1972 to 19 Aug 1981: minimum lending rate; from 1 Jan 1946 to 15 Oct 1972: bank rate.,4,Bank of England,, Central bank policy rates - United Kingdom - Monthly - End of period,2018-09,0.75,A,F,
M,GB,368,0,,From 3 Aug 2006 onwards: official bank rate; from 6 May 1997 to 2 Aug 2006: repo rate; from 20 Aug 1981 to 5 May 1997: minimum Bank of England Band 1 dealing rate; from 16 Oct 1972 to 19 Aug 1981: minimum lending rate; from 1 Jan 1946 to 15 Oct 1972: bank rate.,4,Bank of England,, Central bank policy rates - United Kingdom - Monthly - End of period,2018-10,0.75,A,F,
M,GB,368,0,,From 3 Aug 2006 onwards: official bank rate; from 6 May 1997 to 2 Aug 2006: repo rate; from 20 Aug 1981 to 5 May 1997: minimum Bank of England Band 1 dealing rate; from 16 Oct 1972 to 19 Aug 1981: minimum lending rate; from 1 Jan 1946 to 15 Oct 1972: bank rate.,4,Bank of England,, Central bank policy rates - United Kingdom - Monthly - End of period,2018-11,0.75,A,F,
M,GB,368,0,,From 3 Aug 2006 onwards: official bank rate; from 6 May 1997 to 2 Aug 2006: repo rate; from 20 Aug 1981 to 5 May 1997: minimum Bank of England Band 1 dealing rate; from 16 Oct 1972 to 19 Aug 1981: minimum lending rate; from 1 Jan 1946 to 15 Oct 1972: bank rate.,4,Bank of England,, Central bank policy rates - United Kingdom - Monthly - End of period,2018-12,0.75,A,F,
M,GB,368,0,,From 3 Aug 2006 onwards: official bank rate; from 6 May 1997 to 2 Aug 2006: repo rate; from 20 Aug 1981 to 5 May 1997: minimum Bank of England Band 1 dealing rate; from 16 Oct 1972 to 19 Aug 1981: minimum lending rate; from 1 Jan 1946 to 15 Oct 1972: bank rate.,4,Bank of England,, Central bank policy rates - United Kingdom - Monthly - End of period,2019-01,0.75,A,F,
M,GB,368,0,,From 3 Aug 2006 onwards: official bank rate; from 6 May 1997 to 2 Aug 2006: repo rate; from 20 Aug 1981 to 5 May 1997: minimum Bank of England Band 1 dealing rate; from 16 Oct 1972 to 19 Aug 1981: minimum lending rate; from 1 Jan 1946 to 15 Oct 1972: bank rate.,4,Bank of England,, Central bank policy rates - United Kingdom - Monthly - End of period,2019-02,0.75,A,F,
M,GB,368,0,,From 3 Aug 2006 onwards: official bank rate; from 6 May 1997 to 2 Aug 2006: repo rate; from 20 Aug 1981 to 5 May 1997: minimum Bank of England Band 1 dealing rate; from 16 Oct 1972 to 19 Aug 1981: minimum lending rate; from 1 Jan 1946 to 15 Oct 1972: bank rate.,4,Bank of England,, Central bank policy rates - United Kingdom - Monthly - End of period,2019-03,0.75,A,F,
M,GB,368,0,,From 3 Aug 2006 onwards: official bank rate; from 6 May 1997 to 2 Aug 2006: repo rate; from 20 Aug 1981 to 5 May 1997: minimum Bank of England Band 1 dealing rate; from 16 Oct 1972 to 19 Aug 1981: minimum lending rate; from 1 Jan 1946 to 15 Oct 1972: bank rate.,4,Bank of England,, Central bank policy rates - United Kingdom - Monthly - End of period,2019-04,0.75,A,F,
M,GB,368,0,,From 3 Aug 2006 onwards: official bank rate; from 6 May 1997 to 2 Aug 2006: repo rate; from 20 Aug 1981 to 5 May 1997: minimum Bank of England Band 1 dealing rate; from 16 Oct 1972 to 19 Aug 1981: minimum lending rate; from 1 Jan 1946 to 15 Oct 1972: bank rate.,4,Bank of England,, Central bank policy rates - United Kingdom - Monthly - End of period,2019-05,0.75,A,F,
M,GB,368,0,,From 3 Aug 2006 onwards: official bank rate; from 6 May 1997 to 2 Aug 2006: repo rate; from 20 Aug 1981 to 5 May 1997: minimum Bank of England Band 1 dealing rate; from 16 Oct 1972 to 19 Aug 1981: minimum lending rate; from 1 Jan 1946 to 15 Oct 1972: bank rate.,4,Bank of England,, Central bank policy rates - United Kingdom - Monthly - End of period,2019-06,0.75,A,F,
M,GB,368,0,,From 3 Aug 2006 onwards: official bank rate; from 6 May 1997 to 2 Aug 2006: repo rate; from 20 Aug 1981 to 5 May 1997: minimum Bank of England Band 1 dealing rate; from 16 Oct 1972 to 19 Aug 1981: minimum lending rate; from 1 Jan 1946 to 15 Oct 1972: bank rate.,4,Bank of England,, Central bank policy rates - United Kingdom - Monthly - End of period,2019-07,0.75,A,F,
M,GB,368,0,,From 3 Aug 2006 onwards: official bank rate; from 6 May 1997 to 2 Aug 2006: repo rate; from 20 Aug 1981 to 5 May 1997: minimum Bank of England Band 1 dealing rate; from 16 Oct 1972 to 19 Aug 1981: minimum lending rate; from 1 Jan 1946 to 15 Oct 1972: bank rate.,4,Bank of England,, Central bank policy rates - United Kingdom - Monthly - End of period,2019-08,0.75,A,F,
M,GB,368,0,,From 3 Aug 2006 onwards: official bank rate; from 6 May 1997 to 2 Aug 2006: repo rate; from 20 Aug 1981 to 5 May 1997: minimum Bank of England Band 1 dealing rate; from 16 Oct 1972 to 19 Aug 1981: minimum lending rate; from 1 Jan 1946 to 15 Oct 1972: bank rate.,4,Bank of England,, Central bank policy rates - United Kingdom - Monthly - End of period,2019-09,0.75,A,F,
M,GB,368,0,,From 3 Aug 2006 onwards: official bank rate; from 6 May 1997 to 2 Aug 2006: repo rate; from 20 Aug 1981 to 5 May 1997: minimum Bank of England Band 1 dealing rate; from 16 Oct 1972 to 19 Aug 1981: minimum lending rate; from 1 Jan 1946 to 15 Oct 1972: bank rate.,4,Bank of England,, Central bank policy rates - United Kingdom - Monthly - End of period,2019-10,0.75,A,F,
M,GB,368,0,,From 3 Aug 2006 onwards: official bank rate; from 6 May 1997 to 2 Aug 2006: repo rate; from 20 Aug 1981 to 5 May 1997: minimum Bank of England Band 1 dealing rate; from 16 Oct 1972 to 19 Aug 1981: minimum lending rate; from 1 Jan 1946 to 15 Oct 1972: bank rate.,4,Bank of England,, Central bank policy rates - United Kingdom - Monthly - End of period,2019-11,0.75,A,F,
M,GB,368,0,,From 3 Aug 2006 onwards: official bank rate; from 6 May 1997 to 2 Aug 2006: repo rate; from 20 Aug 1981 to 5 May 1997: minimum Bank of England Band 1 dealing rate; from 16 Oct 1972 to 19 Aug 1981: minimum lending rate; from 1 Jan 1946 to 15 Oct 1972: bank rate.,4,Bank of England,, Central bank policy rates - United Kingdom - Monthly - End of period,2019-12,0.75,A,F,
M,GB,368,0,,From 3 Aug 2006 onwards: official bank rate; from 6 May 1997 to 2 Aug 2006: repo rate; from 20 Aug 1981 to 5 May 1997: minimum Bank of England Band 1 dealing rate; from 16 Oct 1972 to 19 Aug 1981: minimum lending rate; from 1 Jan 1946 to 15 Oct 1972: bank rate.,4,Bank of England,, Central bank policy rates - United Kingdom - Monthly - End of period,2020-01,0.75,A,F,
M,GB,368,0,,From 3 Aug 2006 onwards: official bank rate; from 6 May 1997 to 2 Aug 2006: repo rate; from 20 Aug 1981 to 5 May 1997: minimum Bank of England Band 1 dealing rate; from 16 Oct 1972 to 19 Aug 1981: minimum lending rate; from 1 Jan 1946 to 15 Oct 1972: bank rate.,4,Bank of England,, Central bank policy rates - United Kingdom - Monthly - End of period,2020-02,0.75,A,F,
M,GB,368,0,,From 3 Aug 2006 onwards: official bank rate; from 6 May 1997 to 2 Aug 2006: repo rate; from 20 Aug 1981 to 5 May 1997: minimum Bank of England Band 1 dealing rate; from 16 Oct 1972 to 19 Aug 1981: minimum lending rate; from 1 Jan 1946 to 15 Oct 1972: bank rate.,4,Bank of England,, Central bank policy rates - United Kingdom - Monthly - End of period,2020-03,0.1,A,F,
M,GB,368,0,,From 3 Aug 2006 onwards: official bank rate; from 6 May 1997 to 2 Aug 2006: repo rate; from 20 Aug 1981 to 5 May 1997: minimum Bank of England Band 1 dealing rate; from 16 Oct 1972 to 19 Aug 1981: minimum lending rate; from 1 Jan 1946 to 15 Oct 1972: bank rate.,4,Bank of England,, Central bank policy rates - United Kingdom - Monthly - End of period,2020-04,0.1,A,F,
M,GB,368,0,,From 3 Aug 2006 onwards: official bank rate; from 6 May 1997 to 2 Aug 2006: repo rate; from 20 Aug 1981 to 5 May 1997: minimum Bank of England Band 1 dealing rate; from 16 Oct 1972 to 19 Aug 1981: minimum lending rate; from 1 Jan 1946 to 15 Oct 1972: bank rate.,4,Bank of England,, Central bank policy rates - United Kingdom - Monthly - End of period,2020-05,0.1,A,F,
M,GB,368,0,,From 3 Aug 2006 onwards: official bank rate; from 6 May 1997 to 2 Aug 2006: repo rate; from 20 Aug 1981 to 5 May 1997: minimum Bank of England Band 1 dealing rate; from 16 Oct 1972 to 19 Aug 1981: minimum lending rate; from 1 Jan 1946 to 15 Oct 1972: bank rate.,4,Bank of England,, Central bank policy rates - United Kingdom - Monthly - End of period,2020-06,0.1,A,F,
M,GB,368,0,,From 3 Aug 2006 onwards: official bank rate; from 6 May 1997 to 2 Aug 2006: repo rate; from 20 Aug 1981 to 5 May 1997: minimum Bank of England Band 1 dealing rate; from 16 Oct 1972 to 19 Aug 1981: minimum lending rate; from 1 Jan 1946 to 15 Oct 1972: bank rate.,4,Bank of England,, Central bank policy rates - United Kingdom - Monthly - End of period,2020-07,0.1,A,F,
M,GB,368,0,,From 3 Aug 2006 onwards: official bank rate; from 6 May 1997 to 2 Aug 2006: repo rate; from 20 Aug 1981 to 5 May 1997: minimum Bank of England Band 1 dealing rate; from 16 Oct 1972 to 19 Aug 1981: minimum lending rate; from 1 Jan 1946 to 15 Oct 1972: bank rate.,4,Bank of England,, Central bank policy rates - United Kingdom - Monthly - End of period,2020-08,0.1,A,F,
M,GB,368,0,,From 3 Aug 2006 onwards: official bank rate; from 6 May 1997 to 2 Aug 2006: repo rate; from 20 Aug 1981 to 5 May 1997: minimum Bank of England Band 1 dealing rate; from 16 Oct 1972 to 19 Aug 1981: minimum lending rate; from 1 Jan 1946 to 15 Oct 1972: bank rate.,4,Bank of England,, Central bank policy rates - United Kingdom - Monthly - End of period,2020-09,0.1,A,F,
M,GB,368,0,,From 3 Aug 2006 onwards: official bank rate; from 6 May 1997 to 2 Aug 2006: repo rate; from 20 Aug 1981 to 5 May 1997: minimum Bank of England Band 1 dealing rate; from 16 Oct 1972 to 19 Aug 1981: minimum lending rate; from 1 Jan 1946 to 15 Oct 1972: bank rate.,4,Bank of England,, Central bank policy rates - United Kingdom - Monthly - End of period,2020-10,0.1,A,F,
M,GB,368,0,,From 3 Aug 2006 onwards: official bank rate; from 6 May 1997 to 2 Aug 2006: repo rate; from 20 Aug 1981 to 5 May 1997: minimum Bank of England Band 1 dealing rate; from 16 Oct 1972 to 19 Aug 1981: minimum lending rate; from 1 Jan 1946 to 15 Oct 1972: bank rate.,4,Bank of England,, Central bank policy rates - United Kingdom - Monthly - End of period,2020-11,0.1,A,F,
M,GB,368,0,,From 3 Aug 2006 onwards: official bank rate; from 6 May 1997 to 2 Aug 2006: repo rate; from 20 Aug 1981 to 5 May 1997: minimum Bank of England Band 1 dealing rate; from 16 Oct 1972 to 19 Aug 1981: minimum lending rate; from 1 Jan 1946 to 15 Oct 1972: bank rate.,4,Bank of England,, Central bank policy rates - United Kingdom - Monthly - End of period,2020-12,0.1,A,F,
M,GB,368,0,,From 3 Aug 2006 onwards: official bank rate; from 6 May 1997 to 2 Aug 2006: repo rate; from 20 Aug 1981 to 5 May 1997: minimum Bank of England Band 1 dealing rate; from 16 Oct 1972 to 19 Aug 1981: minimum lending rate; from 1 Jan 1946 to 15 Oct 1972: bank rate.,4,Bank of England,, Central bank policy rates - United Kingdom - Monthly - End of period,2021-01,0.1,A,F,
M,GB,368,0,,From 3 Aug 2006 onwards: official bank rate; from 6 May 1997 to 2 Aug 2006: repo rate; from 20 Aug 1981 to 5 May 1997: minimum Bank of England Band 1 dealing rate; from 16 Oct 1972 to 19 Aug 1981: minimum lending rate; from 1 Jan 1946 to 15 Oct 1972: bank rate.,4,Bank of England,, Central bank policy rates - United Kingdom - Monthly - End of period,2021-02,0.1,A,F,
M,GB,368,0,,From 3 Aug 2006 onwards: official bank rate; from 6 May 1997 to 2 Aug 2006: repo rate; from 20 Aug 1981 to 5 May 1997: minimum Bank of England Band 1 dealing rate; from 16 Oct 1972 to 19 Aug 1981: minimum lending rate; from 1 Jan 1946 to 15 Oct 1972: bank rate.,4,Bank of England,, Central bank policy rates - United Kingdom - Monthly - End of period,2021-03,0.1,A,F,
M,GB,368,0,,From 3 Aug 2006 onwards: official bank rate; from 6 May 1997 to 2 Aug 2006: repo rate; from 20 Aug 1981 to 5 May 1997: minimum Bank of England Band 1 dealing rate; from 16 Oct 1972 to 19 Aug 1981: minimum lending rate; from 1 Jan 1946 to 15 Oct 1972: bank rate.,4,Bank of England,, Central bank policy rates - United Kingdom - Monthly - End of period,2021-04,0.1,A,F,
M,GB,368,0,,From 3 Aug 2006 onwards: official bank rate; from 6 May 1997 to 2 Aug 2006: repo rate; from 20 Aug 1981 to 5 May 1997: minimum Bank of England Band 1 dealing rate; from 16 Oct 1972 to 19 Aug 1981: minimum lending rate; from 1 Jan 1946 to 15 Oct 1972: bank rate.,4,Bank of England,, Central bank policy rates - United Kingdom - Monthly - End of period,2021-05,0.1,A,F,
M,GB,368,0,,From 3 Aug 2006 onwards: official bank rate; from 6 May 1997 to 2 Aug 2006: repo rate; from 20 Aug 1981 to 5 May 1997: minimum Bank of England Band 1 dealing rate; from 16 Oct 1972 to 19 Aug 1981: minimum lending rate; from 1 Jan 1946 to 15 Oct 1972: bank rate.,4,Bank of England,, Central bank policy rates - United Kingdom - Monthly - End of period,2021-06,0.1,A,F,
M,GB,368,0,,From 3 Aug 2006 onwards: official bank rate; from 6 May 1997 to 2 Aug 2006: repo rate; from 20 Aug 1981 to 5 May 1997: minimum Bank of England Band 1 dealing rate; from 16 Oct 1972 to 19 Aug 1981: minimum lending rate; from 1 Jan 1946 to 15 Oct 1972: bank rate.,4,Bank of England,, Central bank policy rates - United Kingdom - Monthly - End of period,2021-07,0.1,A,F,
M,GB,368,0,,From 3 Aug 2006 onwards: official bank rate; from 6 May 1997 to 2 Aug 2006: repo rate; from 20 Aug 1981 to 5 May 1997: minimum Bank of England Band 1 dealing rate; from 16 Oct 1972 to 19 Aug 1981: minimum lending rate; from 1 Jan 1946 to 15 Oct 1972: bank rate.,4,Bank of England,, Central bank policy rates - United Kingdom - Monthly - End of period,2021-08,0.1,A,F,
M,GB,368,0,,From 3 Aug 2006 onwards: official bank rate; from 6 May 1997 to 2 Aug 2006: repo rate; from 20 Aug 1981 to 5 May 1997: minimum Bank of England Band 1 dealing rate; from 16 Oct 1972 to 19 Aug 1981: minimum lending rate; from 1 Jan 1946 to 15 Oct 1972: bank rate.,4,Bank of England,, Central bank policy rates - United Kingdom - Monthly - End of period,2021-09,0.1,A,F,
M,GB,368,0,,From 3 Aug 2006 onwards: official bank rate; from 6 May 1997 to 2 Aug 2006: repo rate; from 20 Aug 1981 to 5 May 1997: minimum Bank of England Band 1 dealing rate; from 16 Oct 1972 to 19 Aug 1981: minimum lending rate; from 1 Jan 1946 to 15 Oct 1972: bank rate.,4,Bank of England,, Central bank policy rates - United Kingdom - Monthly - End of period,2021-10,0.1,A,F,
M,GB,368,0,,From 3 Aug 2006 onwards: official bank rate; from 6 May 1997 to 2 Aug 2006: repo rate; from 20 Aug 1981 to 5 May 1997: minimum Bank of England Band 1 dealing rate; from 16 Oct 1972 to 19 Aug 1981: minimum lending rate; from 1 Jan 1946 to 15 Oct 1972: bank rate.,4,Bank of England,, Central bank policy rates - United Kingdom - Monthly - End of period,2021-11,0.1,A,F,
M,GB,368,0,,From 3 Aug 2006 onwards: official bank rate; from 6 May 1997 to 2 Aug 2006: repo rate; from 20 Aug 1981 to 5 May 1997: minimum Bank of England Band 1 dealing rate; from 16 Oct 1972 to 19 Aug 1981: minimum lending rate; from 1 Jan 1946 to 15 Oct 1972: bank rate.,4,Bank of England,, Central bank policy rates - United Kingdom - Monthly - End of period,2021-12,0.25,A,F,
M,GB,368,0,,From 3 Aug 2006 onwards: official bank rate; from 6 May 1997 to 2 Aug 2006: repo rate; from 20 Aug 1981 to 5 May 1997: minimum Bank of England Band 1 dealing rate; from 16 Oct 1972 to 19 Aug 1981: minimum lending rate; from 1 Jan 1946 to 15 Oct 1972: bank rate.,4,Bank of England,, Central bank policy rates - United Kingdom - Monthly - End of period,2022-01,0.25,A,F,
M,GB,368,0,,From 3 Aug 2006 onwards: official bank rate; from 6 May 1997 to 2 Aug 2006: repo rate; from 20 Aug 1981 to 5 May 1997: minimum Bank of England Band 1 dealing rate; from 16 Oct 1972 to 19 Aug 1981: minimum lending rate; from 1 Jan 1946 to 15 Oct 1972: bank rate.,4,Bank of England,, Central bank policy rates - United Kingdom - Monthly - End of period,2022-02,0.5,A,F,
M,GB,368,0,,From 3 Aug 2006 onwards: official bank rate; from 6 May 1997 to 2 Aug 2006: repo rate; from 20 Aug 1981 to 5 May 1997: minimum Bank of England Band 1 dealing rate; from 16 Oct 1972 to 19 Aug 1981: minimum lending rate; from 1 Jan 1946 to 15 Oct 1972: bank rate.,4,Bank of England,, Central bank policy rates - United Kingdom - Monthly - End of period,2022-03,0.75,A,F,
M,GB,368,0,,From 3 Aug 2006 onwards: official bank rate; from 6 May 1997 to 2 Aug 2006: repo rate; from 20 Aug 1981 to 5 May 1997: minimum Bank of England Band 1 dealing rate; from 16 Oct 1972 to 19 Aug 1981: minimum lending rate; from 1 Jan 1946 to 15 Oct 1972: bank rate.,4,Bank of England,, Central bank policy rates - United Kingdom - Monthly - End of period,2022-04,0.75,A,F,
M,GB,368,0,,From 3 Aug 2006 onwards: official bank rate; from 6 May 1997 to 2 Aug 2006: repo rate; from 20 Aug 1981 to 5 May 1997: minimum Bank of England Band 1 dealing rate; from 16 Oct 1972 to 19 Aug 1981: minimum lending rate; from 1 Jan 1946 to 15 Oct 1972: bank rate.,4,Bank of England,, Central bank policy rates - United Kingdom - Monthly - End of period,2022-05,1,A,F,
M,GB,368,0,,From 3 Aug 2006 onwards: official bank rate; from 6 May 1997 to 2 Aug 2006: repo rate; from 20 Aug 1981 to 5 May 1997: minimum Bank of England Band 1 dealing rate; from 16 Oct 1972 to 19 Aug 1981: minimum lending rate; from 1 Jan 1946 to 15 Oct 1972: bank rate.,4,Bank of England,, Central bank policy rates - United Kingdom - Monthly - End of period,2022-06,1.25,A,F,
M,GB,368,0,,From 3 Aug 2006 onwards: official bank rate; from 6 May 1997 to 2 Aug 2006: repo rate; from 20 Aug 1981 to 5 May 1997: minimum Bank of England Band 1 dealing rate; from 16 Oct 1972 to 19 Aug 1981: minimum lending rate; from 1 Jan 1946 to 15 Oct 1972: bank rate.,4,Bank of England,, Central bank policy rates - United Kingdom - Monthly - End of period,2022-07,1.25,A,F,
M,GB,368,0,,From 3 Aug 2006 onwards: official bank rate; from 6 May 1997 to 2 Aug 2006: repo rate; from 20 Aug 1981 to 5 May 1997: minimum Bank of England Band 1 dealing rate; from 16 Oct 1972 to 19 Aug 1981: minimum lending rate; from 1 Jan 1946 to 15 Oct 1972: bank rate.,4,Bank of England,, Central bank policy rates - United Kingdom - Monthly - End of period,2022-08,1.75,A,F,
M,GB,368,0,,From 3 Aug 2006 onwards: official bank rate; from 6 May 1997 to 2 Aug 2006: repo rate; from 20 Aug 1981 to 5 May 1997: minimum Bank of England Band 1 dealing rate; from 16 Oct 1972 to 19 Aug 1981: minimum lending rate; from 1 Jan 1946 to 15 Oct 1972: bank rate.,4,Bank of England,, Central bank policy rates - United Kingdom - Monthly - End of period,2022-09,2.25,A,F,
M,GB,368,0,,From 3 Aug 2006 onwards: official bank rate; from 6 May 1997 to 2 Aug 2006: repo rate; from 20 Aug 1981 to 5 May 1997: minimum Bank of England Band 1 dealing rate; from 16 Oct 1972 to 19 Aug 1981: minimum lending rate; from 1 Jan 1946 to 15 Oct 1972: bank rate.,4,Bank of England,, Central bank policy rates - United Kingdom - Monthly - End of period,2022-10,2.25,A,F,
M,GB,368,0,,From 3 Aug 2006 onwards: official bank rate; from 6 May 1997 to 2 Aug 2006: repo rate; from 20 Aug 1981 to 5 May 1997: minimum Bank of England Band 1 dealing rate; from 16 Oct 1972 to 19 Aug 1981: minimum lending rate; from 1 Jan 1946 to 15 Oct 1972: bank rate.,4,Bank of England,, Central bank policy rates - United Kingdom - Monthly - End of period,2022-11,3,A,F,
M,GB,368,0,,From 3 Aug 2006 onwards: official bank rate; from 6 May 1997 to 2 Aug 2006: repo rate; from 20 Aug 1981 to 5 May 1997: minimum Bank of England Band 1 dealing rate; from 16 Oct 1972 to 19 Aug 1981: minimum lending rate; from 1 Jan 1946 to 15 Oct 1972: bank rate.,4,Bank of England,, Central bank policy rates - United Kingdom - Monthly - End of period,2022-12,3.5,A,F,
M,GB,368,0,,From 3 Aug 2006 onwards: official bank rate; from 6 May 1997 to 2 Aug 2006: repo rate; from 20 Aug 1981 to 5 May 1997: minimum Bank of England Band 1 dealing rate; from 16 Oct 1972 to 19 Aug 1981: minimum lending rate; from 1 Jan 1946 to 15 Oct 1972: bank rate.,4,Bank of England,, Central bank policy rates - United Kingdom - Monthly - End of period,2023-01,3.5,A,F,
M,GB,368,0,,From 3 Aug 2006 onwards: official bank rate; from 6 May 1997 to 2 Aug 2006: repo rate; from 20 Aug 1981 to 5 May 1997: minimum Bank of England Band 1 dealing rate; from 16 Oct 1972 to 19 Aug 1981: minimum lending rate; from 1 Jan 1946 to 15 Oct 1972: bank rate.,4,Bank of England,, Central bank policy rates - United Kingdom - Monthly - End of period,2023-02,4,A,F,
M,GB,368,0,,From 3 Aug 2006 onwards: official bank rate; from 6 May 1997 to 2 Aug 2006: repo rate; from 20 Aug 1981 to 5 May 1997: minimum Bank of England Band 1 dealing rate; from 16 Oct 1972 to 19 Aug 1981: minimum lending rate; from 1 Jan 1946 to 15 Oct 1972: bank rate.,4,Bank of England,, Central bank policy rates - United Kingdom - Monthly - End of period,2023-03,4.25,A,F,
M,GB,368,0,,From 3 Aug 2006 onwards: official bank rate; from 6 May 1997 to 2 Aug 2006: repo rate; from 20 Aug 1981 to 5 May 1997: minimum Bank of England Band 1 dealing rate; from 16 Oct 1972 to 19 Aug 1981: minimum lending rate; from 1 Jan 1946 to 15 Oct 1972: bank rate.,4,Bank of England,, Central bank policy rates - United Kingdom - Monthly - End of period,2023-04,4.25,A,F,
M,GB,368,0,,From 3 Aug 2006 onwards: official bank rate; from 6 May 1997 to 2 Aug 2006: repo rate; from 20 Aug 1981 to 5 May 1997: minimum Bank of England Band 1 dealing rate; from 16 Oct 1972 to 19 Aug 1981: minimum lending rate; from 1 Jan 1946 to 15 Oct 1972: bank rate.,4,Bank of England,, Central bank policy rates - United Kingdom - Monthly - End of period,2023-05,4.5,A,F,
M,GB,368,0,,From 3 Aug 2006 onwards: official bank rate; from 6 May 1997 to 2 Aug 2006: repo rate; from 20 Aug 1981 to 5 May 1997: minimum Bank of England Band 1 dealing rate; from 16 Oct 1972 to 19 Aug 1981: minimum lending rate; from 1 Jan 1946 to 15 Oct 1972: bank rate.,4,Bank of England,, Central bank policy rates - United Kingdom - Monthly - End of period,2023-06,5,A,F,
M,GB,368,0,,From 3 Aug 2006 onwards: official bank rate; from 6 May 1997 to 2 Aug 2006: repo rate; from 20 Aug 1981 to 5 May 1997: minimum Bank of England Band 1 dealing rate; from 16 Oct 1972 to 19 Aug 1981: minimum lending rate; from 1 Jan 1946 to 15 Oct 1972: bank rate.,4,Bank of England,, Central bank policy rates - United Kingdom - Monthly - End of period,2023-07,5,A,F,
M,GB,368,0,,From 3 Aug 2006 onwards: official bank rate; from 6 May 1997 to 2 Aug 2006: repo rate; from 20 Aug 1981 to 5 May 1997: minimum Bank of England Band 1 dealing rate; from 16 Oct 1972 to 19 Aug 1981: minimum lending rate; from 1 Jan 1946 to 15 Oct 1972: bank rate.,4,Bank of England,, Central bank policy rates - United Kingdom - Monthly - End of period,2023-08,5.25,A,F,
M,GB,368,0,,From 3 Aug 2006 onwards: official bank rate; from 6 May 1997 to 2 Aug 2006: repo rate; from 20 Aug 1981 to 5 May 1997: minimum Bank of England Band 1 dealing rate; from 16 Oct 1972 to 19 Aug 1981: minimum lending rate; from 1 Jan 1946 to 15 Oct 1972: bank rate.,4,Bank of England,, Central bank policy rates - United Kingdom - Monthly - End of period,2023-09,5.25,A,F,
M,GB,368,0,,From 3 Aug 2006 onwards: official bank rate; from 6 May 1997 to 2 Aug 2006: repo rate; from 20 Aug 1981 to 5 May 1997: minimum Bank of England Band 1 dealing rate; from 16 Oct 1972 to 19 Aug 1981: minimum lending rate; from 1 Jan 1946 to 15 Oct 1972: bank rate.,4,Bank of England,, Central bank policy rates - United Kingdom - Monthly - End of period,2023-10,5.25,A,F,
M,GB,368,0,,From 3 Aug 2006 onwards: official bank rate; from 6 May 1997 to 2 Aug 2006: repo rate; from 20 Aug 1981 to 5 May 1997: minimum Bank of England Band 1 dealing rate; from 16 Oct 1972 to 19 Aug 1981: minimum lending rate; from 1 Jan 1946 to 15 Oct 1972: bank rate.,4,Bank of England,, Central bank policy rates - United Kingdom - Monthly - End of period,2023-11,5.25,A,F,
M,GB,368,0,,From 3 Aug 2006 onwards: official bank rate; from 6 May 1997 to 2 Aug 2006: repo rate; from 20 Aug 1981 to 5 May 1997: minimum Bank of England Band 1 dealing rate; from 16 Oct 1972 to 19 Aug 1981: minimum lending rate; from 1 Jan 1946 to 15 Oct 1972: bank rate.,4,Bank of England,, Central bank policy rates - United Kingdom - Monthly - End of period,2023-12,5.25,A,F,
M,GB,368,0,,From 3 Aug 2006 onwards: official bank rate; from 6 May 1997 to 2 Aug 2006: repo rate; from 20 Aug 1981 to 5 May 1997: minimum Bank of England Band 1 dealing rate; from 16 Oct 1972 to 19 Aug 1981: minimum lending rate; from 1 Jan 1946 to 15 Oct 1972: bank rate.,4,Bank of England,, Central bank policy rates - United Kingdom - Monthly - End of period,2024-01,5.25,A,F,
M,GB,368,0,,From 3 Aug 2006 onwards: official bank rate; from 6 May 1997 to 2 Aug 2006: repo rate; from 20 Aug 1981 to 5 May 1997: minimum Bank of England Band 1 dealing rate; from 16 Oct 1972 to 19 Aug 1981: minimum lending rate; from 1 Jan 1946 to 15 Oct 1972: bank rate.,4,Bank of England,, Central bank policy rates - United Kingdom - Monthly - End of period,2024-02,5.25,A,F,
M,GB,368,0,,From 3 Aug 2006 onwards: official bank rate; from 6 May 1997 to 2 Aug 2006: repo rate; from 20 Aug 1981 to 5 May 1997: minimum Bank of England Band 1 dealing rate; from 16 Oct 1972 to 19 Aug 1981: minimum lending rate; from 1 Jan 1946 to 15 Oct 1972: bank rate.,4,Bank of England,, Central bank policy rates - United Kingdom - Monthly - End of period,2024-03,5.25,A,F,
M,GB,368,0,,From 3 Aug 2006 onwards: official bank rate; from 6 May 1997 to 2 Aug 2006: repo rate; from 20 Aug 1981 to 5 May 1997: minimum Bank of England Band 1 dealing rate; from 16 Oct 1972 to 19 Aug 1981: minimum lending rate; from 1 Jan 1946 to 15 Oct 1972: bank rate.,4,Bank of England,, Central bank policy rates - United Kingdom - Monthly - End of period,2024-04,5.25,A,F,
M,GB,368,0,,From 3 Aug 2006 onwards: official bank rate; from 6 May 1997 to 2 Aug 2006: repo rate; from 20 Aug 1981 to 5 May 1997: minimum Bank of England Band 1 dealing rate; from 16 Oct 1972 to 19 Aug 1981: minimum lending rate; from 1 Jan 1946 to 15 Oct 1972: bank rate.,4,Bank of England,, Central bank policy rates - United Kingdom - Monthly - End of period,2024-05,5.25,A,F,
M,GB,368,0,,From 3 Aug 2006 onwards: official bank rate; from 6 May 1997 to 2 Aug 2006: repo rate; from 20 Aug 1981 to 5 May 1997: minimum Bank of England Band 1 dealing rate; from 16 Oct 1972 to 19 Aug 1981: minimum lending rate; from 1 Jan 1946 to 15 Oct 1972: bank rate.,4,Bank of England,, Central bank policy rates - United Kingdom - Monthly - End of period,2024-06,5.25,A,F,
M,GB,368,0,,From 3 Aug 2006 onwards: official bank rate; from 6 May 1997 to 2 Aug 2006: repo rate; from 20 Aug 1981 to 5 May 1997: minimum Bank of England Band 1 dealing rate; from 16 Oct 1972 to 19 Aug 1981: minimum lending rate; from 1 Jan 1946 to 15 Oct 1972: bank rate.,4,Bank of England,, Central bank policy rates - United Kingdom - Monthly - End of period,2024-07,5.25,A,F,
M,GB,368,0,,From 3 Aug 2006 onwards: official bank rate; from 6 May 1997 to 2 Aug 2006: repo rate; from 20 Aug 1981 to 5 May 1997: minimum Bank of England Band 1 dealing rate; from 16 Oct 1972 to 19 Aug 1981: minimum lending rate; from 1 Jan 1946 to 15 Oct 1972: bank rate.,4,Bank of England,, Central bank policy rates - United Kingdom - Monthly - End of period,2024-08,5,A,F,
M,GB,368,0,,From 3 Aug 2006 onwards: official bank rate; from 6 May 1997 to 2 Aug 2006: repo rate; from 20 Aug 1981 to 5 May 1997: minimum Bank of England Band 1 dealing rate; from 16 Oct 1972 to 19 Aug 1981: minimum lending rate; from 1 Jan 1946 to 15 Oct 1972: bank rate.,4,Bank of England,, Central bank policy rates - United Kingdom - Monthly - End of period,2024-09,5,A,F,
M,GB,368,0,,From 3 Aug 2006 onwards: official bank rate; from 6 May 1997 to 2 Aug 2006: repo rate; from 20 Aug 1981 to 5 May 1997: minimum Bank of England Band 1 dealing rate; from 16 Oct 1972 to 19 Aug 1981: minimum lending rate; from 1 Jan 1946 to 15 Oct 1972: bank rate.,4,Bank of England,, Central bank policy rates - United Kingdom - Monthly - End of period,2024-10,5,A,F,
M,GB,368,0,,From 3 Aug 2006 onwards: official bank rate; from 6 May 1997 to 2 Aug 2006: repo rate; from 20 Aug 1981 to 5 May 1997: minimum Bank of England Band 1 dealing rate; from 16 Oct 1972 to 19 Aug 1981: minimum lending rate; from 1 Jan 1946 to 15 Oct 1972: bank rate.,4,Bank of England,, Central bank policy rates - United Kingdom - Monthly - End of period,2024-11,4.75,A,F,
M,GB,368,0,,From 3 Aug 2006 onwards: official bank rate; from 6 May 1997 to 2 Aug 2006: repo rate; from 20 Aug 1981 to 5 May 1997: minimum Bank of England Band 1 dealing rate; from 16 Oct 1972 to 19 Aug 1981: minimum lending rate; from 1 Jan 1946 to 15 Oct 1972: bank rate.,4,Bank of England,, Central bank policy rates - United Kingdom - Monthly - End of period,2024-12,4.75,A,F,
M,GB,368,0,,From 3 Aug 2006 onwards: official bank rate; from 6 May 1997 to 2 Aug 2006: repo rate; from 20 Aug 1981 to 5 May 1997: minimum Bank of England Band 1 dealing rate; from 16 Oct 1972 to 19 Aug 1981: minimum lending rate; from 1 Jan 1946 to 15 Oct 1972: bank rate.,4,Bank of England,, Central bank policy rates - United Kingdom - Monthly - End of period,2025-01,4.75,A,F,
M,GB,368,0,,From 3 Aug 2006 onwards: official bank rate; from 6 May 1997 to 2 Aug 2006: repo rate; from 20 Aug 1981 to 5 May 1997: minimum Bank of England Band 1 dealing rate; from 16 Oct 1972 to 19 Aug 1981: minimum lending rate; from 1 Jan 1946 to 15 Oct 1972: bank rate.,4,Bank of England,, Central bank policy rates - United Kingdom - Monthly - End of period,2025-02,4.5,A,F,
M,GB,368,0,,From 3 Aug 2006 onwards: official bank rate; from 6 May 1997 to 2 Aug 2006: repo rate; from 20 Aug 1981 to 5 May 1997: minimum Bank of England Band 1 dealing rate; from 16 Oct 1972 to 19 Aug 1981: minimum lending rate; from 1 Jan 1946 to 15 Oct 1972: bank rate.,4,Bank of England,, Central bank policy rates - United Kingdom - Monthly - End of period,2025-03,4.5,A,F,
M,GB,368,0,,From 3 Aug 2006 onwards: official bank rate; from 6 May 1997 to 2 Aug 2006: repo rate; from 20 Aug 1981 to 5 May 1997: minimum Bank of England Band 1 dealing rate; from 16 Oct 1972 to 19 Aug 1981: minimum lending rate; from 1 Jan 1946 to 15 Oct 1972: bank rate.,4,Bank of England,, Central bank policy rates - United Kingdom - Monthly - End of period,2025-04,4.5,A,F,
M,GB,368,0,,From 3 Aug 2006 onwards: official bank rate; from 6 May 1997 to 2 Aug 2006: repo rate; from 20 Aug 1981 to 5 May 1997: minimum Bank of England Band 1 dealing rate; from 16 Oct 1972 to 19 Aug 1981: minimum lending rate; from 1 Jan 1946 to 15 Oct 1972: bank rate.,4,Bank of England,, Central bank policy rates - United Kingdom - Monthly - End of period,2025-05,4.25,A,F,
M,GB,368,0,,From 3 Aug 2006 onwards: official bank rate; from 6 May 1997 to 2 Aug 2006: repo rate; from 20 Aug 1981 to 5 May 1997: minimum Bank of England Band 1 dealing rate; from 16 Oct 1972 to 19 Aug 1981: minimum lending rate; from 1 Jan 1946 to 15 Oct 1972: bank rate.,4,Bank of England,, Central bank policy rates - United Kingdom - Monthly - End of period,2025-06,4.25,A,F,
M,GB,368,0,,From 3 Aug 2006 onwards: official bank rate; from 6 May 1997 to 2 Aug 2006: repo rate; from 20 Aug 1981 to 5 May 1997: minimum Bank of England Band 1 dealing rate; from 16 Oct 1972 to 19 Aug 1981: minimum lending rate; from 1 Jan 1946 to 15 Oct 1972: bank rate.,4,Bank of England,, Central bank policy rates - United Kingdom - Monthly - End of period,2025-07,4.25,A,F,
M,GB,368,0,,From 3 Aug 2006 onwards: official bank rate; from 6 May 1997 to 2 Aug 2006: repo rate; from 20 Aug 1981 to 5 May 1997: minimum Bank of England Band 1 dealing rate; from 16 Oct 1972 to 19 Aug 1981: minimum lending rate; from 1 Jan 1946 to 15 Oct 1972: bank rate.,4,Bank of England,, Central bank policy rates - United Kingdom - Monthly - End of period,2025-08,4,A,F,
M,GB,368,0,,From 3 Aug 2006 onwards: official bank rate; from 6 May 1997 to 2 Aug 2006: repo rate; from 20 Aug 1981 to 5 May 1997: minimum Bank of England Band 1 dealing rate; from 16 Oct 1972 to 19 Aug 1981: minimum lending rate; from 1 Jan 1946 to 15 Oct 1972: bank rate.,4,Bank of England,, Central bank policy rates - United Kingdom - Monthly - End of period,2025-09,4,A,F,
M,GB,368,0,,From 3 Aug 2006 onwards: official bank rate; from 6 May 1997 to 2 Aug 2006: repo rate; from 20 Aug 1981 to 5 May 1997: minimum Bank of England Band 1 dealing rate; from 16 Oct 1972 to 19 Aug 1981: minimum lending rate; from 1 Jan 1946 to 15 Oct 1972: bank rate.,4,Bank of England,, Central bank policy rates - United Kingdom - Monthly - End of period,2025-10,4,A,F,
M,GB,368,0,,From 3 Aug 2006 onwards: official bank rate; from 6 May 1997 to 2 Aug 2006: repo rate; from 20 Aug 1981 to 5 May 1997: minimum Bank of England Band 1 dealing rate; from 16 Oct 1972 to 19 Aug 1981: minimum lending rate; from 1 Jan 1946 to 15 Oct 1972: bank rate.,4,Bank of England,, Central bank policy rates - United Kingdom - Monthly - End of period,2025-11,4,A,F,
M,GB,368,0,,From 3 Aug 2006 onwards: official bank rate; from 6 May 1997 to 2 Aug 2006: repo rate; from 20 Aug 1981 to 5 May 1997: minimum Bank of England Band 1 dealing rate; from 16 Oct 1972 to 19 Aug 1981: minimum lending rate; from 1 Jan 1946 to 15 Oct 1972: bank rate.,4,Bank of England,, Central bank policy rates - United Kingdom - Monthly - End of period,2025-12,3.75,A,F,
M,GB,368,0,,From 3 Aug 2006 onwards: official bank rate; from 6 May 1997 to 2 Aug 2006: repo rate; from 20 Aug 1981 to 5 May 1997: minimum Bank of England Band 1 dealing rate; from 16 Oct 1972 to 19 Aug 1981: minimum lending rate; from 1 Jan 1946 to 15 Oct 1972: bank rate.,4,Bank of England,, Central bank policy rates - United Kingdom - Monthly - End of period,2026-01,3.75,A,F,
M,GB,368,0,,From 3 Aug 2006 onwards: official bank rate; from 6 May 1997 to 2 Aug 2006: repo rate; from 20 Aug 1981 to 5 May 1997: minimum Bank of England Band 1 dealing rate; from 16 Oct 1972 to 19 Aug 1981: minimum lending rate; from 1 Jan 1946 to 15 Oct 1972: bank rate.,4,Bank of England,, Central bank policy rates - United Kingdom - Monthly - End of period,2026-02,3.75,A,F,
M,GB,368,0,,From 3 Aug 2006 onwards: official bank rate; from 6 May 1997 to 2 Aug 2006: repo rate; from 20 Aug 1981 to 5 May 1997: minimum Bank of England Band 1 dealing rate; from 16 Oct 1972 to 19 Aug 1981: minimum lending rate; from 1 Jan 1946 to 15 Oct 1972: bank rate.,4,Bank of England,, Central bank policy rates - United Kingdom - Monthly - End of period,2026-03,3.75,A,F,
M,GB,368,0,,From 3 Aug 2006 onwards: official bank rate; from 6 May 1997 to 2 Aug 2006: repo rate; from 20 Aug 1981 to 5 May 1997: minimum Bank of England Band 1 dealing rate; from 16 Oct 1972 to 19 Aug 1981: minimum lending rate; from 1 Jan 1946 to 15 Oct 1972: bank rate.,4,Bank of England,, Central bank policy rates - United Kingdom - Monthly - End of period,2026-04,3.75,A,F,
M,GB,368,0,,From 3 Aug 2006 onwards: official bank rate; from 6 May 1997 to 2 Aug 2006: repo rate; from 20 Aug 1981 to 5 May 1997: minimum Bank of England Band 1 dealing rate; from 16 Oct 1972 to 19 Aug 1981: minimum lending rate; from 1 Jan 1946 to 15 Oct 1972: bank rate.,4,Bank of England,, Central bank policy rates - United Kingdom - Monthly - End of period,2026-05,3.75,A,F,
M,GB,368,0,,From 3 Aug 2006 onwards: official bank rate; from 6 May 1997 to 2 Aug 2006: repo rate; from 20 Aug 1981 to 5 May 1997: minimum Bank of England Band 1 dealing rate; from 16 Oct 1972 to 19 Aug 1981: minimum lending rate; from 1 Jan 1946 to 15 Oct 1972: bank rate.,4,Bank of England,, Central bank policy rates - United Kingdom - Monthly - End of period,2026-06,3.75,A,F,
M,GB,368,0,,From 3 Aug 2006 onwards: official bank rate; from 6 May 1997 to 2 Aug 2006: repo rate; from 20 Aug 1981 to 5 May 1997: minimum Bank of England Band 1 dealing rate; from 16 Oct 1972 to 19 Aug 1981: minimum lending rate; from 1 Jan 1946 to 15 Oct 1972: bank rate.,4,Bank of England,, Central bank policy rates - United Kingdom - Monthly - End of period,2026-07,3.75,A,F,
M,GB,368,0,,From 3 Aug 2006 onwards: official bank rate; from 6 May 1997 to 2 Aug 2006: repo rate; from 20 Aug 1981 to 5 May 1997: minimum Bank of England Band 1 dealing rate; from 16 Oct 1972 to 19 Aug 1981: minimum lending rate; from 1 Jan 1946 to 15 Oct 1972: bank rate.,4,Bank of England,, Central bank policy rates - United Kingdom - Monthly - End of period,2026-08,3.75,A,F,
M,JP,368,0,,"From 17 Jun 2026 onwards: the BOJ encourages the uncollateralized overnight call rate to remain at around 1.00 percent; From 22 Dec 2025 to 16 Jun 2026: the BOJ encourages the uncollateralized overnight call rate to remain at around 0.75 percent; From 27 Jan 2025 to 21 Dec 2025: the BOJ encourages the uncollateralized overnight call rate to remain at around 0.50 percent; From 1 Aug 2024 to 26 Jan 2025: the BOJ encouraged the UOCR to remain at around 0.25% ; From 21 Mar 2024 to 31 July: the BOJ encouraged the UOCR to remain at around 0 to 0.1 %; from 21 Sep 2016 to 20 Mar 2024: the BOJ set the guideline for market operations which specifies a short-term policy interest rate at minus 0.1% and a target level of 10-year JGB yields at around 0%. Short-term policy interest rate; from 4 Apr 2013 to 20 Sep 2016: no policy rate; from 5 Oct 2010 to 3 Apr 2013: the BOJ encouraged the UOCR to remain at around 0 to 0.1%; from 19 Dec 2008 to 4 Oct 2010: the BOJ encouraged the UOCR to remain at around 0. %; from 31 Oct 2008 to 18 Dec 2008: the BOJ encouraged the UOCR to remain at around 0.3%; before 30 Oct 2008, refer to https://data.bis.org/topics/CBPOL",4,Bank of Japan,For details see: http://www.bis.org/statistics/cbpol/cbpol_doc.pdf  ; https://www.boj.or.jp/en/mopo/mpmdeci/mpr_1998/k980909c.htm ; https://www.boj.or.jp/en/mopo/mpmdeci/mpr_1999/k990212c.htm ; https://www.boj.or.jp/en/mopo/mpmdeci/mpr_2000/k000811.htm ; https://www.boj.or.jp/en/mopo/mpmdeci/mpr_2001/k010228a.htm ; https://www.boj.or.jp/en/mopo/mpmdeci/mpr_2006/k060309.htm ; https://www.boj.or.jp/en/mopo/mpmdeci/mpr_2006/k060714.pdf ; https://www.boj.or.jp/en/mopo/mpmdeci/mpr_2007/k070221.pdf ; https://www.boj.or.jp/en/mopo/mpmdeci/mpr_2008/k081031.pdf ; https://www.boj.or.jp/en/mopo/mpmdeci/mpr_2008/k081219.pdf ; https://www.boj.or.jp/en/mopo/mpmdeci/mpr_2010/k101005.pdf ; https://www.boj.or.jp/en/mopo/mpmdeci/mpr_2016/k160921a.pdf ; https://www.boj.or.jp/en/mopo/mpmdeci/mpr_2024/k240319a.pdf ; https://www.boj.or.jp/en/mopo/mpmdeci/mpr_2024/mpr240731c.pdf ; https://www.boj.or.jp/en/mopo/mpmdeci/mpr_2025/mpr250124a.pdf ; https://www.boj.or.jp/en/mopo/mpmdeci/mpr_2025/k251219a.pdf ; https://www.boj.or.jp/en/mopo/mpmdeci/mpr_2026/k260616a.pdf, Central bank policy rates - Japan - Monthly - End of period,2016-09,-0.1,A,F,
M,JP,368,0,,"From 17 Jun 2026 onwards: the BOJ encourages the uncollateralized overnight call rate to remain at around 1.00 percent; From 22 Dec 2025 to 16 Jun 2026: the BOJ encourages the uncollateralized overnight call rate to remain at around 0.75 percent; From 27 Jan 2025 to 21 Dec 2025: the BOJ encourages the uncollateralized overnight call rate to remain at around 0.50 percent; From 1 Aug 2024 to 26 Jan 2025: the BOJ encouraged the UOCR to remain at around 0.25% ; From 21 Mar 2024 to 31 July: the BOJ encouraged the UOCR to remain at around 0 to 0.1 %; from 21 Sep 2016 to 20 Mar 2024: the BOJ set the guideline for market operations which specifies a short-term policy interest rate at minus 0.1% and a target level of 10-year JGB yields at around 0%. Short-term policy interest rate; from 4 Apr 2013 to 20 Sep 2016: no policy rate; from 5 Oct 2010 to 3 Apr 2013: the BOJ encouraged the UOCR to remain at around 0 to 0.1%; from 19 Dec 2008 to 4 Oct 2010: the BOJ encouraged the UOCR to remain at around 0. %; from 31 Oct 2008 to 18 Dec 2008: the BOJ encouraged the UOCR to remain at around 0.3%; before 30 Oct 2008, refer to https://data.bis.org/topics/CBPOL",4,Bank of Japan,For details see: http://www.bis.org/statistics/cbpol/cbpol_doc.pdf  ; https://www.boj.or.jp/en/mopo/mpmdeci/mpr_1998/k980909c.htm ; https://www.boj.or.jp/en/mopo/mpmdeci/mpr_1999/k990212c.htm ; https://www.boj.or.jp/en/mopo/mpmdeci/mpr_2000/k000811.htm ; https://www.boj.or.jp/en/mopo/mpmdeci/mpr_2001/k010228a.htm ; https://www.boj.or.jp/en/mopo/mpmdeci/mpr_2006/k060309.htm ; https://www.boj.or.jp/en/mopo/mpmdeci/mpr_2006/k060714.pdf ; https://www.boj.or.jp/en/mopo/mpmdeci/mpr_2007/k070221.pdf ; https://www.boj.or.jp/en/mopo/mpmdeci/mpr_2008/k081031.pdf ; https://www.boj.or.jp/en/mopo/mpmdeci/mpr_2008/k081219.pdf ; https://www.boj.or.jp/en/mopo/mpmdeci/mpr_2010/k101005.pdf ; https://www.boj.or.jp/en/mopo/mpmdeci/mpr_2016/k160921a.pdf ; https://www.boj.or.jp/en/mopo/mpmdeci/mpr_2024/k240319a.pdf ; https://www.boj.or.jp/en/mopo/mpmdeci/mpr_2024/mpr240731c.pdf ; https://www.boj.or.jp/en/mopo/mpmdeci/mpr_2025/mpr250124a.pdf ; https://www.boj.or.jp/en/mopo/mpmdeci/mpr_2025/k251219a.pdf ; https://www.boj.or.jp/en/mopo/mpmdeci/mpr_2026/k260616a.pdf, Central bank policy rates - Japan - Monthly - End of period,2016-10,-0.1,A,F,
M,JP,368,0,,"From 17 Jun 2026 onwards: the BOJ encourages the uncollateralized overnight call rate to remain at around 1.00 percent; From 22 Dec 2025 to 16 Jun 2026: the BOJ encourages the uncollateralized overnight call rate to remain at around 0.75 percent; From 27 Jan 2025 to 21 Dec 2025: the BOJ encourages the uncollateralized overnight call rate to remain at around 0.50 percent; From 1 Aug 2024 to 26 Jan 2025: the BOJ encouraged the UOCR to remain at around 0.25% ; From 21 Mar 2024 to 31 July: the BOJ encouraged the UOCR to remain at around 0 to 0.1 %; from 21 Sep 2016 to 20 Mar 2024: the BOJ set the guideline for market operations which specifies a short-term policy interest rate at minus 0.1% and a target level of 10-year JGB yields at around 0%. Short-term policy interest rate; from 4 Apr 2013 to 20 Sep 2016: no policy rate; from 5 Oct 2010 to 3 Apr 2013: the BOJ encouraged the UOCR to remain at around 0 to 0.1%; from 19 Dec 2008 to 4 Oct 2010: the BOJ encouraged the UOCR to remain at around 0. %; from 31 Oct 2008 to 18 Dec 2008: the BOJ encouraged the UOCR to remain at around 0.3%; before 30 Oct 2008, refer to https://data.bis.org/topics/CBPOL",4,Bank of Japan,For details see: http://www.bis.org/statistics/cbpol/cbpol_doc.pdf  ; https://www.boj.or.jp/en/mopo/mpmdeci/mpr_1998/k980909c.htm ; https://www.boj.or.jp/en/mopo/mpmdeci/mpr_1999/k990212c.htm ; https://www.boj.or.jp/en/mopo/mpmdeci/mpr_2000/k000811.htm ; https://www.boj.or.jp/en/mopo/mpmdeci/mpr_2001/k010228a.htm ; https://www.boj.or.jp/en/mopo/mpmdeci/mpr_2006/k060309.htm ; https://www.boj.or.jp/en/mopo/mpmdeci/mpr_2006/k060714.pdf ; https://www.boj.or.jp/en/mopo/mpmdeci/mpr_2007/k070221.pdf ; https://www.boj.or.jp/en/mopo/mpmdeci/mpr_2008/k081031.pdf ; https://www.boj.or.jp/en/mopo/mpmdeci/mpr_2008/k081219.pdf ; https://www.boj.or.jp/en/mopo/mpmdeci/mpr_2010/k101005.pdf ; https://www.boj.or.jp/en/mopo/mpmdeci/mpr_2016/k160921a.pdf ; https://www.boj.or.jp/en/mopo/mpmdeci/mpr_2024/k240319a.pdf ; https://www.boj.or.jp/en/mopo/mpmdeci/mpr_2024/mpr240731c.pdf ; https://www.boj.or.jp/en/mopo/mpmdeci/mpr_2025/mpr250124a.pdf ; https://www.boj.or.jp/en/mopo/mpmdeci/mpr_2025/k251219a.pdf ; https://www.boj.or.jp/en/mopo/mpmdeci/mpr_2026/k260616a.pdf, Central bank policy rates - Japan - Monthly - End of period,2016-11,-0.1,A,F,
M,JP,368,0,,"From 17 Jun 2026 onwards: the BOJ encourages the uncollateralized overnight call rate to remain at around 1.00 percent; From 22 Dec 2025 to 16 Jun 2026: the BOJ encourages the uncollateralized overnight call rate to remain at around 0.75 percent; From 27 Jan 2025 to 21 Dec 2025: the BOJ encourages the uncollateralized overnight call rate to remain at around 0.50 percent; From 1 Aug 2024 to 26 Jan 2025: the BOJ encouraged the UOCR to remain at around 0.25% ; From 21 Mar 2024 to 31 July: the BOJ encouraged the UOCR to remain at around 0 to 0.1 %; from 21 Sep 2016 to 20 Mar 2024: the BOJ set the guideline for market operations which specifies a short-term policy interest rate at minus 0.1% and a target level of 10-year JGB yields at around 0%. Short-term policy interest rate; from 4 Apr 2013 to 20 Sep 2016: no policy rate; from 5 Oct 2010 to 3 Apr 2013: the BOJ encouraged the UOCR to remain at around 0 to 0.1%; from 19 Dec 2008 to 4 Oct 2010: the BOJ encouraged the UOCR to remain at around 0. %; from 31 Oct 2008 to 18 Dec 2008: the BOJ encouraged the UOCR to remain at around 0.3%; before 30 Oct 2008, refer to https://data.bis.org/topics/CBPOL",4,Bank of Japan,For details see: http://www.bis.org/statistics/cbpol/cbpol_doc.pdf  ; https://www.boj.or.jp/en/mopo/mpmdeci/mpr_1998/k980909c.htm ; https://www.boj.or.jp/en/mopo/mpmdeci/mpr_1999/k990212c.htm ; https://www.boj.or.jp/en/mopo/mpmdeci/mpr_2000/k000811.htm ; https://www.boj.or.jp/en/mopo/mpmdeci/mpr_2001/k010228a.htm ; https://www.boj.or.jp/en/mopo/mpmdeci/mpr_2006/k060309.htm ; https://www.boj.or.jp/en/mopo/mpmdeci/mpr_2006/k060714.pdf ; https://www.boj.or.jp/en/mopo/mpmdeci/mpr_2007/k070221.pdf ; https://www.boj.or.jp/en/mopo/mpmdeci/mpr_2008/k081031.pdf ; https://www.boj.or.jp/en/mopo/mpmdeci/mpr_2008/k081219.pdf ; https://www.boj.or.jp/en/mopo/mpmdeci/mpr_2010/k101005.pdf ; https://www.boj.or.jp/en/mopo/mpmdeci/mpr_2016/k160921a.pdf ; https://www.boj.or.jp/en/mopo/mpmdeci/mpr_2024/k240319a.pdf ; https://www.boj.or.jp/en/mopo/mpmdeci/mpr_2024/mpr240731c.pdf ; https://www.boj.or.jp/en/mopo/mpmdeci/mpr_2025/mpr250124a.pdf ; https://www.boj.or.jp/en/mopo/mpmdeci/mpr_2025/k251219a.pdf ; https://www.boj.or.jp/en/mopo/mpmdeci/mpr_2026/k260616a.pdf, Central bank policy rates - Japan - Monthly - End of period,2016-12,-0.1,A,F,
M,JP,368,0,,"From 17 Jun 2026 onwards: the BOJ encourages the uncollateralized overnight call rate to remain at around 1.00 percent; From 22 Dec 2025 to 16 Jun 2026: the BOJ encourages the uncollateralized overnight call rate to remain at around 0.75 percent; From 27 Jan 2025 to 21 Dec 2025: the BOJ encourages the uncollateralized overnight call rate to remain at around 0.50 percent; From 1 Aug 2024 to 26 Jan 2025: the BOJ encouraged the UOCR to remain at around 0.25% ; From 21 Mar 2024 to 31 July: the BOJ encouraged the UOCR to remain at around 0 to 0.1 %; from 21 Sep 2016 to 20 Mar 2024: the BOJ set the guideline for market operations which specifies a short-term policy interest rate at minus 0.1% and a target level of 10-year JGB yields at around 0%. Short-term policy interest rate; from 4 Apr 2013 to 20 Sep 2016: no policy rate; from 5 Oct 2010 to 3 Apr 2013: the BOJ encouraged the UOCR to remain at around 0 to 0.1%; from 19 Dec 2008 to 4 Oct 2010: the BOJ encouraged the UOCR to remain at around 0. %; from 31 Oct 2008 to 18 Dec 2008: the BOJ encouraged the UOCR to remain at around 0.3%; before 30 Oct 2008, refer to https://data.bis.org/topics/CBPOL",4,Bank of Japan,For details see: http://www.bis.org/statistics/cbpol/cbpol_doc.pdf  ; https://www.boj.or.jp/en/mopo/mpmdeci/mpr_1998/k980909c.htm ; https://www.boj.or.jp/en/mopo/mpmdeci/mpr_1999/k990212c.htm ; https://www.boj.or.jp/en/mopo/mpmdeci/mpr_2000/k000811.htm ; https://www.boj.or.jp/en/mopo/mpmdeci/mpr_2001/k010228a.htm ; https://www.boj.or.jp/en/mopo/mpmdeci/mpr_2006/k060309.htm ; https://www.boj.or.jp/en/mopo/mpmdeci/mpr_2006/k060714.pdf ; https://www.boj.or.jp/en/mopo/mpmdeci/mpr_2007/k070221.pdf ; https://www.boj.or.jp/en/mopo/mpmdeci/mpr_2008/k081031.pdf ; https://www.boj.or.jp/en/mopo/mpmdeci/mpr_2008/k081219.pdf ; https://www.boj.or.jp/en/mopo/mpmdeci/mpr_2010/k101005.pdf ; https://www.boj.or.jp/en/mopo/mpmdeci/mpr_2016/k160921a.pdf ; https://www.boj.or.jp/en/mopo/mpmdeci/mpr_2024/k240319a.pdf ; https://www.boj.or.jp/en/mopo/mpmdeci/mpr_2024/mpr240731c.pdf ; https://www.boj.or.jp/en/mopo/mpmdeci/mpr_2025/mpr250124a.pdf ; https://www.boj.or.jp/en/mopo/mpmdeci/mpr_2025/k251219a.pdf ; https://www.boj.or.jp/en/mopo/mpmdeci/mpr_2026/k260616a.pdf, Central bank policy rates - Japan - Monthly - End of period,2017-01,-0.1,A,F,
M,JP,368,0,,"From 17 Jun 2026 onwards: the BOJ encourages the uncollateralized overnight call rate to remain at around 1.00 percent; From 22 Dec 2025 to 16 Jun 2026: the BOJ encourages the uncollateralized overnight call rate to remain at around 0.75 percent; From 27 Jan 2025 to 21 Dec 2025: the BOJ encourages the uncollateralized overnight call rate to remain at around 0.50 percent; From 1 Aug 2024 to 26 Jan 2025: the BOJ encouraged the UOCR to remain at around 0.25% ; From 21 Mar 2024 to 31 July: the BOJ encouraged the UOCR to remain at around 0 to 0.1 %; from 21 Sep 2016 to 20 Mar 2024: the BOJ set the guideline for market operations which specifies a short-term policy interest rate at minus 0.1% and a target level of 10-year JGB yields at around 0%. Short-term policy interest rate; from 4 Apr 2013 to 20 Sep 2016: no policy rate; from 5 Oct 2010 to 3 Apr 2013: the BOJ encouraged the UOCR to remain at around 0 to 0.1%; from 19 Dec 2008 to 4 Oct 2010: the BOJ encouraged the UOCR to remain at around 0. %; from 31 Oct 2008 to 18 Dec 2008: the BOJ encouraged the UOCR to remain at around 0.3%; before 30 Oct 2008, refer to https://data.bis.org/topics/CBPOL",4,Bank of Japan,For details see: http://www.bis.org/statistics/cbpol/cbpol_doc.pdf  ; https://www.boj.or.jp/en/mopo/mpmdeci/mpr_1998/k980909c.htm ; https://www.boj.or.jp/en/mopo/mpmdeci/mpr_1999/k990212c.htm ; https://www.boj.or.jp/en/mopo/mpmdeci/mpr_2000/k000811.htm ; https://www.boj.or.jp/en/mopo/mpmdeci/mpr_2001/k010228a.htm ; https://www.boj.or.jp/en/mopo/mpmdeci/mpr_2006/k060309.htm ; https://www.boj.or.jp/en/mopo/mpmdeci/mpr_2006/k060714.pdf ; https://www.boj.or.jp/en/mopo/mpmdeci/mpr_2007/k070221.pdf ; https://www.boj.or.jp/en/mopo/mpmdeci/mpr_2008/k081031.pdf ; https://www.boj.or.jp/en/mopo/mpmdeci/mpr_2008/k081219.pdf ; https://www.boj.or.jp/en/mopo/mpmdeci/mpr_2010/k101005.pdf ; https://www.boj.or.jp/en/mopo/mpmdeci/mpr_2016/k160921a.pdf ; https://www.boj.or.jp/en/mopo/mpmdeci/mpr_2024/k240319a.pdf ; https://www.boj.or.jp/en/mopo/mpmdeci/mpr_2024/mpr240731c.pdf ; https://www.boj.or.jp/en/mopo/mpmdeci/mpr_2025/mpr250124a.pdf ; https://www.boj.or.jp/en/mopo/mpmdeci/mpr_2025/k251219a.pdf ; https://www.boj.or.jp/en/mopo/mpmdeci/mpr_2026/k260616a.pdf, Central bank policy rates - Japan - Monthly - End of period,2017-02,-0.1,A,F,
M,JP,368,0,,"From 17 Jun 2026 onwards: the BOJ encourages the uncollateralized overnight call rate to remain at around 1.00 percent; From 22 Dec 2025 to 16 Jun 2026: the BOJ encourages the uncollateralized overnight call rate to remain at around 0.75 percent; From 27 Jan 2025 to 21 Dec 2025: the BOJ encourages the uncollateralized overnight call rate to remain at around 0.50 percent; From 1 Aug 2024 to 26 Jan 2025: the BOJ encouraged the UOCR to remain at around 0.25% ; From 21 Mar 2024 to 31 July: the BOJ encouraged the UOCR to remain at around 0 to 0.1 %; from 21 Sep 2016 to 20 Mar 2024: the BOJ set the guideline for market operations which specifies a short-term policy interest rate at minus 0.1% and a target level of 10-year JGB yields at around 0%. Short-term policy interest rate; from 4 Apr 2013 to 20 Sep 2016: no policy rate; from 5 Oct 2010 to 3 Apr 2013: the BOJ encouraged the UOCR to remain at around 0 to 0.1%; from 19 Dec 2008 to 4 Oct 2010: the BOJ encouraged the UOCR to remain at around 0. %; from 31 Oct 2008 to 18 Dec 2008: the BOJ encouraged the UOCR to remain at around 0.3%; before 30 Oct 2008, refer to https://data.bis.org/topics/CBPOL",4,Bank of Japan,For details see: http://www.bis.org/statistics/cbpol/cbpol_doc.pdf  ; https://www.boj.or.jp/en/mopo/mpmdeci/mpr_1998/k980909c.htm ; https://www.boj.or.jp/en/mopo/mpmdeci/mpr_1999/k990212c.htm ; https://www.boj.or.jp/en/mopo/mpmdeci/mpr_2000/k000811.htm ; https://www.boj.or.jp/en/mopo/mpmdeci/mpr_2001/k010228a.htm ; https://www.boj.or.jp/en/mopo/mpmdeci/mpr_2006/k060309.htm ; https://www.boj.or.jp/en/mopo/mpmdeci/mpr_2006/k060714.pdf ; https://www.boj.or.jp/en/mopo/mpmdeci/mpr_2007/k070221.pdf ; https://www.boj.or.jp/en/mopo/mpmdeci/mpr_2008/k081031.pdf ; https://www.boj.or.jp/en/mopo/mpmdeci/mpr_2008/k081219.pdf ; https://www.boj.or.jp/en/mopo/mpmdeci/mpr_2010/k101005.pdf ; https://www.boj.or.jp/en/mopo/mpmdeci/mpr_2016/k160921a.pdf ; https://www.boj.or.jp/en/mopo/mpmdeci/mpr_2024/k240319a.pdf ; https://www.boj.or.jp/en/mopo/mpmdeci/mpr_2024/mpr240731c.pdf ; https://www.boj.or.jp/en/mopo/mpmdeci/mpr_2025/mpr250124a.pdf ; https://www.boj.or.jp/en/mopo/mpmdeci/mpr_2025/k251219a.pdf ; https://www.boj.or.jp/en/mopo/mpmdeci/mpr_2026/k260616a.pdf, Central bank policy rates - Japan - Monthly - End of period,2017-03,-0.1,A,F,
M,JP,368,0,,"From 17 Jun 2026 onwards: the BOJ encourages the uncollateralized overnight call rate to remain at around 1.00 percent; From 22 Dec 2025 to 16 Jun 2026: the BOJ encourages the uncollateralized overnight call rate to remain at around 0.75 percent; From 27 Jan 2025 to 21 Dec 2025: the BOJ encourages the uncollateralized overnight call rate to remain at around 0.50 percent; From 1 Aug 2024 to 26 Jan 2025: the BOJ encouraged the UOCR to remain at around 0.25% ; From 21 Mar 2024 to 31 July: the BOJ encouraged the UOCR to remain at around 0 to 0.1 %; from 21 Sep 2016 to 20 Mar 2024: the BOJ set the guideline for market operations which specifies a short-term policy interest rate at minus 0.1% and a target level of 10-year JGB yields at around 0%. Short-term policy interest rate; from 4 Apr 2013 to 20 Sep 2016: no policy rate; from 5 Oct 2010 to 3 Apr 2013: the BOJ encouraged the UOCR to remain at around 0 to 0.1%; from 19 Dec 2008 to 4 Oct 2010: the BOJ encouraged the UOCR to remain at around 0. %; from 31 Oct 2008 to 18 Dec 2008: the BOJ encouraged the UOCR to remain at around 0.3%; before 30 Oct 2008, refer to https://data.bis.org/topics/CBPOL",4,Bank of Japan,For details see: http://www.bis.org/statistics/cbpol/cbpol_doc.pdf  ; https://www.boj.or.jp/en/mopo/mpmdeci/mpr_1998/k980909c.htm ; https://www.boj.or.jp/en/mopo/mpmdeci/mpr_1999/k990212c.htm ; https://www.boj.or.jp/en/mopo/mpmdeci/mpr_2000/k000811.htm ; https://www.boj.or.jp/en/mopo/mpmdeci/mpr_2001/k010228a.htm ; https://www.boj.or.jp/en/mopo/mpmdeci/mpr_2006/k060309.htm ; https://www.boj.or.jp/en/mopo/mpmdeci/mpr_2006/k060714.pdf ; https://www.boj.or.jp/en/mopo/mpmdeci/mpr_2007/k070221.pdf ; https://www.boj.or.jp/en/mopo/mpmdeci/mpr_2008/k081031.pdf ; https://www.boj.or.jp/en/mopo/mpmdeci/mpr_2008/k081219.pdf ; https://www.boj.or.jp/en/mopo/mpmdeci/mpr_2010/k101005.pdf ; https://www.boj.or.jp/en/mopo/mpmdeci/mpr_2016/k160921a.pdf ; https://www.boj.or.jp/en/mopo/mpmdeci/mpr_2024/k240319a.pdf ; https://www.boj.or.jp/en/mopo/mpmdeci/mpr_2024/mpr240731c.pdf ; https://www.boj.or.jp/en/mopo/mpmdeci/mpr_2025/mpr250124a.pdf ; https://www.boj.or.jp/en/mopo/mpmdeci/mpr_2025/k251219a.pdf ; https://www.boj.or.jp/en/mopo/mpmdeci/mpr_2026/k260616a.pdf, Central bank policy rates - Japan - Monthly - End of period,2017-04,-0.1,A,F,
M,JP,368,0,,"From 17 Jun 2026 onwards: the BOJ encourages the uncollateralized overnight call rate to remain at around 1.00 percent; From 22 Dec 2025 to 16 Jun 2026: the BOJ encourages the uncollateralized overnight call rate to remain at around 0.75 percent; From 27 Jan 2025 to 21 Dec 2025: the BOJ encourages the uncollateralized overnight call rate to remain at around 0.50 percent; From 1 Aug 2024 to 26 Jan 2025: the BOJ encouraged the UOCR to remain at around 0.25% ; From 21 Mar 2024 to 31 July: the BOJ encouraged the UOCR to remain at around 0 to 0.1 %; from 21 Sep 2016 to 20 Mar 2024: the BOJ set the guideline for market operations which specifies a short-term policy interest rate at minus 0.1% and a target level of 10-year JGB yields at around 0%. Short-term policy interest rate; from 4 Apr 2013 to 20 Sep 2016: no policy rate; from 5 Oct 2010 to 3 Apr 2013: the BOJ encouraged the UOCR to remain at around 0 to 0.1%; from 19 Dec 2008 to 4 Oct 2010: the BOJ encouraged the UOCR to remain at around 0. %; from 31 Oct 2008 to 18 Dec 2008: the BOJ encouraged the UOCR to remain at around 0.3%; before 30 Oct 2008, refer to https://data.bis.org/topics/CBPOL",4,Bank of Japan,For details see: http://www.bis.org/statistics/cbpol/cbpol_doc.pdf  ; https://www.boj.or.jp/en/mopo/mpmdeci/mpr_1998/k980909c.htm ; https://www.boj.or.jp/en/mopo/mpmdeci/mpr_1999/k990212c.htm ; https://www.boj.or.jp/en/mopo/mpmdeci/mpr_2000/k000811.htm ; https://www.boj.or.jp/en/mopo/mpmdeci/mpr_2001/k010228a.htm ; https://www.boj.or.jp/en/mopo/mpmdeci/mpr_2006/k060309.htm ; https://www.boj.or.jp/en/mopo/mpmdeci/mpr_2006/k060714.pdf ; https://www.boj.or.jp/en/mopo/mpmdeci/mpr_2007/k070221.pdf ; https://www.boj.or.jp/en/mopo/mpmdeci/mpr_2008/k081031.pdf ; https://www.boj.or.jp/en/mopo/mpmdeci/mpr_2008/k081219.pdf ; https://www.boj.or.jp/en/mopo/mpmdeci/mpr_2010/k101005.pdf ; https://www.boj.or.jp/en/mopo/mpmdeci/mpr_2016/k160921a.pdf ; https://www.boj.or.jp/en/mopo/mpmdeci/mpr_2024/k240319a.pdf ; https://www.boj.or.jp/en/mopo/mpmdeci/mpr_2024/mpr240731c.pdf ; https://www.boj.or.jp/en/mopo/mpmdeci/mpr_2025/mpr250124a.pdf ; https://www.boj.or.jp/en/mopo/mpmdeci/mpr_2025/k251219a.pdf ; https://www.boj.or.jp/en/mopo/mpmdeci/mpr_2026/k260616a.pdf, Central bank policy rates - Japan - Monthly - End of period,2017-05,-0.1,A,F,
M,JP,368,0,,"From 17 Jun 2026 onwards: the BOJ encourages the uncollateralized overnight call rate to remain at around 1.00 percent; From 22 Dec 2025 to 16 Jun 2026: the BOJ encourages the uncollateralized overnight call rate to remain at around 0.75 percent; From 27 Jan 2025 to 21 Dec 2025: the BOJ encourages the uncollateralized overnight call rate to remain at around 0.50 percent; From 1 Aug 2024 to 26 Jan 2025: the BOJ encouraged the UOCR to remain at around 0.25% ; From 21 Mar 2024 to 31 July: the BOJ encouraged the UOCR to remain at around 0 to 0.1 %; from 21 Sep 2016 to 20 Mar 2024: the BOJ set the guideline for market operations which specifies a short-term policy interest rate at minus 0.1% and a target level of 10-year JGB yields at around 0%. Short-term policy interest rate; from 4 Apr 2013 to 20 Sep 2016: no policy rate; from 5 Oct 2010 to 3 Apr 2013: the BOJ encouraged the UOCR to remain at around 0 to 0.1%; from 19 Dec 2008 to 4 Oct 2010: the BOJ encouraged the UOCR to remain at around 0. %; from 31 Oct 2008 to 18 Dec 2008: the BOJ encouraged the UOCR to remain at around 0.3%; before 30 Oct 2008, refer to https://data.bis.org/topics/CBPOL",4,Bank of Japan,For details see: http://www.bis.org/statistics/cbpol/cbpol_doc.pdf  ; https://www.boj.or.jp/en/mopo/mpmdeci/mpr_1998/k980909c.htm ; https://www.boj.or.jp/en/mopo/mpmdeci/mpr_1999/k990212c.htm ; https://www.boj.or.jp/en/mopo/mpmdeci/mpr_2000/k000811.htm ; https://www.boj.or.jp/en/mopo/mpmdeci/mpr_2001/k010228a.htm ; https://www.boj.or.jp/en/mopo/mpmdeci/mpr_2006/k060309.htm ; https://www.boj.or.jp/en/mopo/mpmdeci/mpr_2006/k060714.pdf ; https://www.boj.or.jp/en/mopo/mpmdeci/mpr_2007/k070221.pdf ; https://www.boj.or.jp/en/mopo/mpmdeci/mpr_2008/k081031.pdf ; https://www.boj.or.jp/en/mopo/mpmdeci/mpr_2008/k081219.pdf ; https://www.boj.or.jp/en/mopo/mpmdeci/mpr_2010/k101005.pdf ; https://www.boj.or.jp/en/mopo/mpmdeci/mpr_2016/k160921a.pdf ; https://www.boj.or.jp/en/mopo/mpmdeci/mpr_2024/k240319a.pdf ; https://www.boj.or.jp/en/mopo/mpmdeci/mpr_2024/mpr240731c.pdf ; https://www.boj.or.jp/en/mopo/mpmdeci/mpr_2025/mpr250124a.pdf ; https://www.boj.or.jp/en/mopo/mpmdeci/mpr_2025/k251219a.pdf ; https://www.boj.or.jp/en/mopo/mpmdeci/mpr_2026/k260616a.pdf, Central bank policy rates - Japan - Monthly - End of period,2017-06,-0.1,A,F,
M,JP,368,0,,"From 17 Jun 2026 onwards: the BOJ encourages the uncollateralized overnight call rate to remain at around 1.00 percent; From 22 Dec 2025 to 16 Jun 2026: the BOJ encourages the uncollateralized overnight call rate to remain at around 0.75 percent; From 27 Jan 2025 to 21 Dec 2025: the BOJ encourages the uncollateralized overnight call rate to remain at around 0.50 percent; From 1 Aug 2024 to 26 Jan 2025: the BOJ encouraged the UOCR to remain at around 0.25% ; From 21 Mar 2024 to 31 July: the BOJ encouraged the UOCR to remain at around 0 to 0.1 %; from 21 Sep 2016 to 20 Mar 2024: the BOJ set the guideline for market operations which specifies a short-term policy interest rate at minus 0.1% and a target level of 10-year JGB yields at around 0%. Short-term policy interest rate; from 4 Apr 2013 to 20 Sep 2016: no policy rate; from 5 Oct 2010 to 3 Apr 2013: the BOJ encouraged the UOCR to remain at around 0 to 0.1%; from 19 Dec 2008 to 4 Oct 2010: the BOJ encouraged the UOCR to remain at around 0. %; from 31 Oct 2008 to 18 Dec 2008: the BOJ encouraged the UOCR to remain at around 0.3%; before 30 Oct 2008, refer to https://data.bis.org/topics/CBPOL",4,Bank of Japan,For details see: http://www.bis.org/statistics/cbpol/cbpol_doc.pdf  ; https://www.boj.or.jp/en/mopo/mpmdeci/mpr_1998/k980909c.htm ; https://www.boj.or.jp/en/mopo/mpmdeci/mpr_1999/k990212c.htm ; https://www.boj.or.jp/en/mopo/mpmdeci/mpr_2000/k000811.htm ; https://www.boj.or.jp/en/mopo/mpmdeci/mpr_2001/k010228a.htm ; https://www.boj.or.jp/en/mopo/mpmdeci/mpr_2006/k060309.htm ; https://www.boj.or.jp/en/mopo/mpmdeci/mpr_2006/k060714.pdf ; https://www.boj.or.jp/en/mopo/mpmdeci/mpr_2007/k070221.pdf ; https://www.boj.or.jp/en/mopo/mpmdeci/mpr_2008/k081031.pdf ; https://www.boj.or.jp/en/mopo/mpmdeci/mpr_2008/k081219.pdf ; https://www.boj.or.jp/en/mopo/mpmdeci/mpr_2010/k101005.pdf ; https://www.boj.or.jp/en/mopo/mpmdeci/mpr_2016/k160921a.pdf ; https://www.boj.or.jp/en/mopo/mpmdeci/mpr_2024/k240319a.pdf ; https://www.boj.or.jp/en/mopo/mpmdeci/mpr_2024/mpr240731c.pdf ; https://www.boj.or.jp/en/mopo/mpmdeci/mpr_2025/mpr250124a.pdf ; https://www.boj.or.jp/en/mopo/mpmdeci/mpr_2025/k251219a.pdf ; https://www.boj.or.jp/en/mopo/mpmdeci/mpr_2026/k260616a.pdf, Central bank policy rates - Japan - Monthly - End of period,2017-07,-0.1,A,F,
M,JP,368,0,,"From 17 Jun 2026 onwards: the BOJ encourages the uncollateralized overnight call rate to remain at around 1.00 percent; From 22 Dec 2025 to 16 Jun 2026: the BOJ encourages the uncollateralized overnight call rate to remain at around 0.75 percent; From 27 Jan 2025 to 21 Dec 2025: the BOJ encourages the uncollateralized overnight call rate to remain at around 0.50 percent; From 1 Aug 2024 to 26 Jan 2025: the BOJ encouraged the UOCR to remain at around 0.25% ; From 21 Mar 2024 to 31 July: the BOJ encouraged the UOCR to remain at around 0 to 0.1 %; from 21 Sep 2016 to 20 Mar 2024: the BOJ set the guideline for market operations which specifies a short-term policy interest rate at minus 0.1% and a target level of 10-year JGB yields at around 0%. Short-term policy interest rate; from 4 Apr 2013 to 20 Sep 2016: no policy rate; from 5 Oct 2010 to 3 Apr 2013: the BOJ encouraged the UOCR to remain at around 0 to 0.1%; from 19 Dec 2008 to 4 Oct 2010: the BOJ encouraged the UOCR to remain at around 0. %; from 31 Oct 2008 to 18 Dec 2008: the BOJ encouraged the UOCR to remain at around 0.3%; before 30 Oct 2008, refer to https://data.bis.org/topics/CBPOL",4,Bank of Japan,For details see: http://www.bis.org/statistics/cbpol/cbpol_doc.pdf  ; https://www.boj.or.jp/en/mopo/mpmdeci/mpr_1998/k980909c.htm ; https://www.boj.or.jp/en/mopo/mpmdeci/mpr_1999/k990212c.htm ; https://www.boj.or.jp/en/mopo/mpmdeci/mpr_2000/k000811.htm ; https://www.boj.or.jp/en/mopo/mpmdeci/mpr_2001/k010228a.htm ; https://www.boj.or.jp/en/mopo/mpmdeci/mpr_2006/k060309.htm ; https://www.boj.or.jp/en/mopo/mpmdeci/mpr_2006/k060714.pdf ; https://www.boj.or.jp/en/mopo/mpmdeci/mpr_2007/k070221.pdf ; https://www.boj.or.jp/en/mopo/mpmdeci/mpr_2008/k081031.pdf ; https://www.boj.or.jp/en/mopo/mpmdeci/mpr_2008/k081219.pdf ; https://www.boj.or.jp/en/mopo/mpmdeci/mpr_2010/k101005.pdf ; https://www.boj.or.jp/en/mopo/mpmdeci/mpr_2016/k160921a.pdf ; https://www.boj.or.jp/en/mopo/mpmdeci/mpr_2024/k240319a.pdf ; https://www.boj.or.jp/en/mopo/mpmdeci/mpr_2024/mpr240731c.pdf ; https://www.boj.or.jp/en/mopo/mpmdeci/mpr_2025/mpr250124a.pdf ; https://www.boj.or.jp/en/mopo/mpmdeci/mpr_2025/k251219a.pdf ; https://www.boj.or.jp/en/mopo/mpmdeci/mpr_2026/k260616a.pdf, Central bank policy rates - Japan - Monthly - End of period,2017-08,-0.1,A,F,
M,JP,368,0,,"From 17 Jun 2026 onwards: the BOJ encourages the uncollateralized overnight call rate to remain at around 1.00 percent; From 22 Dec 2025 to 16 Jun 2026: the BOJ encourages the uncollateralized overnight call rate to remain at around 0.75 percent; From 27 Jan 2025 to 21 Dec 2025: the BOJ encourages the uncollateralized overnight call rate to remain at around 0.50 percent; From 1 Aug 2024 to 26 Jan 2025: the BOJ encouraged the UOCR to remain at around 0.25% ; From 21 Mar 2024 to 31 July: the BOJ encouraged the UOCR to remain at around 0 to 0.1 %; from 21 Sep 2016 to 20 Mar 2024: the BOJ set the guideline for market operations which specifies a short-term policy interest rate at minus 0.1% and a target level of 10-year JGB yields at around 0%. Short-term policy interest rate; from 4 Apr 2013 to 20 Sep 2016: no policy rate; from 5 Oct 2010 to 3 Apr 2013: the BOJ encouraged the UOCR to remain at around 0 to 0.1%; from 19 Dec 2008 to 4 Oct 2010: the BOJ encouraged the UOCR to remain at around 0. %; from 31 Oct 2008 to 18 Dec 2008: the BOJ encouraged the UOCR to remain at around 0.3%; before 30 Oct 2008, refer to https://data.bis.org/topics/CBPOL",4,Bank of Japan,For details see: http://www.bis.org/statistics/cbpol/cbpol_doc.pdf  ; https://www.boj.or.jp/en/mopo/mpmdeci/mpr_1998/k980909c.htm ; https://www.boj.or.jp/en/mopo/mpmdeci/mpr_1999/k990212c.htm ; https://www.boj.or.jp/en/mopo/mpmdeci/mpr_2000/k000811.htm ; https://www.boj.or.jp/en/mopo/mpmdeci/mpr_2001/k010228a.htm ; https://www.boj.or.jp/en/mopo/mpmdeci/mpr_2006/k060309.htm ; https://www.boj.or.jp/en/mopo/mpmdeci/mpr_2006/k060714.pdf ; https://www.boj.or.jp/en/mopo/mpmdeci/mpr_2007/k070221.pdf ; https://www.boj.or.jp/en/mopo/mpmdeci/mpr_2008/k081031.pdf ; https://www.boj.or.jp/en/mopo/mpmdeci/mpr_2008/k081219.pdf ; https://www.boj.or.jp/en/mopo/mpmdeci/mpr_2010/k101005.pdf ; https://www.boj.or.jp/en/mopo/mpmdeci/mpr_2016/k160921a.pdf ; https://www.boj.or.jp/en/mopo/mpmdeci/mpr_2024/k240319a.pdf ; https://www.boj.or.jp/en/mopo/mpmdeci/mpr_2024/mpr240731c.pdf ; https://www.boj.or.jp/en/mopo/mpmdeci/mpr_2025/mpr250124a.pdf ; https://www.boj.or.jp/en/mopo/mpmdeci/mpr_2025/k251219a.pdf ; https://www.boj.or.jp/en/mopo/mpmdeci/mpr_2026/k260616a.pdf, Central bank policy rates - Japan - Monthly - End of period,2017-09,-0.1,A,F,
M,JP,368,0,,"From 17 Jun 2026 onwards: the BOJ encourages the uncollateralized overnight call rate to remain at around 1.00 percent; From 22 Dec 2025 to 16 Jun 2026: the BOJ encourages the uncollateralized overnight call rate to remain at around 0.75 percent; From 27 Jan 2025 to 21 Dec 2025: the BOJ encourages the uncollateralized overnight call rate to remain at around 0.50 percent; From 1 Aug 2024 to 26 Jan 2025: the BOJ encouraged the UOCR to remain at around 0.25% ; From 21 Mar 2024 to 31 July: the BOJ encouraged the UOCR to remain at around 0 to 0.1 %; from 21 Sep 2016 to 20 Mar 2024: the BOJ set the guideline for market operations which specifies a short-term policy interest rate at minus 0.1% and a target level of 10-year JGB yields at around 0%. Short-term policy interest rate; from 4 Apr 2013 to 20 Sep 2016: no policy rate; from 5 Oct 2010 to 3 Apr 2013: the BOJ encouraged the UOCR to remain at around 0 to 0.1%; from 19 Dec 2008 to 4 Oct 2010: the BOJ encouraged the UOCR to remain at around 0. %; from 31 Oct 2008 to 18 Dec 2008: the BOJ encouraged the UOCR to remain at around 0.3%; before 30 Oct 2008, refer to https://data.bis.org/topics/CBPOL",4,Bank of Japan,For details see: http://www.bis.org/statistics/cbpol/cbpol_doc.pdf  ; https://www.boj.or.jp/en/mopo/mpmdeci/mpr_1998/k980909c.htm ; https://www.boj.or.jp/en/mopo/mpmdeci/mpr_1999/k990212c.htm ; https://www.boj.or.jp/en/mopo/mpmdeci/mpr_2000/k000811.htm ; https://www.boj.or.jp/en/mopo/mpmdeci/mpr_2001/k010228a.htm ; https://www.boj.or.jp/en/mopo/mpmdeci/mpr_2006/k060309.htm ; https://www.boj.or.jp/en/mopo/mpmdeci/mpr_2006/k060714.pdf ; https://www.boj.or.jp/en/mopo/mpmdeci/mpr_2007/k070221.pdf ; https://www.boj.or.jp/en/mopo/mpmdeci/mpr_2008/k081031.pdf ; https://www.boj.or.jp/en/mopo/mpmdeci/mpr_2008/k081219.pdf ; https://www.boj.or.jp/en/mopo/mpmdeci/mpr_2010/k101005.pdf ; https://www.boj.or.jp/en/mopo/mpmdeci/mpr_2016/k160921a.pdf ; https://www.boj.or.jp/en/mopo/mpmdeci/mpr_2024/k240319a.pdf ; https://www.boj.or.jp/en/mopo/mpmdeci/mpr_2024/mpr240731c.pdf ; https://www.boj.or.jp/en/mopo/mpmdeci/mpr_2025/mpr250124a.pdf ; https://www.boj.or.jp/en/mopo/mpmdeci/mpr_2025/k251219a.pdf ; https://www.boj.or.jp/en/mopo/mpmdeci/mpr_2026/k260616a.pdf, Central bank policy rates - Japan - Monthly - End of period,2017-10,-0.1,A,F,
M,JP,368,0,,"From 17 Jun 2026 onwards: the BOJ encourages the uncollateralized overnight call rate to remain at around 1.00 percent; From 22 Dec 2025 to 16 Jun 2026: the BOJ encourages the uncollateralized overnight call rate to remain at around 0.75 percent; From 27 Jan 2025 to 21 Dec 2025: the BOJ encourages the uncollateralized overnight call rate to remain at around 0.50 percent; From 1 Aug 2024 to 26 Jan 2025: the BOJ encouraged the UOCR to remain at around 0.25% ; From 21 Mar 2024 to 31 July: the BOJ encouraged the UOCR to remain at around 0 to 0.1 %; from 21 Sep 2016 to 20 Mar 2024: the BOJ set the guideline for market operations which specifies a short-term policy interest rate at minus 0.1% and a target level of 10-year JGB yields at around 0%. Short-term policy interest rate; from 4 Apr 2013 to 20 Sep 2016: no policy rate; from 5 Oct 2010 to 3 Apr 2013: the BOJ encouraged the UOCR to remain at around 0 to 0.1%; from 19 Dec 2008 to 4 Oct 2010: the BOJ encouraged the UOCR to remain at around 0. %; from 31 Oct 2008 to 18 Dec 2008: the BOJ encouraged the UOCR to remain at around 0.3%; before 30 Oct 2008, refer to https://data.bis.org/topics/CBPOL",4,Bank of Japan,For details see: http://www.bis.org/statistics/cbpol/cbpol_doc.pdf  ; https://www.boj.or.jp/en/mopo/mpmdeci/mpr_1998/k980909c.htm ; https://www.boj.or.jp/en/mopo/mpmdeci/mpr_1999/k990212c.htm ; https://www.boj.or.jp/en/mopo/mpmdeci/mpr_2000/k000811.htm ; https://www.boj.or.jp/en/mopo/mpmdeci/mpr_2001/k010228a.htm ; https://www.boj.or.jp/en/mopo/mpmdeci/mpr_2006/k060309.htm ; https://www.boj.or.jp/en/mopo/mpmdeci/mpr_2006/k060714.pdf ; https://www.boj.or.jp/en/mopo/mpmdeci/mpr_2007/k070221.pdf ; https://www.boj.or.jp/en/mopo/mpmdeci/mpr_2008/k081031.pdf ; https://www.boj.or.jp/en/mopo/mpmdeci/mpr_2008/k081219.pdf ; https://www.boj.or.jp/en/mopo/mpmdeci/mpr_2010/k101005.pdf ; https://www.boj.or.jp/en/mopo/mpmdeci/mpr_2016/k160921a.pdf ; https://www.boj.or.jp/en/mopo/mpmdeci/mpr_2024/k240319a.pdf ; https://www.boj.or.jp/en/mopo/mpmdeci/mpr_2024/mpr240731c.pdf ; https://www.boj.or.jp/en/mopo/mpmdeci/mpr_2025/mpr250124a.pdf ; https://www.boj.or.jp/en/mopo/mpmdeci/mpr_2025/k251219a.pdf ; https://www.boj.or.jp/en/mopo/mpmdeci/mpr_2026/k260616a.pdf, Central bank policy rates - Japan - Monthly - End of period,2017-11,-0.1,A,F,
M,JP,368,0,,"From 17 Jun 2026 onwards: the BOJ encourages the uncollateralized overnight call rate to remain at around 1.00 percent; From 22 Dec 2025 to 16 Jun 2026: the BOJ encourages the uncollateralized overnight call rate to remain at around 0.75 percent; From 27 Jan 2025 to 21 Dec 2025: the BOJ encourages the uncollateralized overnight call rate to remain at around 0.50 percent; From 1 Aug 2024 to 26 Jan 2025: the BOJ encouraged the UOCR to remain at around 0.25% ; From 21 Mar 2024 to 31 July: the BOJ encouraged the UOCR to remain at around 0 to 0.1 %; from 21 Sep 2016 to 20 Mar 2024: the BOJ set the guideline for market operations which specifies a short-term policy interest rate at minus 0.1% and a target level of 10-year JGB yields at around 0%. Short-term policy interest rate; from 4 Apr 2013 to 20 Sep 2016: no policy rate; from 5 Oct 2010 to 3 Apr 2013: the BOJ encouraged the UOCR to remain at around 0 to 0.1%; from 19 Dec 2008 to 4 Oct 2010: the BOJ encouraged the UOCR to remain at around 0. %; from 31 Oct 2008 to 18 Dec 2008: the BOJ encouraged the UOCR to remain at around 0.3%; before 30 Oct 2008, refer to https://data.bis.org/topics/CBPOL",4,Bank of Japan,For details see: http://www.bis.org/statistics/cbpol/cbpol_doc.pdf  ; https://www.boj.or.jp/en/mopo/mpmdeci/mpr_1998/k980909c.htm ; https://www.boj.or.jp/en/mopo/mpmdeci/mpr_1999/k990212c.htm ; https://www.boj.or.jp/en/mopo/mpmdeci/mpr_2000/k000811.htm ; https://www.boj.or.jp/en/mopo/mpmdeci/mpr_2001/k010228a.htm ; https://www.boj.or.jp/en/mopo/mpmdeci/mpr_2006/k060309.htm ; https://www.boj.or.jp/en/mopo/mpmdeci/mpr_2006/k060714.pdf ; https://www.boj.or.jp/en/mopo/mpmdeci/mpr_2007/k070221.pdf ; https://www.boj.or.jp/en/mopo/mpmdeci/mpr_2008/k081031.pdf ; https://www.boj.or.jp/en/mopo/mpmdeci/mpr_2008/k081219.pdf ; https://www.boj.or.jp/en/mopo/mpmdeci/mpr_2010/k101005.pdf ; https://www.boj.or.jp/en/mopo/mpmdeci/mpr_2016/k160921a.pdf ; https://www.boj.or.jp/en/mopo/mpmdeci/mpr_2024/k240319a.pdf ; https://www.boj.or.jp/en/mopo/mpmdeci/mpr_2024/mpr240731c.pdf ; https://www.boj.or.jp/en/mopo/mpmdeci/mpr_2025/mpr250124a.pdf ; https://www.boj.or.jp/en/mopo/mpmdeci/mpr_2025/k251219a.pdf ; https://www.boj.or.jp/en/mopo/mpmdeci/mpr_2026/k260616a.pdf, Central bank policy rates - Japan - Monthly - End of period,2017-12,-0.1,A,F,
M,JP,368,0,,"From 17 Jun 2026 onwards: the BOJ encourages the uncollateralized overnight call rate to remain at around 1.00 percent; From 22 Dec 2025 to 16 Jun 2026: the BOJ encourages the uncollateralized overnight call rate to remain at around 0.75 percent; From 27 Jan 2025 to 21 Dec 2025: the BOJ encourages the uncollateralized overnight call rate to remain at around 0.50 percent; From 1 Aug 2024 to 26 Jan 2025: the BOJ encouraged the UOCR to remain at around 0.25% ; From 21 Mar 2024 to 31 July: the BOJ encouraged the UOCR to remain at around 0 to 0.1 %; from 21 Sep 2016 to 20 Mar 2024: the BOJ set the guideline for market operations which specifies a short-term policy interest rate at minus 0.1% and a target level of 10-year JGB yields at around 0%. Short-term policy interest rate; from 4 Apr 2013 to 20 Sep 2016: no policy rate; from 5 Oct 2010 to 3 Apr 2013: the BOJ encouraged the UOCR to remain at around 0 to 0.1%; from 19 Dec 2008 to 4 Oct 2010: the BOJ encouraged the UOCR to remain at around 0. %; from 31 Oct 2008 to 18 Dec 2008: the BOJ encouraged the UOCR to remain at around 0.3%; before 30 Oct 2008, refer to https://data.bis.org/topics/CBPOL",4,Bank of Japan,For details see: http://www.bis.org/statistics/cbpol/cbpol_doc.pdf  ; https://www.boj.or.jp/en/mopo/mpmdeci/mpr_1998/k980909c.htm ; https://www.boj.or.jp/en/mopo/mpmdeci/mpr_1999/k990212c.htm ; https://www.boj.or.jp/en/mopo/mpmdeci/mpr_2000/k000811.htm ; https://www.boj.or.jp/en/mopo/mpmdeci/mpr_2001/k010228a.htm ; https://www.boj.or.jp/en/mopo/mpmdeci/mpr_2006/k060309.htm ; https://www.boj.or.jp/en/mopo/mpmdeci/mpr_2006/k060714.pdf ; https://www.boj.or.jp/en/mopo/mpmdeci/mpr_2007/k070221.pdf ; https://www.boj.or.jp/en/mopo/mpmdeci/mpr_2008/k081031.pdf ; https://www.boj.or.jp/en/mopo/mpmdeci/mpr_2008/k081219.pdf ; https://www.boj.or.jp/en/mopo/mpmdeci/mpr_2010/k101005.pdf ; https://www.boj.or.jp/en/mopo/mpmdeci/mpr_2016/k160921a.pdf ; https://www.boj.or.jp/en/mopo/mpmdeci/mpr_2024/k240319a.pdf ; https://www.boj.or.jp/en/mopo/mpmdeci/mpr_2024/mpr240731c.pdf ; https://www.boj.or.jp/en/mopo/mpmdeci/mpr_2025/mpr250124a.pdf ; https://www.boj.or.jp/en/mopo/mpmdeci/mpr_2025/k251219a.pdf ; https://www.boj.or.jp/en/mopo/mpmdeci/mpr_2026/k260616a.pdf, Central bank policy rates - Japan - Monthly - End of period,2018-01,-0.1,A,F,
M,JP,368,0,,"From 17 Jun 2026 onwards: the BOJ encourages the uncollateralized overnight call rate to remain at around 1.00 percent; From 22 Dec 2025 to 16 Jun 2026: the BOJ encourages the uncollateralized overnight call rate to remain at around 0.75 percent; From 27 Jan 2025 to 21 Dec 2025: the BOJ encourages the uncollateralized overnight call rate to remain at around 0.50 percent; From 1 Aug 2024 to 26 Jan 2025: the BOJ encouraged the UOCR to remain at around 0.25% ; From 21 Mar 2024 to 31 July: the BOJ encouraged the UOCR to remain at around 0 to 0.1 %; from 21 Sep 2016 to 20 Mar 2024: the BOJ set the guideline for market operations which specifies a short-term policy interest rate at minus 0.1% and a target level of 10-year JGB yields at around 0%. Short-term policy interest rate; from 4 Apr 2013 to 20 Sep 2016: no policy rate; from 5 Oct 2010 to 3 Apr 2013: the BOJ encouraged the UOCR to remain at around 0 to 0.1%; from 19 Dec 2008 to 4 Oct 2010: the BOJ encouraged the UOCR to remain at around 0. %; from 31 Oct 2008 to 18 Dec 2008: the BOJ encouraged the UOCR to remain at around 0.3%; before 30 Oct 2008, refer to https://data.bis.org/topics/CBPOL",4,Bank of Japan,For details see: http://www.bis.org/statistics/cbpol/cbpol_doc.pdf  ; https://www.boj.or.jp/en/mopo/mpmdeci/mpr_1998/k980909c.htm ; https://www.boj.or.jp/en/mopo/mpmdeci/mpr_1999/k990212c.htm ; https://www.boj.or.jp/en/mopo/mpmdeci/mpr_2000/k000811.htm ; https://www.boj.or.jp/en/mopo/mpmdeci/mpr_2001/k010228a.htm ; https://www.boj.or.jp/en/mopo/mpmdeci/mpr_2006/k060309.htm ; https://www.boj.or.jp/en/mopo/mpmdeci/mpr_2006/k060714.pdf ; https://www.boj.or.jp/en/mopo/mpmdeci/mpr_2007/k070221.pdf ; https://www.boj.or.jp/en/mopo/mpmdeci/mpr_2008/k081031.pdf ; https://www.boj.or.jp/en/mopo/mpmdeci/mpr_2008/k081219.pdf ; https://www.boj.or.jp/en/mopo/mpmdeci/mpr_2010/k101005.pdf ; https://www.boj.or.jp/en/mopo/mpmdeci/mpr_2016/k160921a.pdf ; https://www.boj.or.jp/en/mopo/mpmdeci/mpr_2024/k240319a.pdf ; https://www.boj.or.jp/en/mopo/mpmdeci/mpr_2024/mpr240731c.pdf ; https://www.boj.or.jp/en/mopo/mpmdeci/mpr_2025/mpr250124a.pdf ; https://www.boj.or.jp/en/mopo/mpmdeci/mpr_2025/k251219a.pdf ; https://www.boj.or.jp/en/mopo/mpmdeci/mpr_2026/k260616a.pdf, Central bank policy rates - Japan - Monthly - End of period,2018-02,-0.1,A,F,
M,JP,368,0,,"From 17 Jun 2026 onwards: the BOJ encourages the uncollateralized overnight call rate to remain at around 1.00 percent; From 22 Dec 2025 to 16 Jun 2026: the BOJ encourages the uncollateralized overnight call rate to remain at around 0.75 percent; From 27 Jan 2025 to 21 Dec 2025: the BOJ encourages the uncollateralized overnight call rate to remain at around 0.50 percent; From 1 Aug 2024 to 26 Jan 2025: the BOJ encouraged the UOCR to remain at around 0.25% ; From 21 Mar 2024 to 31 July: the BOJ encouraged the UOCR to remain at around 0 to 0.1 %; from 21 Sep 2016 to 20 Mar 2024: the BOJ set the guideline for market operations which specifies a short-term policy interest rate at minus 0.1% and a target level of 10-year JGB yields at around 0%. Short-term policy interest rate; from 4 Apr 2013 to 20 Sep 2016: no policy rate; from 5 Oct 2010 to 3 Apr 2013: the BOJ encouraged the UOCR to remain at around 0 to 0.1%; from 19 Dec 2008 to 4 Oct 2010: the BOJ encouraged the UOCR to remain at around 0. %; from 31 Oct 2008 to 18 Dec 2008: the BOJ encouraged the UOCR to remain at around 0.3%; before 30 Oct 2008, refer to https://data.bis.org/topics/CBPOL",4,Bank of Japan,For details see: http://www.bis.org/statistics/cbpol/cbpol_doc.pdf  ; https://www.boj.or.jp/en/mopo/mpmdeci/mpr_1998/k980909c.htm ; https://www.boj.or.jp/en/mopo/mpmdeci/mpr_1999/k990212c.htm ; https://www.boj.or.jp/en/mopo/mpmdeci/mpr_2000/k000811.htm ; https://www.boj.or.jp/en/mopo/mpmdeci/mpr_2001/k010228a.htm ; https://www.boj.or.jp/en/mopo/mpmdeci/mpr_2006/k060309.htm ; https://www.boj.or.jp/en/mopo/mpmdeci/mpr_2006/k060714.pdf ; https://www.boj.or.jp/en/mopo/mpmdeci/mpr_2007/k070221.pdf ; https://www.boj.or.jp/en/mopo/mpmdeci/mpr_2008/k081031.pdf ; https://www.boj.or.jp/en/mopo/mpmdeci/mpr_2008/k081219.pdf ; https://www.boj.or.jp/en/mopo/mpmdeci/mpr_2010/k101005.pdf ; https://www.boj.or.jp/en/mopo/mpmdeci/mpr_2016/k160921a.pdf ; https://www.boj.or.jp/en/mopo/mpmdeci/mpr_2024/k240319a.pdf ; https://www.boj.or.jp/en/mopo/mpmdeci/mpr_2024/mpr240731c.pdf ; https://www.boj.or.jp/en/mopo/mpmdeci/mpr_2025/mpr250124a.pdf ; https://www.boj.or.jp/en/mopo/mpmdeci/mpr_2025/k251219a.pdf ; https://www.boj.or.jp/en/mopo/mpmdeci/mpr_2026/k260616a.pdf, Central bank policy rates - Japan - Monthly - End of period,2018-03,-0.1,A,F,
M,JP,368,0,,"From 17 Jun 2026 onwards: the BOJ encourages the uncollateralized overnight call rate to remain at around 1.00 percent; From 22 Dec 2025 to 16 Jun 2026: the BOJ encourages the uncollateralized overnight call rate to remain at around 0.75 percent; From 27 Jan 2025 to 21 Dec 2025: the BOJ encourages the uncollateralized overnight call rate to remain at around 0.50 percent; From 1 Aug 2024 to 26 Jan 2025: the BOJ encouraged the UOCR to remain at around 0.25% ; From 21 Mar 2024 to 31 July: the BOJ encouraged the UOCR to remain at around 0 to 0.1 %; from 21 Sep 2016 to 20 Mar 2024: the BOJ set the guideline for market operations which specifies a short-term policy interest rate at minus 0.1% and a target level of 10-year JGB yields at around 0%. Short-term policy interest rate; from 4 Apr 2013 to 20 Sep 2016: no policy rate; from 5 Oct 2010 to 3 Apr 2013: the BOJ encouraged the UOCR to remain at around 0 to 0.1%; from 19 Dec 2008 to 4 Oct 2010: the BOJ encouraged the UOCR to remain at around 0. %; from 31 Oct 2008 to 18 Dec 2008: the BOJ encouraged the UOCR to remain at around 0.3%; before 30 Oct 2008, refer to https://data.bis.org/topics/CBPOL",4,Bank of Japan,For details see: http://www.bis.org/statistics/cbpol/cbpol_doc.pdf  ; https://www.boj.or.jp/en/mopo/mpmdeci/mpr_1998/k980909c.htm ; https://www.boj.or.jp/en/mopo/mpmdeci/mpr_1999/k990212c.htm ; https://www.boj.or.jp/en/mopo/mpmdeci/mpr_2000/k000811.htm ; https://www.boj.or.jp/en/mopo/mpmdeci/mpr_2001/k010228a.htm ; https://www.boj.or.jp/en/mopo/mpmdeci/mpr_2006/k060309.htm ; https://www.boj.or.jp/en/mopo/mpmdeci/mpr_2006/k060714.pdf ; https://www.boj.or.jp/en/mopo/mpmdeci/mpr_2007/k070221.pdf ; https://www.boj.or.jp/en/mopo/mpmdeci/mpr_2008/k081031.pdf ; https://www.boj.or.jp/en/mopo/mpmdeci/mpr_2008/k081219.pdf ; https://www.boj.or.jp/en/mopo/mpmdeci/mpr_2010/k101005.pdf ; https://www.boj.or.jp/en/mopo/mpmdeci/mpr_2016/k160921a.pdf ; https://www.boj.or.jp/en/mopo/mpmdeci/mpr_2024/k240319a.pdf ; https://www.boj.or.jp/en/mopo/mpmdeci/mpr_2024/mpr240731c.pdf ; https://www.boj.or.jp/en/mopo/mpmdeci/mpr_2025/mpr250124a.pdf ; https://www.boj.or.jp/en/mopo/mpmdeci/mpr_2025/k251219a.pdf ; https://www.boj.or.jp/en/mopo/mpmdeci/mpr_2026/k260616a.pdf, Central bank policy rates - Japan - Monthly - End of period,2018-04,-0.1,A,F,
M,JP,368,0,,"From 17 Jun 2026 onwards: the BOJ encourages the uncollateralized overnight call rate to remain at around 1.00 percent; From 22 Dec 2025 to 16 Jun 2026: the BOJ encourages the uncollateralized overnight call rate to remain at around 0.75 percent; From 27 Jan 2025 to 21 Dec 2025: the BOJ encourages the uncollateralized overnight call rate to remain at around 0.50 percent; From 1 Aug 2024 to 26 Jan 2025: the BOJ encouraged the UOCR to remain at around 0.25% ; From 21 Mar 2024 to 31 July: the BOJ encouraged the UOCR to remain at around 0 to 0.1 %; from 21 Sep 2016 to 20 Mar 2024: the BOJ set the guideline for market operations which specifies a short-term policy interest rate at minus 0.1% and a target level of 10-year JGB yields at around 0%. Short-term policy interest rate; from 4 Apr 2013 to 20 Sep 2016: no policy rate; from 5 Oct 2010 to 3 Apr 2013: the BOJ encouraged the UOCR to remain at around 0 to 0.1%; from 19 Dec 2008 to 4 Oct 2010: the BOJ encouraged the UOCR to remain at around 0. %; from 31 Oct 2008 to 18 Dec 2008: the BOJ encouraged the UOCR to remain at around 0.3%; before 30 Oct 2008, refer to https://data.bis.org/topics/CBPOL",4,Bank of Japan,For details see: http://www.bis.org/statistics/cbpol/cbpol_doc.pdf  ; https://www.boj.or.jp/en/mopo/mpmdeci/mpr_1998/k980909c.htm ; https://www.boj.or.jp/en/mopo/mpmdeci/mpr_1999/k990212c.htm ; https://www.boj.or.jp/en/mopo/mpmdeci/mpr_2000/k000811.htm ; https://www.boj.or.jp/en/mopo/mpmdeci/mpr_2001/k010228a.htm ; https://www.boj.or.jp/en/mopo/mpmdeci/mpr_2006/k060309.htm ; https://www.boj.or.jp/en/mopo/mpmdeci/mpr_2006/k060714.pdf ; https://www.boj.or.jp/en/mopo/mpmdeci/mpr_2007/k070221.pdf ; https://www.boj.or.jp/en/mopo/mpmdeci/mpr_2008/k081031.pdf ; https://www.boj.or.jp/en/mopo/mpmdeci/mpr_2008/k081219.pdf ; https://www.boj.or.jp/en/mopo/mpmdeci/mpr_2010/k101005.pdf ; https://www.boj.or.jp/en/mopo/mpmdeci/mpr_2016/k160921a.pdf ; https://www.boj.or.jp/en/mopo/mpmdeci/mpr_2024/k240319a.pdf ; https://www.boj.or.jp/en/mopo/mpmdeci/mpr_2024/mpr240731c.pdf ; https://www.boj.or.jp/en/mopo/mpmdeci/mpr_2025/mpr250124a.pdf ; https://www.boj.or.jp/en/mopo/mpmdeci/mpr_2025/k251219a.pdf ; https://www.boj.or.jp/en/mopo/mpmdeci/mpr_2026/k260616a.pdf, Central bank policy rates - Japan - Monthly - End of period,2018-05,-0.1,A,F,
M,JP,368,0,,"From 17 Jun 2026 onwards: the BOJ encourages the uncollateralized overnight call rate to remain at around 1.00 percent; From 22 Dec 2025 to 16 Jun 2026: the BOJ encourages the uncollateralized overnight call rate to remain at around 0.75 percent; From 27 Jan 2025 to 21 Dec 2025: the BOJ encourages the uncollateralized overnight call rate to remain at around 0.50 percent; From 1 Aug 2024 to 26 Jan 2025: the BOJ encouraged the UOCR to remain at around 0.25% ; From 21 Mar 2024 to 31 July: the BOJ encouraged the UOCR to remain at around 0 to 0.1 %; from 21 Sep 2016 to 20 Mar 2024: the BOJ set the guideline for market operations which specifies a short-term policy interest rate at minus 0.1% and a target level of 10-year JGB yields at around 0%. Short-term policy interest rate; from 4 Apr 2013 to 20 Sep 2016: no policy rate; from 5 Oct 2010 to 3 Apr 2013: the BOJ encouraged the UOCR to remain at around 0 to 0.1%; from 19 Dec 2008 to 4 Oct 2010: the BOJ encouraged the UOCR to remain at around 0. %; from 31 Oct 2008 to 18 Dec 2008: the BOJ encouraged the UOCR to remain at around 0.3%; before 30 Oct 2008, refer to https://data.bis.org/topics/CBPOL",4,Bank of Japan,For details see: http://www.bis.org/statistics/cbpol/cbpol_doc.pdf  ; https://www.boj.or.jp/en/mopo/mpmdeci/mpr_1998/k980909c.htm ; https://www.boj.or.jp/en/mopo/mpmdeci/mpr_1999/k990212c.htm ; https://www.boj.or.jp/en/mopo/mpmdeci/mpr_2000/k000811.htm ; https://www.boj.or.jp/en/mopo/mpmdeci/mpr_2001/k010228a.htm ; https://www.boj.or.jp/en/mopo/mpmdeci/mpr_2006/k060309.htm ; https://www.boj.or.jp/en/mopo/mpmdeci/mpr_2006/k060714.pdf ; https://www.boj.or.jp/en/mopo/mpmdeci/mpr_2007/k070221.pdf ; https://www.boj.or.jp/en/mopo/mpmdeci/mpr_2008/k081031.pdf ; https://www.boj.or.jp/en/mopo/mpmdeci/mpr_2008/k081219.pdf ; https://www.boj.or.jp/en/mopo/mpmdeci/mpr_2010/k101005.pdf ; https://www.boj.or.jp/en/mopo/mpmdeci/mpr_2016/k160921a.pdf ; https://www.boj.or.jp/en/mopo/mpmdeci/mpr_2024/k240319a.pdf ; https://www.boj.or.jp/en/mopo/mpmdeci/mpr_2024/mpr240731c.pdf ; https://www.boj.or.jp/en/mopo/mpmdeci/mpr_2025/mpr250124a.pdf ; https://www.boj.or.jp/en/mopo/mpmdeci/mpr_2025/k251219a.pdf ; https://www.boj.or.jp/en/mopo/mpmdeci/mpr_2026/k260616a.pdf, Central bank policy rates - Japan - Monthly - End of period,2018-06,-0.1,A,F,
M,JP,368,0,,"From 17 Jun 2026 onwards: the BOJ encourages the uncollateralized overnight call rate to remain at around 1.00 percent; From 22 Dec 2025 to 16 Jun 2026: the BOJ encourages the uncollateralized overnight call rate to remain at around 0.75 percent; From 27 Jan 2025 to 21 Dec 2025: the BOJ encourages the uncollateralized overnight call rate to remain at around 0.50 percent; From 1 Aug 2024 to 26 Jan 2025: the BOJ encouraged the UOCR to remain at around 0.25% ; From 21 Mar 2024 to 31 July: the BOJ encouraged the UOCR to remain at around 0 to 0.1 %; from 21 Sep 2016 to 20 Mar 2024: the BOJ set the guideline for market operations which specifies a short-term policy interest rate at minus 0.1% and a target level of 10-year JGB yields at around 0%. Short-term policy interest rate; from 4 Apr 2013 to 20 Sep 2016: no policy rate; from 5 Oct 2010 to 3 Apr 2013: the BOJ encouraged the UOCR to remain at around 0 to 0.1%; from 19 Dec 2008 to 4 Oct 2010: the BOJ encouraged the UOCR to remain at around 0. %; from 31 Oct 2008 to 18 Dec 2008: the BOJ encouraged the UOCR to remain at around 0.3%; before 30 Oct 2008, refer to https://data.bis.org/topics/CBPOL",4,Bank of Japan,For details see: http://www.bis.org/statistics/cbpol/cbpol_doc.pdf  ; https://www.boj.or.jp/en/mopo/mpmdeci/mpr_1998/k980909c.htm ; https://www.boj.or.jp/en/mopo/mpmdeci/mpr_1999/k990212c.htm ; https://www.boj.or.jp/en/mopo/mpmdeci/mpr_2000/k000811.htm ; https://www.boj.or.jp/en/mopo/mpmdeci/mpr_2001/k010228a.htm ; https://www.boj.or.jp/en/mopo/mpmdeci/mpr_2006/k060309.htm ; https://www.boj.or.jp/en/mopo/mpmdeci/mpr_2006/k060714.pdf ; https://www.boj.or.jp/en/mopo/mpmdeci/mpr_2007/k070221.pdf ; https://www.boj.or.jp/en/mopo/mpmdeci/mpr_2008/k081031.pdf ; https://www.boj.or.jp/en/mopo/mpmdeci/mpr_2008/k081219.pdf ; https://www.boj.or.jp/en/mopo/mpmdeci/mpr_2010/k101005.pdf ; https://www.boj.or.jp/en/mopo/mpmdeci/mpr_2016/k160921a.pdf ; https://www.boj.or.jp/en/mopo/mpmdeci/mpr_2024/k240319a.pdf ; https://www.boj.or.jp/en/mopo/mpmdeci/mpr_2024/mpr240731c.pdf ; https://www.boj.or.jp/en/mopo/mpmdeci/mpr_2025/mpr250124a.pdf ; https://www.boj.or.jp/en/mopo/mpmdeci/mpr_2025/k251219a.pdf ; https://www.boj.or.jp/en/mopo/mpmdeci/mpr_2026/k260616a.pdf, Central bank policy rates - Japan - Monthly - End of period,2018-07,-0.1,A,F,
M,JP,368,0,,"From 17 Jun 2026 onwards: the BOJ encourages the uncollateralized overnight call rate to remain at around 1.00 percent; From 22 Dec 2025 to 16 Jun 2026: the BOJ encourages the uncollateralized overnight call rate to remain at around 0.75 percent; From 27 Jan 2025 to 21 Dec 2025: the BOJ encourages the uncollateralized overnight call rate to remain at around 0.50 percent; From 1 Aug 2024 to 26 Jan 2025: the BOJ encouraged the UOCR to remain at around 0.25% ; From 21 Mar 2024 to 31 July: the BOJ encouraged the UOCR to remain at around 0 to 0.1 %; from 21 Sep 2016 to 20 Mar 2024: the BOJ set the guideline for market operations which specifies a short-term policy interest rate at minus 0.1% and a target level of 10-year JGB yields at around 0%. Short-term policy interest rate; from 4 Apr 2013 to 20 Sep 2016: no policy rate; from 5 Oct 2010 to 3 Apr 2013: the BOJ encouraged the UOCR to remain at around 0 to 0.1%; from 19 Dec 2008 to 4 Oct 2010: the BOJ encouraged the UOCR to remain at around 0. %; from 31 Oct 2008 to 18 Dec 2008: the BOJ encouraged the UOCR to remain at around 0.3%; before 30 Oct 2008, refer to https://data.bis.org/topics/CBPOL",4,Bank of Japan,For details see: http://www.bis.org/statistics/cbpol/cbpol_doc.pdf  ; https://www.boj.or.jp/en/mopo/mpmdeci/mpr_1998/k980909c.htm ; https://www.boj.or.jp/en/mopo/mpmdeci/mpr_1999/k990212c.htm ; https://www.boj.or.jp/en/mopo/mpmdeci/mpr_2000/k000811.htm ; https://www.boj.or.jp/en/mopo/mpmdeci/mpr_2001/k010228a.htm ; https://www.boj.or.jp/en/mopo/mpmdeci/mpr_2006/k060309.htm ; https://www.boj.or.jp/en/mopo/mpmdeci/mpr_2006/k060714.pdf ; https://www.boj.or.jp/en/mopo/mpmdeci/mpr_2007/k070221.pdf ; https://www.boj.or.jp/en/mopo/mpmdeci/mpr_2008/k081031.pdf ; https://www.boj.or.jp/en/mopo/mpmdeci/mpr_2008/k081219.pdf ; https://www.boj.or.jp/en/mopo/mpmdeci/mpr_2010/k101005.pdf ; https://www.boj.or.jp/en/mopo/mpmdeci/mpr_2016/k160921a.pdf ; https://www.boj.or.jp/en/mopo/mpmdeci/mpr_2024/k240319a.pdf ; https://www.boj.or.jp/en/mopo/mpmdeci/mpr_2024/mpr240731c.pdf ; https://www.boj.or.jp/en/mopo/mpmdeci/mpr_2025/mpr250124a.pdf ; https://www.boj.or.jp/en/mopo/mpmdeci/mpr_2025/k251219a.pdf ; https://www.boj.or.jp/en/mopo/mpmdeci/mpr_2026/k260616a.pdf, Central bank policy rates - Japan - Monthly - End of period,2018-08,-0.1,A,F,
M,JP,368,0,,"From 17 Jun 2026 onwards: the BOJ encourages the uncollateralized overnight call rate to remain at around 1.00 percent; From 22 Dec 2025 to 16 Jun 2026: the BOJ encourages the uncollateralized overnight call rate to remain at around 0.75 percent; From 27 Jan 2025 to 21 Dec 2025: the BOJ encourages the uncollateralized overnight call rate to remain at around 0.50 percent; From 1 Aug 2024 to 26 Jan 2025: the BOJ encouraged the UOCR to remain at around 0.25% ; From 21 Mar 2024 to 31 July: the BOJ encouraged the UOCR to remain at around 0 to 0.1 %; from 21 Sep 2016 to 20 Mar 2024: the BOJ set the guideline for market operations which specifies a short-term policy interest rate at minus 0.1% and a target level of 10-year JGB yields at around 0%. Short-term policy interest rate; from 4 Apr 2013 to 20 Sep 2016: no policy rate; from 5 Oct 2010 to 3 Apr 2013: the BOJ encouraged the UOCR to remain at around 0 to 0.1%; from 19 Dec 2008 to 4 Oct 2010: the BOJ encouraged the UOCR to remain at around 0. %; from 31 Oct 2008 to 18 Dec 2008: the BOJ encouraged the UOCR to remain at around 0.3%; before 30 Oct 2008, refer to https://data.bis.org/topics/CBPOL",4,Bank of Japan,For details see: http://www.bis.org/statistics/cbpol/cbpol_doc.pdf  ; https://www.boj.or.jp/en/mopo/mpmdeci/mpr_1998/k980909c.htm ; https://www.boj.or.jp/en/mopo/mpmdeci/mpr_1999/k990212c.htm ; https://www.boj.or.jp/en/mopo/mpmdeci/mpr_2000/k000811.htm ; https://www.boj.or.jp/en/mopo/mpmdeci/mpr_2001/k010228a.htm ; https://www.boj.or.jp/en/mopo/mpmdeci/mpr_2006/k060309.htm ; https://www.boj.or.jp/en/mopo/mpmdeci/mpr_2006/k060714.pdf ; https://www.boj.or.jp/en/mopo/mpmdeci/mpr_2007/k070221.pdf ; https://www.boj.or.jp/en/mopo/mpmdeci/mpr_2008/k081031.pdf ; https://www.boj.or.jp/en/mopo/mpmdeci/mpr_2008/k081219.pdf ; https://www.boj.or.jp/en/mopo/mpmdeci/mpr_2010/k101005.pdf ; https://www.boj.or.jp/en/mopo/mpmdeci/mpr_2016/k160921a.pdf ; https://www.boj.or.jp/en/mopo/mpmdeci/mpr_2024/k240319a.pdf ; https://www.boj.or.jp/en/mopo/mpmdeci/mpr_2024/mpr240731c.pdf ; https://www.boj.or.jp/en/mopo/mpmdeci/mpr_2025/mpr250124a.pdf ; https://www.boj.or.jp/en/mopo/mpmdeci/mpr_2025/k251219a.pdf ; https://www.boj.or.jp/en/mopo/mpmdeci/mpr_2026/k260616a.pdf, Central bank policy rates - Japan - Monthly - End of period,2018-09,-0.1,A,F,
M,JP,368,0,,"From 17 Jun 2026 onwards: the BOJ encourages the uncollateralized overnight call rate to remain at around 1.00 percent; From 22 Dec 2025 to 16 Jun 2026: the BOJ encourages the uncollateralized overnight call rate to remain at around 0.75 percent; From 27 Jan 2025 to 21 Dec 2025: the BOJ encourages the uncollateralized overnight call rate to remain at around 0.50 percent; From 1 Aug 2024 to 26 Jan 2025: the BOJ encouraged the UOCR to remain at around 0.25% ; From 21 Mar 2024 to 31 July: the BOJ encouraged the UOCR to remain at around 0 to 0.1 %; from 21 Sep 2016 to 20 Mar 2024: the BOJ set the guideline for market operations which specifies a short-term policy interest rate at minus 0.1% and a target level of 10-year JGB yields at around 0%. Short-term policy interest rate; from 4 Apr 2013 to 20 Sep 2016: no policy rate; from 5 Oct 2010 to 3 Apr 2013: the BOJ encouraged the UOCR to remain at around 0 to 0.1%; from 19 Dec 2008 to 4 Oct 2010: the BOJ encouraged the UOCR to remain at around 0. %; from 31 Oct 2008 to 18 Dec 2008: the BOJ encouraged the UOCR to remain at around 0.3%; before 30 Oct 2008, refer to https://data.bis.org/topics/CBPOL",4,Bank of Japan,For details see: http://www.bis.org/statistics/cbpol/cbpol_doc.pdf  ; https://www.boj.or.jp/en/mopo/mpmdeci/mpr_1998/k980909c.htm ; https://www.boj.or.jp/en/mopo/mpmdeci/mpr_1999/k990212c.htm ; https://www.boj.or.jp/en/mopo/mpmdeci/mpr_2000/k000811.htm ; https://www.boj.or.jp/en/mopo/mpmdeci/mpr_2001/k010228a.htm ; https://www.boj.or.jp/en/mopo/mpmdeci/mpr_2006/k060309.htm ; https://www.boj.or.jp/en/mopo/mpmdeci/mpr_2006/k060714.pdf ; https://www.boj.or.jp/en/mopo/mpmdeci/mpr_2007/k070221.pdf ; https://www.boj.or.jp/en/mopo/mpmdeci/mpr_2008/k081031.pdf ; https://www.boj.or.jp/en/mopo/mpmdeci/mpr_2008/k081219.pdf ; https://www.boj.or.jp/en/mopo/mpmdeci/mpr_2010/k101005.pdf ; https://www.boj.or.jp/en/mopo/mpmdeci/mpr_2016/k160921a.pdf ; https://www.boj.or.jp/en/mopo/mpmdeci/mpr_2024/k240319a.pdf ; https://www.boj.or.jp/en/mopo/mpmdeci/mpr_2024/mpr240731c.pdf ; https://www.boj.or.jp/en/mopo/mpmdeci/mpr_2025/mpr250124a.pdf ; https://www.boj.or.jp/en/mopo/mpmdeci/mpr_2025/k251219a.pdf ; https://www.boj.or.jp/en/mopo/mpmdeci/mpr_2026/k260616a.pdf, Central bank policy rates - Japan - Monthly - End of period,2018-10,-0.1,A,F,
M,JP,368,0,,"From 17 Jun 2026 onwards: the BOJ encourages the uncollateralized overnight call rate to remain at around 1.00 percent; From 22 Dec 2025 to 16 Jun 2026: the BOJ encourages the uncollateralized overnight call rate to remain at around 0.75 percent; From 27 Jan 2025 to 21 Dec 2025: the BOJ encourages the uncollateralized overnight call rate to remain at around 0.50 percent; From 1 Aug 2024 to 26 Jan 2025: the BOJ encouraged the UOCR to remain at around 0.25% ; From 21 Mar 2024 to 31 July: the BOJ encouraged the UOCR to remain at around 0 to 0.1 %; from 21 Sep 2016 to 20 Mar 2024: the BOJ set the guideline for market operations which specifies a short-term policy interest rate at minus 0.1% and a target level of 10-year JGB yields at around 0%. Short-term policy interest rate; from 4 Apr 2013 to 20 Sep 2016: no policy rate; from 5 Oct 2010 to 3 Apr 2013: the BOJ encouraged the UOCR to remain at around 0 to 0.1%; from 19 Dec 2008 to 4 Oct 2010: the BOJ encouraged the UOCR to remain at around 0. %; from 31 Oct 2008 to 18 Dec 2008: the BOJ encouraged the UOCR to remain at around 0.3%; before 30 Oct 2008, refer to https://data.bis.org/topics/CBPOL",4,Bank of Japan,For details see: http://www.bis.org/statistics/cbpol/cbpol_doc.pdf  ; https://www.boj.or.jp/en/mopo/mpmdeci/mpr_1998/k980909c.htm ; https://www.boj.or.jp/en/mopo/mpmdeci/mpr_1999/k990212c.htm ; https://www.boj.or.jp/en/mopo/mpmdeci/mpr_2000/k000811.htm ; https://www.boj.or.jp/en/mopo/mpmdeci/mpr_2001/k010228a.htm ; https://www.boj.or.jp/en/mopo/mpmdeci/mpr_2006/k060309.htm ; https://www.boj.or.jp/en/mopo/mpmdeci/mpr_2006/k060714.pdf ; https://www.boj.or.jp/en/mopo/mpmdeci/mpr_2007/k070221.pdf ; https://www.boj.or.jp/en/mopo/mpmdeci/mpr_2008/k081031.pdf ; https://www.boj.or.jp/en/mopo/mpmdeci/mpr_2008/k081219.pdf ; https://www.boj.or.jp/en/mopo/mpmdeci/mpr_2010/k101005.pdf ; https://www.boj.or.jp/en/mopo/mpmdeci/mpr_2016/k160921a.pdf ; https://www.boj.or.jp/en/mopo/mpmdeci/mpr_2024/k240319a.pdf ; https://www.boj.or.jp/en/mopo/mpmdeci/mpr_2024/mpr240731c.pdf ; https://www.boj.or.jp/en/mopo/mpmdeci/mpr_2025/mpr250124a.pdf ; https://www.boj.or.jp/en/mopo/mpmdeci/mpr_2025/k251219a.pdf ; https://www.boj.or.jp/en/mopo/mpmdeci/mpr_2026/k260616a.pdf, Central bank policy rates - Japan - Monthly - End of period,2018-11,-0.1,A,F,
M,JP,368,0,,"From 17 Jun 2026 onwards: the BOJ encourages the uncollateralized overnight call rate to remain at around 1.00 percent; From 22 Dec 2025 to 16 Jun 2026: the BOJ encourages the uncollateralized overnight call rate to remain at around 0.75 percent; From 27 Jan 2025 to 21 Dec 2025: the BOJ encourages the uncollateralized overnight call rate to remain at around 0.50 percent; From 1 Aug 2024 to 26 Jan 2025: the BOJ encouraged the UOCR to remain at around 0.25% ; From 21 Mar 2024 to 31 July: the BOJ encouraged the UOCR to remain at around 0 to 0.1 %; from 21 Sep 2016 to 20 Mar 2024: the BOJ set the guideline for market operations which specifies a short-term policy interest rate at minus 0.1% and a target level of 10-year JGB yields at around 0%. Short-term policy interest rate; from 4 Apr 2013 to 20 Sep 2016: no policy rate; from 5 Oct 2010 to 3 Apr 2013: the BOJ encouraged the UOCR to remain at around 0 to 0.1%; from 19 Dec 2008 to 4 Oct 2010: the BOJ encouraged the UOCR to remain at around 0. %; from 31 Oct 2008 to 18 Dec 2008: the BOJ encouraged the UOCR to remain at around 0.3%; before 30 Oct 2008, refer to https://data.bis.org/topics/CBPOL",4,Bank of Japan,For details see: http://www.bis.org/statistics/cbpol/cbpol_doc.pdf  ; https://www.boj.or.jp/en/mopo/mpmdeci/mpr_1998/k980909c.htm ; https://www.boj.or.jp/en/mopo/mpmdeci/mpr_1999/k990212c.htm ; https://www.boj.or.jp/en/mopo/mpmdeci/mpr_2000/k000811.htm ; https://www.boj.or.jp/en/mopo/mpmdeci/mpr_2001/k010228a.htm ; https://www.boj.or.jp/en/mopo/mpmdeci/mpr_2006/k060309.htm ; https://www.boj.or.jp/en/mopo/mpmdeci/mpr_2006/k060714.pdf ; https://www.boj.or.jp/en/mopo/mpmdeci/mpr_2007/k070221.pdf ; https://www.boj.or.jp/en/mopo/mpmdeci/mpr_2008/k081031.pdf ; https://www.boj.or.jp/en/mopo/mpmdeci/mpr_2008/k081219.pdf ; https://www.boj.or.jp/en/mopo/mpmdeci/mpr_2010/k101005.pdf ; https://www.boj.or.jp/en/mopo/mpmdeci/mpr_2016/k160921a.pdf ; https://www.boj.or.jp/en/mopo/mpmdeci/mpr_2024/k240319a.pdf ; https://www.boj.or.jp/en/mopo/mpmdeci/mpr_2024/mpr240731c.pdf ; https://www.boj.or.jp/en/mopo/mpmdeci/mpr_2025/mpr250124a.pdf ; https://www.boj.or.jp/en/mopo/mpmdeci/mpr_2025/k251219a.pdf ; https://www.boj.or.jp/en/mopo/mpmdeci/mpr_2026/k260616a.pdf, Central bank policy rates - Japan - Monthly - End of period,2018-12,-0.1,A,F,
M,JP,368,0,,"From 17 Jun 2026 onwards: the BOJ encourages the uncollateralized overnight call rate to remain at around 1.00 percent; From 22 Dec 2025 to 16 Jun 2026: the BOJ encourages the uncollateralized overnight call rate to remain at around 0.75 percent; From 27 Jan 2025 to 21 Dec 2025: the BOJ encourages the uncollateralized overnight call rate to remain at around 0.50 percent; From 1 Aug 2024 to 26 Jan 2025: the BOJ encouraged the UOCR to remain at around 0.25% ; From 21 Mar 2024 to 31 July: the BOJ encouraged the UOCR to remain at around 0 to 0.1 %; from 21 Sep 2016 to 20 Mar 2024: the BOJ set the guideline for market operations which specifies a short-term policy interest rate at minus 0.1% and a target level of 10-year JGB yields at around 0%. Short-term policy interest rate; from 4 Apr 2013 to 20 Sep 2016: no policy rate; from 5 Oct 2010 to 3 Apr 2013: the BOJ encouraged the UOCR to remain at around 0 to 0.1%; from 19 Dec 2008 to 4 Oct 2010: the BOJ encouraged the UOCR to remain at around 0. %; from 31 Oct 2008 to 18 Dec 2008: the BOJ encouraged the UOCR to remain at around 0.3%; before 30 Oct 2008, refer to https://data.bis.org/topics/CBPOL",4,Bank of Japan,For details see: http://www.bis.org/statistics/cbpol/cbpol_doc.pdf  ; https://www.boj.or.jp/en/mopo/mpmdeci/mpr_1998/k980909c.htm ; https://www.boj.or.jp/en/mopo/mpmdeci/mpr_1999/k990212c.htm ; https://www.boj.or.jp/en/mopo/mpmdeci/mpr_2000/k000811.htm ; https://www.boj.or.jp/en/mopo/mpmdeci/mpr_2001/k010228a.htm ; https://www.boj.or.jp/en/mopo/mpmdeci/mpr_2006/k060309.htm ; https://www.boj.or.jp/en/mopo/mpmdeci/mpr_2006/k060714.pdf ; https://www.boj.or.jp/en/mopo/mpmdeci/mpr_2007/k070221.pdf ; https://www.boj.or.jp/en/mopo/mpmdeci/mpr_2008/k081031.pdf ; https://www.boj.or.jp/en/mopo/mpmdeci/mpr_2008/k081219.pdf ; https://www.boj.or.jp/en/mopo/mpmdeci/mpr_2010/k101005.pdf ; https://www.boj.or.jp/en/mopo/mpmdeci/mpr_2016/k160921a.pdf ; https://www.boj.or.jp/en/mopo/mpmdeci/mpr_2024/k240319a.pdf ; https://www.boj.or.jp/en/mopo/mpmdeci/mpr_2024/mpr240731c.pdf ; https://www.boj.or.jp/en/mopo/mpmdeci/mpr_2025/mpr250124a.pdf ; https://www.boj.or.jp/en/mopo/mpmdeci/mpr_2025/k251219a.pdf ; https://www.boj.or.jp/en/mopo/mpmdeci/mpr_2026/k260616a.pdf, Central bank policy rates - Japan - Monthly - End of period,2019-01,-0.1,A,F,
M,JP,368,0,,"From 17 Jun 2026 onwards: the BOJ encourages the uncollateralized overnight call rate to remain at around 1.00 percent; From 22 Dec 2025 to 16 Jun 2026: the BOJ encourages the uncollateralized overnight call rate to remain at around 0.75 percent; From 27 Jan 2025 to 21 Dec 2025: the BOJ encourages the uncollateralized overnight call rate to remain at around 0.50 percent; From 1 Aug 2024 to 26 Jan 2025: the BOJ encouraged the UOCR to remain at around 0.25% ; From 21 Mar 2024 to 31 July: the BOJ encouraged the UOCR to remain at around 0 to 0.1 %; from 21 Sep 2016 to 20 Mar 2024: the BOJ set the guideline for market operations which specifies a short-term policy interest rate at minus 0.1% and a target level of 10-year JGB yields at around 0%. Short-term policy interest rate; from 4 Apr 2013 to 20 Sep 2016: no policy rate; from 5 Oct 2010 to 3 Apr 2013: the BOJ encouraged the UOCR to remain at around 0 to 0.1%; from 19 Dec 2008 to 4 Oct 2010: the BOJ encouraged the UOCR to remain at around 0. %; from 31 Oct 2008 to 18 Dec 2008: the BOJ encouraged the UOCR to remain at around 0.3%; before 30 Oct 2008, refer to https://data.bis.org/topics/CBPOL",4,Bank of Japan,For details see: http://www.bis.org/statistics/cbpol/cbpol_doc.pdf  ; https://www.boj.or.jp/en/mopo/mpmdeci/mpr_1998/k980909c.htm ; https://www.boj.or.jp/en/mopo/mpmdeci/mpr_1999/k990212c.htm ; https://www.boj.or.jp/en/mopo/mpmdeci/mpr_2000/k000811.htm ; https://www.boj.or.jp/en/mopo/mpmdeci/mpr_2001/k010228a.htm ; https://www.boj.or.jp/en/mopo/mpmdeci/mpr_2006/k060309.htm ; https://www.boj.or.jp/en/mopo/mpmdeci/mpr_2006/k060714.pdf ; https://www.boj.or.jp/en/mopo/mpmdeci/mpr_2007/k070221.pdf ; https://www.boj.or.jp/en/mopo/mpmdeci/mpr_2008/k081031.pdf ; https://www.boj.or.jp/en/mopo/mpmdeci/mpr_2008/k081219.pdf ; https://www.boj.or.jp/en/mopo/mpmdeci/mpr_2010/k101005.pdf ; https://www.boj.or.jp/en/mopo/mpmdeci/mpr_2016/k160921a.pdf ; https://www.boj.or.jp/en/mopo/mpmdeci/mpr_2024/k240319a.pdf ; https://www.boj.or.jp/en/mopo/mpmdeci/mpr_2024/mpr240731c.pdf ; https://www.boj.or.jp/en/mopo/mpmdeci/mpr_2025/mpr250124a.pdf ; https://www.boj.or.jp/en/mopo/mpmdeci/mpr_2025/k251219a.pdf ; https://www.boj.or.jp/en/mopo/mpmdeci/mpr_2026/k260616a.pdf, Central bank policy rates - Japan - Monthly - End of period,2019-02,-0.1,A,F,
M,JP,368,0,,"From 17 Jun 2026 onwards: the BOJ encourages the uncollateralized overnight call rate to remain at around 1.00 percent; From 22 Dec 2025 to 16 Jun 2026: the BOJ encourages the uncollateralized overnight call rate to remain at around 0.75 percent; From 27 Jan 2025 to 21 Dec 2025: the BOJ encourages the uncollateralized overnight call rate to remain at around 0.50 percent; From 1 Aug 2024 to 26 Jan 2025: the BOJ encouraged the UOCR to remain at around 0.25% ; From 21 Mar 2024 to 31 July: the BOJ encouraged the UOCR to remain at around 0 to 0.1 %; from 21 Sep 2016 to 20 Mar 2024: the BOJ set the guideline for market operations which specifies a short-term policy interest rate at minus 0.1% and a target level of 10-year JGB yields at around 0%. Short-term policy interest rate; from 4 Apr 2013 to 20 Sep 2016: no policy rate; from 5 Oct 2010 to 3 Apr 2013: the BOJ encouraged the UOCR to remain at around 0 to 0.1%; from 19 Dec 2008 to 4 Oct 2010: the BOJ encouraged the UOCR to remain at around 0. %; from 31 Oct 2008 to 18 Dec 2008: the BOJ encouraged the UOCR to remain at around 0.3%; before 30 Oct 2008, refer to https://data.bis.org/topics/CBPOL",4,Bank of Japan,For details see: http://www.bis.org/statistics/cbpol/cbpol_doc.pdf  ; https://www.boj.or.jp/en/mopo/mpmdeci/mpr_1998/k980909c.htm ; https://www.boj.or.jp/en/mopo/mpmdeci/mpr_1999/k990212c.htm ; https://www.boj.or.jp/en/mopo/mpmdeci/mpr_2000/k000811.htm ; https://www.boj.or.jp/en/mopo/mpmdeci/mpr_2001/k010228a.htm ; https://www.boj.or.jp/en/mopo/mpmdeci/mpr_2006/k060309.htm ; https://www.boj.or.jp/en/mopo/mpmdeci/mpr_2006/k060714.pdf ; https://www.boj.or.jp/en/mopo/mpmdeci/mpr_2007/k070221.pdf ; https://www.boj.or.jp/en/mopo/mpmdeci/mpr_2008/k081031.pdf ; https://www.boj.or.jp/en/mopo/mpmdeci/mpr_2008/k081219.pdf ; https://www.boj.or.jp/en/mopo/mpmdeci/mpr_2010/k101005.pdf ; https://www.boj.or.jp/en/mopo/mpmdeci/mpr_2016/k160921a.pdf ; https://www.boj.or.jp/en/mopo/mpmdeci/mpr_2024/k240319a.pdf ; https://www.boj.or.jp/en/mopo/mpmdeci/mpr_2024/mpr240731c.pdf ; https://www.boj.or.jp/en/mopo/mpmdeci/mpr_2025/mpr250124a.pdf ; https://www.boj.or.jp/en/mopo/mpmdeci/mpr_2025/k251219a.pdf ; https://www.boj.or.jp/en/mopo/mpmdeci/mpr_2026/k260616a.pdf, Central bank policy rates - Japan - Monthly - End of period,2019-03,-0.1,A,F,
M,JP,368,0,,"From 17 Jun 2026 onwards: the BOJ encourages the uncollateralized overnight call rate to remain at around 1.00 percent; From 22 Dec 2025 to 16 Jun 2026: the BOJ encourages the uncollateralized overnight call rate to remain at around 0.75 percent; From 27 Jan 2025 to 21 Dec 2025: the BOJ encourages the uncollateralized overnight call rate to remain at around 0.50 percent; From 1 Aug 2024 to 26 Jan 2025: the BOJ encouraged the UOCR to remain at around 0.25% ; From 21 Mar 2024 to 31 July: the BOJ encouraged the UOCR to remain at around 0 to 0.1 %; from 21 Sep 2016 to 20 Mar 2024: the BOJ set the guideline for market operations which specifies a short-term policy interest rate at minus 0.1% and a target level of 10-year JGB yields at around 0%. Short-term policy interest rate; from 4 Apr 2013 to 20 Sep 2016: no policy rate; from 5 Oct 2010 to 3 Apr 2013: the BOJ encouraged the UOCR to remain at around 0 to 0.1%; from 19 Dec 2008 to 4 Oct 2010: the BOJ encouraged the UOCR to remain at around 0. %; from 31 Oct 2008 to 18 Dec 2008: the BOJ encouraged the UOCR to remain at around 0.3%; before 30 Oct 2008, refer to https://data.bis.org/topics/CBPOL",4,Bank of Japan,For details see: http://www.bis.org/statistics/cbpol/cbpol_doc.pdf  ; https://www.boj.or.jp/en/mopo/mpmdeci/mpr_1998/k980909c.htm ; https://www.boj.or.jp/en/mopo/mpmdeci/mpr_1999/k990212c.htm ; https://www.boj.or.jp/en/mopo/mpmdeci/mpr_2000/k000811.htm ; https://www.boj.or.jp/en/mopo/mpmdeci/mpr_2001/k010228a.htm ; https://www.boj.or.jp/en/mopo/mpmdeci/mpr_2006/k060309.htm ; https://www.boj.or.jp/en/mopo/mpmdeci/mpr_2006/k060714.pdf ; https://www.boj.or.jp/en/mopo/mpmdeci/mpr_2007/k070221.pdf ; https://www.boj.or.jp/en/mopo/mpmdeci/mpr_2008/k081031.pdf ; https://www.boj.or.jp/en/mopo/mpmdeci/mpr_2008/k081219.pdf ; https://www.boj.or.jp/en/mopo/mpmdeci/mpr_2010/k101005.pdf ; https://www.boj.or.jp/en/mopo/mpmdeci/mpr_2016/k160921a.pdf ; https://www.boj.or.jp/en/mopo/mpmdeci/mpr_2024/k240319a.pdf ; https://www.boj.or.jp/en/mopo/mpmdeci/mpr_2024/mpr240731c.pdf ; https://www.boj.or.jp/en/mopo/mpmdeci/mpr_2025/mpr250124a.pdf ; https://www.boj.or.jp/en/mopo/mpmdeci/mpr_2025/k251219a.pdf ; https://www.boj.or.jp/en/mopo/mpmdeci/mpr_2026/k260616a.pdf, Central bank policy rates - Japan - Monthly - End of period,2019-04,-0.1,A,F,
M,JP,368,0,,"From 17 Jun 2026 onwards: the BOJ encourages the uncollateralized overnight call rate to remain at around 1.00 percent; From 22 Dec 2025 to 16 Jun 2026: the BOJ encourages the uncollateralized overnight call rate to remain at around 0.75 percent; From 27 Jan 2025 to 21 Dec 2025: the BOJ encourages the uncollateralized overnight call rate to remain at around 0.50 percent; From 1 Aug 2024 to 26 Jan 2025: the BOJ encouraged the UOCR to remain at around 0.25% ; From 21 Mar 2024 to 31 July: the BOJ encouraged the UOCR to remain at around 0 to 0.1 %; from 21 Sep 2016 to 20 Mar 2024: the BOJ set the guideline for market operations which specifies a short-term policy interest rate at minus 0.1% and a target level of 10-year JGB yields at around 0%. Short-term policy interest rate; from 4 Apr 2013 to 20 Sep 2016: no policy rate; from 5 Oct 2010 to 3 Apr 2013: the BOJ encouraged the UOCR to remain at around 0 to 0.1%; from 19 Dec 2008 to 4 Oct 2010: the BOJ encouraged the UOCR to remain at around 0. %; from 31 Oct 2008 to 18 Dec 2008: the BOJ encouraged the UOCR to remain at around 0.3%; before 30 Oct 2008, refer to https://data.bis.org/topics/CBPOL",4,Bank of Japan,For details see: http://www.bis.org/statistics/cbpol/cbpol_doc.pdf  ; https://www.boj.or.jp/en/mopo/mpmdeci/mpr_1998/k980909c.htm ; https://www.boj.or.jp/en/mopo/mpmdeci/mpr_1999/k990212c.htm ; https://www.boj.or.jp/en/mopo/mpmdeci/mpr_2000/k000811.htm ; https://www.boj.or.jp/en/mopo/mpmdeci/mpr_2001/k010228a.htm ; https://www.boj.or.jp/en/mopo/mpmdeci/mpr_2006/k060309.htm ; https://www.boj.or.jp/en/mopo/mpmdeci/mpr_2006/k060714.pdf ; https://www.boj.or.jp/en/mopo/mpmdeci/mpr_2007/k070221.pdf ; https://www.boj.or.jp/en/mopo/mpmdeci/mpr_2008/k081031.pdf ; https://www.boj.or.jp/en/mopo/mpmdeci/mpr_2008/k081219.pdf ; https://www.boj.or.jp/en/mopo/mpmdeci/mpr_2010/k101005.pdf ; https://www.boj.or.jp/en/mopo/mpmdeci/mpr_2016/k160921a.pdf ; https://www.boj.or.jp/en/mopo/mpmdeci/mpr_2024/k240319a.pdf ; https://www.boj.or.jp/en/mopo/mpmdeci/mpr_2024/mpr240731c.pdf ; https://www.boj.or.jp/en/mopo/mpmdeci/mpr_2025/mpr250124a.pdf ; https://www.boj.or.jp/en/mopo/mpmdeci/mpr_2025/k251219a.pdf ; https://www.boj.or.jp/en/mopo/mpmdeci/mpr_2026/k260616a.pdf, Central bank policy rates - Japan - Monthly - End of period,2019-05,-0.1,A,F,
M,JP,368,0,,"From 17 Jun 2026 onwards: the BOJ encourages the uncollateralized overnight call rate to remain at around 1.00 percent; From 22 Dec 2025 to 16 Jun 2026: the BOJ encourages the uncollateralized overnight call rate to remain at around 0.75 percent; From 27 Jan 2025 to 21 Dec 2025: the BOJ encourages the uncollateralized overnight call rate to remain at around 0.50 percent; From 1 Aug 2024 to 26 Jan 2025: the BOJ encouraged the UOCR to remain at around 0.25% ; From 21 Mar 2024 to 31 July: the BOJ encouraged the UOCR to remain at around 0 to 0.1 %; from 21 Sep 2016 to 20 Mar 2024: the BOJ set the guideline for market operations which specifies a short-term policy interest rate at minus 0.1% and a target level of 10-year JGB yields at around 0%. Short-term policy interest rate; from 4 Apr 2013 to 20 Sep 2016: no policy rate; from 5 Oct 2010 to 3 Apr 2013: the BOJ encouraged the UOCR to remain at around 0 to 0.1%; from 19 Dec 2008 to 4 Oct 2010: the BOJ encouraged the UOCR to remain at around 0. %; from 31 Oct 2008 to 18 Dec 2008: the BOJ encouraged the UOCR to remain at around 0.3%; before 30 Oct 2008, refer to https://data.bis.org/topics/CBPOL",4,Bank of Japan,For details see: http://www.bis.org/statistics/cbpol/cbpol_doc.pdf  ; https://www.boj.or.jp/en/mopo/mpmdeci/mpr_1998/k980909c.htm ; https://www.boj.or.jp/en/mopo/mpmdeci/mpr_1999/k990212c.htm ; https://www.boj.or.jp/en/mopo/mpmdeci/mpr_2000/k000811.htm ; https://www.boj.or.jp/en/mopo/mpmdeci/mpr_2001/k010228a.htm ; https://www.boj.or.jp/en/mopo/mpmdeci/mpr_2006/k060309.htm ; https://www.boj.or.jp/en/mopo/mpmdeci/mpr_2006/k060714.pdf ; https://www.boj.or.jp/en/mopo/mpmdeci/mpr_2007/k070221.pdf ; https://www.boj.or.jp/en/mopo/mpmdeci/mpr_2008/k081031.pdf ; https://www.boj.or.jp/en/mopo/mpmdeci/mpr_2008/k081219.pdf ; https://www.boj.or.jp/en/mopo/mpmdeci/mpr_2010/k101005.pdf ; https://www.boj.or.jp/en/mopo/mpmdeci/mpr_2016/k160921a.pdf ; https://www.boj.or.jp/en/mopo/mpmdeci/mpr_2024/k240319a.pdf ; https://www.boj.or.jp/en/mopo/mpmdeci/mpr_2024/mpr240731c.pdf ; https://www.boj.or.jp/en/mopo/mpmdeci/mpr_2025/mpr250124a.pdf ; https://www.boj.or.jp/en/mopo/mpmdeci/mpr_2025/k251219a.pdf ; https://www.boj.or.jp/en/mopo/mpmdeci/mpr_2026/k260616a.pdf, Central bank policy rates - Japan - Monthly - End of period,2019-06,-0.1,A,F,
M,JP,368,0,,"From 17 Jun 2026 onwards: the BOJ encourages the uncollateralized overnight call rate to remain at around 1.00 percent; From 22 Dec 2025 to 16 Jun 2026: the BOJ encourages the uncollateralized overnight call rate to remain at around 0.75 percent; From 27 Jan 2025 to 21 Dec 2025: the BOJ encourages the uncollateralized overnight call rate to remain at around 0.50 percent; From 1 Aug 2024 to 26 Jan 2025: the BOJ encouraged the UOCR to remain at around 0.25% ; From 21 Mar 2024 to 31 July: the BOJ encouraged the UOCR to remain at around 0 to 0.1 %; from 21 Sep 2016 to 20 Mar 2024: the BOJ set the guideline for market operations which specifies a short-term policy interest rate at minus 0.1% and a target level of 10-year JGB yields at around 0%. Short-term policy interest rate; from 4 Apr 2013 to 20 Sep 2016: no policy rate; from 5 Oct 2010 to 3 Apr 2013: the BOJ encouraged the UOCR to remain at around 0 to 0.1%; from 19 Dec 2008 to 4 Oct 2010: the BOJ encouraged the UOCR to remain at around 0. %; from 31 Oct 2008 to 18 Dec 2008: the BOJ encouraged the UOCR to remain at around 0.3%; before 30 Oct 2008, refer to https://data.bis.org/topics/CBPOL",4,Bank of Japan,For details see: http://www.bis.org/statistics/cbpol/cbpol_doc.pdf  ; https://www.boj.or.jp/en/mopo/mpmdeci/mpr_1998/k980909c.htm ; https://www.boj.or.jp/en/mopo/mpmdeci/mpr_1999/k990212c.htm ; https://www.boj.or.jp/en/mopo/mpmdeci/mpr_2000/k000811.htm ; https://www.boj.or.jp/en/mopo/mpmdeci/mpr_2001/k010228a.htm ; https://www.boj.or.jp/en/mopo/mpmdeci/mpr_2006/k060309.htm ; https://www.boj.or.jp/en/mopo/mpmdeci/mpr_2006/k060714.pdf ; https://www.boj.or.jp/en/mopo/mpmdeci/mpr_2007/k070221.pdf ; https://www.boj.or.jp/en/mopo/mpmdeci/mpr_2008/k081031.pdf ; https://www.boj.or.jp/en/mopo/mpmdeci/mpr_2008/k081219.pdf ; https://www.boj.or.jp/en/mopo/mpmdeci/mpr_2010/k101005.pdf ; https://www.boj.or.jp/en/mopo/mpmdeci/mpr_2016/k160921a.pdf ; https://www.boj.or.jp/en/mopo/mpmdeci/mpr_2024/k240319a.pdf ; https://www.boj.or.jp/en/mopo/mpmdeci/mpr_2024/mpr240731c.pdf ; https://www.boj.or.jp/en/mopo/mpmdeci/mpr_2025/mpr250124a.pdf ; https://www.boj.or.jp/en/mopo/mpmdeci/mpr_2025/k251219a.pdf ; https://www.boj.or.jp/en/mopo/mpmdeci/mpr_2026/k260616a.pdf, Central bank policy rates - Japan - Monthly - End of period,2019-07,-0.1,A,F,
M,JP,368,0,,"From 17 Jun 2026 onwards: the BOJ encourages the uncollateralized overnight call rate to remain at around 1.00 percent; From 22 Dec 2025 to 16 Jun 2026: the BOJ encourages the uncollateralized overnight call rate to remain at around 0.75 percent; From 27 Jan 2025 to 21 Dec 2025: the BOJ encourages the uncollateralized overnight call rate to remain at around 0.50 percent; From 1 Aug 2024 to 26 Jan 2025: the BOJ encouraged the UOCR to remain at around 0.25% ; From 21 Mar 2024 to 31 July: the BOJ encouraged the UOCR to remain at around 0 to 0.1 %; from 21 Sep 2016 to 20 Mar 2024: the BOJ set the guideline for market operations which specifies a short-term policy interest rate at minus 0.1% and a target level of 10-year JGB yields at around 0%. Short-term policy interest rate; from 4 Apr 2013 to 20 Sep 2016: no policy rate; from 5 Oct 2010 to 3 Apr 2013: the BOJ encouraged the UOCR to remain at around 0 to 0.1%; from 19 Dec 2008 to 4 Oct 2010: the BOJ encouraged the UOCR to remain at around 0. %; from 31 Oct 2008 to 18 Dec 2008: the BOJ encouraged the UOCR to remain at around 0.3%; before 30 Oct 2008, refer to https://data.bis.org/topics/CBPOL",4,Bank of Japan,For details see: http://www.bis.org/statistics/cbpol/cbpol_doc.pdf  ; https://www.boj.or.jp/en/mopo/mpmdeci/mpr_1998/k980909c.htm ; https://www.boj.or.jp/en/mopo/mpmdeci/mpr_1999/k990212c.htm ; https://www.boj.or.jp/en/mopo/mpmdeci/mpr_2000/k000811.htm ; https://www.boj.or.jp/en/mopo/mpmdeci/mpr_2001/k010228a.htm ; https://www.boj.or.jp/en/mopo/mpmdeci/mpr_2006/k060309.htm ; https://www.boj.or.jp/en/mopo/mpmdeci/mpr_2006/k060714.pdf ; https://www.boj.or.jp/en/mopo/mpmdeci/mpr_2007/k070221.pdf ; https://www.boj.or.jp/en/mopo/mpmdeci/mpr_2008/k081031.pdf ; https://www.boj.or.jp/en/mopo/mpmdeci/mpr_2008/k081219.pdf ; https://www.boj.or.jp/en/mopo/mpmdeci/mpr_2010/k101005.pdf ; https://www.boj.or.jp/en/mopo/mpmdeci/mpr_2016/k160921a.pdf ; https://www.boj.or.jp/en/mopo/mpmdeci/mpr_2024/k240319a.pdf ; https://www.boj.or.jp/en/mopo/mpmdeci/mpr_2024/mpr240731c.pdf ; https://www.boj.or.jp/en/mopo/mpmdeci/mpr_2025/mpr250124a.pdf ; https://www.boj.or.jp/en/mopo/mpmdeci/mpr_2025/k251219a.pdf ; https://www.boj.or.jp/en/mopo/mpmdeci/mpr_2026/k260616a.pdf, Central bank policy rates - Japan - Monthly - End of period,2019-08,-0.1,A,F,
M,JP,368,0,,"From 17 Jun 2026 onwards: the BOJ encourages the uncollateralized overnight call rate to remain at around 1.00 percent; From 22 Dec 2025 to 16 Jun 2026: the BOJ encourages the uncollateralized overnight call rate to remain at around 0.75 percent; From 27 Jan 2025 to 21 Dec 2025: the BOJ encourages the uncollateralized overnight call rate to remain at around 0.50 percent; From 1 Aug 2024 to 26 Jan 2025: the BOJ encouraged the UOCR to remain at around 0.25% ; From 21 Mar 2024 to 31 July: the BOJ encouraged the UOCR to remain at around 0 to 0.1 %; from 21 Sep 2016 to 20 Mar 2024: the BOJ set the guideline for market operations which specifies a short-term policy interest rate at minus 0.1% and a target level of 10-year JGB yields at around 0%. Short-term policy interest rate; from 4 Apr 2013 to 20 Sep 2016: no policy rate; from 5 Oct 2010 to 3 Apr 2013: the BOJ encouraged the UOCR to remain at around 0 to 0.1%; from 19 Dec 2008 to 4 Oct 2010: the BOJ encouraged the UOCR to remain at around 0. %; from 31 Oct 2008 to 18 Dec 2008: the BOJ encouraged the UOCR to remain at around 0.3%; before 30 Oct 2008, refer to https://data.bis.org/topics/CBPOL",4,Bank of Japan,For details see: http://www.bis.org/statistics/cbpol/cbpol_doc.pdf  ; https://www.boj.or.jp/en/mopo/mpmdeci/mpr_1998/k980909c.htm ; https://www.boj.or.jp/en/mopo/mpmdeci/mpr_1999/k990212c.htm ; https://www.boj.or.jp/en/mopo/mpmdeci/mpr_2000/k000811.htm ; https://www.boj.or.jp/en/mopo/mpmdeci/mpr_2001/k010228a.htm ; https://www.boj.or.jp/en/mopo/mpmdeci/mpr_2006/k060309.htm ; https://www.boj.or.jp/en/mopo/mpmdeci/mpr_2006/k060714.pdf ; https://www.boj.or.jp/en/mopo/mpmdeci/mpr_2007/k070221.pdf ; https://www.boj.or.jp/en/mopo/mpmdeci/mpr_2008/k081031.pdf ; https://www.boj.or.jp/en/mopo/mpmdeci/mpr_2008/k081219.pdf ; https://www.boj.or.jp/en/mopo/mpmdeci/mpr_2010/k101005.pdf ; https://www.boj.or.jp/en/mopo/mpmdeci/mpr_2016/k160921a.pdf ; https://www.boj.or.jp/en/mopo/mpmdeci/mpr_2024/k240319a.pdf ; https://www.boj.or.jp/en/mopo/mpmdeci/mpr_2024/mpr240731c.pdf ; https://www.boj.or.jp/en/mopo/mpmdeci/mpr_2025/mpr250124a.pdf ; https://www.boj.or.jp/en/mopo/mpmdeci/mpr_2025/k251219a.pdf ; https://www.boj.or.jp/en/mopo/mpmdeci/mpr_2026/k260616a.pdf, Central bank policy rates - Japan - Monthly - End of period,2019-09,-0.1,A,F,
M,JP,368,0,,"From 17 Jun 2026 onwards: the BOJ encourages the uncollateralized overnight call rate to remain at around 1.00 percent; From 22 Dec 2025 to 16 Jun 2026: the BOJ encourages the uncollateralized overnight call rate to remain at around 0.75 percent; From 27 Jan 2025 to 21 Dec 2025: the BOJ encourages the uncollateralized overnight call rate to remain at around 0.50 percent; From 1 Aug 2024 to 26 Jan 2025: the BOJ encouraged the UOCR to remain at around 0.25% ; From 21 Mar 2024 to 31 July: the BOJ encouraged the UOCR to remain at around 0 to 0.1 %; from 21 Sep 2016 to 20 Mar 2024: the BOJ set the guideline for market operations which specifies a short-term policy interest rate at minus 0.1% and a target level of 10-year JGB yields at around 0%. Short-term policy interest rate; from 4 Apr 2013 to 20 Sep 2016: no policy rate; from 5 Oct 2010 to 3 Apr 2013: the BOJ encouraged the UOCR to remain at around 0 to 0.1%; from 19 Dec 2008 to 4 Oct 2010: the BOJ encouraged the UOCR to remain at around 0. %; from 31 Oct 2008 to 18 Dec 2008: the BOJ encouraged the UOCR to remain at around 0.3%; before 30 Oct 2008, refer to https://data.bis.org/topics/CBPOL",4,Bank of Japan,For details see: http://www.bis.org/statistics/cbpol/cbpol_doc.pdf  ; https://www.boj.or.jp/en/mopo/mpmdeci/mpr_1998/k980909c.htm ; https://www.boj.or.jp/en/mopo/mpmdeci/mpr_1999/k990212c.htm ; https://www.boj.or.jp/en/mopo/mpmdeci/mpr_2000/k000811.htm ; https://www.boj.or.jp/en/mopo/mpmdeci/mpr_2001/k010228a.htm ; https://www.boj.or.jp/en/mopo/mpmdeci/mpr_2006/k060309.htm ; https://www.boj.or.jp/en/mopo/mpmdeci/mpr_2006/k060714.pdf ; https://www.boj.or.jp/en/mopo/mpmdeci/mpr_2007/k070221.pdf ; https://www.boj.or.jp/en/mopo/mpmdeci/mpr_2008/k081031.pdf ; https://www.boj.or.jp/en/mopo/mpmdeci/mpr_2008/k081219.pdf ; https://www.boj.or.jp/en/mopo/mpmdeci/mpr_2010/k101005.pdf ; https://www.boj.or.jp/en/mopo/mpmdeci/mpr_2016/k160921a.pdf ; https://www.boj.or.jp/en/mopo/mpmdeci/mpr_2024/k240319a.pdf ; https://www.boj.or.jp/en/mopo/mpmdeci/mpr_2024/mpr240731c.pdf ; https://www.boj.or.jp/en/mopo/mpmdeci/mpr_2025/mpr250124a.pdf ; https://www.boj.or.jp/en/mopo/mpmdeci/mpr_2025/k251219a.pdf ; https://www.boj.or.jp/en/mopo/mpmdeci/mpr_2026/k260616a.pdf, Central bank policy rates - Japan - Monthly - End of period,2019-10,-0.1,A,F,
M,JP,368,0,,"From 17 Jun 2026 onwards: the BOJ encourages the uncollateralized overnight call rate to remain at around 1.00 percent; From 22 Dec 2025 to 16 Jun 2026: the BOJ encourages the uncollateralized overnight call rate to remain at around 0.75 percent; From 27 Jan 2025 to 21 Dec 2025: the BOJ encourages the uncollateralized overnight call rate to remain at around 0.50 percent; From 1 Aug 2024 to 26 Jan 2025: the BOJ encouraged the UOCR to remain at around 0.25% ; From 21 Mar 2024 to 31 July: the BOJ encouraged the UOCR to remain at around 0 to 0.1 %; from 21 Sep 2016 to 20 Mar 2024: the BOJ set the guideline for market operations which specifies a short-term policy interest rate at minus 0.1% and a target level of 10-year JGB yields at around 0%. Short-term policy interest rate; from 4 Apr 2013 to 20 Sep 2016: no policy rate; from 5 Oct 2010 to 3 Apr 2013: the BOJ encouraged the UOCR to remain at around 0 to 0.1%; from 19 Dec 2008 to 4 Oct 2010: the BOJ encouraged the UOCR to remain at around 0. %; from 31 Oct 2008 to 18 Dec 2008: the BOJ encouraged the UOCR to remain at around 0.3%; before 30 Oct 2008, refer to https://data.bis.org/topics/CBPOL",4,Bank of Japan,For details see: http://www.bis.org/statistics/cbpol/cbpol_doc.pdf  ; https://www.boj.or.jp/en/mopo/mpmdeci/mpr_1998/k980909c.htm ; https://www.boj.or.jp/en/mopo/mpmdeci/mpr_1999/k990212c.htm ; https://www.boj.or.jp/en/mopo/mpmdeci/mpr_2000/k000811.htm ; https://www.boj.or.jp/en/mopo/mpmdeci/mpr_2001/k010228a.htm ; https://www.boj.or.jp/en/mopo/mpmdeci/mpr_2006/k060309.htm ; https://www.boj.or.jp/en/mopo/mpmdeci/mpr_2006/k060714.pdf ; https://www.boj.or.jp/en/mopo/mpmdeci/mpr_2007/k070221.pdf ; https://www.boj.or.jp/en/mopo/mpmdeci/mpr_2008/k081031.pdf ; https://www.boj.or.jp/en/mopo/mpmdeci/mpr_2008/k081219.pdf ; https://www.boj.or.jp/en/mopo/mpmdeci/mpr_2010/k101005.pdf ; https://www.boj.or.jp/en/mopo/mpmdeci/mpr_2016/k160921a.pdf ; https://www.boj.or.jp/en/mopo/mpmdeci/mpr_2024/k240319a.pdf ; https://www.boj.or.jp/en/mopo/mpmdeci/mpr_2024/mpr240731c.pdf ; https://www.boj.or.jp/en/mopo/mpmdeci/mpr_2025/mpr250124a.pdf ; https://www.boj.or.jp/en/mopo/mpmdeci/mpr_2025/k251219a.pdf ; https://www.boj.or.jp/en/mopo/mpmdeci/mpr_2026/k260616a.pdf, Central bank policy rates - Japan - Monthly - End of period,2019-11,-0.1,A,F,
M,JP,368,0,,"From 17 Jun 2026 onwards: the BOJ encourages the uncollateralized overnight call rate to remain at around 1.00 percent; From 22 Dec 2025 to 16 Jun 2026: the BOJ encourages the uncollateralized overnight call rate to remain at around 0.75 percent; From 27 Jan 2025 to 21 Dec 2025: the BOJ encourages the uncollateralized overnight call rate to remain at around 0.50 percent; From 1 Aug 2024 to 26 Jan 2025: the BOJ encouraged the UOCR to remain at around 0.25% ; From 21 Mar 2024 to 31 July: the BOJ encouraged the UOCR to remain at around 0 to 0.1 %; from 21 Sep 2016 to 20 Mar 2024: the BOJ set the guideline for market operations which specifies a short-term policy interest rate at minus 0.1% and a target level of 10-year JGB yields at around 0%. Short-term policy interest rate; from 4 Apr 2013 to 20 Sep 2016: no policy rate; from 5 Oct 2010 to 3 Apr 2013: the BOJ encouraged the UOCR to remain at around 0 to 0.1%; from 19 Dec 2008 to 4 Oct 2010: the BOJ encouraged the UOCR to remain at around 0. %; from 31 Oct 2008 to 18 Dec 2008: the BOJ encouraged the UOCR to remain at around 0.3%; before 30 Oct 2008, refer to https://data.bis.org/topics/CBPOL",4,Bank of Japan,For details see: http://www.bis.org/statistics/cbpol/cbpol_doc.pdf  ; https://www.boj.or.jp/en/mopo/mpmdeci/mpr_1998/k980909c.htm ; https://www.boj.or.jp/en/mopo/mpmdeci/mpr_1999/k990212c.htm ; https://www.boj.or.jp/en/mopo/mpmdeci/mpr_2000/k000811.htm ; https://www.boj.or.jp/en/mopo/mpmdeci/mpr_2001/k010228a.htm ; https://www.boj.or.jp/en/mopo/mpmdeci/mpr_2006/k060309.htm ; https://www.boj.or.jp/en/mopo/mpmdeci/mpr_2006/k060714.pdf ; https://www.boj.or.jp/en/mopo/mpmdeci/mpr_2007/k070221.pdf ; https://www.boj.or.jp/en/mopo/mpmdeci/mpr_2008/k081031.pdf ; https://www.boj.or.jp/en/mopo/mpmdeci/mpr_2008/k081219.pdf ; https://www.boj.or.jp/en/mopo/mpmdeci/mpr_2010/k101005.pdf ; https://www.boj.or.jp/en/mopo/mpmdeci/mpr_2016/k160921a.pdf ; https://www.boj.or.jp/en/mopo/mpmdeci/mpr_2024/k240319a.pdf ; https://www.boj.or.jp/en/mopo/mpmdeci/mpr_2024/mpr240731c.pdf ; https://www.boj.or.jp/en/mopo/mpmdeci/mpr_2025/mpr250124a.pdf ; https://www.boj.or.jp/en/mopo/mpmdeci/mpr_2025/k251219a.pdf ; https://www.boj.or.jp/en/mopo/mpmdeci/mpr_2026/k260616a.pdf, Central bank policy rates - Japan - Monthly - End of period,2019-12,-0.1,A,F,
M,JP,368,0,,"From 17 Jun 2026 onwards: the BOJ encourages the uncollateralized overnight call rate to remain at around 1.00 percent; From 22 Dec 2025 to 16 Jun 2026: the BOJ encourages the uncollateralized overnight call rate to remain at around 0.75 percent; From 27 Jan 2025 to 21 Dec 2025: the BOJ encourages the uncollateralized overnight call rate to remain at around 0.50 percent; From 1 Aug 2024 to 26 Jan 2025: the BOJ encouraged the UOCR to remain at around 0.25% ; From 21 Mar 2024 to 31 July: the BOJ encouraged the UOCR to remain at around 0 to 0.1 %; from 21 Sep 2016 to 20 Mar 2024: the BOJ set the guideline for market operations which specifies a short-term policy interest rate at minus 0.1% and a target level of 10-year JGB yields at around 0%. Short-term policy interest rate; from 4 Apr 2013 to 20 Sep 2016: no policy rate; from 5 Oct 2010 to 3 Apr 2013: the BOJ encouraged the UOCR to remain at around 0 to 0.1%; from 19 Dec 2008 to 4 Oct 2010: the BOJ encouraged the UOCR to remain at around 0. %; from 31 Oct 2008 to 18 Dec 2008: the BOJ encouraged the UOCR to remain at around 0.3%; before 30 Oct 2008, refer to https://data.bis.org/topics/CBPOL",4,Bank of Japan,For details see: http://www.bis.org/statistics/cbpol/cbpol_doc.pdf  ; https://www.boj.or.jp/en/mopo/mpmdeci/mpr_1998/k980909c.htm ; https://www.boj.or.jp/en/mopo/mpmdeci/mpr_1999/k990212c.htm ; https://www.boj.or.jp/en/mopo/mpmdeci/mpr_2000/k000811.htm ; https://www.boj.or.jp/en/mopo/mpmdeci/mpr_2001/k010228a.htm ; https://www.boj.or.jp/en/mopo/mpmdeci/mpr_2006/k060309.htm ; https://www.boj.or.jp/en/mopo/mpmdeci/mpr_2006/k060714.pdf ; https://www.boj.or.jp/en/mopo/mpmdeci/mpr_2007/k070221.pdf ; https://www.boj.or.jp/en/mopo/mpmdeci/mpr_2008/k081031.pdf ; https://www.boj.or.jp/en/mopo/mpmdeci/mpr_2008/k081219.pdf ; https://www.boj.or.jp/en/mopo/mpmdeci/mpr_2010/k101005.pdf ; https://www.boj.or.jp/en/mopo/mpmdeci/mpr_2016/k160921a.pdf ; https://www.boj.or.jp/en/mopo/mpmdeci/mpr_2024/k240319a.pdf ; https://www.boj.or.jp/en/mopo/mpmdeci/mpr_2024/mpr240731c.pdf ; https://www.boj.or.jp/en/mopo/mpmdeci/mpr_2025/mpr250124a.pdf ; https://www.boj.or.jp/en/mopo/mpmdeci/mpr_2025/k251219a.pdf ; https://www.boj.or.jp/en/mopo/mpmdeci/mpr_2026/k260616a.pdf, Central bank policy rates - Japan - Monthly - End of period,2020-01,-0.1,A,F,
M,JP,368,0,,"From 17 Jun 2026 onwards: the BOJ encourages the uncollateralized overnight call rate to remain at around 1.00 percent; From 22 Dec 2025 to 16 Jun 2026: the BOJ encourages the uncollateralized overnight call rate to remain at around 0.75 percent; From 27 Jan 2025 to 21 Dec 2025: the BOJ encourages the uncollateralized overnight call rate to remain at around 0.50 percent; From 1 Aug 2024 to 26 Jan 2025: the BOJ encouraged the UOCR to remain at around 0.25% ; From 21 Mar 2024 to 31 July: the BOJ encouraged the UOCR to remain at around 0 to 0.1 %; from 21 Sep 2016 to 20 Mar 2024: the BOJ set the guideline for market operations which specifies a short-term policy interest rate at minus 0.1% and a target level of 10-year JGB yields at around 0%. Short-term policy interest rate; from 4 Apr 2013 to 20 Sep 2016: no policy rate; from 5 Oct 2010 to 3 Apr 2013: the BOJ encouraged the UOCR to remain at around 0 to 0.1%; from 19 Dec 2008 to 4 Oct 2010: the BOJ encouraged the UOCR to remain at around 0. %; from 31 Oct 2008 to 18 Dec 2008: the BOJ encouraged the UOCR to remain at around 0.3%; before 30 Oct 2008, refer to https://data.bis.org/topics/CBPOL",4,Bank of Japan,For details see: http://www.bis.org/statistics/cbpol/cbpol_doc.pdf  ; https://www.boj.or.jp/en/mopo/mpmdeci/mpr_1998/k980909c.htm ; https://www.boj.or.jp/en/mopo/mpmdeci/mpr_1999/k990212c.htm ; https://www.boj.or.jp/en/mopo/mpmdeci/mpr_2000/k000811.htm ; https://www.boj.or.jp/en/mopo/mpmdeci/mpr_2001/k010228a.htm ; https://www.boj.or.jp/en/mopo/mpmdeci/mpr_2006/k060309.htm ; https://www.boj.or.jp/en/mopo/mpmdeci/mpr_2006/k060714.pdf ; https://www.boj.or.jp/en/mopo/mpmdeci/mpr_2007/k070221.pdf ; https://www.boj.or.jp/en/mopo/mpmdeci/mpr_2008/k081031.pdf ; https://www.boj.or.jp/en/mopo/mpmdeci/mpr_2008/k081219.pdf ; https://www.boj.or.jp/en/mopo/mpmdeci/mpr_2010/k101005.pdf ; https://www.boj.or.jp/en/mopo/mpmdeci/mpr_2016/k160921a.pdf ; https://www.boj.or.jp/en/mopo/mpmdeci/mpr_2024/k240319a.pdf ; https://www.boj.or.jp/en/mopo/mpmdeci/mpr_2024/mpr240731c.pdf ; https://www.boj.or.jp/en/mopo/mpmdeci/mpr_2025/mpr250124a.pdf ; https://www.boj.or.jp/en/mopo/mpmdeci/mpr_2025/k251219a.pdf ; https://www.boj.or.jp/en/mopo/mpmdeci/mpr_2026/k260616a.pdf, Central bank policy rates - Japan - Monthly - End of period,2020-02,-0.1,A,F,
M,JP,368,0,,"From 17 Jun 2026 onwards: the BOJ encourages the uncollateralized overnight call rate to remain at around 1.00 percent; From 22 Dec 2025 to 16 Jun 2026: the BOJ encourages the uncollateralized overnight call rate to remain at around 0.75 percent; From 27 Jan 2025 to 21 Dec 2025: the BOJ encourages the uncollateralized overnight call rate to remain at around 0.50 percent; From 1 Aug 2024 to 26 Jan 2025: the BOJ encouraged the UOCR to remain at around 0.25% ; From 21 Mar 2024 to 31 July: the BOJ encouraged the UOCR to remain at around 0 to 0.1 %; from 21 Sep 2016 to 20 Mar 2024: the BOJ set the guideline for market operations which specifies a short-term policy interest rate at minus 0.1% and a target level of 10-year JGB yields at around 0%. Short-term policy interest rate; from 4 Apr 2013 to 20 Sep 2016: no policy rate; from 5 Oct 2010 to 3 Apr 2013: the BOJ encouraged the UOCR to remain at around 0 to 0.1%; from 19 Dec 2008 to 4 Oct 2010: the BOJ encouraged the UOCR to remain at around 0. %; from 31 Oct 2008 to 18 Dec 2008: the BOJ encouraged the UOCR to remain at around 0.3%; before 30 Oct 2008, refer to https://data.bis.org/topics/CBPOL",4,Bank of Japan,For details see: http://www.bis.org/statistics/cbpol/cbpol_doc.pdf  ; https://www.boj.or.jp/en/mopo/mpmdeci/mpr_1998/k980909c.htm ; https://www.boj.or.jp/en/mopo/mpmdeci/mpr_1999/k990212c.htm ; https://www.boj.or.jp/en/mopo/mpmdeci/mpr_2000/k000811.htm ; https://www.boj.or.jp/en/mopo/mpmdeci/mpr_2001/k010228a.htm ; https://www.boj.or.jp/en/mopo/mpmdeci/mpr_2006/k060309.htm ; https://www.boj.or.jp/en/mopo/mpmdeci/mpr_2006/k060714.pdf ; https://www.boj.or.jp/en/mopo/mpmdeci/mpr_2007/k070221.pdf ; https://www.boj.or.jp/en/mopo/mpmdeci/mpr_2008/k081031.pdf ; https://www.boj.or.jp/en/mopo/mpmdeci/mpr_2008/k081219.pdf ; https://www.boj.or.jp/en/mopo/mpmdeci/mpr_2010/k101005.pdf ; https://www.boj.or.jp/en/mopo/mpmdeci/mpr_2016/k160921a.pdf ; https://www.boj.or.jp/en/mopo/mpmdeci/mpr_2024/k240319a.pdf ; https://www.boj.or.jp/en/mopo/mpmdeci/mpr_2024/mpr240731c.pdf ; https://www.boj.or.jp/en/mopo/mpmdeci/mpr_2025/mpr250124a.pdf ; https://www.boj.or.jp/en/mopo/mpmdeci/mpr_2025/k251219a.pdf ; https://www.boj.or.jp/en/mopo/mpmdeci/mpr_2026/k260616a.pdf, Central bank policy rates - Japan - Monthly - End of period,2020-03,-0.1,A,F,
M,JP,368,0,,"From 17 Jun 2026 onwards: the BOJ encourages the uncollateralized overnight call rate to remain at around 1.00 percent; From 22 Dec 2025 to 16 Jun 2026: the BOJ encourages the uncollateralized overnight call rate to remain at around 0.75 percent; From 27 Jan 2025 to 21 Dec 2025: the BOJ encourages the uncollateralized overnight call rate to remain at around 0.50 percent; From 1 Aug 2024 to 26 Jan 2025: the BOJ encouraged the UOCR to remain at around 0.25% ; From 21 Mar 2024 to 31 July: the BOJ encouraged the UOCR to remain at around 0 to 0.1 %; from 21 Sep 2016 to 20 Mar 2024: the BOJ set the guideline for market operations which specifies a short-term policy interest rate at minus 0.1% and a target level of 10-year JGB yields at around 0%. Short-term policy interest rate; from 4 Apr 2013 to 20 Sep 2016: no policy rate; from 5 Oct 2010 to 3 Apr 2013: the BOJ encouraged the UOCR to remain at around 0 to 0.1%; from 19 Dec 2008 to 4 Oct 2010: the BOJ encouraged the UOCR to remain at around 0. %; from 31 Oct 2008 to 18 Dec 2008: the BOJ encouraged the UOCR to remain at around 0.3%; before 30 Oct 2008, refer to https://data.bis.org/topics/CBPOL",4,Bank of Japan,For details see: http://www.bis.org/statistics/cbpol/cbpol_doc.pdf  ; https://www.boj.or.jp/en/mopo/mpmdeci/mpr_1998/k980909c.htm ; https://www.boj.or.jp/en/mopo/mpmdeci/mpr_1999/k990212c.htm ; https://www.boj.or.jp/en/mopo/mpmdeci/mpr_2000/k000811.htm ; https://www.boj.or.jp/en/mopo/mpmdeci/mpr_2001/k010228a.htm ; https://www.boj.or.jp/en/mopo/mpmdeci/mpr_2006/k060309.htm ; https://www.boj.or.jp/en/mopo/mpmdeci/mpr_2006/k060714.pdf ; https://www.boj.or.jp/en/mopo/mpmdeci/mpr_2007/k070221.pdf ; https://www.boj.or.jp/en/mopo/mpmdeci/mpr_2008/k081031.pdf ; https://www.boj.or.jp/en/mopo/mpmdeci/mpr_2008/k081219.pdf ; https://www.boj.or.jp/en/mopo/mpmdeci/mpr_2010/k101005.pdf ; https://www.boj.or.jp/en/mopo/mpmdeci/mpr_2016/k160921a.pdf ; https://www.boj.or.jp/en/mopo/mpmdeci/mpr_2024/k240319a.pdf ; https://www.boj.or.jp/en/mopo/mpmdeci/mpr_2024/mpr240731c.pdf ; https://www.boj.or.jp/en/mopo/mpmdeci/mpr_2025/mpr250124a.pdf ; https://www.boj.or.jp/en/mopo/mpmdeci/mpr_2025/k251219a.pdf ; https://www.boj.or.jp/en/mopo/mpmdeci/mpr_2026/k260616a.pdf, Central bank policy rates - Japan - Monthly - End of period,2020-04,-0.1,A,F,
M,JP,368,0,,"From 17 Jun 2026 onwards: the BOJ encourages the uncollateralized overnight call rate to remain at around 1.00 percent; From 22 Dec 2025 to 16 Jun 2026: the BOJ encourages the uncollateralized overnight call rate to remain at around 0.75 percent; From 27 Jan 2025 to 21 Dec 2025: the BOJ encourages the uncollateralized overnight call rate to remain at around 0.50 percent; From 1 Aug 2024 to 26 Jan 2025: the BOJ encouraged the UOCR to remain at around 0.25% ; From 21 Mar 2024 to 31 July: the BOJ encouraged the UOCR to remain at around 0 to 0.1 %; from 21 Sep 2016 to 20 Mar 2024: the BOJ set the guideline for market operations which specifies a short-term policy interest rate at minus 0.1% and a target level of 10-year JGB yields at around 0%. Short-term policy interest rate; from 4 Apr 2013 to 20 Sep 2016: no policy rate; from 5 Oct 2010 to 3 Apr 2013: the BOJ encouraged the UOCR to remain at around 0 to 0.1%; from 19 Dec 2008 to 4 Oct 2010: the BOJ encouraged the UOCR to remain at around 0. %; from 31 Oct 2008 to 18 Dec 2008: the BOJ encouraged the UOCR to remain at around 0.3%; before 30 Oct 2008, refer to https://data.bis.org/topics/CBPOL",4,Bank of Japan,For details see: http://www.bis.org/statistics/cbpol/cbpol_doc.pdf  ; https://www.boj.or.jp/en/mopo/mpmdeci/mpr_1998/k980909c.htm ; https://www.boj.or.jp/en/mopo/mpmdeci/mpr_1999/k990212c.htm ; https://www.boj.or.jp/en/mopo/mpmdeci/mpr_2000/k000811.htm ; https://www.boj.or.jp/en/mopo/mpmdeci/mpr_2001/k010228a.htm ; https://www.boj.or.jp/en/mopo/mpmdeci/mpr_2006/k060309.htm ; https://www.boj.or.jp/en/mopo/mpmdeci/mpr_2006/k060714.pdf ; https://www.boj.or.jp/en/mopo/mpmdeci/mpr_2007/k070221.pdf ; https://www.boj.or.jp/en/mopo/mpmdeci/mpr_2008/k081031.pdf ; https://www.boj.or.jp/en/mopo/mpmdeci/mpr_2008/k081219.pdf ; https://www.boj.or.jp/en/mopo/mpmdeci/mpr_2010/k101005.pdf ; https://www.boj.or.jp/en/mopo/mpmdeci/mpr_2016/k160921a.pdf ; https://www.boj.or.jp/en/mopo/mpmdeci/mpr_2024/k240319a.pdf ; https://www.boj.or.jp/en/mopo/mpmdeci/mpr_2024/mpr240731c.pdf ; https://www.boj.or.jp/en/mopo/mpmdeci/mpr_2025/mpr250124a.pdf ; https://www.boj.or.jp/en/mopo/mpmdeci/mpr_2025/k251219a.pdf ; https://www.boj.or.jp/en/mopo/mpmdeci/mpr_2026/k260616a.pdf, Central bank policy rates - Japan - Monthly - End of period,2020-05,-0.1,A,F,
M,JP,368,0,,"From 17 Jun 2026 onwards: the BOJ encourages the uncollateralized overnight call rate to remain at around 1.00 percent; From 22 Dec 2025 to 16 Jun 2026: the BOJ encourages the uncollateralized overnight call rate to remain at around 0.75 percent; From 27 Jan 2025 to 21 Dec 2025: the BOJ encourages the uncollateralized overnight call rate to remain at around 0.50 percent; From 1 Aug 2024 to 26 Jan 2025: the BOJ encouraged the UOCR to remain at around 0.25% ; From 21 Mar 2024 to 31 July: the BOJ encouraged the UOCR to remain at around 0 to 0.1 %; from 21 Sep 2016 to 20 Mar 2024: the BOJ set the guideline for market operations which specifies a short-term policy interest rate at minus 0.1% and a target level of 10-year JGB yields at around 0%. Short-term policy interest rate; from 4 Apr 2013 to 20 Sep 2016: no policy rate; from 5 Oct 2010 to 3 Apr 2013: the BOJ encouraged the UOCR to remain at around 0 to 0.1%; from 19 Dec 2008 to 4 Oct 2010: the BOJ encouraged the UOCR to remain at around 0. %; from 31 Oct 2008 to 18 Dec 2008: the BOJ encouraged the UOCR to remain at around 0.3%; before 30 Oct 2008, refer to https://data.bis.org/topics/CBPOL",4,Bank of Japan,For details see: http://www.bis.org/statistics/cbpol/cbpol_doc.pdf  ; https://www.boj.or.jp/en/mopo/mpmdeci/mpr_1998/k980909c.htm ; https://www.boj.or.jp/en/mopo/mpmdeci/mpr_1999/k990212c.htm ; https://www.boj.or.jp/en/mopo/mpmdeci/mpr_2000/k000811.htm ; https://www.boj.or.jp/en/mopo/mpmdeci/mpr_2001/k010228a.htm ; https://www.boj.or.jp/en/mopo/mpmdeci/mpr_2006/k060309.htm ; https://www.boj.or.jp/en/mopo/mpmdeci/mpr_2006/k060714.pdf ; https://www.boj.or.jp/en/mopo/mpmdeci/mpr_2007/k070221.pdf ; https://www.boj.or.jp/en/mopo/mpmdeci/mpr_2008/k081031.pdf ; https://www.boj.or.jp/en/mopo/mpmdeci/mpr_2008/k081219.pdf ; https://www.boj.or.jp/en/mopo/mpmdeci/mpr_2010/k101005.pdf ; https://www.boj.or.jp/en/mopo/mpmdeci/mpr_2016/k160921a.pdf ; https://www.boj.or.jp/en/mopo/mpmdeci/mpr_2024/k240319a.pdf ; https://www.boj.or.jp/en/mopo/mpmdeci/mpr_2024/mpr240731c.pdf ; https://www.boj.or.jp/en/mopo/mpmdeci/mpr_2025/mpr250124a.pdf ; https://www.boj.or.jp/en/mopo/mpmdeci/mpr_2025/k251219a.pdf ; https://www.boj.or.jp/en/mopo/mpmdeci/mpr_2026/k260616a.pdf, Central bank policy rates - Japan - Monthly - End of period,2020-06,-0.1,A,F,
M,JP,368,0,,"From 17 Jun 2026 onwards: the BOJ encourages the uncollateralized overnight call rate to remain at around 1.00 percent; From 22 Dec 2025 to 16 Jun 2026: the BOJ encourages the uncollateralized overnight call rate to remain at around 0.75 percent; From 27 Jan 2025 to 21 Dec 2025: the BOJ encourages the uncollateralized overnight call rate to remain at around 0.50 percent; From 1 Aug 2024 to 26 Jan 2025: the BOJ encouraged the UOCR to remain at around 0.25% ; From 21 Mar 2024 to 31 July: the BOJ encouraged the UOCR to remain at around 0 to 0.1 %; from 21 Sep 2016 to 20 Mar 2024: the BOJ set the guideline for market operations which specifies a short-term policy interest rate at minus 0.1% and a target level of 10-year JGB yields at around 0%. Short-term policy interest rate; from 4 Apr 2013 to 20 Sep 2016: no policy rate; from 5 Oct 2010 to 3 Apr 2013: the BOJ encouraged the UOCR to remain at around 0 to 0.1%; from 19 Dec 2008 to 4 Oct 2010: the BOJ encouraged the UOCR to remain at around 0. %; from 31 Oct 2008 to 18 Dec 2008: the BOJ encouraged the UOCR to remain at around 0.3%; before 30 Oct 2008, refer to https://data.bis.org/topics/CBPOL",4,Bank of Japan,For details see: http://www.bis.org/statistics/cbpol/cbpol_doc.pdf  ; https://www.boj.or.jp/en/mopo/mpmdeci/mpr_1998/k980909c.htm ; https://www.boj.or.jp/en/mopo/mpmdeci/mpr_1999/k990212c.htm ; https://www.boj.or.jp/en/mopo/mpmdeci/mpr_2000/k000811.htm ; https://www.boj.or.jp/en/mopo/mpmdeci/mpr_2001/k010228a.htm ; https://www.boj.or.jp/en/mopo/mpmdeci/mpr_2006/k060309.htm ; https://www.boj.or.jp/en/mopo/mpmdeci/mpr_2006/k060714.pdf ; https://www.boj.or.jp/en/mopo/mpmdeci/mpr_2007/k070221.pdf ; https://www.boj.or.jp/en/mopo/mpmdeci/mpr_2008/k081031.pdf ; https://www.boj.or.jp/en/mopo/mpmdeci/mpr_2008/k081219.pdf ; https://www.boj.or.jp/en/mopo/mpmdeci/mpr_2010/k101005.pdf ; https://www.boj.or.jp/en/mopo/mpmdeci/mpr_2016/k160921a.pdf ; https://www.boj.or.jp/en/mopo/mpmdeci/mpr_2024/k240319a.pdf ; https://www.boj.or.jp/en/mopo/mpmdeci/mpr_2024/mpr240731c.pdf ; https://www.boj.or.jp/en/mopo/mpmdeci/mpr_2025/mpr250124a.pdf ; https://www.boj.or.jp/en/mopo/mpmdeci/mpr_2025/k251219a.pdf ; https://www.boj.or.jp/en/mopo/mpmdeci/mpr_2026/k260616a.pdf, Central bank policy rates - Japan - Monthly - End of period,2020-07,-0.1,A,F,
M,JP,368,0,,"From 17 Jun 2026 onwards: the BOJ encourages the uncollateralized overnight call rate to remain at around 1.00 percent; From 22 Dec 2025 to 16 Jun 2026: the BOJ encourages the uncollateralized overnight call rate to remain at around 0.75 percent; From 27 Jan 2025 to 21 Dec 2025: the BOJ encourages the uncollateralized overnight call rate to remain at around 0.50 percent; From 1 Aug 2024 to 26 Jan 2025: the BOJ encouraged the UOCR to remain at around 0.25% ; From 21 Mar 2024 to 31 July: the BOJ encouraged the UOCR to remain at around 0 to 0.1 %; from 21 Sep 2016 to 20 Mar 2024: the BOJ set the guideline for market operations which specifies a short-term policy interest rate at minus 0.1% and a target level of 10-year JGB yields at around 0%. Short-term policy interest rate; from 4 Apr 2013 to 20 Sep 2016: no policy rate; from 5 Oct 2010 to 3 Apr 2013: the BOJ encouraged the UOCR to remain at around 0 to 0.1%; from 19 Dec 2008 to 4 Oct 2010: the BOJ encouraged the UOCR to remain at around 0. %; from 31 Oct 2008 to 18 Dec 2008: the BOJ encouraged the UOCR to remain at around 0.3%; before 30 Oct 2008, refer to https://data.bis.org/topics/CBPOL",4,Bank of Japan,For details see: http://www.bis.org/statistics/cbpol/cbpol_doc.pdf  ; https://www.boj.or.jp/en/mopo/mpmdeci/mpr_1998/k980909c.htm ; https://www.boj.or.jp/en/mopo/mpmdeci/mpr_1999/k990212c.htm ; https://www.boj.or.jp/en/mopo/mpmdeci/mpr_2000/k000811.htm ; https://www.boj.or.jp/en/mopo/mpmdeci/mpr_2001/k010228a.htm ; https://www.boj.or.jp/en/mopo/mpmdeci/mpr_2006/k060309.htm ; https://www.boj.or.jp/en/mopo/mpmdeci/mpr_2006/k060714.pdf ; https://www.boj.or.jp/en/mopo/mpmdeci/mpr_2007/k070221.pdf ; https://www.boj.or.jp/en/mopo/mpmdeci/mpr_2008/k081031.pdf ; https://www.boj.or.jp/en/mopo/mpmdeci/mpr_2008/k081219.pdf ; https://www.boj.or.jp/en/mopo/mpmdeci/mpr_2010/k101005.pdf ; https://www.boj.or.jp/en/mopo/mpmdeci/mpr_2016/k160921a.pdf ; https://www.boj.or.jp/en/mopo/mpmdeci/mpr_2024/k240319a.pdf ; https://www.boj.or.jp/en/mopo/mpmdeci/mpr_2024/mpr240731c.pdf ; https://www.boj.or.jp/en/mopo/mpmdeci/mpr_2025/mpr250124a.pdf ; https://www.boj.or.jp/en/mopo/mpmdeci/mpr_2025/k251219a.pdf ; https://www.boj.or.jp/en/mopo/mpmdeci/mpr_2026/k260616a.pdf, Central bank policy rates - Japan - Monthly - End of period,2020-08,-0.1,A,F,
M,JP,368,0,,"From 17 Jun 2026 onwards: the BOJ encourages the uncollateralized overnight call rate to remain at around 1.00 percent; From 22 Dec 2025 to 16 Jun 2026: the BOJ encourages the uncollateralized overnight call rate to remain at around 0.75 percent; From 27 Jan 2025 to 21 Dec 2025: the BOJ encourages the uncollateralized overnight call rate to remain at around 0.50 percent; From 1 Aug 2024 to 26 Jan 2025: the BOJ encouraged the UOCR to remain at around 0.25% ; From 21 Mar 2024 to 31 July: the BOJ encouraged the UOCR to remain at around 0 to 0.1 %; from 21 Sep 2016 to 20 Mar 2024: the BOJ set the guideline for market operations which specifies a short-term policy interest rate at minus 0.1% and a target level of 10-year JGB yields at around 0%. Short-term policy interest rate; from 4 Apr 2013 to 20 Sep 2016: no policy rate; from 5 Oct 2010 to 3 Apr 2013: the BOJ encouraged the UOCR to remain at around 0 to 0.1%; from 19 Dec 2008 to 4 Oct 2010: the BOJ encouraged the UOCR to remain at around 0. %; from 31 Oct 2008 to 18 Dec 2008: the BOJ encouraged the UOCR to remain at around 0.3%; before 30 Oct 2008, refer to https://data.bis.org/topics/CBPOL",4,Bank of Japan,For details see: http://www.bis.org/statistics/cbpol/cbpol_doc.pdf  ; https://www.boj.or.jp/en/mopo/mpmdeci/mpr_1998/k980909c.htm ; https://www.boj.or.jp/en/mopo/mpmdeci/mpr_1999/k990212c.htm ; https://www.boj.or.jp/en/mopo/mpmdeci/mpr_2000/k000811.htm ; https://www.boj.or.jp/en/mopo/mpmdeci/mpr_2001/k010228a.htm ; https://www.boj.or.jp/en/mopo/mpmdeci/mpr_2006/k060309.htm ; https://www.boj.or.jp/en/mopo/mpmdeci/mpr_2006/k060714.pdf ; https://www.boj.or.jp/en/mopo/mpmdeci/mpr_2007/k070221.pdf ; https://www.boj.or.jp/en/mopo/mpmdeci/mpr_2008/k081031.pdf ; https://www.boj.or.jp/en/mopo/mpmdeci/mpr_2008/k081219.pdf ; https://www.boj.or.jp/en/mopo/mpmdeci/mpr_2010/k101005.pdf ; https://www.boj.or.jp/en/mopo/mpmdeci/mpr_2016/k160921a.pdf ; https://www.boj.or.jp/en/mopo/mpmdeci/mpr_2024/k240319a.pdf ; https://www.boj.or.jp/en/mopo/mpmdeci/mpr_2024/mpr240731c.pdf ; https://www.boj.or.jp/en/mopo/mpmdeci/mpr_2025/mpr250124a.pdf ; https://www.boj.or.jp/en/mopo/mpmdeci/mpr_2025/k251219a.pdf ; https://www.boj.or.jp/en/mopo/mpmdeci/mpr_2026/k260616a.pdf, Central bank policy rates - Japan - Monthly - End of period,2020-09,-0.1,A,F,
M,JP,368,0,,"From 17 Jun 2026 onwards: the BOJ encourages the uncollateralized overnight call rate to remain at around 1.00 percent; From 22 Dec 2025 to 16 Jun 2026: the BOJ encourages the uncollateralized overnight call rate to remain at around 0.75 percent; From 27 Jan 2025 to 21 Dec 2025: the BOJ encourages the uncollateralized overnight call rate to remain at around 0.50 percent; From 1 Aug 2024 to 26 Jan 2025: the BOJ encouraged the UOCR to remain at around 0.25% ; From 21 Mar 2024 to 31 July: the BOJ encouraged the UOCR to remain at around 0 to 0.1 %; from 21 Sep 2016 to 20 Mar 2024: the BOJ set the guideline for market operations which specifies a short-term policy interest rate at minus 0.1% and a target level of 10-year JGB yields at around 0%. Short-term policy interest rate; from 4 Apr 2013 to 20 Sep 2016: no policy rate; from 5 Oct 2010 to 3 Apr 2013: the BOJ encouraged the UOCR to remain at around 0 to 0.1%; from 19 Dec 2008 to 4 Oct 2010: the BOJ encouraged the UOCR to remain at around 0. %; from 31 Oct 2008 to 18 Dec 2008: the BOJ encouraged the UOCR to remain at around 0.3%; before 30 Oct 2008, refer to https://data.bis.org/topics/CBPOL",4,Bank of Japan,For details see: http://www.bis.org/statistics/cbpol/cbpol_doc.pdf  ; https://www.boj.or.jp/en/mopo/mpmdeci/mpr_1998/k980909c.htm ; https://www.boj.or.jp/en/mopo/mpmdeci/mpr_1999/k990212c.htm ; https://www.boj.or.jp/en/mopo/mpmdeci/mpr_2000/k000811.htm ; https://www.boj.or.jp/en/mopo/mpmdeci/mpr_2001/k010228a.htm ; https://www.boj.or.jp/en/mopo/mpmdeci/mpr_2006/k060309.htm ; https://www.boj.or.jp/en/mopo/mpmdeci/mpr_2006/k060714.pdf ; https://www.boj.or.jp/en/mopo/mpmdeci/mpr_2007/k070221.pdf ; https://www.boj.or.jp/en/mopo/mpmdeci/mpr_2008/k081031.pdf ; https://www.boj.or.jp/en/mopo/mpmdeci/mpr_2008/k081219.pdf ; https://www.boj.or.jp/en/mopo/mpmdeci/mpr_2010/k101005.pdf ; https://www.boj.or.jp/en/mopo/mpmdeci/mpr_2016/k160921a.pdf ; https://www.boj.or.jp/en/mopo/mpmdeci/mpr_2024/k240319a.pdf ; https://www.boj.or.jp/en/mopo/mpmdeci/mpr_2024/mpr240731c.pdf ; https://www.boj.or.jp/en/mopo/mpmdeci/mpr_2025/mpr250124a.pdf ; https://www.boj.or.jp/en/mopo/mpmdeci/mpr_2025/k251219a.pdf ; https://www.boj.or.jp/en/mopo/mpmdeci/mpr_2026/k260616a.pdf, Central bank policy rates - Japan - Monthly - End of period,2020-10,-0.1,A,F,
M,JP,368,0,,"From 17 Jun 2026 onwards: the BOJ encourages the uncollateralized overnight call rate to remain at around 1.00 percent; From 22 Dec 2025 to 16 Jun 2026: the BOJ encourages the uncollateralized overnight call rate to remain at around 0.75 percent; From 27 Jan 2025 to 21 Dec 2025: the BOJ encourages the uncollateralized overnight call rate to remain at around 0.50 percent; From 1 Aug 2024 to 26 Jan 2025: the BOJ encouraged the UOCR to remain at around 0.25% ; From 21 Mar 2024 to 31 July: the BOJ encouraged the UOCR to remain at around 0 to 0.1 %; from 21 Sep 2016 to 20 Mar 2024: the BOJ set the guideline for market operations which specifies a short-term policy interest rate at minus 0.1% and a target level of 10-year JGB yields at around 0%. Short-term policy interest rate; from 4 Apr 2013 to 20 Sep 2016: no policy rate; from 5 Oct 2010 to 3 Apr 2013: the BOJ encouraged the UOCR to remain at around 0 to 0.1%; from 19 Dec 2008 to 4 Oct 2010: the BOJ encouraged the UOCR to remain at around 0. %; from 31 Oct 2008 to 18 Dec 2008: the BOJ encouraged the UOCR to remain at around 0.3%; before 30 Oct 2008, refer to https://data.bis.org/topics/CBPOL",4,Bank of Japan,For details see: http://www.bis.org/statistics/cbpol/cbpol_doc.pdf  ; https://www.boj.or.jp/en/mopo/mpmdeci/mpr_1998/k980909c.htm ; https://www.boj.or.jp/en/mopo/mpmdeci/mpr_1999/k990212c.htm ; https://www.boj.or.jp/en/mopo/mpmdeci/mpr_2000/k000811.htm ; https://www.boj.or.jp/en/mopo/mpmdeci/mpr_2001/k010228a.htm ; https://www.boj.or.jp/en/mopo/mpmdeci/mpr_2006/k060309.htm ; https://www.boj.or.jp/en/mopo/mpmdeci/mpr_2006/k060714.pdf ; https://www.boj.or.jp/en/mopo/mpmdeci/mpr_2007/k070221.pdf ; https://www.boj.or.jp/en/mopo/mpmdeci/mpr_2008/k081031.pdf ; https://www.boj.or.jp/en/mopo/mpmdeci/mpr_2008/k081219.pdf ; https://www.boj.or.jp/en/mopo/mpmdeci/mpr_2010/k101005.pdf ; https://www.boj.or.jp/en/mopo/mpmdeci/mpr_2016/k160921a.pdf ; https://www.boj.or.jp/en/mopo/mpmdeci/mpr_2024/k240319a.pdf ; https://www.boj.or.jp/en/mopo/mpmdeci/mpr_2024/mpr240731c.pdf ; https://www.boj.or.jp/en/mopo/mpmdeci/mpr_2025/mpr250124a.pdf ; https://www.boj.or.jp/en/mopo/mpmdeci/mpr_2025/k251219a.pdf ; https://www.boj.or.jp/en/mopo/mpmdeci/mpr_2026/k260616a.pdf, Central bank policy rates - Japan - Monthly - End of period,2020-11,-0.1,A,F,
M,JP,368,0,,"From 17 Jun 2026 onwards: the BOJ encourages the uncollateralized overnight call rate to remain at around 1.00 percent; From 22 Dec 2025 to 16 Jun 2026: the BOJ encourages the uncollateralized overnight call rate to remain at around 0.75 percent; From 27 Jan 2025 to 21 Dec 2025: the BOJ encourages the uncollateralized overnight call rate to remain at around 0.50 percent; From 1 Aug 2024 to 26 Jan 2025: the BOJ encouraged the UOCR to remain at around 0.25% ; From 21 Mar 2024 to 31 July: the BOJ encouraged the UOCR to remain at around 0 to 0.1 %; from 21 Sep 2016 to 20 Mar 2024: the BOJ set the guideline for market operations which specifies a short-term policy interest rate at minus 0.1% and a target level of 10-year JGB yields at around 0%. Short-term policy interest rate; from 4 Apr 2013 to 20 Sep 2016: no policy rate; from 5 Oct 2010 to 3 Apr 2013: the BOJ encouraged the UOCR to remain at around 0 to 0.1%; from 19 Dec 2008 to 4 Oct 2010: the BOJ encouraged the UOCR to remain at around 0. %; from 31 Oct 2008 to 18 Dec 2008: the BOJ encouraged the UOCR to remain at around 0.3%; before 30 Oct 2008, refer to https://data.bis.org/topics/CBPOL",4,Bank of Japan,For details see: http://www.bis.org/statistics/cbpol/cbpol_doc.pdf  ; https://www.boj.or.jp/en/mopo/mpmdeci/mpr_1998/k980909c.htm ; https://www.boj.or.jp/en/mopo/mpmdeci/mpr_1999/k990212c.htm ; https://www.boj.or.jp/en/mopo/mpmdeci/mpr_2000/k000811.htm ; https://www.boj.or.jp/en/mopo/mpmdeci/mpr_2001/k010228a.htm ; https://www.boj.or.jp/en/mopo/mpmdeci/mpr_2006/k060309.htm ; https://www.boj.or.jp/en/mopo/mpmdeci/mpr_2006/k060714.pdf ; https://www.boj.or.jp/en/mopo/mpmdeci/mpr_2007/k070221.pdf ; https://www.boj.or.jp/en/mopo/mpmdeci/mpr_2008/k081031.pdf ; https://www.boj.or.jp/en/mopo/mpmdeci/mpr_2008/k081219.pdf ; https://www.boj.or.jp/en/mopo/mpmdeci/mpr_2010/k101005.pdf ; https://www.boj.or.jp/en/mopo/mpmdeci/mpr_2016/k160921a.pdf ; https://www.boj.or.jp/en/mopo/mpmdeci/mpr_2024/k240319a.pdf ; https://www.boj.or.jp/en/mopo/mpmdeci/mpr_2024/mpr240731c.pdf ; https://www.boj.or.jp/en/mopo/mpmdeci/mpr_2025/mpr250124a.pdf ; https://www.boj.or.jp/en/mopo/mpmdeci/mpr_2025/k251219a.pdf ; https://www.boj.or.jp/en/mopo/mpmdeci/mpr_2026/k260616a.pdf, Central bank policy rates - Japan - Monthly - End of period,2020-12,-0.1,A,F,
M,JP,368,0,,"From 17 Jun 2026 onwards: the BOJ encourages the uncollateralized overnight call rate to remain at around 1.00 percent; From 22 Dec 2025 to 16 Jun 2026: the BOJ encourages the uncollateralized overnight call rate to remain at around 0.75 percent; From 27 Jan 2025 to 21 Dec 2025: the BOJ encourages the uncollateralized overnight call rate to remain at around 0.50 percent; From 1 Aug 2024 to 26 Jan 2025: the BOJ encouraged the UOCR to remain at around 0.25% ; From 21 Mar 2024 to 31 July: the BOJ encouraged the UOCR to remain at around 0 to 0.1 %; from 21 Sep 2016 to 20 Mar 2024: the BOJ set the guideline for market operations which specifies a short-term policy interest rate at minus 0.1% and a target level of 10-year JGB yields at around 0%. Short-term policy interest rate; from 4 Apr 2013 to 20 Sep 2016: no policy rate; from 5 Oct 2010 to 3 Apr 2013: the BOJ encouraged the UOCR to remain at around 0 to 0.1%; from 19 Dec 2008 to 4 Oct 2010: the BOJ encouraged the UOCR to remain at around 0. %; from 31 Oct 2008 to 18 Dec 2008: the BOJ encouraged the UOCR to remain at around 0.3%; before 30 Oct 2008, refer to https://data.bis.org/topics/CBPOL",4,Bank of Japan,For details see: http://www.bis.org/statistics/cbpol/cbpol_doc.pdf  ; https://www.boj.or.jp/en/mopo/mpmdeci/mpr_1998/k980909c.htm ; https://www.boj.or.jp/en/mopo/mpmdeci/mpr_1999/k990212c.htm ; https://www.boj.or.jp/en/mopo/mpmdeci/mpr_2000/k000811.htm ; https://www.boj.or.jp/en/mopo/mpmdeci/mpr_2001/k010228a.htm ; https://www.boj.or.jp/en/mopo/mpmdeci/mpr_2006/k060309.htm ; https://www.boj.or.jp/en/mopo/mpmdeci/mpr_2006/k060714.pdf ; https://www.boj.or.jp/en/mopo/mpmdeci/mpr_2007/k070221.pdf ; https://www.boj.or.jp/en/mopo/mpmdeci/mpr_2008/k081031.pdf ; https://www.boj.or.jp/en/mopo/mpmdeci/mpr_2008/k081219.pdf ; https://www.boj.or.jp/en/mopo/mpmdeci/mpr_2010/k101005.pdf ; https://www.boj.or.jp/en/mopo/mpmdeci/mpr_2016/k160921a.pdf ; https://www.boj.or.jp/en/mopo/mpmdeci/mpr_2024/k240319a.pdf ; https://www.boj.or.jp/en/mopo/mpmdeci/mpr_2024/mpr240731c.pdf ; https://www.boj.or.jp/en/mopo/mpmdeci/mpr_2025/mpr250124a.pdf ; https://www.boj.or.jp/en/mopo/mpmdeci/mpr_2025/k251219a.pdf ; https://www.boj.or.jp/en/mopo/mpmdeci/mpr_2026/k260616a.pdf, Central bank policy rates - Japan - Monthly - End of period,2021-01,-0.1,A,F,
M,JP,368,0,,"From 17 Jun 2026 onwards: the BOJ encourages the uncollateralized overnight call rate to remain at around 1.00 percent; From 22 Dec 2025 to 16 Jun 2026: the BOJ encourages the uncollateralized overnight call rate to remain at around 0.75 percent; From 27 Jan 2025 to 21 Dec 2025: the BOJ encourages the uncollateralized overnight call rate to remain at around 0.50 percent; From 1 Aug 2024 to 26 Jan 2025: the BOJ encouraged the UOCR to remain at around 0.25% ; From 21 Mar 2024 to 31 July: the BOJ encouraged the UOCR to remain at around 0 to 0.1 %; from 21 Sep 2016 to 20 Mar 2024: the BOJ set the guideline for market operations which specifies a short-term policy interest rate at minus 0.1% and a target level of 10-year JGB yields at around 0%. Short-term policy interest rate; from 4 Apr 2013 to 20 Sep 2016: no policy rate; from 5 Oct 2010 to 3 Apr 2013: the BOJ encouraged the UOCR to remain at around 0 to 0.1%; from 19 Dec 2008 to 4 Oct 2010: the BOJ encouraged the UOCR to remain at around 0. %; from 31 Oct 2008 to 18 Dec 2008: the BOJ encouraged the UOCR to remain at around 0.3%; before 30 Oct 2008, refer to https://data.bis.org/topics/CBPOL",4,Bank of Japan,For details see: http://www.bis.org/statistics/cbpol/cbpol_doc.pdf  ; https://www.boj.or.jp/en/mopo/mpmdeci/mpr_1998/k980909c.htm ; https://www.boj.or.jp/en/mopo/mpmdeci/mpr_1999/k990212c.htm ; https://www.boj.or.jp/en/mopo/mpmdeci/mpr_2000/k000811.htm ; https://www.boj.or.jp/en/mopo/mpmdeci/mpr_2001/k010228a.htm ; https://www.boj.or.jp/en/mopo/mpmdeci/mpr_2006/k060309.htm ; https://www.boj.or.jp/en/mopo/mpmdeci/mpr_2006/k060714.pdf ; https://www.boj.or.jp/en/mopo/mpmdeci/mpr_2007/k070221.pdf ; https://www.boj.or.jp/en/mopo/mpmdeci/mpr_2008/k081031.pdf ; https://www.boj.or.jp/en/mopo/mpmdeci/mpr_2008/k081219.pdf ; https://www.boj.or.jp/en/mopo/mpmdeci/mpr_2010/k101005.pdf ; https://www.boj.or.jp/en/mopo/mpmdeci/mpr_2016/k160921a.pdf ; https://www.boj.or.jp/en/mopo/mpmdeci/mpr_2024/k240319a.pdf ; https://www.boj.or.jp/en/mopo/mpmdeci/mpr_2024/mpr240731c.pdf ; https://www.boj.or.jp/en/mopo/mpmdeci/mpr_2025/mpr250124a.pdf ; https://www.boj.or.jp/en/mopo/mpmdeci/mpr_2025/k251219a.pdf ; https://www.boj.or.jp/en/mopo/mpmdeci/mpr_2026/k260616a.pdf, Central bank policy rates - Japan - Monthly - End of period,2021-02,-0.1,A,F,
M,JP,368,0,,"From 17 Jun 2026 onwards: the BOJ encourages the uncollateralized overnight call rate to remain at around 1.00 percent; From 22 Dec 2025 to 16 Jun 2026: the BOJ encourages the uncollateralized overnight call rate to remain at around 0.75 percent; From 27 Jan 2025 to 21 Dec 2025: the BOJ encourages the uncollateralized overnight call rate to remain at around 0.50 percent; From 1 Aug 2024 to 26 Jan 2025: the BOJ encouraged the UOCR to remain at around 0.25% ; From 21 Mar 2024 to 31 July: the BOJ encouraged the UOCR to remain at around 0 to 0.1 %; from 21 Sep 2016 to 20 Mar 2024: the BOJ set the guideline for market operations which specifies a short-term policy interest rate at minus 0.1% and a target level of 10-year JGB yields at around 0%. Short-term policy interest rate; from 4 Apr 2013 to 20 Sep 2016: no policy rate; from 5 Oct 2010 to 3 Apr 2013: the BOJ encouraged the UOCR to remain at around 0 to 0.1%; from 19 Dec 2008 to 4 Oct 2010: the BOJ encouraged the UOCR to remain at around 0. %; from 31 Oct 2008 to 18 Dec 2008: the BOJ encouraged the UOCR to remain at around 0.3%; before 30 Oct 2008, refer to https://data.bis.org/topics/CBPOL",4,Bank of Japan,For details see: http://www.bis.org/statistics/cbpol/cbpol_doc.pdf  ; https://www.boj.or.jp/en/mopo/mpmdeci/mpr_1998/k980909c.htm ; https://www.boj.or.jp/en/mopo/mpmdeci/mpr_1999/k990212c.htm ; https://www.boj.or.jp/en/mopo/mpmdeci/mpr_2000/k000811.htm ; https://www.boj.or.jp/en/mopo/mpmdeci/mpr_2001/k010228a.htm ; https://www.boj.or.jp/en/mopo/mpmdeci/mpr_2006/k060309.htm ; https://www.boj.or.jp/en/mopo/mpmdeci/mpr_2006/k060714.pdf ; https://www.boj.or.jp/en/mopo/mpmdeci/mpr_2007/k070221.pdf ; https://www.boj.or.jp/en/mopo/mpmdeci/mpr_2008/k081031.pdf ; https://www.boj.or.jp/en/mopo/mpmdeci/mpr_2008/k081219.pdf ; https://www.boj.or.jp/en/mopo/mpmdeci/mpr_2010/k101005.pdf ; https://www.boj.or.jp/en/mopo/mpmdeci/mpr_2016/k160921a.pdf ; https://www.boj.or.jp/en/mopo/mpmdeci/mpr_2024/k240319a.pdf ; https://www.boj.or.jp/en/mopo/mpmdeci/mpr_2024/mpr240731c.pdf ; https://www.boj.or.jp/en/mopo/mpmdeci/mpr_2025/mpr250124a.pdf ; https://www.boj.or.jp/en/mopo/mpmdeci/mpr_2025/k251219a.pdf ; https://www.boj.or.jp/en/mopo/mpmdeci/mpr_2026/k260616a.pdf, Central bank policy rates - Japan - Monthly - End of period,2021-03,-0.1,A,F,
M,JP,368,0,,"From 17 Jun 2026 onwards: the BOJ encourages the uncollateralized overnight call rate to remain at around 1.00 percent; From 22 Dec 2025 to 16 Jun 2026: the BOJ encourages the uncollateralized overnight call rate to remain at around 0.75 percent; From 27 Jan 2025 to 21 Dec 2025: the BOJ encourages the uncollateralized overnight call rate to remain at around 0.50 percent; From 1 Aug 2024 to 26 Jan 2025: the BOJ encouraged the UOCR to remain at around 0.25% ; From 21 Mar 2024 to 31 July: the BOJ encouraged the UOCR to remain at around 0 to 0.1 %; from 21 Sep 2016 to 20 Mar 2024: the BOJ set the guideline for market operations which specifies a short-term policy interest rate at minus 0.1% and a target level of 10-year JGB yields at around 0%. Short-term policy interest rate; from 4 Apr 2013 to 20 Sep 2016: no policy rate; from 5 Oct 2010 to 3 Apr 2013: the BOJ encouraged the UOCR to remain at around 0 to 0.1%; from 19 Dec 2008 to 4 Oct 2010: the BOJ encouraged the UOCR to remain at around 0. %; from 31 Oct 2008 to 18 Dec 2008: the BOJ encouraged the UOCR to remain at around 0.3%; before 30 Oct 2008, refer to https://data.bis.org/topics/CBPOL",4,Bank of Japan,For details see: http://www.bis.org/statistics/cbpol/cbpol_doc.pdf  ; https://www.boj.or.jp/en/mopo/mpmdeci/mpr_1998/k980909c.htm ; https://www.boj.or.jp/en/mopo/mpmdeci/mpr_1999/k990212c.htm ; https://www.boj.or.jp/en/mopo/mpmdeci/mpr_2000/k000811.htm ; https://www.boj.or.jp/en/mopo/mpmdeci/mpr_2001/k010228a.htm ; https://www.boj.or.jp/en/mopo/mpmdeci/mpr_2006/k060309.htm ; https://www.boj.or.jp/en/mopo/mpmdeci/mpr_2006/k060714.pdf ; https://www.boj.or.jp/en/mopo/mpmdeci/mpr_2007/k070221.pdf ; https://www.boj.or.jp/en/mopo/mpmdeci/mpr_2008/k081031.pdf ; https://www.boj.or.jp/en/mopo/mpmdeci/mpr_2008/k081219.pdf ; https://www.boj.or.jp/en/mopo/mpmdeci/mpr_2010/k101005.pdf ; https://www.boj.or.jp/en/mopo/mpmdeci/mpr_2016/k160921a.pdf ; https://www.boj.or.jp/en/mopo/mpmdeci/mpr_2024/k240319a.pdf ; https://www.boj.or.jp/en/mopo/mpmdeci/mpr_2024/mpr240731c.pdf ; https://www.boj.or.jp/en/mopo/mpmdeci/mpr_2025/mpr250124a.pdf ; https://www.boj.or.jp/en/mopo/mpmdeci/mpr_2025/k251219a.pdf ; https://www.boj.or.jp/en/mopo/mpmdeci/mpr_2026/k260616a.pdf, Central bank policy rates - Japan - Monthly - End of period,2021-04,-0.1,A,F,
M,JP,368,0,,"From 17 Jun 2026 onwards: the BOJ encourages the uncollateralized overnight call rate to remain at around 1.00 percent; From 22 Dec 2025 to 16 Jun 2026: the BOJ encourages the uncollateralized overnight call rate to remain at around 0.75 percent; From 27 Jan 2025 to 21 Dec 2025: the BOJ encourages the uncollateralized overnight call rate to remain at around 0.50 percent; From 1 Aug 2024 to 26 Jan 2025: the BOJ encouraged the UOCR to remain at around 0.25% ; From 21 Mar 2024 to 31 July: the BOJ encouraged the UOCR to remain at around 0 to 0.1 %; from 21 Sep 2016 to 20 Mar 2024: the BOJ set the guideline for market operations which specifies a short-term policy interest rate at minus 0.1% and a target level of 10-year JGB yields at around 0%. Short-term policy interest rate; from 4 Apr 2013 to 20 Sep 2016: no policy rate; from 5 Oct 2010 to 3 Apr 2013: the BOJ encouraged the UOCR to remain at around 0 to 0.1%; from 19 Dec 2008 to 4 Oct 2010: the BOJ encouraged the UOCR to remain at around 0. %; from 31 Oct 2008 to 18 Dec 2008: the BOJ encouraged the UOCR to remain at around 0.3%; before 30 Oct 2008, refer to https://data.bis.org/topics/CBPOL",4,Bank of Japan,For details see: http://www.bis.org/statistics/cbpol/cbpol_doc.pdf  ; https://www.boj.or.jp/en/mopo/mpmdeci/mpr_1998/k980909c.htm ; https://www.boj.or.jp/en/mopo/mpmdeci/mpr_1999/k990212c.htm ; https://www.boj.or.jp/en/mopo/mpmdeci/mpr_2000/k000811.htm ; https://www.boj.or.jp/en/mopo/mpmdeci/mpr_2001/k010228a.htm ; https://www.boj.or.jp/en/mopo/mpmdeci/mpr_2006/k060309.htm ; https://www.boj.or.jp/en/mopo/mpmdeci/mpr_2006/k060714.pdf ; https://www.boj.or.jp/en/mopo/mpmdeci/mpr_2007/k070221.pdf ; https://www.boj.or.jp/en/mopo/mpmdeci/mpr_2008/k081031.pdf ; https://www.boj.or.jp/en/mopo/mpmdeci/mpr_2008/k081219.pdf ; https://www.boj.or.jp/en/mopo/mpmdeci/mpr_2010/k101005.pdf ; https://www.boj.or.jp/en/mopo/mpmdeci/mpr_2016/k160921a.pdf ; https://www.boj.or.jp/en/mopo/mpmdeci/mpr_2024/k240319a.pdf ; https://www.boj.or.jp/en/mopo/mpmdeci/mpr_2024/mpr240731c.pdf ; https://www.boj.or.jp/en/mopo/mpmdeci/mpr_2025/mpr250124a.pdf ; https://www.boj.or.jp/en/mopo/mpmdeci/mpr_2025/k251219a.pdf ; https://www.boj.or.jp/en/mopo/mpmdeci/mpr_2026/k260616a.pdf, Central bank policy rates - Japan - Monthly - End of period,2021-05,-0.1,A,F,
M,JP,368,0,,"From 17 Jun 2026 onwards: the BOJ encourages the uncollateralized overnight call rate to remain at around 1.00 percent; From 22 Dec 2025 to 16 Jun 2026: the BOJ encourages the uncollateralized overnight call rate to remain at around 0.75 percent; From 27 Jan 2025 to 21 Dec 2025: the BOJ encourages the uncollateralized overnight call rate to remain at around 0.50 percent; From 1 Aug 2024 to 26 Jan 2025: the BOJ encouraged the UOCR to remain at around 0.25% ; From 21 Mar 2024 to 31 July: the BOJ encouraged the UOCR to remain at around 0 to 0.1 %; from 21 Sep 2016 to 20 Mar 2024: the BOJ set the guideline for market operations which specifies a short-term policy interest rate at minus 0.1% and a target level of 10-year JGB yields at around 0%. Short-term policy interest rate; from 4 Apr 2013 to 20 Sep 2016: no policy rate; from 5 Oct 2010 to 3 Apr 2013: the BOJ encouraged the UOCR to remain at around 0 to 0.1%; from 19 Dec 2008 to 4 Oct 2010: the BOJ encouraged the UOCR to remain at around 0. %; from 31 Oct 2008 to 18 Dec 2008: the BOJ encouraged the UOCR to remain at around 0.3%; before 30 Oct 2008, refer to https://data.bis.org/topics/CBPOL",4,Bank of Japan,For details see: http://www.bis.org/statistics/cbpol/cbpol_doc.pdf  ; https://www.boj.or.jp/en/mopo/mpmdeci/mpr_1998/k980909c.htm ; https://www.boj.or.jp/en/mopo/mpmdeci/mpr_1999/k990212c.htm ; https://www.boj.or.jp/en/mopo/mpmdeci/mpr_2000/k000811.htm ; https://www.boj.or.jp/en/mopo/mpmdeci/mpr_2001/k010228a.htm ; https://www.boj.or.jp/en/mopo/mpmdeci/mpr_2006/k060309.htm ; https://www.boj.or.jp/en/mopo/mpmdeci/mpr_2006/k060714.pdf ; https://www.boj.or.jp/en/mopo/mpmdeci/mpr_2007/k070221.pdf ; https://www.boj.or.jp/en/mopo/mpmdeci/mpr_2008/k081031.pdf ; https://www.boj.or.jp/en/mopo/mpmdeci/mpr_2008/k081219.pdf ; https://www.boj.or.jp/en/mopo/mpmdeci/mpr_2010/k101005.pdf ; https://www.boj.or.jp/en/mopo/mpmdeci/mpr_2016/k160921a.pdf ; https://www.boj.or.jp/en/mopo/mpmdeci/mpr_2024/k240319a.pdf ; https://www.boj.or.jp/en/mopo/mpmdeci/mpr_2024/mpr240731c.pdf ; https://www.boj.or.jp/en/mopo/mpmdeci/mpr_2025/mpr250124a.pdf ; https://www.boj.or.jp/en/mopo/mpmdeci/mpr_2025/k251219a.pdf ; https://www.boj.or.jp/en/mopo/mpmdeci/mpr_2026/k260616a.pdf, Central bank policy rates - Japan - Monthly - End of period,2021-06,-0.1,A,F,
M,JP,368,0,,"From 17 Jun 2026 onwards: the BOJ encourages the uncollateralized overnight call rate to remain at around 1.00 percent; From 22 Dec 2025 to 16 Jun 2026: the BOJ encourages the uncollateralized overnight call rate to remain at around 0.75 percent; From 27 Jan 2025 to 21 Dec 2025: the BOJ encourages the uncollateralized overnight call rate to remain at around 0.50 percent; From 1 Aug 2024 to 26 Jan 2025: the BOJ encouraged the UOCR to remain at around 0.25% ; From 21 Mar 2024 to 31 July: the BOJ encouraged the UOCR to remain at around 0 to 0.1 %; from 21 Sep 2016 to 20 Mar 2024: the BOJ set the guideline for market operations which specifies a short-term policy interest rate at minus 0.1% and a target level of 10-year JGB yields at around 0%. Short-term policy interest rate; from 4 Apr 2013 to 20 Sep 2016: no policy rate; from 5 Oct 2010 to 3 Apr 2013: the BOJ encouraged the UOCR to remain at around 0 to 0.1%; from 19 Dec 2008 to 4 Oct 2010: the BOJ encouraged the UOCR to remain at around 0. %; from 31 Oct 2008 to 18 Dec 2008: the BOJ encouraged the UOCR to remain at around 0.3%; before 30 Oct 2008, refer to https://data.bis.org/topics/CBPOL",4,Bank of Japan,For details see: http://www.bis.org/statistics/cbpol/cbpol_doc.pdf  ; https://www.boj.or.jp/en/mopo/mpmdeci/mpr_1998/k980909c.htm ; https://www.boj.or.jp/en/mopo/mpmdeci/mpr_1999/k990212c.htm ; https://www.boj.or.jp/en/mopo/mpmdeci/mpr_2000/k000811.htm ; https://www.boj.or.jp/en/mopo/mpmdeci/mpr_2001/k010228a.htm ; https://www.boj.or.jp/en/mopo/mpmdeci/mpr_2006/k060309.htm ; https://www.boj.or.jp/en/mopo/mpmdeci/mpr_2006/k060714.pdf ; https://www.boj.or.jp/en/mopo/mpmdeci/mpr_2007/k070221.pdf ; https://www.boj.or.jp/en/mopo/mpmdeci/mpr_2008/k081031.pdf ; https://www.boj.or.jp/en/mopo/mpmdeci/mpr_2008/k081219.pdf ; https://www.boj.or.jp/en/mopo/mpmdeci/mpr_2010/k101005.pdf ; https://www.boj.or.jp/en/mopo/mpmdeci/mpr_2016/k160921a.pdf ; https://www.boj.or.jp/en/mopo/mpmdeci/mpr_2024/k240319a.pdf ; https://www.boj.or.jp/en/mopo/mpmdeci/mpr_2024/mpr240731c.pdf ; https://www.boj.or.jp/en/mopo/mpmdeci/mpr_2025/mpr250124a.pdf ; https://www.boj.or.jp/en/mopo/mpmdeci/mpr_2025/k251219a.pdf ; https://www.boj.or.jp/en/mopo/mpmdeci/mpr_2026/k260616a.pdf, Central bank policy rates - Japan - Monthly - End of period,2021-07,-0.1,A,F,
M,JP,368,0,,"From 17 Jun 2026 onwards: the BOJ encourages the uncollateralized overnight call rate to remain at around 1.00 percent; From 22 Dec 2025 to 16 Jun 2026: the BOJ encourages the uncollateralized overnight call rate to remain at around 0.75 percent; From 27 Jan 2025 to 21 Dec 2025: the BOJ encourages the uncollateralized overnight call rate to remain at around 0.50 percent; From 1 Aug 2024 to 26 Jan 2025: the BOJ encouraged the UOCR to remain at around 0.25% ; From 21 Mar 2024 to 31 July: the BOJ encouraged the UOCR to remain at around 0 to 0.1 %; from 21 Sep 2016 to 20 Mar 2024: the BOJ set the guideline for market operations which specifies a short-term policy interest rate at minus 0.1% and a target level of 10-year JGB yields at around 0%. Short-term policy interest rate; from 4 Apr 2013 to 20 Sep 2016: no policy rate; from 5 Oct 2010 to 3 Apr 2013: the BOJ encouraged the UOCR to remain at around 0 to 0.1%; from 19 Dec 2008 to 4 Oct 2010: the BOJ encouraged the UOCR to remain at around 0. %; from 31 Oct 2008 to 18 Dec 2008: the BOJ encouraged the UOCR to remain at around 0.3%; before 30 Oct 2008, refer to https://data.bis.org/topics/CBPOL",4,Bank of Japan,For details see: http://www.bis.org/statistics/cbpol/cbpol_doc.pdf  ; https://www.boj.or.jp/en/mopo/mpmdeci/mpr_1998/k980909c.htm ; https://www.boj.or.jp/en/mopo/mpmdeci/mpr_1999/k990212c.htm ; https://www.boj.or.jp/en/mopo/mpmdeci/mpr_2000/k000811.htm ; https://www.boj.or.jp/en/mopo/mpmdeci/mpr_2001/k010228a.htm ; https://www.boj.or.jp/en/mopo/mpmdeci/mpr_2006/k060309.htm ; https://www.boj.or.jp/en/mopo/mpmdeci/mpr_2006/k060714.pdf ; https://www.boj.or.jp/en/mopo/mpmdeci/mpr_2007/k070221.pdf ; https://www.boj.or.jp/en/mopo/mpmdeci/mpr_2008/k081031.pdf ; https://www.boj.or.jp/en/mopo/mpmdeci/mpr_2008/k081219.pdf ; https://www.boj.or.jp/en/mopo/mpmdeci/mpr_2010/k101005.pdf ; https://www.boj.or.jp/en/mopo/mpmdeci/mpr_2016/k160921a.pdf ; https://www.boj.or.jp/en/mopo/mpmdeci/mpr_2024/k240319a.pdf ; https://www.boj.or.jp/en/mopo/mpmdeci/mpr_2024/mpr240731c.pdf ; https://www.boj.or.jp/en/mopo/mpmdeci/mpr_2025/mpr250124a.pdf ; https://www.boj.or.jp/en/mopo/mpmdeci/mpr_2025/k251219a.pdf ; https://www.boj.or.jp/en/mopo/mpmdeci/mpr_2026/k260616a.pdf, Central bank policy rates - Japan - Monthly - End of period,2021-08,-0.1,A,F,
M,JP,368,0,,"From 17 Jun 2026 onwards: the BOJ encourages the uncollateralized overnight call rate to remain at around 1.00 percent; From 22 Dec 2025 to 16 Jun 2026: the BOJ encourages the uncollateralized overnight call rate to remain at around 0.75 percent; From 27 Jan 2025 to 21 Dec 2025: the BOJ encourages the uncollateralized overnight call rate to remain at around 0.50 percent; From 1 Aug 2024 to 26 Jan 2025: the BOJ encouraged the UOCR to remain at around 0.25% ; From 21 Mar 2024 to 31 July: the BOJ encouraged the UOCR to remain at around 0 to 0.1 %; from 21 Sep 2016 to 20 Mar 2024: the BOJ set the guideline for market operations which specifies a short-term policy interest rate at minus 0.1% and a target level of 10-year JGB yields at around 0%. Short-term policy interest rate; from 4 Apr 2013 to 20 Sep 2016: no policy rate; from 5 Oct 2010 to 3 Apr 2013: the BOJ encouraged the UOCR to remain at around 0 to 0.1%; from 19 Dec 2008 to 4 Oct 2010: the BOJ encouraged the UOCR to remain at around 0. %; from 31 Oct 2008 to 18 Dec 2008: the BOJ encouraged the UOCR to remain at around 0.3%; before 30 Oct 2008, refer to https://data.bis.org/topics/CBPOL",4,Bank of Japan,For details see: http://www.bis.org/statistics/cbpol/cbpol_doc.pdf  ; https://www.boj.or.jp/en/mopo/mpmdeci/mpr_1998/k980909c.htm ; https://www.boj.or.jp/en/mopo/mpmdeci/mpr_1999/k990212c.htm ; https://www.boj.or.jp/en/mopo/mpmdeci/mpr_2000/k000811.htm ; https://www.boj.or.jp/en/mopo/mpmdeci/mpr_2001/k010228a.htm ; https://www.boj.or.jp/en/mopo/mpmdeci/mpr_2006/k060309.htm ; https://www.boj.or.jp/en/mopo/mpmdeci/mpr_2006/k060714.pdf ; https://www.boj.or.jp/en/mopo/mpmdeci/mpr_2007/k070221.pdf ; https://www.boj.or.jp/en/mopo/mpmdeci/mpr_2008/k081031.pdf ; https://www.boj.or.jp/en/mopo/mpmdeci/mpr_2008/k081219.pdf ; https://www.boj.or.jp/en/mopo/mpmdeci/mpr_2010/k101005.pdf ; https://www.boj.or.jp/en/mopo/mpmdeci/mpr_2016/k160921a.pdf ; https://www.boj.or.jp/en/mopo/mpmdeci/mpr_2024/k240319a.pdf ; https://www.boj.or.jp/en/mopo/mpmdeci/mpr_2024/mpr240731c.pdf ; https://www.boj.or.jp/en/mopo/mpmdeci/mpr_2025/mpr250124a.pdf ; https://www.boj.or.jp/en/mopo/mpmdeci/mpr_2025/k251219a.pdf ; https://www.boj.or.jp/en/mopo/mpmdeci/mpr_2026/k260616a.pdf, Central bank policy rates - Japan - Monthly - End of period,2021-09,-0.1,A,F,
M,JP,368,0,,"From 17 Jun 2026 onwards: the BOJ encourages the uncollateralized overnight call rate to remain at around 1.00 percent; From 22 Dec 2025 to 16 Jun 2026: the BOJ encourages the uncollateralized overnight call rate to remain at around 0.75 percent; From 27 Jan 2025 to 21 Dec 2025: the BOJ encourages the uncollateralized overnight call rate to remain at around 0.50 percent; From 1 Aug 2024 to 26 Jan 2025: the BOJ encouraged the UOCR to remain at around 0.25% ; From 21 Mar 2024 to 31 July: the BOJ encouraged the UOCR to remain at around 0 to 0.1 %; from 21 Sep 2016 to 20 Mar 2024: the BOJ set the guideline for market operations which specifies a short-term policy interest rate at minus 0.1% and a target level of 10-year JGB yields at around 0%. Short-term policy interest rate; from 4 Apr 2013 to 20 Sep 2016: no policy rate; from 5 Oct 2010 to 3 Apr 2013: the BOJ encouraged the UOCR to remain at around 0 to 0.1%; from 19 Dec 2008 to 4 Oct 2010: the BOJ encouraged the UOCR to remain at around 0. %; from 31 Oct 2008 to 18 Dec 2008: the BOJ encouraged the UOCR to remain at around 0.3%; before 30 Oct 2008, refer to https://data.bis.org/topics/CBPOL",4,Bank of Japan,For details see: http://www.bis.org/statistics/cbpol/cbpol_doc.pdf  ; https://www.boj.or.jp/en/mopo/mpmdeci/mpr_1998/k980909c.htm ; https://www.boj.or.jp/en/mopo/mpmdeci/mpr_1999/k990212c.htm ; https://www.boj.or.jp/en/mopo/mpmdeci/mpr_2000/k000811.htm ; https://www.boj.or.jp/en/mopo/mpmdeci/mpr_2001/k010228a.htm ; https://www.boj.or.jp/en/mopo/mpmdeci/mpr_2006/k060309.htm ; https://www.boj.or.jp/en/mopo/mpmdeci/mpr_2006/k060714.pdf ; https://www.boj.or.jp/en/mopo/mpmdeci/mpr_2007/k070221.pdf ; https://www.boj.or.jp/en/mopo/mpmdeci/mpr_2008/k081031.pdf ; https://www.boj.or.jp/en/mopo/mpmdeci/mpr_2008/k081219.pdf ; https://www.boj.or.jp/en/mopo/mpmdeci/mpr_2010/k101005.pdf ; https://www.boj.or.jp/en/mopo/mpmdeci/mpr_2016/k160921a.pdf ; https://www.boj.or.jp/en/mopo/mpmdeci/mpr_2024/k240319a.pdf ; https://www.boj.or.jp/en/mopo/mpmdeci/mpr_2024/mpr240731c.pdf ; https://www.boj.or.jp/en/mopo/mpmdeci/mpr_2025/mpr250124a.pdf ; https://www.boj.or.jp/en/mopo/mpmdeci/mpr_2025/k251219a.pdf ; https://www.boj.or.jp/en/mopo/mpmdeci/mpr_2026/k260616a.pdf, Central bank policy rates - Japan - Monthly - End of period,2021-10,-0.1,A,F,
M,JP,368,0,,"From 17 Jun 2026 onwards: the BOJ encourages the uncollateralized overnight call rate to remain at around 1.00 percent; From 22 Dec 2025 to 16 Jun 2026: the BOJ encourages the uncollateralized overnight call rate to remain at around 0.75 percent; From 27 Jan 2025 to 21 Dec 2025: the BOJ encourages the uncollateralized overnight call rate to remain at around 0.50 percent; From 1 Aug 2024 to 26 Jan 2025: the BOJ encouraged the UOCR to remain at around 0.25% ; From 21 Mar 2024 to 31 July: the BOJ encouraged the UOCR to remain at around 0 to 0.1 %; from 21 Sep 2016 to 20 Mar 2024: the BOJ set the guideline for market operations which specifies a short-term policy interest rate at minus 0.1% and a target level of 10-year JGB yields at around 0%. Short-term policy interest rate; from 4 Apr 2013 to 20 Sep 2016: no policy rate; from 5 Oct 2010 to 3 Apr 2013: the BOJ encouraged the UOCR to remain at around 0 to 0.1%; from 19 Dec 2008 to 4 Oct 2010: the BOJ encouraged the UOCR to remain at around 0. %; from 31 Oct 2008 to 18 Dec 2008: the BOJ encouraged the UOCR to remain at around 0.3%; before 30 Oct 2008, refer to https://data.bis.org/topics/CBPOL",4,Bank of Japan,For details see: http://www.bis.org/statistics/cbpol/cbpol_doc.pdf  ; https://www.boj.or.jp/en/mopo/mpmdeci/mpr_1998/k980909c.htm ; https://www.boj.or.jp/en/mopo/mpmdeci/mpr_1999/k990212c.htm ; https://www.boj.or.jp/en/mopo/mpmdeci/mpr_2000/k000811.htm ; https://www.boj.or.jp/en/mopo/mpmdeci/mpr_2001/k010228a.htm ; https://www.boj.or.jp/en/mopo/mpmdeci/mpr_2006/k060309.htm ; https://www.boj.or.jp/en/mopo/mpmdeci/mpr_2006/k060714.pdf ; https://www.boj.or.jp/en/mopo/mpmdeci/mpr_2007/k070221.pdf ; https://www.boj.or.jp/en/mopo/mpmdeci/mpr_2008/k081031.pdf ; https://www.boj.or.jp/en/mopo/mpmdeci/mpr_2008/k081219.pdf ; https://www.boj.or.jp/en/mopo/mpmdeci/mpr_2010/k101005.pdf ; https://www.boj.or.jp/en/mopo/mpmdeci/mpr_2016/k160921a.pdf ; https://www.boj.or.jp/en/mopo/mpmdeci/mpr_2024/k240319a.pdf ; https://www.boj.or.jp/en/mopo/mpmdeci/mpr_2024/mpr240731c.pdf ; https://www.boj.or.jp/en/mopo/mpmdeci/mpr_2025/mpr250124a.pdf ; https://www.boj.or.jp/en/mopo/mpmdeci/mpr_2025/k251219a.pdf ; https://www.boj.or.jp/en/mopo/mpmdeci/mpr_2026/k260616a.pdf, Central bank policy rates - Japan - Monthly - End of period,2021-11,-0.1,A,F,
M,JP,368,0,,"From 17 Jun 2026 onwards: the BOJ encourages the uncollateralized overnight call rate to remain at around 1.00 percent; From 22 Dec 2025 to 16 Jun 2026: the BOJ encourages the uncollateralized overnight call rate to remain at around 0.75 percent; From 27 Jan 2025 to 21 Dec 2025: the BOJ encourages the uncollateralized overnight call rate to remain at around 0.50 percent; From 1 Aug 2024 to 26 Jan 2025: the BOJ encouraged the UOCR to remain at around 0.25% ; From 21 Mar 2024 to 31 July: the BOJ encouraged the UOCR to remain at around 0 to 0.1 %; from 21 Sep 2016 to 20 Mar 2024: the BOJ set the guideline for market operations which specifies a short-term policy interest rate at minus 0.1% and a target level of 10-year JGB yields at around 0%. Short-term policy interest rate; from 4 Apr 2013 to 20 Sep 2016: no policy rate; from 5 Oct 2010 to 3 Apr 2013: the BOJ encouraged the UOCR to remain at around 0 to 0.1%; from 19 Dec 2008 to 4 Oct 2010: the BOJ encouraged the UOCR to remain at around 0. %; from 31 Oct 2008 to 18 Dec 2008: the BOJ encouraged the UOCR to remain at around 0.3%; before 30 Oct 2008, refer to https://data.bis.org/topics/CBPOL",4,Bank of Japan,For details see: http://www.bis.org/statistics/cbpol/cbpol_doc.pdf  ; https://www.boj.or.jp/en/mopo/mpmdeci/mpr_1998/k980909c.htm ; https://www.boj.or.jp/en/mopo/mpmdeci/mpr_1999/k990212c.htm ; https://www.boj.or.jp/en/mopo/mpmdeci/mpr_2000/k000811.htm ; https://www.boj.or.jp/en/mopo/mpmdeci/mpr_2001/k010228a.htm ; https://www.boj.or.jp/en/mopo/mpmdeci/mpr_2006/k060309.htm ; https://www.boj.or.jp/en/mopo/mpmdeci/mpr_2006/k060714.pdf ; https://www.boj.or.jp/en/mopo/mpmdeci/mpr_2007/k070221.pdf ; https://www.boj.or.jp/en/mopo/mpmdeci/mpr_2008/k081031.pdf ; https://www.boj.or.jp/en/mopo/mpmdeci/mpr_2008/k081219.pdf ; https://www.boj.or.jp/en/mopo/mpmdeci/mpr_2010/k101005.pdf ; https://www.boj.or.jp/en/mopo/mpmdeci/mpr_2016/k160921a.pdf ; https://www.boj.or.jp/en/mopo/mpmdeci/mpr_2024/k240319a.pdf ; https://www.boj.or.jp/en/mopo/mpmdeci/mpr_2024/mpr240731c.pdf ; https://www.boj.or.jp/en/mopo/mpmdeci/mpr_2025/mpr250124a.pdf ; https://www.boj.or.jp/en/mopo/mpmdeci/mpr_2025/k251219a.pdf ; https://www.boj.or.jp/en/mopo/mpmdeci/mpr_2026/k260616a.pdf, Central bank policy rates - Japan - Monthly - End of period,2021-12,-0.1,A,F,
M,JP,368,0,,"From 17 Jun 2026 onwards: the BOJ encourages the uncollateralized overnight call rate to remain at around 1.00 percent; From 22 Dec 2025 to 16 Jun 2026: the BOJ encourages the uncollateralized overnight call rate to remain at around 0.75 percent; From 27 Jan 2025 to 21 Dec 2025: the BOJ encourages the uncollateralized overnight call rate to remain at around 0.50 percent; From 1 Aug 2024 to 26 Jan 2025: the BOJ encouraged the UOCR to remain at around 0.25% ; From 21 Mar 2024 to 31 July: the BOJ encouraged the UOCR to remain at around 0 to 0.1 %; from 21 Sep 2016 to 20 Mar 2024: the BOJ set the guideline for market operations which specifies a short-term policy interest rate at minus 0.1% and a target level of 10-year JGB yields at around 0%. Short-term policy interest rate; from 4 Apr 2013 to 20 Sep 2016: no policy rate; from 5 Oct 2010 to 3 Apr 2013: the BOJ encouraged the UOCR to remain at around 0 to 0.1%; from 19 Dec 2008 to 4 Oct 2010: the BOJ encouraged the UOCR to remain at around 0. %; from 31 Oct 2008 to 18 Dec 2008: the BOJ encouraged the UOCR to remain at around 0.3%; before 30 Oct 2008, refer to https://data.bis.org/topics/CBPOL",4,Bank of Japan,For details see: http://www.bis.org/statistics/cbpol/cbpol_doc.pdf  ; https://www.boj.or.jp/en/mopo/mpmdeci/mpr_1998/k980909c.htm ; https://www.boj.or.jp/en/mopo/mpmdeci/mpr_1999/k990212c.htm ; https://www.boj.or.jp/en/mopo/mpmdeci/mpr_2000/k000811.htm ; https://www.boj.or.jp/en/mopo/mpmdeci/mpr_2001/k010228a.htm ; https://www.boj.or.jp/en/mopo/mpmdeci/mpr_2006/k060309.htm ; https://www.boj.or.jp/en/mopo/mpmdeci/mpr_2006/k060714.pdf ; https://www.boj.or.jp/en/mopo/mpmdeci/mpr_2007/k070221.pdf ; https://www.boj.or.jp/en/mopo/mpmdeci/mpr_2008/k081031.pdf ; https://www.boj.or.jp/en/mopo/mpmdeci/mpr_2008/k081219.pdf ; https://www.boj.or.jp/en/mopo/mpmdeci/mpr_2010/k101005.pdf ; https://www.boj.or.jp/en/mopo/mpmdeci/mpr_2016/k160921a.pdf ; https://www.boj.or.jp/en/mopo/mpmdeci/mpr_2024/k240319a.pdf ; https://www.boj.or.jp/en/mopo/mpmdeci/mpr_2024/mpr240731c.pdf ; https://www.boj.or.jp/en/mopo/mpmdeci/mpr_2025/mpr250124a.pdf ; https://www.boj.or.jp/en/mopo/mpmdeci/mpr_2025/k251219a.pdf ; https://www.boj.or.jp/en/mopo/mpmdeci/mpr_2026/k260616a.pdf, Central bank policy rates - Japan - Monthly - End of period,2022-01,-0.1,A,F,
M,JP,368,0,,"From 17 Jun 2026 onwards: the BOJ encourages the uncollateralized overnight call rate to remain at around 1.00 percent; From 22 Dec 2025 to 16 Jun 2026: the BOJ encourages the uncollateralized overnight call rate to remain at around 0.75 percent; From 27 Jan 2025 to 21 Dec 2025: the BOJ encourages the uncollateralized overnight call rate to remain at around 0.50 percent; From 1 Aug 2024 to 26 Jan 2025: the BOJ encouraged the UOCR to remain at around 0.25% ; From 21 Mar 2024 to 31 July: the BOJ encouraged the UOCR to remain at around 0 to 0.1 %; from 21 Sep 2016 to 20 Mar 2024: the BOJ set the guideline for market operations which specifies a short-term policy interest rate at minus 0.1% and a target level of 10-year JGB yields at around 0%. Short-term policy interest rate; from 4 Apr 2013 to 20 Sep 2016: no policy rate; from 5 Oct 2010 to 3 Apr 2013: the BOJ encouraged the UOCR to remain at around 0 to 0.1%; from 19 Dec 2008 to 4 Oct 2010: the BOJ encouraged the UOCR to remain at around 0. %; from 31 Oct 2008 to 18 Dec 2008: the BOJ encouraged the UOCR to remain at around 0.3%; before 30 Oct 2008, refer to https://data.bis.org/topics/CBPOL",4,Bank of Japan,For details see: http://www.bis.org/statistics/cbpol/cbpol_doc.pdf  ; https://www.boj.or.jp/en/mopo/mpmdeci/mpr_1998/k980909c.htm ; https://www.boj.or.jp/en/mopo/mpmdeci/mpr_1999/k990212c.htm ; https://www.boj.or.jp/en/mopo/mpmdeci/mpr_2000/k000811.htm ; https://www.boj.or.jp/en/mopo/mpmdeci/mpr_2001/k010228a.htm ; https://www.boj.or.jp/en/mopo/mpmdeci/mpr_2006/k060309.htm ; https://www.boj.or.jp/en/mopo/mpmdeci/mpr_2006/k060714.pdf ; https://www.boj.or.jp/en/mopo/mpmdeci/mpr_2007/k070221.pdf ; https://www.boj.or.jp/en/mopo/mpmdeci/mpr_2008/k081031.pdf ; https://www.boj.or.jp/en/mopo/mpmdeci/mpr_2008/k081219.pdf ; https://www.boj.or.jp/en/mopo/mpmdeci/mpr_2010/k101005.pdf ; https://www.boj.or.jp/en/mopo/mpmdeci/mpr_2016/k160921a.pdf ; https://www.boj.or.jp/en/mopo/mpmdeci/mpr_2024/k240319a.pdf ; https://www.boj.or.jp/en/mopo/mpmdeci/mpr_2024/mpr240731c.pdf ; https://www.boj.or.jp/en/mopo/mpmdeci/mpr_2025/mpr250124a.pdf ; https://www.boj.or.jp/en/mopo/mpmdeci/mpr_2025/k251219a.pdf ; https://www.boj.or.jp/en/mopo/mpmdeci/mpr_2026/k260616a.pdf, Central bank policy rates - Japan - Monthly - End of period,2022-02,-0.1,A,F,
M,JP,368,0,,"From 17 Jun 2026 onwards: the BOJ encourages the uncollateralized overnight call rate to remain at around 1.00 percent; From 22 Dec 2025 to 16 Jun 2026: the BOJ encourages the uncollateralized overnight call rate to remain at around 0.75 percent; From 27 Jan 2025 to 21 Dec 2025: the BOJ encourages the uncollateralized overnight call rate to remain at around 0.50 percent; From 1 Aug 2024 to 26 Jan 2025: the BOJ encouraged the UOCR to remain at around 0.25% ; From 21 Mar 2024 to 31 July: the BOJ encouraged the UOCR to remain at around 0 to 0.1 %; from 21 Sep 2016 to 20 Mar 2024: the BOJ set the guideline for market operations which specifies a short-term policy interest rate at minus 0.1% and a target level of 10-year JGB yields at around 0%. Short-term policy interest rate; from 4 Apr 2013 to 20 Sep 2016: no policy rate; from 5 Oct 2010 to 3 Apr 2013: the BOJ encouraged the UOCR to remain at around 0 to 0.1%; from 19 Dec 2008 to 4 Oct 2010: the BOJ encouraged the UOCR to remain at around 0. %; from 31 Oct 2008 to 18 Dec 2008: the BOJ encouraged the UOCR to remain at around 0.3%; before 30 Oct 2008, refer to https://data.bis.org/topics/CBPOL",4,Bank of Japan,For details see: http://www.bis.org/statistics/cbpol/cbpol_doc.pdf  ; https://www.boj.or.jp/en/mopo/mpmdeci/mpr_1998/k980909c.htm ; https://www.boj.or.jp/en/mopo/mpmdeci/mpr_1999/k990212c.htm ; https://www.boj.or.jp/en/mopo/mpmdeci/mpr_2000/k000811.htm ; https://www.boj.or.jp/en/mopo/mpmdeci/mpr_2001/k010228a.htm ; https://www.boj.or.jp/en/mopo/mpmdeci/mpr_2006/k060309.htm ; https://www.boj.or.jp/en/mopo/mpmdeci/mpr_2006/k060714.pdf ; https://www.boj.or.jp/en/mopo/mpmdeci/mpr_2007/k070221.pdf ; https://www.boj.or.jp/en/mopo/mpmdeci/mpr_2008/k081031.pdf ; https://www.boj.or.jp/en/mopo/mpmdeci/mpr_2008/k081219.pdf ; https://www.boj.or.jp/en/mopo/mpmdeci/mpr_2010/k101005.pdf ; https://www.boj.or.jp/en/mopo/mpmdeci/mpr_2016/k160921a.pdf ; https://www.boj.or.jp/en/mopo/mpmdeci/mpr_2024/k240319a.pdf ; https://www.boj.or.jp/en/mopo/mpmdeci/mpr_2024/mpr240731c.pdf ; https://www.boj.or.jp/en/mopo/mpmdeci/mpr_2025/mpr250124a.pdf ; https://www.boj.or.jp/en/mopo/mpmdeci/mpr_2025/k251219a.pdf ; https://www.boj.or.jp/en/mopo/mpmdeci/mpr_2026/k260616a.pdf, Central bank policy rates - Japan - Monthly - End of period,2022-03,-0.1,A,F,
M,JP,368,0,,"From 17 Jun 2026 onwards: the BOJ encourages the uncollateralized overnight call rate to remain at around 1.00 percent; From 22 Dec 2025 to 16 Jun 2026: the BOJ encourages the uncollateralized overnight call rate to remain at around 0.75 percent; From 27 Jan 2025 to 21 Dec 2025: the BOJ encourages the uncollateralized overnight call rate to remain at around 0.50 percent; From 1 Aug 2024 to 26 Jan 2025: the BOJ encouraged the UOCR to remain at around 0.25% ; From 21 Mar 2024 to 31 July: the BOJ encouraged the UOCR to remain at around 0 to 0.1 %; from 21 Sep 2016 to 20 Mar 2024: the BOJ set the guideline for market operations which specifies a short-term policy interest rate at minus 0.1% and a target level of 10-year JGB yields at around 0%. Short-term policy interest rate; from 4 Apr 2013 to 20 Sep 2016: no policy rate; from 5 Oct 2010 to 3 Apr 2013: the BOJ encouraged the UOCR to remain at around 0 to 0.1%; from 19 Dec 2008 to 4 Oct 2010: the BOJ encouraged the UOCR to remain at around 0. %; from 31 Oct 2008 to 18 Dec 2008: the BOJ encouraged the UOCR to remain at around 0.3%; before 30 Oct 2008, refer to https://data.bis.org/topics/CBPOL",4,Bank of Japan,For details see: http://www.bis.org/statistics/cbpol/cbpol_doc.pdf  ; https://www.boj.or.jp/en/mopo/mpmdeci/mpr_1998/k980909c.htm ; https://www.boj.or.jp/en/mopo/mpmdeci/mpr_1999/k990212c.htm ; https://www.boj.or.jp/en/mopo/mpmdeci/mpr_2000/k000811.htm ; https://www.boj.or.jp/en/mopo/mpmdeci/mpr_2001/k010228a.htm ; https://www.boj.or.jp/en/mopo/mpmdeci/mpr_2006/k060309.htm ; https://www.boj.or.jp/en/mopo/mpmdeci/mpr_2006/k060714.pdf ; https://www.boj.or.jp/en/mopo/mpmdeci/mpr_2007/k070221.pdf ; https://www.boj.or.jp/en/mopo/mpmdeci/mpr_2008/k081031.pdf ; https://www.boj.or.jp/en/mopo/mpmdeci/mpr_2008/k081219.pdf ; https://www.boj.or.jp/en/mopo/mpmdeci/mpr_2010/k101005.pdf ; https://www.boj.or.jp/en/mopo/mpmdeci/mpr_2016/k160921a.pdf ; https://www.boj.or.jp/en/mopo/mpmdeci/mpr_2024/k240319a.pdf ; https://www.boj.or.jp/en/mopo/mpmdeci/mpr_2024/mpr240731c.pdf ; https://www.boj.or.jp/en/mopo/mpmdeci/mpr_2025/mpr250124a.pdf ; https://www.boj.or.jp/en/mopo/mpmdeci/mpr_2025/k251219a.pdf ; https://www.boj.or.jp/en/mopo/mpmdeci/mpr_2026/k260616a.pdf, Central bank policy rates - Japan - Monthly - End of period,2022-04,-0.1,A,F,
M,JP,368,0,,"From 17 Jun 2026 onwards: the BOJ encourages the uncollateralized overnight call rate to remain at around 1.00 percent; From 22 Dec 2025 to 16 Jun 2026: the BOJ encourages the uncollateralized overnight call rate to remain at around 0.75 percent; From 27 Jan 2025 to 21 Dec 2025: the BOJ encourages the uncollateralized overnight call rate to remain at around 0.50 percent; From 1 Aug 2024 to 26 Jan 2025: the BOJ encouraged the UOCR to remain at around 0.25% ; From 21 Mar 2024 to 31 July: the BOJ encouraged the UOCR to remain at around 0 to 0.1 %; from 21 Sep 2016 to 20 Mar 2024: the BOJ set the guideline for market operations which specifies a short-term policy interest rate at minus 0.1% and a target level of 10-year JGB yields at around 0%. Short-term policy interest rate; from 4 Apr 2013 to 20 Sep 2016: no policy rate; from 5 Oct 2010 to 3 Apr 2013: the BOJ encouraged the UOCR to remain at around 0 to 0.1%; from 19 Dec 2008 to 4 Oct 2010: the BOJ encouraged the UOCR to remain at around 0. %; from 31 Oct 2008 to 18 Dec 2008: the BOJ encouraged the UOCR to remain at around 0.3%; before 30 Oct 2008, refer to https://data.bis.org/topics/CBPOL",4,Bank of Japan,For details see: http://www.bis.org/statistics/cbpol/cbpol_doc.pdf  ; https://www.boj.or.jp/en/mopo/mpmdeci/mpr_1998/k980909c.htm ; https://www.boj.or.jp/en/mopo/mpmdeci/mpr_1999/k990212c.htm ; https://www.boj.or.jp/en/mopo/mpmdeci/mpr_2000/k000811.htm ; https://www.boj.or.jp/en/mopo/mpmdeci/mpr_2001/k010228a.htm ; https://www.boj.or.jp/en/mopo/mpmdeci/mpr_2006/k060309.htm ; https://www.boj.or.jp/en/mopo/mpmdeci/mpr_2006/k060714.pdf ; https://www.boj.or.jp/en/mopo/mpmdeci/mpr_2007/k070221.pdf ; https://www.boj.or.jp/en/mopo/mpmdeci/mpr_2008/k081031.pdf ; https://www.boj.or.jp/en/mopo/mpmdeci/mpr_2008/k081219.pdf ; https://www.boj.or.jp/en/mopo/mpmdeci/mpr_2010/k101005.pdf ; https://www.boj.or.jp/en/mopo/mpmdeci/mpr_2016/k160921a.pdf ; https://www.boj.or.jp/en/mopo/mpmdeci/mpr_2024/k240319a.pdf ; https://www.boj.or.jp/en/mopo/mpmdeci/mpr_2024/mpr240731c.pdf ; https://www.boj.or.jp/en/mopo/mpmdeci/mpr_2025/mpr250124a.pdf ; https://www.boj.or.jp/en/mopo/mpmdeci/mpr_2025/k251219a.pdf ; https://www.boj.or.jp/en/mopo/mpmdeci/mpr_2026/k260616a.pdf, Central bank policy rates - Japan - Monthly - End of period,2022-05,-0.1,A,F,
M,JP,368,0,,"From 17 Jun 2026 onwards: the BOJ encourages the uncollateralized overnight call rate to remain at around 1.00 percent; From 22 Dec 2025 to 16 Jun 2026: the BOJ encourages the uncollateralized overnight call rate to remain at around 0.75 percent; From 27 Jan 2025 to 21 Dec 2025: the BOJ encourages the uncollateralized overnight call rate to remain at around 0.50 percent; From 1 Aug 2024 to 26 Jan 2025: the BOJ encouraged the UOCR to remain at around 0.25% ; From 21 Mar 2024 to 31 July: the BOJ encouraged the UOCR to remain at around 0 to 0.1 %; from 21 Sep 2016 to 20 Mar 2024: the BOJ set the guideline for market operations which specifies a short-term policy interest rate at minus 0.1% and a target level of 10-year JGB yields at around 0%. Short-term policy interest rate; from 4 Apr 2013 to 20 Sep 2016: no policy rate; from 5 Oct 2010 to 3 Apr 2013: the BOJ encouraged the UOCR to remain at around 0 to 0.1%; from 19 Dec 2008 to 4 Oct 2010: the BOJ encouraged the UOCR to remain at around 0. %; from 31 Oct 2008 to 18 Dec 2008: the BOJ encouraged the UOCR to remain at around 0.3%; before 30 Oct 2008, refer to https://data.bis.org/topics/CBPOL",4,Bank of Japan,For details see: http://www.bis.org/statistics/cbpol/cbpol_doc.pdf  ; https://www.boj.or.jp/en/mopo/mpmdeci/mpr_1998/k980909c.htm ; https://www.boj.or.jp/en/mopo/mpmdeci/mpr_1999/k990212c.htm ; https://www.boj.or.jp/en/mopo/mpmdeci/mpr_2000/k000811.htm ; https://www.boj.or.jp/en/mopo/mpmdeci/mpr_2001/k010228a.htm ; https://www.boj.or.jp/en/mopo/mpmdeci/mpr_2006/k060309.htm ; https://www.boj.or.jp/en/mopo/mpmdeci/mpr_2006/k060714.pdf ; https://www.boj.or.jp/en/mopo/mpmdeci/mpr_2007/k070221.pdf ; https://www.boj.or.jp/en/mopo/mpmdeci/mpr_2008/k081031.pdf ; https://www.boj.or.jp/en/mopo/mpmdeci/mpr_2008/k081219.pdf ; https://www.boj.or.jp/en/mopo/mpmdeci/mpr_2010/k101005.pdf ; https://www.boj.or.jp/en/mopo/mpmdeci/mpr_2016/k160921a.pdf ; https://www.boj.or.jp/en/mopo/mpmdeci/mpr_2024/k240319a.pdf ; https://www.boj.or.jp/en/mopo/mpmdeci/mpr_2024/mpr240731c.pdf ; https://www.boj.or.jp/en/mopo/mpmdeci/mpr_2025/mpr250124a.pdf ; https://www.boj.or.jp/en/mopo/mpmdeci/mpr_2025/k251219a.pdf ; https://www.boj.or.jp/en/mopo/mpmdeci/mpr_2026/k260616a.pdf, Central bank policy rates - Japan - Monthly - End of period,2022-06,-0.1,A,F,
M,JP,368,0,,"From 17 Jun 2026 onwards: the BOJ encourages the uncollateralized overnight call rate to remain at around 1.00 percent; From 22 Dec 2025 to 16 Jun 2026: the BOJ encourages the uncollateralized overnight call rate to remain at around 0.75 percent; From 27 Jan 2025 to 21 Dec 2025: the BOJ encourages the uncollateralized overnight call rate to remain at around 0.50 percent; From 1 Aug 2024 to 26 Jan 2025: the BOJ encouraged the UOCR to remain at around 0.25% ; From 21 Mar 2024 to 31 July: the BOJ encouraged the UOCR to remain at around 0 to 0.1 %; from 21 Sep 2016 to 20 Mar 2024: the BOJ set the guideline for market operations which specifies a short-term policy interest rate at minus 0.1% and a target level of 10-year JGB yields at around 0%. Short-term policy interest rate; from 4 Apr 2013 to 20 Sep 2016: no policy rate; from 5 Oct 2010 to 3 Apr 2013: the BOJ encouraged the UOCR to remain at around 0 to 0.1%; from 19 Dec 2008 to 4 Oct 2010: the BOJ encouraged the UOCR to remain at around 0. %; from 31 Oct 2008 to 18 Dec 2008: the BOJ encouraged the UOCR to remain at around 0.3%; before 30 Oct 2008, refer to https://data.bis.org/topics/CBPOL",4,Bank of Japan,For details see: http://www.bis.org/statistics/cbpol/cbpol_doc.pdf  ; https://www.boj.or.jp/en/mopo/mpmdeci/mpr_1998/k980909c.htm ; https://www.boj.or.jp/en/mopo/mpmdeci/mpr_1999/k990212c.htm ; https://www.boj.or.jp/en/mopo/mpmdeci/mpr_2000/k000811.htm ; https://www.boj.or.jp/en/mopo/mpmdeci/mpr_2001/k010228a.htm ; https://www.boj.or.jp/en/mopo/mpmdeci/mpr_2006/k060309.htm ; https://www.boj.or.jp/en/mopo/mpmdeci/mpr_2006/k060714.pdf ; https://www.boj.or.jp/en/mopo/mpmdeci/mpr_2007/k070221.pdf ; https://www.boj.or.jp/en/mopo/mpmdeci/mpr_2008/k081031.pdf ; https://www.boj.or.jp/en/mopo/mpmdeci/mpr_2008/k081219.pdf ; https://www.boj.or.jp/en/mopo/mpmdeci/mpr_2010/k101005.pdf ; https://www.boj.or.jp/en/mopo/mpmdeci/mpr_2016/k160921a.pdf ; https://www.boj.or.jp/en/mopo/mpmdeci/mpr_2024/k240319a.pdf ; https://www.boj.or.jp/en/mopo/mpmdeci/mpr_2024/mpr240731c.pdf ; https://www.boj.or.jp/en/mopo/mpmdeci/mpr_2025/mpr250124a.pdf ; https://www.boj.or.jp/en/mopo/mpmdeci/mpr_2025/k251219a.pdf ; https://www.boj.or.jp/en/mopo/mpmdeci/mpr_2026/k260616a.pdf, Central bank policy rates - Japan - Monthly - End of period,2022-07,-0.1,A,F,
M,JP,368,0,,"From 17 Jun 2026 onwards: the BOJ encourages the uncollateralized overnight call rate to remain at around 1.00 percent; From 22 Dec 2025 to 16 Jun 2026: the BOJ encourages the uncollateralized overnight call rate to remain at around 0.75 percent; From 27 Jan 2025 to 21 Dec 2025: the BOJ encourages the uncollateralized overnight call rate to remain at around 0.50 percent; From 1 Aug 2024 to 26 Jan 2025: the BOJ encouraged the UOCR to remain at around 0.25% ; From 21 Mar 2024 to 31 July: the BOJ encouraged the UOCR to remain at around 0 to 0.1 %; from 21 Sep 2016 to 20 Mar 2024: the BOJ set the guideline for market operations which specifies a short-term policy interest rate at minus 0.1% and a target level of 10-year JGB yields at around 0%. Short-term policy interest rate; from 4 Apr 2013 to 20 Sep 2016: no policy rate; from 5 Oct 2010 to 3 Apr 2013: the BOJ encouraged the UOCR to remain at around 0 to 0.1%; from 19 Dec 2008 to 4 Oct 2010: the BOJ encouraged the UOCR to remain at around 0. %; from 31 Oct 2008 to 18 Dec 2008: the BOJ encouraged the UOCR to remain at around 0.3%; before 30 Oct 2008, refer to https://data.bis.org/topics/CBPOL",4,Bank of Japan,For details see: http://www.bis.org/statistics/cbpol/cbpol_doc.pdf  ; https://www.boj.or.jp/en/mopo/mpmdeci/mpr_1998/k980909c.htm ; https://www.boj.or.jp/en/mopo/mpmdeci/mpr_1999/k990212c.htm ; https://www.boj.or.jp/en/mopo/mpmdeci/mpr_2000/k000811.htm ; https://www.boj.or.jp/en/mopo/mpmdeci/mpr_2001/k010228a.htm ; https://www.boj.or.jp/en/mopo/mpmdeci/mpr_2006/k060309.htm ; https://www.boj.or.jp/en/mopo/mpmdeci/mpr_2006/k060714.pdf ; https://www.boj.or.jp/en/mopo/mpmdeci/mpr_2007/k070221.pdf ; https://www.boj.or.jp/en/mopo/mpmdeci/mpr_2008/k081031.pdf ; https://www.boj.or.jp/en/mopo/mpmdeci/mpr_2008/k081219.pdf ; https://www.boj.or.jp/en/mopo/mpmdeci/mpr_2010/k101005.pdf ; https://www.boj.or.jp/en/mopo/mpmdeci/mpr_2016/k160921a.pdf ; https://www.boj.or.jp/en/mopo/mpmdeci/mpr_2024/k240319a.pdf ; https://www.boj.or.jp/en/mopo/mpmdeci/mpr_2024/mpr240731c.pdf ; https://www.boj.or.jp/en/mopo/mpmdeci/mpr_2025/mpr250124a.pdf ; https://www.boj.or.jp/en/mopo/mpmdeci/mpr_2025/k251219a.pdf ; https://www.boj.or.jp/en/mopo/mpmdeci/mpr_2026/k260616a.pdf, Central bank policy rates - Japan - Monthly - End of period,2022-08,-0.1,A,F,
M,JP,368,0,,"From 17 Jun 2026 onwards: the BOJ encourages the uncollateralized overnight call rate to remain at around 1.00 percent; From 22 Dec 2025 to 16 Jun 2026: the BOJ encourages the uncollateralized overnight call rate to remain at around 0.75 percent; From 27 Jan 2025 to 21 Dec 2025: the BOJ encourages the uncollateralized overnight call rate to remain at around 0.50 percent; From 1 Aug 2024 to 26 Jan 2025: the BOJ encouraged the UOCR to remain at around 0.25% ; From 21 Mar 2024 to 31 July: the BOJ encouraged the UOCR to remain at around 0 to 0.1 %; from 21 Sep 2016 to 20 Mar 2024: the BOJ set the guideline for market operations which specifies a short-term policy interest rate at minus 0.1% and a target level of 10-year JGB yields at around 0%. Short-term policy interest rate; from 4 Apr 2013 to 20 Sep 2016: no policy rate; from 5 Oct 2010 to 3 Apr 2013: the BOJ encouraged the UOCR to remain at around 0 to 0.1%; from 19 Dec 2008 to 4 Oct 2010: the BOJ encouraged the UOCR to remain at around 0. %; from 31 Oct 2008 to 18 Dec 2008: the BOJ encouraged the UOCR to remain at around 0.3%; before 30 Oct 2008, refer to https://data.bis.org/topics/CBPOL",4,Bank of Japan,For details see: http://www.bis.org/statistics/cbpol/cbpol_doc.pdf  ; https://www.boj.or.jp/en/mopo/mpmdeci/mpr_1998/k980909c.htm ; https://www.boj.or.jp/en/mopo/mpmdeci/mpr_1999/k990212c.htm ; https://www.boj.or.jp/en/mopo/mpmdeci/mpr_2000/k000811.htm ; https://www.boj.or.jp/en/mopo/mpmdeci/mpr_2001/k010228a.htm ; https://www.boj.or.jp/en/mopo/mpmdeci/mpr_2006/k060309.htm ; https://www.boj.or.jp/en/mopo/mpmdeci/mpr_2006/k060714.pdf ; https://www.boj.or.jp/en/mopo/mpmdeci/mpr_2007/k070221.pdf ; https://www.boj.or.jp/en/mopo/mpmdeci/mpr_2008/k081031.pdf ; https://www.boj.or.jp/en/mopo/mpmdeci/mpr_2008/k081219.pdf ; https://www.boj.or.jp/en/mopo/mpmdeci/mpr_2010/k101005.pdf ; https://www.boj.or.jp/en/mopo/mpmdeci/mpr_2016/k160921a.pdf ; https://www.boj.or.jp/en/mopo/mpmdeci/mpr_2024/k240319a.pdf ; https://www.boj.or.jp/en/mopo/mpmdeci/mpr_2024/mpr240731c.pdf ; https://www.boj.or.jp/en/mopo/mpmdeci/mpr_2025/mpr250124a.pdf ; https://www.boj.or.jp/en/mopo/mpmdeci/mpr_2025/k251219a.pdf ; https://www.boj.or.jp/en/mopo/mpmdeci/mpr_2026/k260616a.pdf, Central bank policy rates - Japan - Monthly - End of period,2022-09,-0.1,A,F,
M,JP,368,0,,"From 17 Jun 2026 onwards: the BOJ encourages the uncollateralized overnight call rate to remain at around 1.00 percent; From 22 Dec 2025 to 16 Jun 2026: the BOJ encourages the uncollateralized overnight call rate to remain at around 0.75 percent; From 27 Jan 2025 to 21 Dec 2025: the BOJ encourages the uncollateralized overnight call rate to remain at around 0.50 percent; From 1 Aug 2024 to 26 Jan 2025: the BOJ encouraged the UOCR to remain at around 0.25% ; From 21 Mar 2024 to 31 July: the BOJ encouraged the UOCR to remain at around 0 to 0.1 %; from 21 Sep 2016 to 20 Mar 2024: the BOJ set the guideline for market operations which specifies a short-term policy interest rate at minus 0.1% and a target level of 10-year JGB yields at around 0%. Short-term policy interest rate; from 4 Apr 2013 to 20 Sep 2016: no policy rate; from 5 Oct 2010 to 3 Apr 2013: the BOJ encouraged the UOCR to remain at around 0 to 0.1%; from 19 Dec 2008 to 4 Oct 2010: the BOJ encouraged the UOCR to remain at around 0. %; from 31 Oct 2008 to 18 Dec 2008: the BOJ encouraged the UOCR to remain at around 0.3%; before 30 Oct 2008, refer to https://data.bis.org/topics/CBPOL",4,Bank of Japan,For details see: http://www.bis.org/statistics/cbpol/cbpol_doc.pdf  ; https://www.boj.or.jp/en/mopo/mpmdeci/mpr_1998/k980909c.htm ; https://www.boj.or.jp/en/mopo/mpmdeci/mpr_1999/k990212c.htm ; https://www.boj.or.jp/en/mopo/mpmdeci/mpr_2000/k000811.htm ; https://www.boj.or.jp/en/mopo/mpmdeci/mpr_2001/k010228a.htm ; https://www.boj.or.jp/en/mopo/mpmdeci/mpr_2006/k060309.htm ; https://www.boj.or.jp/en/mopo/mpmdeci/mpr_2006/k060714.pdf ; https://www.boj.or.jp/en/mopo/mpmdeci/mpr_2007/k070221.pdf ; https://www.boj.or.jp/en/mopo/mpmdeci/mpr_2008/k081031.pdf ; https://www.boj.or.jp/en/mopo/mpmdeci/mpr_2008/k081219.pdf ; https://www.boj.or.jp/en/mopo/mpmdeci/mpr_2010/k101005.pdf ; https://www.boj.or.jp/en/mopo/mpmdeci/mpr_2016/k160921a.pdf ; https://www.boj.or.jp/en/mopo/mpmdeci/mpr_2024/k240319a.pdf ; https://www.boj.or.jp/en/mopo/mpmdeci/mpr_2024/mpr240731c.pdf ; https://www.boj.or.jp/en/mopo/mpmdeci/mpr_2025/mpr250124a.pdf ; https://www.boj.or.jp/en/mopo/mpmdeci/mpr_2025/k251219a.pdf ; https://www.boj.or.jp/en/mopo/mpmdeci/mpr_2026/k260616a.pdf, Central bank policy rates - Japan - Monthly - End of period,2022-10,-0.1,A,F,
M,JP,368,0,,"From 17 Jun 2026 onwards: the BOJ encourages the uncollateralized overnight call rate to remain at around 1.00 percent; From 22 Dec 2025 to 16 Jun 2026: the BOJ encourages the uncollateralized overnight call rate to remain at around 0.75 percent; From 27 Jan 2025 to 21 Dec 2025: the BOJ encourages the uncollateralized overnight call rate to remain at around 0.50 percent; From 1 Aug 2024 to 26 Jan 2025: the BOJ encouraged the UOCR to remain at around 0.25% ; From 21 Mar 2024 to 31 July: the BOJ encouraged the UOCR to remain at around 0 to 0.1 %; from 21 Sep 2016 to 20 Mar 2024: the BOJ set the guideline for market operations which specifies a short-term policy interest rate at minus 0.1% and a target level of 10-year JGB yields at around 0%. Short-term policy interest rate; from 4 Apr 2013 to 20 Sep 2016: no policy rate; from 5 Oct 2010 to 3 Apr 2013: the BOJ encouraged the UOCR to remain at around 0 to 0.1%; from 19 Dec 2008 to 4 Oct 2010: the BOJ encouraged the UOCR to remain at around 0. %; from 31 Oct 2008 to 18 Dec 2008: the BOJ encouraged the UOCR to remain at around 0.3%; before 30 Oct 2008, refer to https://data.bis.org/topics/CBPOL",4,Bank of Japan,For details see: http://www.bis.org/statistics/cbpol/cbpol_doc.pdf  ; https://www.boj.or.jp/en/mopo/mpmdeci/mpr_1998/k980909c.htm ; https://www.boj.or.jp/en/mopo/mpmdeci/mpr_1999/k990212c.htm ; https://www.boj.or.jp/en/mopo/mpmdeci/mpr_2000/k000811.htm ; https://www.boj.or.jp/en/mopo/mpmdeci/mpr_2001/k010228a.htm ; https://www.boj.or.jp/en/mopo/mpmdeci/mpr_2006/k060309.htm ; https://www.boj.or.jp/en/mopo/mpmdeci/mpr_2006/k060714.pdf ; https://www.boj.or.jp/en/mopo/mpmdeci/mpr_2007/k070221.pdf ; https://www.boj.or.jp/en/mopo/mpmdeci/mpr_2008/k081031.pdf ; https://www.boj.or.jp/en/mopo/mpmdeci/mpr_2008/k081219.pdf ; https://www.boj.or.jp/en/mopo/mpmdeci/mpr_2010/k101005.pdf ; https://www.boj.or.jp/en/mopo/mpmdeci/mpr_2016/k160921a.pdf ; https://www.boj.or.jp/en/mopo/mpmdeci/mpr_2024/k240319a.pdf ; https://www.boj.or.jp/en/mopo/mpmdeci/mpr_2024/mpr240731c.pdf ; https://www.boj.or.jp/en/mopo/mpmdeci/mpr_2025/mpr250124a.pdf ; https://www.boj.or.jp/en/mopo/mpmdeci/mpr_2025/k251219a.pdf ; https://www.boj.or.jp/en/mopo/mpmdeci/mpr_2026/k260616a.pdf, Central bank policy rates - Japan - Monthly - End of period,2022-11,-0.1,A,F,
M,JP,368,0,,"From 17 Jun 2026 onwards: the BOJ encourages the uncollateralized overnight call rate to remain at around 1.00 percent; From 22 Dec 2025 to 16 Jun 2026: the BOJ encourages the uncollateralized overnight call rate to remain at around 0.75 percent; From 27 Jan 2025 to 21 Dec 2025: the BOJ encourages the uncollateralized overnight call rate to remain at around 0.50 percent; From 1 Aug 2024 to 26 Jan 2025: the BOJ encouraged the UOCR to remain at around 0.25% ; From 21 Mar 2024 to 31 July: the BOJ encouraged the UOCR to remain at around 0 to 0.1 %; from 21 Sep 2016 to 20 Mar 2024: the BOJ set the guideline for market operations which specifies a short-term policy interest rate at minus 0.1% and a target level of 10-year JGB yields at around 0%. Short-term policy interest rate; from 4 Apr 2013 to 20 Sep 2016: no policy rate; from 5 Oct 2010 to 3 Apr 2013: the BOJ encouraged the UOCR to remain at around 0 to 0.1%; from 19 Dec 2008 to 4 Oct 2010: the BOJ encouraged the UOCR to remain at around 0. %; from 31 Oct 2008 to 18 Dec 2008: the BOJ encouraged the UOCR to remain at around 0.3%; before 30 Oct 2008, refer to https://data.bis.org/topics/CBPOL",4,Bank of Japan,For details see: http://www.bis.org/statistics/cbpol/cbpol_doc.pdf  ; https://www.boj.or.jp/en/mopo/mpmdeci/mpr_1998/k980909c.htm ; https://www.boj.or.jp/en/mopo/mpmdeci/mpr_1999/k990212c.htm ; https://www.boj.or.jp/en/mopo/mpmdeci/mpr_2000/k000811.htm ; https://www.boj.or.jp/en/mopo/mpmdeci/mpr_2001/k010228a.htm ; https://www.boj.or.jp/en/mopo/mpmdeci/mpr_2006/k060309.htm ; https://www.boj.or.jp/en/mopo/mpmdeci/mpr_2006/k060714.pdf ; https://www.boj.or.jp/en/mopo/mpmdeci/mpr_2007/k070221.pdf ; https://www.boj.or.jp/en/mopo/mpmdeci/mpr_2008/k081031.pdf ; https://www.boj.or.jp/en/mopo/mpmdeci/mpr_2008/k081219.pdf ; https://www.boj.or.jp/en/mopo/mpmdeci/mpr_2010/k101005.pdf ; https://www.boj.or.jp/en/mopo/mpmdeci/mpr_2016/k160921a.pdf ; https://www.boj.or.jp/en/mopo/mpmdeci/mpr_2024/k240319a.pdf ; https://www.boj.or.jp/en/mopo/mpmdeci/mpr_2024/mpr240731c.pdf ; https://www.boj.or.jp/en/mopo/mpmdeci/mpr_2025/mpr250124a.pdf ; https://www.boj.or.jp/en/mopo/mpmdeci/mpr_2025/k251219a.pdf ; https://www.boj.or.jp/en/mopo/mpmdeci/mpr_2026/k260616a.pdf, Central bank policy rates - Japan - Monthly - End of period,2022-12,-0.1,A,F,
M,JP,368,0,,"From 17 Jun 2026 onwards: the BOJ encourages the uncollateralized overnight call rate to remain at around 1.00 percent; From 22 Dec 2025 to 16 Jun 2026: the BOJ encourages the uncollateralized overnight call rate to remain at around 0.75 percent; From 27 Jan 2025 to 21 Dec 2025: the BOJ encourages the uncollateralized overnight call rate to remain at around 0.50 percent; From 1 Aug 2024 to 26 Jan 2025: the BOJ encouraged the UOCR to remain at around 0.25% ; From 21 Mar 2024 to 31 July: the BOJ encouraged the UOCR to remain at around 0 to 0.1 %; from 21 Sep 2016 to 20 Mar 2024: the BOJ set the guideline for market operations which specifies a short-term policy interest rate at minus 0.1% and a target level of 10-year JGB yields at around 0%. Short-term policy interest rate; from 4 Apr 2013 to 20 Sep 2016: no policy rate; from 5 Oct 2010 to 3 Apr 2013: the BOJ encouraged the UOCR to remain at around 0 to 0.1%; from 19 Dec 2008 to 4 Oct 2010: the BOJ encouraged the UOCR to remain at around 0. %; from 31 Oct 2008 to 18 Dec 2008: the BOJ encouraged the UOCR to remain at around 0.3%; before 30 Oct 2008, refer to https://data.bis.org/topics/CBPOL",4,Bank of Japan,For details see: http://www.bis.org/statistics/cbpol/cbpol_doc.pdf  ; https://www.boj.or.jp/en/mopo/mpmdeci/mpr_1998/k980909c.htm ; https://www.boj.or.jp/en/mopo/mpmdeci/mpr_1999/k990212c.htm ; https://www.boj.or.jp/en/mopo/mpmdeci/mpr_2000/k000811.htm ; https://www.boj.or.jp/en/mopo/mpmdeci/mpr_2001/k010228a.htm ; https://www.boj.or.jp/en/mopo/mpmdeci/mpr_2006/k060309.htm ; https://www.boj.or.jp/en/mopo/mpmdeci/mpr_2006/k060714.pdf ; https://www.boj.or.jp/en/mopo/mpmdeci/mpr_2007/k070221.pdf ; https://www.boj.or.jp/en/mopo/mpmdeci/mpr_2008/k081031.pdf ; https://www.boj.or.jp/en/mopo/mpmdeci/mpr_2008/k081219.pdf ; https://www.boj.or.jp/en/mopo/mpmdeci/mpr_2010/k101005.pdf ; https://www.boj.or.jp/en/mopo/mpmdeci/mpr_2016/k160921a.pdf ; https://www.boj.or.jp/en/mopo/mpmdeci/mpr_2024/k240319a.pdf ; https://www.boj.or.jp/en/mopo/mpmdeci/mpr_2024/mpr240731c.pdf ; https://www.boj.or.jp/en/mopo/mpmdeci/mpr_2025/mpr250124a.pdf ; https://www.boj.or.jp/en/mopo/mpmdeci/mpr_2025/k251219a.pdf ; https://www.boj.or.jp/en/mopo/mpmdeci/mpr_2026/k260616a.pdf, Central bank policy rates - Japan - Monthly - End of period,2023-01,-0.1,A,F,
M,JP,368,0,,"From 17 Jun 2026 onwards: the BOJ encourages the uncollateralized overnight call rate to remain at around 1.00 percent; From 22 Dec 2025 to 16 Jun 2026: the BOJ encourages the uncollateralized overnight call rate to remain at around 0.75 percent; From 27 Jan 2025 to 21 Dec 2025: the BOJ encourages the uncollateralized overnight call rate to remain at around 0.50 percent; From 1 Aug 2024 to 26 Jan 2025: the BOJ encouraged the UOCR to remain at around 0.25% ; From 21 Mar 2024 to 31 July: the BOJ encouraged the UOCR to remain at around 0 to 0.1 %; from 21 Sep 2016 to 20 Mar 2024: the BOJ set the guideline for market operations which specifies a short-term policy interest rate at minus 0.1% and a target level of 10-year JGB yields at around 0%. Short-term policy interest rate; from 4 Apr 2013 to 20 Sep 2016: no policy rate; from 5 Oct 2010 to 3 Apr 2013: the BOJ encouraged the UOCR to remain at around 0 to 0.1%; from 19 Dec 2008 to 4 Oct 2010: the BOJ encouraged the UOCR to remain at around 0. %; from 31 Oct 2008 to 18 Dec 2008: the BOJ encouraged the UOCR to remain at around 0.3%; before 30 Oct 2008, refer to https://data.bis.org/topics/CBPOL",4,Bank of Japan,For details see: http://www.bis.org/statistics/cbpol/cbpol_doc.pdf  ; https://www.boj.or.jp/en/mopo/mpmdeci/mpr_1998/k980909c.htm ; https://www.boj.or.jp/en/mopo/mpmdeci/mpr_1999/k990212c.htm ; https://www.boj.or.jp/en/mopo/mpmdeci/mpr_2000/k000811.htm ; https://www.boj.or.jp/en/mopo/mpmdeci/mpr_2001/k010228a.htm ; https://www.boj.or.jp/en/mopo/mpmdeci/mpr_2006/k060309.htm ; https://www.boj.or.jp/en/mopo/mpmdeci/mpr_2006/k060714.pdf ; https://www.boj.or.jp/en/mopo/mpmdeci/mpr_2007/k070221.pdf ; https://www.boj.or.jp/en/mopo/mpmdeci/mpr_2008/k081031.pdf ; https://www.boj.or.jp/en/mopo/mpmdeci/mpr_2008/k081219.pdf ; https://www.boj.or.jp/en/mopo/mpmdeci/mpr_2010/k101005.pdf ; https://www.boj.or.jp/en/mopo/mpmdeci/mpr_2016/k160921a.pdf ; https://www.boj.or.jp/en/mopo/mpmdeci/mpr_2024/k240319a.pdf ; https://www.boj.or.jp/en/mopo/mpmdeci/mpr_2024/mpr240731c.pdf ; https://www.boj.or.jp/en/mopo/mpmdeci/mpr_2025/mpr250124a.pdf ; https://www.boj.or.jp/en/mopo/mpmdeci/mpr_2025/k251219a.pdf ; https://www.boj.or.jp/en/mopo/mpmdeci/mpr_2026/k260616a.pdf, Central bank policy rates - Japan - Monthly - End of period,2023-02,-0.1,A,F,
M,JP,368,0,,"From 17 Jun 2026 onwards: the BOJ encourages the uncollateralized overnight call rate to remain at around 1.00 percent; From 22 Dec 2025 to 16 Jun 2026: the BOJ encourages the uncollateralized overnight call rate to remain at around 0.75 percent; From 27 Jan 2025 to 21 Dec 2025: the BOJ encourages the uncollateralized overnight call rate to remain at around 0.50 percent; From 1 Aug 2024 to 26 Jan 2025: the BOJ encouraged the UOCR to remain at around 0.25% ; From 21 Mar 2024 to 31 July: the BOJ encouraged the UOCR to remain at around 0 to 0.1 %; from 21 Sep 2016 to 20 Mar 2024: the BOJ set the guideline for market operations which specifies a short-term policy interest rate at minus 0.1% and a target level of 10-year JGB yields at around 0%. Short-term policy interest rate; from 4 Apr 2013 to 20 Sep 2016: no policy rate; from 5 Oct 2010 to 3 Apr 2013: the BOJ encouraged the UOCR to remain at around 0 to 0.1%; from 19 Dec 2008 to 4 Oct 2010: the BOJ encouraged the UOCR to remain at around 0. %; from 31 Oct 2008 to 18 Dec 2008: the BOJ encouraged the UOCR to remain at around 0.3%; before 30 Oct 2008, refer to https://data.bis.org/topics/CBPOL",4,Bank of Japan,For details see: http://www.bis.org/statistics/cbpol/cbpol_doc.pdf  ; https://www.boj.or.jp/en/mopo/mpmdeci/mpr_1998/k980909c.htm ; https://www.boj.or.jp/en/mopo/mpmdeci/mpr_1999/k990212c.htm ; https://www.boj.or.jp/en/mopo/mpmdeci/mpr_2000/k000811.htm ; https://www.boj.or.jp/en/mopo/mpmdeci/mpr_2001/k010228a.htm ; https://www.boj.or.jp/en/mopo/mpmdeci/mpr_2006/k060309.htm ; https://www.boj.or.jp/en/mopo/mpmdeci/mpr_2006/k060714.pdf ; https://www.boj.or.jp/en/mopo/mpmdeci/mpr_2007/k070221.pdf ; https://www.boj.or.jp/en/mopo/mpmdeci/mpr_2008/k081031.pdf ; https://www.boj.or.jp/en/mopo/mpmdeci/mpr_2008/k081219.pdf ; https://www.boj.or.jp/en/mopo/mpmdeci/mpr_2010/k101005.pdf ; https://www.boj.or.jp/en/mopo/mpmdeci/mpr_2016/k160921a.pdf ; https://www.boj.or.jp/en/mopo/mpmdeci/mpr_2024/k240319a.pdf ; https://www.boj.or.jp/en/mopo/mpmdeci/mpr_2024/mpr240731c.pdf ; https://www.boj.or.jp/en/mopo/mpmdeci/mpr_2025/mpr250124a.pdf ; https://www.boj.or.jp/en/mopo/mpmdeci/mpr_2025/k251219a.pdf ; https://www.boj.or.jp/en/mopo/mpmdeci/mpr_2026/k260616a.pdf, Central bank policy rates - Japan - Monthly - End of period,2023-03,-0.1,A,F,
M,JP,368,0,,"From 17 Jun 2026 onwards: the BOJ encourages the uncollateralized overnight call rate to remain at around 1.00 percent; From 22 Dec 2025 to 16 Jun 2026: the BOJ encourages the uncollateralized overnight call rate to remain at around 0.75 percent; From 27 Jan 2025 to 21 Dec 2025: the BOJ encourages the uncollateralized overnight call rate to remain at around 0.50 percent; From 1 Aug 2024 to 26 Jan 2025: the BOJ encouraged the UOCR to remain at around 0.25% ; From 21 Mar 2024 to 31 July: the BOJ encouraged the UOCR to remain at around 0 to 0.1 %; from 21 Sep 2016 to 20 Mar 2024: the BOJ set the guideline for market operations which specifies a short-term policy interest rate at minus 0.1% and a target level of 10-year JGB yields at around 0%. Short-term policy interest rate; from 4 Apr 2013 to 20 Sep 2016: no policy rate; from 5 Oct 2010 to 3 Apr 2013: the BOJ encouraged the UOCR to remain at around 0 to 0.1%; from 19 Dec 2008 to 4 Oct 2010: the BOJ encouraged the UOCR to remain at around 0. %; from 31 Oct 2008 to 18 Dec 2008: the BOJ encouraged the UOCR to remain at around 0.3%; before 30 Oct 2008, refer to https://data.bis.org/topics/CBPOL",4,Bank of Japan,For details see: http://www.bis.org/statistics/cbpol/cbpol_doc.pdf  ; https://www.boj.or.jp/en/mopo/mpmdeci/mpr_1998/k980909c.htm ; https://www.boj.or.jp/en/mopo/mpmdeci/mpr_1999/k990212c.htm ; https://www.boj.or.jp/en/mopo/mpmdeci/mpr_2000/k000811.htm ; https://www.boj.or.jp/en/mopo/mpmdeci/mpr_2001/k010228a.htm ; https://www.boj.or.jp/en/mopo/mpmdeci/mpr_2006/k060309.htm ; https://www.boj.or.jp/en/mopo/mpmdeci/mpr_2006/k060714.pdf ; https://www.boj.or.jp/en/mopo/mpmdeci/mpr_2007/k070221.pdf ; https://www.boj.or.jp/en/mopo/mpmdeci/mpr_2008/k081031.pdf ; https://www.boj.or.jp/en/mopo/mpmdeci/mpr_2008/k081219.pdf ; https://www.boj.or.jp/en/mopo/mpmdeci/mpr_2010/k101005.pdf ; https://www.boj.or.jp/en/mopo/mpmdeci/mpr_2016/k160921a.pdf ; https://www.boj.or.jp/en/mopo/mpmdeci/mpr_2024/k240319a.pdf ; https://www.boj.or.jp/en/mopo/mpmdeci/mpr_2024/mpr240731c.pdf ; https://www.boj.or.jp/en/mopo/mpmdeci/mpr_2025/mpr250124a.pdf ; https://www.boj.or.jp/en/mopo/mpmdeci/mpr_2025/k251219a.pdf ; https://www.boj.or.jp/en/mopo/mpmdeci/mpr_2026/k260616a.pdf, Central bank policy rates - Japan - Monthly - End of period,2023-04,-0.1,A,F,
M,JP,368,0,,"From 17 Jun 2026 onwards: the BOJ encourages the uncollateralized overnight call rate to remain at around 1.00 percent; From 22 Dec 2025 to 16 Jun 2026: the BOJ encourages the uncollateralized overnight call rate to remain at around 0.75 percent; From 27 Jan 2025 to 21 Dec 2025: the BOJ encourages the uncollateralized overnight call rate to remain at around 0.50 percent; From 1 Aug 2024 to 26 Jan 2025: the BOJ encouraged the UOCR to remain at around 0.25% ; From 21 Mar 2024 to 31 July: the BOJ encouraged the UOCR to remain at around 0 to 0.1 %; from 21 Sep 2016 to 20 Mar 2024: the BOJ set the guideline for market operations which specifies a short-term policy interest rate at minus 0.1% and a target level of 10-year JGB yields at around 0%. Short-term policy interest rate; from 4 Apr 2013 to 20 Sep 2016: no policy rate; from 5 Oct 2010 to 3 Apr 2013: the BOJ encouraged the UOCR to remain at around 0 to 0.1%; from 19 Dec 2008 to 4 Oct 2010: the BOJ encouraged the UOCR to remain at around 0. %; from 31 Oct 2008 to 18 Dec 2008: the BOJ encouraged the UOCR to remain at around 0.3%; before 30 Oct 2008, refer to https://data.bis.org/topics/CBPOL",4,Bank of Japan,For details see: http://www.bis.org/statistics/cbpol/cbpol_doc.pdf  ; https://www.boj.or.jp/en/mopo/mpmdeci/mpr_1998/k980909c.htm ; https://www.boj.or.jp/en/mopo/mpmdeci/mpr_1999/k990212c.htm ; https://www.boj.or.jp/en/mopo/mpmdeci/mpr_2000/k000811.htm ; https://www.boj.or.jp/en/mopo/mpmdeci/mpr_2001/k010228a.htm ; https://www.boj.or.jp/en/mopo/mpmdeci/mpr_2006/k060309.htm ; https://www.boj.or.jp/en/mopo/mpmdeci/mpr_2006/k060714.pdf ; https://www.boj.or.jp/en/mopo/mpmdeci/mpr_2007/k070221.pdf ; https://www.boj.or.jp/en/mopo/mpmdeci/mpr_2008/k081031.pdf ; https://www.boj.or.jp/en/mopo/mpmdeci/mpr_2008/k081219.pdf ; https://www.boj.or.jp/en/mopo/mpmdeci/mpr_2010/k101005.pdf ; https://www.boj.or.jp/en/mopo/mpmdeci/mpr_2016/k160921a.pdf ; https://www.boj.or.jp/en/mopo/mpmdeci/mpr_2024/k240319a.pdf ; https://www.boj.or.jp/en/mopo/mpmdeci/mpr_2024/mpr240731c.pdf ; https://www.boj.or.jp/en/mopo/mpmdeci/mpr_2025/mpr250124a.pdf ; https://www.boj.or.jp/en/mopo/mpmdeci/mpr_2025/k251219a.pdf ; https://www.boj.or.jp/en/mopo/mpmdeci/mpr_2026/k260616a.pdf, Central bank policy rates - Japan - Monthly - End of period,2023-05,-0.1,A,F,
M,JP,368,0,,"From 17 Jun 2026 onwards: the BOJ encourages the uncollateralized overnight call rate to remain at around 1.00 percent; From 22 Dec 2025 to 16 Jun 2026: the BOJ encourages the uncollateralized overnight call rate to remain at around 0.75 percent; From 27 Jan 2025 to 21 Dec 2025: the BOJ encourages the uncollateralized overnight call rate to remain at around 0.50 percent; From 1 Aug 2024 to 26 Jan 2025: the BOJ encouraged the UOCR to remain at around 0.25% ; From 21 Mar 2024 to 31 July: the BOJ encouraged the UOCR to remain at around 0 to 0.1 %; from 21 Sep 2016 to 20 Mar 2024: the BOJ set the guideline for market operations which specifies a short-term policy interest rate at minus 0.1% and a target level of 10-year JGB yields at around 0%. Short-term policy interest rate; from 4 Apr 2013 to 20 Sep 2016: no policy rate; from 5 Oct 2010 to 3 Apr 2013: the BOJ encouraged the UOCR to remain at around 0 to 0.1%; from 19 Dec 2008 to 4 Oct 2010: the BOJ encouraged the UOCR to remain at around 0. %; from 31 Oct 2008 to 18 Dec 2008: the BOJ encouraged the UOCR to remain at around 0.3%; before 30 Oct 2008, refer to https://data.bis.org/topics/CBPOL",4,Bank of Japan,For details see: http://www.bis.org/statistics/cbpol/cbpol_doc.pdf  ; https://www.boj.or.jp/en/mopo/mpmdeci/mpr_1998/k980909c.htm ; https://www.boj.or.jp/en/mopo/mpmdeci/mpr_1999/k990212c.htm ; https://www.boj.or.jp/en/mopo/mpmdeci/mpr_2000/k000811.htm ; https://www.boj.or.jp/en/mopo/mpmdeci/mpr_2001/k010228a.htm ; https://www.boj.or.jp/en/mopo/mpmdeci/mpr_2006/k060309.htm ; https://www.boj.or.jp/en/mopo/mpmdeci/mpr_2006/k060714.pdf ; https://www.boj.or.jp/en/mopo/mpmdeci/mpr_2007/k070221.pdf ; https://www.boj.or.jp/en/mopo/mpmdeci/mpr_2008/k081031.pdf ; https://www.boj.or.jp/en/mopo/mpmdeci/mpr_2008/k081219.pdf ; https://www.boj.or.jp/en/mopo/mpmdeci/mpr_2010/k101005.pdf ; https://www.boj.or.jp/en/mopo/mpmdeci/mpr_2016/k160921a.pdf ; https://www.boj.or.jp/en/mopo/mpmdeci/mpr_2024/k240319a.pdf ; https://www.boj.or.jp/en/mopo/mpmdeci/mpr_2024/mpr240731c.pdf ; https://www.boj.or.jp/en/mopo/mpmdeci/mpr_2025/mpr250124a.pdf ; https://www.boj.or.jp/en/mopo/mpmdeci/mpr_2025/k251219a.pdf ; https://www.boj.or.jp/en/mopo/mpmdeci/mpr_2026/k260616a.pdf, Central bank policy rates - Japan - Monthly - End of period,2023-06,-0.1,A,F,
M,JP,368,0,,"From 17 Jun 2026 onwards: the BOJ encourages the uncollateralized overnight call rate to remain at around 1.00 percent; From 22 Dec 2025 to 16 Jun 2026: the BOJ encourages the uncollateralized overnight call rate to remain at around 0.75 percent; From 27 Jan 2025 to 21 Dec 2025: the BOJ encourages the uncollateralized overnight call rate to remain at around 0.50 percent; From 1 Aug 2024 to 26 Jan 2025: the BOJ encouraged the UOCR to remain at around 0.25% ; From 21 Mar 2024 to 31 July: the BOJ encouraged the UOCR to remain at around 0 to 0.1 %; from 21 Sep 2016 to 20 Mar 2024: the BOJ set the guideline for market operations which specifies a short-term policy interest rate at minus 0.1% and a target level of 10-year JGB yields at around 0%. Short-term policy interest rate; from 4 Apr 2013 to 20 Sep 2016: no policy rate; from 5 Oct 2010 to 3 Apr 2013: the BOJ encouraged the UOCR to remain at around 0 to 0.1%; from 19 Dec 2008 to 4 Oct 2010: the BOJ encouraged the UOCR to remain at around 0. %; from 31 Oct 2008 to 18 Dec 2008: the BOJ encouraged the UOCR to remain at around 0.3%; before 30 Oct 2008, refer to https://data.bis.org/topics/CBPOL",4,Bank of Japan,For details see: http://www.bis.org/statistics/cbpol/cbpol_doc.pdf  ; https://www.boj.or.jp/en/mopo/mpmdeci/mpr_1998/k980909c.htm ; https://www.boj.or.jp/en/mopo/mpmdeci/mpr_1999/k990212c.htm ; https://www.boj.or.jp/en/mopo/mpmdeci/mpr_2000/k000811.htm ; https://www.boj.or.jp/en/mopo/mpmdeci/mpr_2001/k010228a.htm ; https://www.boj.or.jp/en/mopo/mpmdeci/mpr_2006/k060309.htm ; https://www.boj.or.jp/en/mopo/mpmdeci/mpr_2006/k060714.pdf ; https://www.boj.or.jp/en/mopo/mpmdeci/mpr_2007/k070221.pdf ; https://www.boj.or.jp/en/mopo/mpmdeci/mpr_2008/k081031.pdf ; https://www.boj.or.jp/en/mopo/mpmdeci/mpr_2008/k081219.pdf ; https://www.boj.or.jp/en/mopo/mpmdeci/mpr_2010/k101005.pdf ; https://www.boj.or.jp/en/mopo/mpmdeci/mpr_2016/k160921a.pdf ; https://www.boj.or.jp/en/mopo/mpmdeci/mpr_2024/k240319a.pdf ; https://www.boj.or.jp/en/mopo/mpmdeci/mpr_2024/mpr240731c.pdf ; https://www.boj.or.jp/en/mopo/mpmdeci/mpr_2025/mpr250124a.pdf ; https://www.boj.or.jp/en/mopo/mpmdeci/mpr_2025/k251219a.pdf ; https://www.boj.or.jp/en/mopo/mpmdeci/mpr_2026/k260616a.pdf, Central bank policy rates - Japan - Monthly - End of period,2023-07,-0.1,A,F,
M,JP,368,0,,"From 17 Jun 2026 onwards: the BOJ encourages the uncollateralized overnight call rate to remain at around 1.00 percent; From 22 Dec 2025 to 16 Jun 2026: the BOJ encourages the uncollateralized overnight call rate to remain at around 0.75 percent; From 27 Jan 2025 to 21 Dec 2025: the BOJ encourages the uncollateralized overnight call rate to remain at around 0.50 percent; From 1 Aug 2024 to 26 Jan 2025: the BOJ encouraged the UOCR to remain at around 0.25% ; From 21 Mar 2024 to 31 July: the BOJ encouraged the UOCR to remain at around 0 to 0.1 %; from 21 Sep 2016 to 20 Mar 2024: the BOJ set the guideline for market operations which specifies a short-term policy interest rate at minus 0.1% and a target level of 10-year JGB yields at around 0%. Short-term policy interest rate; from 4 Apr 2013 to 20 Sep 2016: no policy rate; from 5 Oct 2010 to 3 Apr 2013: the BOJ encouraged the UOCR to remain at around 0 to 0.1%; from 19 Dec 2008 to 4 Oct 2010: the BOJ encouraged the UOCR to remain at around 0. %; from 31 Oct 2008 to 18 Dec 2008: the BOJ encouraged the UOCR to remain at around 0.3%; before 30 Oct 2008, refer to https://data.bis.org/topics/CBPOL",4,Bank of Japan,For details see: http://www.bis.org/statistics/cbpol/cbpol_doc.pdf  ; https://www.boj.or.jp/en/mopo/mpmdeci/mpr_1998/k980909c.htm ; https://www.boj.or.jp/en/mopo/mpmdeci/mpr_1999/k990212c.htm ; https://www.boj.or.jp/en/mopo/mpmdeci/mpr_2000/k000811.htm ; https://www.boj.or.jp/en/mopo/mpmdeci/mpr_2001/k010228a.htm ; https://www.boj.or.jp/en/mopo/mpmdeci/mpr_2006/k060309.htm ; https://www.boj.or.jp/en/mopo/mpmdeci/mpr_2006/k060714.pdf ; https://www.boj.or.jp/en/mopo/mpmdeci/mpr_2007/k070221.pdf ; https://www.boj.or.jp/en/mopo/mpmdeci/mpr_2008/k081031.pdf ; https://www.boj.or.jp/en/mopo/mpmdeci/mpr_2008/k081219.pdf ; https://www.boj.or.jp/en/mopo/mpmdeci/mpr_2010/k101005.pdf ; https://www.boj.or.jp/en/mopo/mpmdeci/mpr_2016/k160921a.pdf ; https://www.boj.or.jp/en/mopo/mpmdeci/mpr_2024/k240319a.pdf ; https://www.boj.or.jp/en/mopo/mpmdeci/mpr_2024/mpr240731c.pdf ; https://www.boj.or.jp/en/mopo/mpmdeci/mpr_2025/mpr250124a.pdf ; https://www.boj.or.jp/en/mopo/mpmdeci/mpr_2025/k251219a.pdf ; https://www.boj.or.jp/en/mopo/mpmdeci/mpr_2026/k260616a.pdf, Central bank policy rates - Japan - Monthly - End of period,2023-08,-0.1,A,F,
M,JP,368,0,,"From 17 Jun 2026 onwards: the BOJ encourages the uncollateralized overnight call rate to remain at around 1.00 percent; From 22 Dec 2025 to 16 Jun 2026: the BOJ encourages the uncollateralized overnight call rate to remain at around 0.75 percent; From 27 Jan 2025 to 21 Dec 2025: the BOJ encourages the uncollateralized overnight call rate to remain at around 0.50 percent; From 1 Aug 2024 to 26 Jan 2025: the BOJ encouraged the UOCR to remain at around 0.25% ; From 21 Mar 2024 to 31 July: the BOJ encouraged the UOCR to remain at around 0 to 0.1 %; from 21 Sep 2016 to 20 Mar 2024: the BOJ set the guideline for market operations which specifies a short-term policy interest rate at minus 0.1% and a target level of 10-year JGB yields at around 0%. Short-term policy interest rate; from 4 Apr 2013 to 20 Sep 2016: no policy rate; from 5 Oct 2010 to 3 Apr 2013: the BOJ encouraged the UOCR to remain at around 0 to 0.1%; from 19 Dec 2008 to 4 Oct 2010: the BOJ encouraged the UOCR to remain at around 0. %; from 31 Oct 2008 to 18 Dec 2008: the BOJ encouraged the UOCR to remain at around 0.3%; before 30 Oct 2008, refer to https://data.bis.org/topics/CBPOL",4,Bank of Japan,For details see: http://www.bis.org/statistics/cbpol/cbpol_doc.pdf  ; https://www.boj.or.jp/en/mopo/mpmdeci/mpr_1998/k980909c.htm ; https://www.boj.or.jp/en/mopo/mpmdeci/mpr_1999/k990212c.htm ; https://www.boj.or.jp/en/mopo/mpmdeci/mpr_2000/k000811.htm ; https://www.boj.or.jp/en/mopo/mpmdeci/mpr_2001/k010228a.htm ; https://www.boj.or.jp/en/mopo/mpmdeci/mpr_2006/k060309.htm ; https://www.boj.or.jp/en/mopo/mpmdeci/mpr_2006/k060714.pdf ; https://www.boj.or.jp/en/mopo/mpmdeci/mpr_2007/k070221.pdf ; https://www.boj.or.jp/en/mopo/mpmdeci/mpr_2008/k081031.pdf ; https://www.boj.or.jp/en/mopo/mpmdeci/mpr_2008/k081219.pdf ; https://www.boj.or.jp/en/mopo/mpmdeci/mpr_2010/k101005.pdf ; https://www.boj.or.jp/en/mopo/mpmdeci/mpr_2016/k160921a.pdf ; https://www.boj.or.jp/en/mopo/mpmdeci/mpr_2024/k240319a.pdf ; https://www.boj.or.jp/en/mopo/mpmdeci/mpr_2024/mpr240731c.pdf ; https://www.boj.or.jp/en/mopo/mpmdeci/mpr_2025/mpr250124a.pdf ; https://www.boj.or.jp/en/mopo/mpmdeci/mpr_2025/k251219a.pdf ; https://www.boj.or.jp/en/mopo/mpmdeci/mpr_2026/k260616a.pdf, Central bank policy rates - Japan - Monthly - End of period,2023-09,-0.1,A,F,
M,JP,368,0,,"From 17 Jun 2026 onwards: the BOJ encourages the uncollateralized overnight call rate to remain at around 1.00 percent; From 22 Dec 2025 to 16 Jun 2026: the BOJ encourages the uncollateralized overnight call rate to remain at around 0.75 percent; From 27 Jan 2025 to 21 Dec 2025: the BOJ encourages the uncollateralized overnight call rate to remain at around 0.50 percent; From 1 Aug 2024 to 26 Jan 2025: the BOJ encouraged the UOCR to remain at around 0.25% ; From 21 Mar 2024 to 31 July: the BOJ encouraged the UOCR to remain at around 0 to 0.1 %; from 21 Sep 2016 to 20 Mar 2024: the BOJ set the guideline for market operations which specifies a short-term policy interest rate at minus 0.1% and a target level of 10-year JGB yields at around 0%. Short-term policy interest rate; from 4 Apr 2013 to 20 Sep 2016: no policy rate; from 5 Oct 2010 to 3 Apr 2013: the BOJ encouraged the UOCR to remain at around 0 to 0.1%; from 19 Dec 2008 to 4 Oct 2010: the BOJ encouraged the UOCR to remain at around 0. %; from 31 Oct 2008 to 18 Dec 2008: the BOJ encouraged the UOCR to remain at around 0.3%; before 30 Oct 2008, refer to https://data.bis.org/topics/CBPOL",4,Bank of Japan,For details see: http://www.bis.org/statistics/cbpol/cbpol_doc.pdf  ; https://www.boj.or.jp/en/mopo/mpmdeci/mpr_1998/k980909c.htm ; https://www.boj.or.jp/en/mopo/mpmdeci/mpr_1999/k990212c.htm ; https://www.boj.or.jp/en/mopo/mpmdeci/mpr_2000/k000811.htm ; https://www.boj.or.jp/en/mopo/mpmdeci/mpr_2001/k010228a.htm ; https://www.boj.or.jp/en/mopo/mpmdeci/mpr_2006/k060309.htm ; https://www.boj.or.jp/en/mopo/mpmdeci/mpr_2006/k060714.pdf ; https://www.boj.or.jp/en/mopo/mpmdeci/mpr_2007/k070221.pdf ; https://www.boj.or.jp/en/mopo/mpmdeci/mpr_2008/k081031.pdf ; https://www.boj.or.jp/en/mopo/mpmdeci/mpr_2008/k081219.pdf ; https://www.boj.or.jp/en/mopo/mpmdeci/mpr_2010/k101005.pdf ; https://www.boj.or.jp/en/mopo/mpmdeci/mpr_2016/k160921a.pdf ; https://www.boj.or.jp/en/mopo/mpmdeci/mpr_2024/k240319a.pdf ; https://www.boj.or.jp/en/mopo/mpmdeci/mpr_2024/mpr240731c.pdf ; https://www.boj.or.jp/en/mopo/mpmdeci/mpr_2025/mpr250124a.pdf ; https://www.boj.or.jp/en/mopo/mpmdeci/mpr_2025/k251219a.pdf ; https://www.boj.or.jp/en/mopo/mpmdeci/mpr_2026/k260616a.pdf, Central bank policy rates - Japan - Monthly - End of period,2023-10,-0.1,A,F,
M,JP,368,0,,"From 17 Jun 2026 onwards: the BOJ encourages the uncollateralized overnight call rate to remain at around 1.00 percent; From 22 Dec 2025 to 16 Jun 2026: the BOJ encourages the uncollateralized overnight call rate to remain at around 0.75 percent; From 27 Jan 2025 to 21 Dec 2025: the BOJ encourages the uncollateralized overnight call rate to remain at around 0.50 percent; From 1 Aug 2024 to 26 Jan 2025: the BOJ encouraged the UOCR to remain at around 0.25% ; From 21 Mar 2024 to 31 July: the BOJ encouraged the UOCR to remain at around 0 to 0.1 %; from 21 Sep 2016 to 20 Mar 2024: the BOJ set the guideline for market operations which specifies a short-term policy interest rate at minus 0.1% and a target level of 10-year JGB yields at around 0%. Short-term policy interest rate; from 4 Apr 2013 to 20 Sep 2016: no policy rate; from 5 Oct 2010 to 3 Apr 2013: the BOJ encouraged the UOCR to remain at around 0 to 0.1%; from 19 Dec 2008 to 4 Oct 2010: the BOJ encouraged the UOCR to remain at around 0. %; from 31 Oct 2008 to 18 Dec 2008: the BOJ encouraged the UOCR to remain at around 0.3%; before 30 Oct 2008, refer to https://data.bis.org/topics/CBPOL",4,Bank of Japan,For details see: http://www.bis.org/statistics/cbpol/cbpol_doc.pdf  ; https://www.boj.or.jp/en/mopo/mpmdeci/mpr_1998/k980909c.htm ; https://www.boj.or.jp/en/mopo/mpmdeci/mpr_1999/k990212c.htm ; https://www.boj.or.jp/en/mopo/mpmdeci/mpr_2000/k000811.htm ; https://www.boj.or.jp/en/mopo/mpmdeci/mpr_2001/k010228a.htm ; https://www.boj.or.jp/en/mopo/mpmdeci/mpr_2006/k060309.htm ; https://www.boj.or.jp/en/mopo/mpmdeci/mpr_2006/k060714.pdf ; https://www.boj.or.jp/en/mopo/mpmdeci/mpr_2007/k070221.pdf ; https://www.boj.or.jp/en/mopo/mpmdeci/mpr_2008/k081031.pdf ; https://www.boj.or.jp/en/mopo/mpmdeci/mpr_2008/k081219.pdf ; https://www.boj.or.jp/en/mopo/mpmdeci/mpr_2010/k101005.pdf ; https://www.boj.or.jp/en/mopo/mpmdeci/mpr_2016/k160921a.pdf ; https://www.boj.or.jp/en/mopo/mpmdeci/mpr_2024/k240319a.pdf ; https://www.boj.or.jp/en/mopo/mpmdeci/mpr_2024/mpr240731c.pdf ; https://www.boj.or.jp/en/mopo/mpmdeci/mpr_2025/mpr250124a.pdf ; https://www.boj.or.jp/en/mopo/mpmdeci/mpr_2025/k251219a.pdf ; https://www.boj.or.jp/en/mopo/mpmdeci/mpr_2026/k260616a.pdf, Central bank policy rates - Japan - Monthly - End of period,2023-11,-0.1,A,F,
M,JP,368,0,,"From 17 Jun 2026 onwards: the BOJ encourages the uncollateralized overnight call rate to remain at around 1.00 percent; From 22 Dec 2025 to 16 Jun 2026: the BOJ encourages the uncollateralized overnight call rate to remain at around 0.75 percent; From 27 Jan 2025 to 21 Dec 2025: the BOJ encourages the uncollateralized overnight call rate to remain at around 0.50 percent; From 1 Aug 2024 to 26 Jan 2025: the BOJ encouraged the UOCR to remain at around 0.25% ; From 21 Mar 2024 to 31 July: the BOJ encouraged the UOCR to remain at around 0 to 0.1 %; from 21 Sep 2016 to 20 Mar 2024: the BOJ set the guideline for market operations which specifies a short-term policy interest rate at minus 0.1% and a target level of 10-year JGB yields at around 0%. Short-term policy interest rate; from 4 Apr 2013 to 20 Sep 2016: no policy rate; from 5 Oct 2010 to 3 Apr 2013: the BOJ encouraged the UOCR to remain at around 0 to 0.1%; from 19 Dec 2008 to 4 Oct 2010: the BOJ encouraged the UOCR to remain at around 0. %; from 31 Oct 2008 to 18 Dec 2008: the BOJ encouraged the UOCR to remain at around 0.3%; before 30 Oct 2008, refer to https://data.bis.org/topics/CBPOL",4,Bank of Japan,For details see: http://www.bis.org/statistics/cbpol/cbpol_doc.pdf  ; https://www.boj.or.jp/en/mopo/mpmdeci/mpr_1998/k980909c.htm ; https://www.boj.or.jp/en/mopo/mpmdeci/mpr_1999/k990212c.htm ; https://www.boj.or.jp/en/mopo/mpmdeci/mpr_2000/k000811.htm ; https://www.boj.or.jp/en/mopo/mpmdeci/mpr_2001/k010228a.htm ; https://www.boj.or.jp/en/mopo/mpmdeci/mpr_2006/k060309.htm ; https://www.boj.or.jp/en/mopo/mpmdeci/mpr_2006/k060714.pdf ; https://www.boj.or.jp/en/mopo/mpmdeci/mpr_2007/k070221.pdf ; https://www.boj.or.jp/en/mopo/mpmdeci/mpr_2008/k081031.pdf ; https://www.boj.or.jp/en/mopo/mpmdeci/mpr_2008/k081219.pdf ; https://www.boj.or.jp/en/mopo/mpmdeci/mpr_2010/k101005.pdf ; https://www.boj.or.jp/en/mopo/mpmdeci/mpr_2016/k160921a.pdf ; https://www.boj.or.jp/en/mopo/mpmdeci/mpr_2024/k240319a.pdf ; https://www.boj.or.jp/en/mopo/mpmdeci/mpr_2024/mpr240731c.pdf ; https://www.boj.or.jp/en/mopo/mpmdeci/mpr_2025/mpr250124a.pdf ; https://www.boj.or.jp/en/mopo/mpmdeci/mpr_2025/k251219a.pdf ; https://www.boj.or.jp/en/mopo/mpmdeci/mpr_2026/k260616a.pdf, Central bank policy rates - Japan - Monthly - End of period,2023-12,-0.1,A,F,
M,JP,368,0,,"From 17 Jun 2026 onwards: the BOJ encourages the uncollateralized overnight call rate to remain at around 1.00 percent; From 22 Dec 2025 to 16 Jun 2026: the BOJ encourages the uncollateralized overnight call rate to remain at around 0.75 percent; From 27 Jan 2025 to 21 Dec 2025: the BOJ encourages the uncollateralized overnight call rate to remain at around 0.50 percent; From 1 Aug 2024 to 26 Jan 2025: the BOJ encouraged the UOCR to remain at around 0.25% ; From 21 Mar 2024 to 31 July: the BOJ encouraged the UOCR to remain at around 0 to 0.1 %; from 21 Sep 2016 to 20 Mar 2024: the BOJ set the guideline for market operations which specifies a short-term policy interest rate at minus 0.1% and a target level of 10-year JGB yields at around 0%. Short-term policy interest rate; from 4 Apr 2013 to 20 Sep 2016: no policy rate; from 5 Oct 2010 to 3 Apr 2013: the BOJ encouraged the UOCR to remain at around 0 to 0.1%; from 19 Dec 2008 to 4 Oct 2010: the BOJ encouraged the UOCR to remain at around 0. %; from 31 Oct 2008 to 18 Dec 2008: the BOJ encouraged the UOCR to remain at around 0.3%; before 30 Oct 2008, refer to https://data.bis.org/topics/CBPOL",4,Bank of Japan,For details see: http://www.bis.org/statistics/cbpol/cbpol_doc.pdf  ; https://www.boj.or.jp/en/mopo/mpmdeci/mpr_1998/k980909c.htm ; https://www.boj.or.jp/en/mopo/mpmdeci/mpr_1999/k990212c.htm ; https://www.boj.or.jp/en/mopo/mpmdeci/mpr_2000/k000811.htm ; https://www.boj.or.jp/en/mopo/mpmdeci/mpr_2001/k010228a.htm ; https://www.boj.or.jp/en/mopo/mpmdeci/mpr_2006/k060309.htm ; https://www.boj.or.jp/en/mopo/mpmdeci/mpr_2006/k060714.pdf ; https://www.boj.or.jp/en/mopo/mpmdeci/mpr_2007/k070221.pdf ; https://www.boj.or.jp/en/mopo/mpmdeci/mpr_2008/k081031.pdf ; https://www.boj.or.jp/en/mopo/mpmdeci/mpr_2008/k081219.pdf ; https://www.boj.or.jp/en/mopo/mpmdeci/mpr_2010/k101005.pdf ; https://www.boj.or.jp/en/mopo/mpmdeci/mpr_2016/k160921a.pdf ; https://www.boj.or.jp/en/mopo/mpmdeci/mpr_2024/k240319a.pdf ; https://www.boj.or.jp/en/mopo/mpmdeci/mpr_2024/mpr240731c.pdf ; https://www.boj.or.jp/en/mopo/mpmdeci/mpr_2025/mpr250124a.pdf ; https://www.boj.or.jp/en/mopo/mpmdeci/mpr_2025/k251219a.pdf ; https://www.boj.or.jp/en/mopo/mpmdeci/mpr_2026/k260616a.pdf, Central bank policy rates - Japan - Monthly - End of period,2024-01,-0.1,A,F,
M,JP,368,0,,"From 17 Jun 2026 onwards: the BOJ encourages the uncollateralized overnight call rate to remain at around 1.00 percent; From 22 Dec 2025 to 16 Jun 2026: the BOJ encourages the uncollateralized overnight call rate to remain at around 0.75 percent; From 27 Jan 2025 to 21 Dec 2025: the BOJ encourages the uncollateralized overnight call rate to remain at around 0.50 percent; From 1 Aug 2024 to 26 Jan 2025: the BOJ encouraged the UOCR to remain at around 0.25% ; From 21 Mar 2024 to 31 July: the BOJ encouraged the UOCR to remain at around 0 to 0.1 %; from 21 Sep 2016 to 20 Mar 2024: the BOJ set the guideline for market operations which specifies a short-term policy interest rate at minus 0.1% and a target level of 10-year JGB yields at around 0%. Short-term policy interest rate; from 4 Apr 2013 to 20 Sep 2016: no policy rate; from 5 Oct 2010 to 3 Apr 2013: the BOJ encouraged the UOCR to remain at around 0 to 0.1%; from 19 Dec 2008 to 4 Oct 2010: the BOJ encouraged the UOCR to remain at around 0. %; from 31 Oct 2008 to 18 Dec 2008: the BOJ encouraged the UOCR to remain at around 0.3%; before 30 Oct 2008, refer to https://data.bis.org/topics/CBPOL",4,Bank of Japan,For details see: http://www.bis.org/statistics/cbpol/cbpol_doc.pdf  ; https://www.boj.or.jp/en/mopo/mpmdeci/mpr_1998/k980909c.htm ; https://www.boj.or.jp/en/mopo/mpmdeci/mpr_1999/k990212c.htm ; https://www.boj.or.jp/en/mopo/mpmdeci/mpr_2000/k000811.htm ; https://www.boj.or.jp/en/mopo/mpmdeci/mpr_2001/k010228a.htm ; https://www.boj.or.jp/en/mopo/mpmdeci/mpr_2006/k060309.htm ; https://www.boj.or.jp/en/mopo/mpmdeci/mpr_2006/k060714.pdf ; https://www.boj.or.jp/en/mopo/mpmdeci/mpr_2007/k070221.pdf ; https://www.boj.or.jp/en/mopo/mpmdeci/mpr_2008/k081031.pdf ; https://www.boj.or.jp/en/mopo/mpmdeci/mpr_2008/k081219.pdf ; https://www.boj.or.jp/en/mopo/mpmdeci/mpr_2010/k101005.pdf ; https://www.boj.or.jp/en/mopo/mpmdeci/mpr_2016/k160921a.pdf ; https://www.boj.or.jp/en/mopo/mpmdeci/mpr_2024/k240319a.pdf ; https://www.boj.or.jp/en/mopo/mpmdeci/mpr_2024/mpr240731c.pdf ; https://www.boj.or.jp/en/mopo/mpmdeci/mpr_2025/mpr250124a.pdf ; https://www.boj.or.jp/en/mopo/mpmdeci/mpr_2025/k251219a.pdf ; https://www.boj.or.jp/en/mopo/mpmdeci/mpr_2026/k260616a.pdf, Central bank policy rates - Japan - Monthly - End of period,2024-02,-0.1,A,F,
M,JP,368,0,,"From 17 Jun 2026 onwards: the BOJ encourages the uncollateralized overnight call rate to remain at around 1.00 percent; From 22 Dec 2025 to 16 Jun 2026: the BOJ encourages the uncollateralized overnight call rate to remain at around 0.75 percent; From 27 Jan 2025 to 21 Dec 2025: the BOJ encourages the uncollateralized overnight call rate to remain at around 0.50 percent; From 1 Aug 2024 to 26 Jan 2025: the BOJ encouraged the UOCR to remain at around 0.25% ; From 21 Mar 2024 to 31 July: the BOJ encouraged the UOCR to remain at around 0 to 0.1 %; from 21 Sep 2016 to 20 Mar 2024: the BOJ set the guideline for market operations which specifies a short-term policy interest rate at minus 0.1% and a target level of 10-year JGB yields at around 0%. Short-term policy interest rate; from 4 Apr 2013 to 20 Sep 2016: no policy rate; from 5 Oct 2010 to 3 Apr 2013: the BOJ encouraged the UOCR to remain at around 0 to 0.1%; from 19 Dec 2008 to 4 Oct 2010: the BOJ encouraged the UOCR to remain at around 0. %; from 31 Oct 2008 to 18 Dec 2008: the BOJ encouraged the UOCR to remain at around 0.3%; before 30 Oct 2008, refer to https://data.bis.org/topics/CBPOL",4,Bank of Japan,For details see: http://www.bis.org/statistics/cbpol/cbpol_doc.pdf  ; https://www.boj.or.jp/en/mopo/mpmdeci/mpr_1998/k980909c.htm ; https://www.boj.or.jp/en/mopo/mpmdeci/mpr_1999/k990212c.htm ; https://www.boj.or.jp/en/mopo/mpmdeci/mpr_2000/k000811.htm ; https://www.boj.or.jp/en/mopo/mpmdeci/mpr_2001/k010228a.htm ; https://www.boj.or.jp/en/mopo/mpmdeci/mpr_2006/k060309.htm ; https://www.boj.or.jp/en/mopo/mpmdeci/mpr_2006/k060714.pdf ; https://www.boj.or.jp/en/mopo/mpmdeci/mpr_2007/k070221.pdf ; https://www.boj.or.jp/en/mopo/mpmdeci/mpr_2008/k081031.pdf ; https://www.boj.or.jp/en/mopo/mpmdeci/mpr_2008/k081219.pdf ; https://www.boj.or.jp/en/mopo/mpmdeci/mpr_2010/k101005.pdf ; https://www.boj.or.jp/en/mopo/mpmdeci/mpr_2016/k160921a.pdf ; https://www.boj.or.jp/en/mopo/mpmdeci/mpr_2024/k240319a.pdf ; https://www.boj.or.jp/en/mopo/mpmdeci/mpr_2024/mpr240731c.pdf ; https://www.boj.or.jp/en/mopo/mpmdeci/mpr_2025/mpr250124a.pdf ; https://www.boj.or.jp/en/mopo/mpmdeci/mpr_2025/k251219a.pdf ; https://www.boj.or.jp/en/mopo/mpmdeci/mpr_2026/k260616a.pdf, Central bank policy rates - Japan - Monthly - End of period,2024-03,0.05,A,F,
M,JP,368,0,,"From 17 Jun 2026 onwards: the BOJ encourages the uncollateralized overnight call rate to remain at around 1.00 percent; From 22 Dec 2025 to 16 Jun 2026: the BOJ encourages the uncollateralized overnight call rate to remain at around 0.75 percent; From 27 Jan 2025 to 21 Dec 2025: the BOJ encourages the uncollateralized overnight call rate to remain at around 0.50 percent; From 1 Aug 2024 to 26 Jan 2025: the BOJ encouraged the UOCR to remain at around 0.25% ; From 21 Mar 2024 to 31 July: the BOJ encouraged the UOCR to remain at around 0 to 0.1 %; from 21 Sep 2016 to 20 Mar 2024: the BOJ set the guideline for market operations which specifies a short-term policy interest rate at minus 0.1% and a target level of 10-year JGB yields at around 0%. Short-term policy interest rate; from 4 Apr 2013 to 20 Sep 2016: no policy rate; from 5 Oct 2010 to 3 Apr 2013: the BOJ encouraged the UOCR to remain at around 0 to 0.1%; from 19 Dec 2008 to 4 Oct 2010: the BOJ encouraged the UOCR to remain at around 0. %; from 31 Oct 2008 to 18 Dec 2008: the BOJ encouraged the UOCR to remain at around 0.3%; before 30 Oct 2008, refer to https://data.bis.org/topics/CBPOL",4,Bank of Japan,For details see: http://www.bis.org/statistics/cbpol/cbpol_doc.pdf  ; https://www.boj.or.jp/en/mopo/mpmdeci/mpr_1998/k980909c.htm ; https://www.boj.or.jp/en/mopo/mpmdeci/mpr_1999/k990212c.htm ; https://www.boj.or.jp/en/mopo/mpmdeci/mpr_2000/k000811.htm ; https://www.boj.or.jp/en/mopo/mpmdeci/mpr_2001/k010228a.htm ; https://www.boj.or.jp/en/mopo/mpmdeci/mpr_2006/k060309.htm ; https://www.boj.or.jp/en/mopo/mpmdeci/mpr_2006/k060714.pdf ; https://www.boj.or.jp/en/mopo/mpmdeci/mpr_2007/k070221.pdf ; https://www.boj.or.jp/en/mopo/mpmdeci/mpr_2008/k081031.pdf ; https://www.boj.or.jp/en/mopo/mpmdeci/mpr_2008/k081219.pdf ; https://www.boj.or.jp/en/mopo/mpmdeci/mpr_2010/k101005.pdf ; https://www.boj.or.jp/en/mopo/mpmdeci/mpr_2016/k160921a.pdf ; https://www.boj.or.jp/en/mopo/mpmdeci/mpr_2024/k240319a.pdf ; https://www.boj.or.jp/en/mopo/mpmdeci/mpr_2024/mpr240731c.pdf ; https://www.boj.or.jp/en/mopo/mpmdeci/mpr_2025/mpr250124a.pdf ; https://www.boj.or.jp/en/mopo/mpmdeci/mpr_2025/k251219a.pdf ; https://www.boj.or.jp/en/mopo/mpmdeci/mpr_2026/k260616a.pdf, Central bank policy rates - Japan - Monthly - End of period,2024-04,0.05,A,F,
M,JP,368,0,,"From 17 Jun 2026 onwards: the BOJ encourages the uncollateralized overnight call rate to remain at around 1.00 percent; From 22 Dec 2025 to 16 Jun 2026: the BOJ encourages the uncollateralized overnight call rate to remain at around 0.75 percent; From 27 Jan 2025 to 21 Dec 2025: the BOJ encourages the uncollateralized overnight call rate to remain at around 0.50 percent; From 1 Aug 2024 to 26 Jan 2025: the BOJ encouraged the UOCR to remain at around 0.25% ; From 21 Mar 2024 to 31 July: the BOJ encouraged the UOCR to remain at around 0 to 0.1 %; from 21 Sep 2016 to 20 Mar 2024: the BOJ set the guideline for market operations which specifies a short-term policy interest rate at minus 0.1% and a target level of 10-year JGB yields at around 0%. Short-term policy interest rate; from 4 Apr 2013 to 20 Sep 2016: no policy rate; from 5 Oct 2010 to 3 Apr 2013: the BOJ encouraged the UOCR to remain at around 0 to 0.1%; from 19 Dec 2008 to 4 Oct 2010: the BOJ encouraged the UOCR to remain at around 0. %; from 31 Oct 2008 to 18 Dec 2008: the BOJ encouraged the UOCR to remain at around 0.3%; before 30 Oct 2008, refer to https://data.bis.org/topics/CBPOL",4,Bank of Japan,For details see: http://www.bis.org/statistics/cbpol/cbpol_doc.pdf  ; https://www.boj.or.jp/en/mopo/mpmdeci/mpr_1998/k980909c.htm ; https://www.boj.or.jp/en/mopo/mpmdeci/mpr_1999/k990212c.htm ; https://www.boj.or.jp/en/mopo/mpmdeci/mpr_2000/k000811.htm ; https://www.boj.or.jp/en/mopo/mpmdeci/mpr_2001/k010228a.htm ; https://www.boj.or.jp/en/mopo/mpmdeci/mpr_2006/k060309.htm ; https://www.boj.or.jp/en/mopo/mpmdeci/mpr_2006/k060714.pdf ; https://www.boj.or.jp/en/mopo/mpmdeci/mpr_2007/k070221.pdf ; https://www.boj.or.jp/en/mopo/mpmdeci/mpr_2008/k081031.pdf ; https://www.boj.or.jp/en/mopo/mpmdeci/mpr_2008/k081219.pdf ; https://www.boj.or.jp/en/mopo/mpmdeci/mpr_2010/k101005.pdf ; https://www.boj.or.jp/en/mopo/mpmdeci/mpr_2016/k160921a.pdf ; https://www.boj.or.jp/en/mopo/mpmdeci/mpr_2024/k240319a.pdf ; https://www.boj.or.jp/en/mopo/mpmdeci/mpr_2024/mpr240731c.pdf ; https://www.boj.or.jp/en/mopo/mpmdeci/mpr_2025/mpr250124a.pdf ; https://www.boj.or.jp/en/mopo/mpmdeci/mpr_2025/k251219a.pdf ; https://www.boj.or.jp/en/mopo/mpmdeci/mpr_2026/k260616a.pdf, Central bank policy rates - Japan - Monthly - End of period,2024-05,0.05,A,F,
M,JP,368,0,,"From 17 Jun 2026 onwards: the BOJ encourages the uncollateralized overnight call rate to remain at around 1.00 percent; From 22 Dec 2025 to 16 Jun 2026: the BOJ encourages the uncollateralized overnight call rate to remain at around 0.75 percent; From 27 Jan 2025 to 21 Dec 2025: the BOJ encourages the uncollateralized overnight call rate to remain at around 0.50 percent; From 1 Aug 2024 to 26 Jan 2025: the BOJ encouraged the UOCR to remain at around 0.25% ; From 21 Mar 2024 to 31 July: the BOJ encouraged the UOCR to remain at around 0 to 0.1 %; from 21 Sep 2016 to 20 Mar 2024: the BOJ set the guideline for market operations which specifies a short-term policy interest rate at minus 0.1% and a target level of 10-year JGB yields at around 0%. Short-term policy interest rate; from 4 Apr 2013 to 20 Sep 2016: no policy rate; from 5 Oct 2010 to 3 Apr 2013: the BOJ encouraged the UOCR to remain at around 0 to 0.1%; from 19 Dec 2008 to 4 Oct 2010: the BOJ encouraged the UOCR to remain at around 0. %; from 31 Oct 2008 to 18 Dec 2008: the BOJ encouraged the UOCR to remain at around 0.3%; before 30 Oct 2008, refer to https://data.bis.org/topics/CBPOL",4,Bank of Japan,For details see: http://www.bis.org/statistics/cbpol/cbpol_doc.pdf  ; https://www.boj.or.jp/en/mopo/mpmdeci/mpr_1998/k980909c.htm ; https://www.boj.or.jp/en/mopo/mpmdeci/mpr_1999/k990212c.htm ; https://www.boj.or.jp/en/mopo/mpmdeci/mpr_2000/k000811.htm ; https://www.boj.or.jp/en/mopo/mpmdeci/mpr_2001/k010228a.htm ; https://www.boj.or.jp/en/mopo/mpmdeci/mpr_2006/k060309.htm ; https://www.boj.or.jp/en/mopo/mpmdeci/mpr_2006/k060714.pdf ; https://www.boj.or.jp/en/mopo/mpmdeci/mpr_2007/k070221.pdf ; https://www.boj.or.jp/en/mopo/mpmdeci/mpr_2008/k081031.pdf ; https://www.boj.or.jp/en/mopo/mpmdeci/mpr_2008/k081219.pdf ; https://www.boj.or.jp/en/mopo/mpmdeci/mpr_2010/k101005.pdf ; https://www.boj.or.jp/en/mopo/mpmdeci/mpr_2016/k160921a.pdf ; https://www.boj.or.jp/en/mopo/mpmdeci/mpr_2024/k240319a.pdf ; https://www.boj.or.jp/en/mopo/mpmdeci/mpr_2024/mpr240731c.pdf ; https://www.boj.or.jp/en/mopo/mpmdeci/mpr_2025/mpr250124a.pdf ; https://www.boj.or.jp/en/mopo/mpmdeci/mpr_2025/k251219a.pdf ; https://www.boj.or.jp/en/mopo/mpmdeci/mpr_2026/k260616a.pdf, Central bank policy rates - Japan - Monthly - End of period,2024-06,0.05,A,F,
M,JP,368,0,,"From 17 Jun 2026 onwards: the BOJ encourages the uncollateralized overnight call rate to remain at around 1.00 percent; From 22 Dec 2025 to 16 Jun 2026: the BOJ encourages the uncollateralized overnight call rate to remain at around 0.75 percent; From 27 Jan 2025 to 21 Dec 2025: the BOJ encourages the uncollateralized overnight call rate to remain at around 0.50 percent; From 1 Aug 2024 to 26 Jan 2025: the BOJ encouraged the UOCR to remain at around 0.25% ; From 21 Mar 2024 to 31 July: the BOJ encouraged the UOCR to remain at around 0 to 0.1 %; from 21 Sep 2016 to 20 Mar 2024: the BOJ set the guideline for market operations which specifies a short-term policy interest rate at minus 0.1% and a target level of 10-year JGB yields at around 0%. Short-term policy interest rate; from 4 Apr 2013 to 20 Sep 2016: no policy rate; from 5 Oct 2010 to 3 Apr 2013: the BOJ encouraged the UOCR to remain at around 0 to 0.1%; from 19 Dec 2008 to 4 Oct 2010: the BOJ encouraged the UOCR to remain at around 0. %; from 31 Oct 2008 to 18 Dec 2008: the BOJ encouraged the UOCR to remain at around 0.3%; before 30 Oct 2008, refer to https://data.bis.org/topics/CBPOL",4,Bank of Japan,For details see: http://www.bis.org/statistics/cbpol/cbpol_doc.pdf  ; https://www.boj.or.jp/en/mopo/mpmdeci/mpr_1998/k980909c.htm ; https://www.boj.or.jp/en/mopo/mpmdeci/mpr_1999/k990212c.htm ; https://www.boj.or.jp/en/mopo/mpmdeci/mpr_2000/k000811.htm ; https://www.boj.or.jp/en/mopo/mpmdeci/mpr_2001/k010228a.htm ; https://www.boj.or.jp/en/mopo/mpmdeci/mpr_2006/k060309.htm ; https://www.boj.or.jp/en/mopo/mpmdeci/mpr_2006/k060714.pdf ; https://www.boj.or.jp/en/mopo/mpmdeci/mpr_2007/k070221.pdf ; https://www.boj.or.jp/en/mopo/mpmdeci/mpr_2008/k081031.pdf ; https://www.boj.or.jp/en/mopo/mpmdeci/mpr_2008/k081219.pdf ; https://www.boj.or.jp/en/mopo/mpmdeci/mpr_2010/k101005.pdf ; https://www.boj.or.jp/en/mopo/mpmdeci/mpr_2016/k160921a.pdf ; https://www.boj.or.jp/en/mopo/mpmdeci/mpr_2024/k240319a.pdf ; https://www.boj.or.jp/en/mopo/mpmdeci/mpr_2024/mpr240731c.pdf ; https://www.boj.or.jp/en/mopo/mpmdeci/mpr_2025/mpr250124a.pdf ; https://www.boj.or.jp/en/mopo/mpmdeci/mpr_2025/k251219a.pdf ; https://www.boj.or.jp/en/mopo/mpmdeci/mpr_2026/k260616a.pdf, Central bank policy rates - Japan - Monthly - End of period,2024-07,0.05,A,F,
M,JP,368,0,,"From 17 Jun 2026 onwards: the BOJ encourages the uncollateralized overnight call rate to remain at around 1.00 percent; From 22 Dec 2025 to 16 Jun 2026: the BOJ encourages the uncollateralized overnight call rate to remain at around 0.75 percent; From 27 Jan 2025 to 21 Dec 2025: the BOJ encourages the uncollateralized overnight call rate to remain at around 0.50 percent; From 1 Aug 2024 to 26 Jan 2025: the BOJ encouraged the UOCR to remain at around 0.25% ; From 21 Mar 2024 to 31 July: the BOJ encouraged the UOCR to remain at around 0 to 0.1 %; from 21 Sep 2016 to 20 Mar 2024: the BOJ set the guideline for market operations which specifies a short-term policy interest rate at minus 0.1% and a target level of 10-year JGB yields at around 0%. Short-term policy interest rate; from 4 Apr 2013 to 20 Sep 2016: no policy rate; from 5 Oct 2010 to 3 Apr 2013: the BOJ encouraged the UOCR to remain at around 0 to 0.1%; from 19 Dec 2008 to 4 Oct 2010: the BOJ encouraged the UOCR to remain at around 0. %; from 31 Oct 2008 to 18 Dec 2008: the BOJ encouraged the UOCR to remain at around 0.3%; before 30 Oct 2008, refer to https://data.bis.org/topics/CBPOL",4,Bank of Japan,For details see: http://www.bis.org/statistics/cbpol/cbpol_doc.pdf  ; https://www.boj.or.jp/en/mopo/mpmdeci/mpr_1998/k980909c.htm ; https://www.boj.or.jp/en/mopo/mpmdeci/mpr_1999/k990212c.htm ; https://www.boj.or.jp/en/mopo/mpmdeci/mpr_2000/k000811.htm ; https://www.boj.or.jp/en/mopo/mpmdeci/mpr_2001/k010228a.htm ; https://www.boj.or.jp/en/mopo/mpmdeci/mpr_2006/k060309.htm ; https://www.boj.or.jp/en/mopo/mpmdeci/mpr_2006/k060714.pdf ; https://www.boj.or.jp/en/mopo/mpmdeci/mpr_2007/k070221.pdf ; https://www.boj.or.jp/en/mopo/mpmdeci/mpr_2008/k081031.pdf ; https://www.boj.or.jp/en/mopo/mpmdeci/mpr_2008/k081219.pdf ; https://www.boj.or.jp/en/mopo/mpmdeci/mpr_2010/k101005.pdf ; https://www.boj.or.jp/en/mopo/mpmdeci/mpr_2016/k160921a.pdf ; https://www.boj.or.jp/en/mopo/mpmdeci/mpr_2024/k240319a.pdf ; https://www.boj.or.jp/en/mopo/mpmdeci/mpr_2024/mpr240731c.pdf ; https://www.boj.or.jp/en/mopo/mpmdeci/mpr_2025/mpr250124a.pdf ; https://www.boj.or.jp/en/mopo/mpmdeci/mpr_2025/k251219a.pdf ; https://www.boj.or.jp/en/mopo/mpmdeci/mpr_2026/k260616a.pdf, Central bank policy rates - Japan - Monthly - End of period,2024-08,0.25,A,F,
M,JP,368,0,,"From 17 Jun 2026 onwards: the BOJ encourages the uncollateralized overnight call rate to remain at around 1.00 percent; From 22 Dec 2025 to 16 Jun 2026: the BOJ encourages the uncollateralized overnight call rate to remain at around 0.75 percent; From 27 Jan 2025 to 21 Dec 2025: the BOJ encourages the uncollateralized overnight call rate to remain at around 0.50 percent; From 1 Aug 2024 to 26 Jan 2025: the BOJ encouraged the UOCR to remain at around 0.25% ; From 21 Mar 2024 to 31 July: the BOJ encouraged the UOCR to remain at around 0 to 0.1 %; from 21 Sep 2016 to 20 Mar 2024: the BOJ set the guideline for market operations which specifies a short-term policy interest rate at minus 0.1% and a target level of 10-year JGB yields at around 0%. Short-term policy interest rate; from 4 Apr 2013 to 20 Sep 2016: no policy rate; from 5 Oct 2010 to 3 Apr 2013: the BOJ encouraged the UOCR to remain at around 0 to 0.1%; from 19 Dec 2008 to 4 Oct 2010: the BOJ encouraged the UOCR to remain at around 0. %; from 31 Oct 2008 to 18 Dec 2008: the BOJ encouraged the UOCR to remain at around 0.3%; before 30 Oct 2008, refer to https://data.bis.org/topics/CBPOL",4,Bank of Japan,For details see: http://www.bis.org/statistics/cbpol/cbpol_doc.pdf  ; https://www.boj.or.jp/en/mopo/mpmdeci/mpr_1998/k980909c.htm ; https://www.boj.or.jp/en/mopo/mpmdeci/mpr_1999/k990212c.htm ; https://www.boj.or.jp/en/mopo/mpmdeci/mpr_2000/k000811.htm ; https://www.boj.or.jp/en/mopo/mpmdeci/mpr_2001/k010228a.htm ; https://www.boj.or.jp/en/mopo/mpmdeci/mpr_2006/k060309.htm ; https://www.boj.or.jp/en/mopo/mpmdeci/mpr_2006/k060714.pdf ; https://www.boj.or.jp/en/mopo/mpmdeci/mpr_2007/k070221.pdf ; https://www.boj.or.jp/en/mopo/mpmdeci/mpr_2008/k081031.pdf ; https://www.boj.or.jp/en/mopo/mpmdeci/mpr_2008/k081219.pdf ; https://www.boj.or.jp/en/mopo/mpmdeci/mpr_2010/k101005.pdf ; https://www.boj.or.jp/en/mopo/mpmdeci/mpr_2016/k160921a.pdf ; https://www.boj.or.jp/en/mopo/mpmdeci/mpr_2024/k240319a.pdf ; https://www.boj.or.jp/en/mopo/mpmdeci/mpr_2024/mpr240731c.pdf ; https://www.boj.or.jp/en/mopo/mpmdeci/mpr_2025/mpr250124a.pdf ; https://www.boj.or.jp/en/mopo/mpmdeci/mpr_2025/k251219a.pdf ; https://www.boj.or.jp/en/mopo/mpmdeci/mpr_2026/k260616a.pdf, Central bank policy rates - Japan - Monthly - End of period,2024-09,0.25,A,F,
M,JP,368,0,,"From 17 Jun 2026 onwards: the BOJ encourages the uncollateralized overnight call rate to remain at around 1.00 percent; From 22 Dec 2025 to 16 Jun 2026: the BOJ encourages the uncollateralized overnight call rate to remain at around 0.75 percent; From 27 Jan 2025 to 21 Dec 2025: the BOJ encourages the uncollateralized overnight call rate to remain at around 0.50 percent; From 1 Aug 2024 to 26 Jan 2025: the BOJ encouraged the UOCR to remain at around 0.25% ; From 21 Mar 2024 to 31 July: the BOJ encouraged the UOCR to remain at around 0 to 0.1 %; from 21 Sep 2016 to 20 Mar 2024: the BOJ set the guideline for market operations which specifies a short-term policy interest rate at minus 0.1% and a target level of 10-year JGB yields at around 0%. Short-term policy interest rate; from 4 Apr 2013 to 20 Sep 2016: no policy rate; from 5 Oct 2010 to 3 Apr 2013: the BOJ encouraged the UOCR to remain at around 0 to 0.1%; from 19 Dec 2008 to 4 Oct 2010: the BOJ encouraged the UOCR to remain at around 0. %; from 31 Oct 2008 to 18 Dec 2008: the BOJ encouraged the UOCR to remain at around 0.3%; before 30 Oct 2008, refer to https://data.bis.org/topics/CBPOL",4,Bank of Japan,For details see: http://www.bis.org/statistics/cbpol/cbpol_doc.pdf  ; https://www.boj.or.jp/en/mopo/mpmdeci/mpr_1998/k980909c.htm ; https://www.boj.or.jp/en/mopo/mpmdeci/mpr_1999/k990212c.htm ; https://www.boj.or.jp/en/mopo/mpmdeci/mpr_2000/k000811.htm ; https://www.boj.or.jp/en/mopo/mpmdeci/mpr_2001/k010228a.htm ; https://www.boj.or.jp/en/mopo/mpmdeci/mpr_2006/k060309.htm ; https://www.boj.or.jp/en/mopo/mpmdeci/mpr_2006/k060714.pdf ; https://www.boj.or.jp/en/mopo/mpmdeci/mpr_2007/k070221.pdf ; https://www.boj.or.jp/en/mopo/mpmdeci/mpr_2008/k081031.pdf ; https://www.boj.or.jp/en/mopo/mpmdeci/mpr_2008/k081219.pdf ; https://www.boj.or.jp/en/mopo/mpmdeci/mpr_2010/k101005.pdf ; https://www.boj.or.jp/en/mopo/mpmdeci/mpr_2016/k160921a.pdf ; https://www.boj.or.jp/en/mopo/mpmdeci/mpr_2024/k240319a.pdf ; https://www.boj.or.jp/en/mopo/mpmdeci/mpr_2024/mpr240731c.pdf ; https://www.boj.or.jp/en/mopo/mpmdeci/mpr_2025/mpr250124a.pdf ; https://www.boj.or.jp/en/mopo/mpmdeci/mpr_2025/k251219a.pdf ; https://www.boj.or.jp/en/mopo/mpmdeci/mpr_2026/k260616a.pdf, Central bank policy rates - Japan - Monthly - End of period,2024-10,0.25,A,F,
M,JP,368,0,,"From 17 Jun 2026 onwards: the BOJ encourages the uncollateralized overnight call rate to remain at around 1.00 percent; From 22 Dec 2025 to 16 Jun 2026: the BOJ encourages the uncollateralized overnight call rate to remain at around 0.75 percent; From 27 Jan 2025 to 21 Dec 2025: the BOJ encourages the uncollateralized overnight call rate to remain at around 0.50 percent; From 1 Aug 2024 to 26 Jan 2025: the BOJ encouraged the UOCR to remain at around 0.25% ; From 21 Mar 2024 to 31 July: the BOJ encouraged the UOCR to remain at around 0 to 0.1 %; from 21 Sep 2016 to 20 Mar 2024: the BOJ set the guideline for market operations which specifies a short-term policy interest rate at minus 0.1% and a target level of 10-year JGB yields at around 0%. Short-term policy interest rate; from 4 Apr 2013 to 20 Sep 2016: no policy rate; from 5 Oct 2010 to 3 Apr 2013: the BOJ encouraged the UOCR to remain at around 0 to 0.1%; from 19 Dec 2008 to 4 Oct 2010: the BOJ encouraged the UOCR to remain at around 0. %; from 31 Oct 2008 to 18 Dec 2008: the BOJ encouraged the UOCR to remain at around 0.3%; before 30 Oct 2008, refer to https://data.bis.org/topics/CBPOL",4,Bank of Japan,For details see: http://www.bis.org/statistics/cbpol/cbpol_doc.pdf  ; https://www.boj.or.jp/en/mopo/mpmdeci/mpr_1998/k980909c.htm ; https://www.boj.or.jp/en/mopo/mpmdeci/mpr_1999/k990212c.htm ; https://www.boj.or.jp/en/mopo/mpmdeci/mpr_2000/k000811.htm ; https://www.boj.or.jp/en/mopo/mpmdeci/mpr_2001/k010228a.htm ; https://www.boj.or.jp/en/mopo/mpmdeci/mpr_2006/k060309.htm ; https://www.boj.or.jp/en/mopo/mpmdeci/mpr_2006/k060714.pdf ; https://www.boj.or.jp/en/mopo/mpmdeci/mpr_2007/k070221.pdf ; https://www.boj.or.jp/en/mopo/mpmdeci/mpr_2008/k081031.pdf ; https://www.boj.or.jp/en/mopo/mpmdeci/mpr_2008/k081219.pdf ; https://www.boj.or.jp/en/mopo/mpmdeci/mpr_2010/k101005.pdf ; https://www.boj.or.jp/en/mopo/mpmdeci/mpr_2016/k160921a.pdf ; https://www.boj.or.jp/en/mopo/mpmdeci/mpr_2024/k240319a.pdf ; https://www.boj.or.jp/en/mopo/mpmdeci/mpr_2024/mpr240731c.pdf ; https://www.boj.or.jp/en/mopo/mpmdeci/mpr_2025/mpr250124a.pdf ; https://www.boj.or.jp/en/mopo/mpmdeci/mpr_2025/k251219a.pdf ; https://www.boj.or.jp/en/mopo/mpmdeci/mpr_2026/k260616a.pdf, Central bank policy rates - Japan - Monthly - End of period,2024-11,0.25,A,F,
M,JP,368,0,,"From 17 Jun 2026 onwards: the BOJ encourages the uncollateralized overnight call rate to remain at around 1.00 percent; From 22 Dec 2025 to 16 Jun 2026: the BOJ encourages the uncollateralized overnight call rate to remain at around 0.75 percent; From 27 Jan 2025 to 21 Dec 2025: the BOJ encourages the uncollateralized overnight call rate to remain at around 0.50 percent; From 1 Aug 2024 to 26 Jan 2025: the BOJ encouraged the UOCR to remain at around 0.25% ; From 21 Mar 2024 to 31 July: the BOJ encouraged the UOCR to remain at around 0 to 0.1 %; from 21 Sep 2016 to 20 Mar 2024: the BOJ set the guideline for market operations which specifies a short-term policy interest rate at minus 0.1% and a target level of 10-year JGB yields at around 0%. Short-term policy interest rate; from 4 Apr 2013 to 20 Sep 2016: no policy rate; from 5 Oct 2010 to 3 Apr 2013: the BOJ encouraged the UOCR to remain at around 0 to 0.1%; from 19 Dec 2008 to 4 Oct 2010: the BOJ encouraged the UOCR to remain at around 0. %; from 31 Oct 2008 to 18 Dec 2008: the BOJ encouraged the UOCR to remain at around 0.3%; before 30 Oct 2008, refer to https://data.bis.org/topics/CBPOL",4,Bank of Japan,For details see: http://www.bis.org/statistics/cbpol/cbpol_doc.pdf  ; https://www.boj.or.jp/en/mopo/mpmdeci/mpr_1998/k980909c.htm ; https://www.boj.or.jp/en/mopo/mpmdeci/mpr_1999/k990212c.htm ; https://www.boj.or.jp/en/mopo/mpmdeci/mpr_2000/k000811.htm ; https://www.boj.or.jp/en/mopo/mpmdeci/mpr_2001/k010228a.htm ; https://www.boj.or.jp/en/mopo/mpmdeci/mpr_2006/k060309.htm ; https://www.boj.or.jp/en/mopo/mpmdeci/mpr_2006/k060714.pdf ; https://www.boj.or.jp/en/mopo/mpmdeci/mpr_2007/k070221.pdf ; https://www.boj.or.jp/en/mopo/mpmdeci/mpr_2008/k081031.pdf ; https://www.boj.or.jp/en/mopo/mpmdeci/mpr_2008/k081219.pdf ; https://www.boj.or.jp/en/mopo/mpmdeci/mpr_2010/k101005.pdf ; https://www.boj.or.jp/en/mopo/mpmdeci/mpr_2016/k160921a.pdf ; https://www.boj.or.jp/en/mopo/mpmdeci/mpr_2024/k240319a.pdf ; https://www.boj.or.jp/en/mopo/mpmdeci/mpr_2024/mpr240731c.pdf ; https://www.boj.or.jp/en/mopo/mpmdeci/mpr_2025/mpr250124a.pdf ; https://www.boj.or.jp/en/mopo/mpmdeci/mpr_2025/k251219a.pdf ; https://www.boj.or.jp/en/mopo/mpmdeci/mpr_2026/k260616a.pdf, Central bank policy rates - Japan - Monthly - End of period,2024-12,0.25,A,F,
M,JP,368,0,,"From 17 Jun 2026 onwards: the BOJ encourages the uncollateralized overnight call rate to remain at around 1.00 percent; From 22 Dec 2025 to 16 Jun 2026: the BOJ encourages the uncollateralized overnight call rate to remain at around 0.75 percent; From 27 Jan 2025 to 21 Dec 2025: the BOJ encourages the uncollateralized overnight call rate to remain at around 0.50 percent; From 1 Aug 2024 to 26 Jan 2025: the BOJ encouraged the UOCR to remain at around 0.25% ; From 21 Mar 2024 to 31 July: the BOJ encouraged the UOCR to remain at around 0 to 0.1 %; from 21 Sep 2016 to 20 Mar 2024: the BOJ set the guideline for market operations which specifies a short-term policy interest rate at minus 0.1% and a target level of 10-year JGB yields at around 0%. Short-term policy interest rate; from 4 Apr 2013 to 20 Sep 2016: no policy rate; from 5 Oct 2010 to 3 Apr 2013: the BOJ encouraged the UOCR to remain at around 0 to 0.1%; from 19 Dec 2008 to 4 Oct 2010: the BOJ encouraged the UOCR to remain at around 0. %; from 31 Oct 2008 to 18 Dec 2008: the BOJ encouraged the UOCR to remain at around 0.3%; before 30 Oct 2008, refer to https://data.bis.org/topics/CBPOL",4,Bank of Japan,For details see: http://www.bis.org/statistics/cbpol/cbpol_doc.pdf  ; https://www.boj.or.jp/en/mopo/mpmdeci/mpr_1998/k980909c.htm ; https://www.boj.or.jp/en/mopo/mpmdeci/mpr_1999/k990212c.htm ; https://www.boj.or.jp/en/mopo/mpmdeci/mpr_2000/k000811.htm ; https://www.boj.or.jp/en/mopo/mpmdeci/mpr_2001/k010228a.htm ; https://www.boj.or.jp/en/mopo/mpmdeci/mpr_2006/k060309.htm ; https://www.boj.or.jp/en/mopo/mpmdeci/mpr_2006/k060714.pdf ; https://www.boj.or.jp/en/mopo/mpmdeci/mpr_2007/k070221.pdf ; https://www.boj.or.jp/en/mopo/mpmdeci/mpr_2008/k081031.pdf ; https://www.boj.or.jp/en/mopo/mpmdeci/mpr_2008/k081219.pdf ; https://www.boj.or.jp/en/mopo/mpmdeci/mpr_2010/k101005.pdf ; https://www.boj.or.jp/en/mopo/mpmdeci/mpr_2016/k160921a.pdf ; https://www.boj.or.jp/en/mopo/mpmdeci/mpr_2024/k240319a.pdf ; https://www.boj.or.jp/en/mopo/mpmdeci/mpr_2024/mpr240731c.pdf ; https://www.boj.or.jp/en/mopo/mpmdeci/mpr_2025/mpr250124a.pdf ; https://www.boj.or.jp/en/mopo/mpmdeci/mpr_2025/k251219a.pdf ; https://www.boj.or.jp/en/mopo/mpmdeci/mpr_2026/k260616a.pdf, Central bank policy rates - Japan - Monthly - End of period,2025-01,0.5,A,F,
M,JP,368,0,,"From 17 Jun 2026 onwards: the BOJ encourages the uncollateralized overnight call rate to remain at around 1.00 percent; From 22 Dec 2025 to 16 Jun 2026: the BOJ encourages the uncollateralized overnight call rate to remain at around 0.75 percent; From 27 Jan 2025 to 21 Dec 2025: the BOJ encourages the uncollateralized overnight call rate to remain at around 0.50 percent; From 1 Aug 2024 to 26 Jan 2025: the BOJ encouraged the UOCR to remain at around 0.25% ; From 21 Mar 2024 to 31 July: the BOJ encouraged the UOCR to remain at around 0 to 0.1 %; from 21 Sep 2016 to 20 Mar 2024: the BOJ set the guideline for market operations which specifies a short-term policy interest rate at minus 0.1% and a target level of 10-year JGB yields at around 0%. Short-term policy interest rate; from 4 Apr 2013 to 20 Sep 2016: no policy rate; from 5 Oct 2010 to 3 Apr 2013: the BOJ encouraged the UOCR to remain at around 0 to 0.1%; from 19 Dec 2008 to 4 Oct 2010: the BOJ encouraged the UOCR to remain at around 0. %; from 31 Oct 2008 to 18 Dec 2008: the BOJ encouraged the UOCR to remain at around 0.3%; before 30 Oct 2008, refer to https://data.bis.org/topics/CBPOL",4,Bank of Japan,For details see: http://www.bis.org/statistics/cbpol/cbpol_doc.pdf  ; https://www.boj.or.jp/en/mopo/mpmdeci/mpr_1998/k980909c.htm ; https://www.boj.or.jp/en/mopo/mpmdeci/mpr_1999/k990212c.htm ; https://www.boj.or.jp/en/mopo/mpmdeci/mpr_2000/k000811.htm ; https://www.boj.or.jp/en/mopo/mpmdeci/mpr_2001/k010228a.htm ; https://www.boj.or.jp/en/mopo/mpmdeci/mpr_2006/k060309.htm ; https://www.boj.or.jp/en/mopo/mpmdeci/mpr_2006/k060714.pdf ; https://www.boj.or.jp/en/mopo/mpmdeci/mpr_2007/k070221.pdf ; https://www.boj.or.jp/en/mopo/mpmdeci/mpr_2008/k081031.pdf ; https://www.boj.or.jp/en/mopo/mpmdeci/mpr_2008/k081219.pdf ; https://www.boj.or.jp/en/mopo/mpmdeci/mpr_2010/k101005.pdf ; https://www.boj.or.jp/en/mopo/mpmdeci/mpr_2016/k160921a.pdf ; https://www.boj.or.jp/en/mopo/mpmdeci/mpr_2024/k240319a.pdf ; https://www.boj.or.jp/en/mopo/mpmdeci/mpr_2024/mpr240731c.pdf ; https://www.boj.or.jp/en/mopo/mpmdeci/mpr_2025/mpr250124a.pdf ; https://www.boj.or.jp/en/mopo/mpmdeci/mpr_2025/k251219a.pdf ; https://www.boj.or.jp/en/mopo/mpmdeci/mpr_2026/k260616a.pdf, Central bank policy rates - Japan - Monthly - End of period,2025-02,0.5,A,F,
M,JP,368,0,,"From 17 Jun 2026 onwards: the BOJ encourages the uncollateralized overnight call rate to remain at around 1.00 percent; From 22 Dec 2025 to 16 Jun 2026: the BOJ encourages the uncollateralized overnight call rate to remain at around 0.75 percent; From 27 Jan 2025 to 21 Dec 2025: the BOJ encourages the uncollateralized overnight call rate to remain at around 0.50 percent; From 1 Aug 2024 to 26 Jan 2025: the BOJ encouraged the UOCR to remain at around 0.25% ; From 21 Mar 2024 to 31 July: the BOJ encouraged the UOCR to remain at around 0 to 0.1 %; from 21 Sep 2016 to 20 Mar 2024: the BOJ set the guideline for market operations which specifies a short-term policy interest rate at minus 0.1% and a target level of 10-year JGB yields at around 0%. Short-term policy interest rate; from 4 Apr 2013 to 20 Sep 2016: no policy rate; from 5 Oct 2010 to 3 Apr 2013: the BOJ encouraged the UOCR to remain at around 0 to 0.1%; from 19 Dec 2008 to 4 Oct 2010: the BOJ encouraged the UOCR to remain at around 0. %; from 31 Oct 2008 to 18 Dec 2008: the BOJ encouraged the UOCR to remain at around 0.3%; before 30 Oct 2008, refer to https://data.bis.org/topics/CBPOL",4,Bank of Japan,For details see: http://www.bis.org/statistics/cbpol/cbpol_doc.pdf  ; https://www.boj.or.jp/en/mopo/mpmdeci/mpr_1998/k980909c.htm ; https://www.boj.or.jp/en/mopo/mpmdeci/mpr_1999/k990212c.htm ; https://www.boj.or.jp/en/mopo/mpmdeci/mpr_2000/k000811.htm ; https://www.boj.or.jp/en/mopo/mpmdeci/mpr_2001/k010228a.htm ; https://www.boj.or.jp/en/mopo/mpmdeci/mpr_2006/k060309.htm ; https://www.boj.or.jp/en/mopo/mpmdeci/mpr_2006/k060714.pdf ; https://www.boj.or.jp/en/mopo/mpmdeci/mpr_2007/k070221.pdf ; https://www.boj.or.jp/en/mopo/mpmdeci/mpr_2008/k081031.pdf ; https://www.boj.or.jp/en/mopo/mpmdeci/mpr_2008/k081219.pdf ; https://www.boj.or.jp/en/mopo/mpmdeci/mpr_2010/k101005.pdf ; https://www.boj.or.jp/en/mopo/mpmdeci/mpr_2016/k160921a.pdf ; https://www.boj.or.jp/en/mopo/mpmdeci/mpr_2024/k240319a.pdf ; https://www.boj.or.jp/en/mopo/mpmdeci/mpr_2024/mpr240731c.pdf ; https://www.boj.or.jp/en/mopo/mpmdeci/mpr_2025/mpr250124a.pdf ; https://www.boj.or.jp/en/mopo/mpmdeci/mpr_2025/k251219a.pdf ; https://www.boj.or.jp/en/mopo/mpmdeci/mpr_2026/k260616a.pdf, Central bank policy rates - Japan - Monthly - End of period,2025-03,0.5,A,F,
M,JP,368,0,,"From 17 Jun 2026 onwards: the BOJ encourages the uncollateralized overnight call rate to remain at around 1.00 percent; From 22 Dec 2025 to 16 Jun 2026: the BOJ encourages the uncollateralized overnight call rate to remain at around 0.75 percent; From 27 Jan 2025 to 21 Dec 2025: the BOJ encourages the uncollateralized overnight call rate to remain at around 0.50 percent; From 1 Aug 2024 to 26 Jan 2025: the BOJ encouraged the UOCR to remain at around 0.25% ; From 21 Mar 2024 to 31 July: the BOJ encouraged the UOCR to remain at around 0 to 0.1 %; from 21 Sep 2016 to 20 Mar 2024: the BOJ set the guideline for market operations which specifies a short-term policy interest rate at minus 0.1% and a target level of 10-year JGB yields at around 0%. Short-term policy interest rate; from 4 Apr 2013 to 20 Sep 2016: no policy rate; from 5 Oct 2010 to 3 Apr 2013: the BOJ encouraged the UOCR to remain at around 0 to 0.1%; from 19 Dec 2008 to 4 Oct 2010: the BOJ encouraged the UOCR to remain at around 0. %; from 31 Oct 2008 to 18 Dec 2008: the BOJ encouraged the UOCR to remain at around 0.3%; before 30 Oct 2008, refer to https://data.bis.org/topics/CBPOL",4,Bank of Japan,For details see: http://www.bis.org/statistics/cbpol/cbpol_doc.pdf  ; https://www.boj.or.jp/en/mopo/mpmdeci/mpr_1998/k980909c.htm ; https://www.boj.or.jp/en/mopo/mpmdeci/mpr_1999/k990212c.htm ; https://www.boj.or.jp/en/mopo/mpmdeci/mpr_2000/k000811.htm ; https://www.boj.or.jp/en/mopo/mpmdeci/mpr_2001/k010228a.htm ; https://www.boj.or.jp/en/mopo/mpmdeci/mpr_2006/k060309.htm ; https://www.boj.or.jp/en/mopo/mpmdeci/mpr_2006/k060714.pdf ; https://www.boj.or.jp/en/mopo/mpmdeci/mpr_2007/k070221.pdf ; https://www.boj.or.jp/en/mopo/mpmdeci/mpr_2008/k081031.pdf ; https://www.boj.or.jp/en/mopo/mpmdeci/mpr_2008/k081219.pdf ; https://www.boj.or.jp/en/mopo/mpmdeci/mpr_2010/k101005.pdf ; https://www.boj.or.jp/en/mopo/mpmdeci/mpr_2016/k160921a.pdf ; https://www.boj.or.jp/en/mopo/mpmdeci/mpr_2024/k240319a.pdf ; https://www.boj.or.jp/en/mopo/mpmdeci/mpr_2024/mpr240731c.pdf ; https://www.boj.or.jp/en/mopo/mpmdeci/mpr_2025/mpr250124a.pdf ; https://www.boj.or.jp/en/mopo/mpmdeci/mpr_2025/k251219a.pdf ; https://www.boj.or.jp/en/mopo/mpmdeci/mpr_2026/k260616a.pdf, Central bank policy rates - Japan - Monthly - End of period,2025-04,0.5,A,F,
M,JP,368,0,,"From 17 Jun 2026 onwards: the BOJ encourages the uncollateralized overnight call rate to remain at around 1.00 percent; From 22 Dec 2025 to 16 Jun 2026: the BOJ encourages the uncollateralized overnight call rate to remain at around 0.75 percent; From 27 Jan 2025 to 21 Dec 2025: the BOJ encourages the uncollateralized overnight call rate to remain at around 0.50 percent; From 1 Aug 2024 to 26 Jan 2025: the BOJ encouraged the UOCR to remain at around 0.25% ; From 21 Mar 2024 to 31 July: the BOJ encouraged the UOCR to remain at around 0 to 0.1 %; from 21 Sep 2016 to 20 Mar 2024: the BOJ set the guideline for market operations which specifies a short-term policy interest rate at minus 0.1% and a target level of 10-year JGB yields at around 0%. Short-term policy interest rate; from 4 Apr 2013 to 20 Sep 2016: no policy rate; from 5 Oct 2010 to 3 Apr 2013: the BOJ encouraged the UOCR to remain at around 0 to 0.1%; from 19 Dec 2008 to 4 Oct 2010: the BOJ encouraged the UOCR to remain at around 0. %; from 31 Oct 2008 to 18 Dec 2008: the BOJ encouraged the UOCR to remain at around 0.3%; before 30 Oct 2008, refer to https://data.bis.org/topics/CBPOL",4,Bank of Japan,For details see: http://www.bis.org/statistics/cbpol/cbpol_doc.pdf  ; https://www.boj.or.jp/en/mopo/mpmdeci/mpr_1998/k980909c.htm ; https://www.boj.or.jp/en/mopo/mpmdeci/mpr_1999/k990212c.htm ; https://www.boj.or.jp/en/mopo/mpmdeci/mpr_2000/k000811.htm ; https://www.boj.or.jp/en/mopo/mpmdeci/mpr_2001/k010228a.htm ; https://www.boj.or.jp/en/mopo/mpmdeci/mpr_2006/k060309.htm ; https://www.boj.or.jp/en/mopo/mpmdeci/mpr_2006/k060714.pdf ; https://www.boj.or.jp/en/mopo/mpmdeci/mpr_2007/k070221.pdf ; https://www.boj.or.jp/en/mopo/mpmdeci/mpr_2008/k081031.pdf ; https://www.boj.or.jp/en/mopo/mpmdeci/mpr_2008/k081219.pdf ; https://www.boj.or.jp/en/mopo/mpmdeci/mpr_2010/k101005.pdf ; https://www.boj.or.jp/en/mopo/mpmdeci/mpr_2016/k160921a.pdf ; https://www.boj.or.jp/en/mopo/mpmdeci/mpr_2024/k240319a.pdf ; https://www.boj.or.jp/en/mopo/mpmdeci/mpr_2024/mpr240731c.pdf ; https://www.boj.or.jp/en/mopo/mpmdeci/mpr_2025/mpr250124a.pdf ; https://www.boj.or.jp/en/mopo/mpmdeci/mpr_2025/k251219a.pdf ; https://www.boj.or.jp/en/mopo/mpmdeci/mpr_2026/k260616a.pdf, Central bank policy rates - Japan - Monthly - End of period,2025-05,0.5,A,F,
M,JP,368,0,,"From 17 Jun 2026 onwards: the BOJ encourages the uncollateralized overnight call rate to remain at around 1.00 percent; From 22 Dec 2025 to 16 Jun 2026: the BOJ encourages the uncollateralized overnight call rate to remain at around 0.75 percent; From 27 Jan 2025 to 21 Dec 2025: the BOJ encourages the uncollateralized overnight call rate to remain at around 0.50 percent; From 1 Aug 2024 to 26 Jan 2025: the BOJ encouraged the UOCR to remain at around 0.25% ; From 21 Mar 2024 to 31 July: the BOJ encouraged the UOCR to remain at around 0 to 0.1 %; from 21 Sep 2016 to 20 Mar 2024: the BOJ set the guideline for market operations which specifies a short-term policy interest rate at minus 0.1% and a target level of 10-year JGB yields at around 0%. Short-term policy interest rate; from 4 Apr 2013 to 20 Sep 2016: no policy rate; from 5 Oct 2010 to 3 Apr 2013: the BOJ encouraged the UOCR to remain at around 0 to 0.1%; from 19 Dec 2008 to 4 Oct 2010: the BOJ encouraged the UOCR to remain at around 0. %; from 31 Oct 2008 to 18 Dec 2008: the BOJ encouraged the UOCR to remain at around 0.3%; before 30 Oct 2008, refer to https://data.bis.org/topics/CBPOL",4,Bank of Japan,For details see: http://www.bis.org/statistics/cbpol/cbpol_doc.pdf  ; https://www.boj.or.jp/en/mopo/mpmdeci/mpr_1998/k980909c.htm ; https://www.boj.or.jp/en/mopo/mpmdeci/mpr_1999/k990212c.htm ; https://www.boj.or.jp/en/mopo/mpmdeci/mpr_2000/k000811.htm ; https://www.boj.or.jp/en/mopo/mpmdeci/mpr_2001/k010228a.htm ; https://www.boj.or.jp/en/mopo/mpmdeci/mpr_2006/k060309.htm ; https://www.boj.or.jp/en/mopo/mpmdeci/mpr_2006/k060714.pdf ; https://www.boj.or.jp/en/mopo/mpmdeci/mpr_2007/k070221.pdf ; https://www.boj.or.jp/en/mopo/mpmdeci/mpr_2008/k081031.pdf ; https://www.boj.or.jp/en/mopo/mpmdeci/mpr_2008/k081219.pdf ; https://www.boj.or.jp/en/mopo/mpmdeci/mpr_2010/k101005.pdf ; https://www.boj.or.jp/en/mopo/mpmdeci/mpr_2016/k160921a.pdf ; https://www.boj.or.jp/en/mopo/mpmdeci/mpr_2024/k240319a.pdf ; https://www.boj.or.jp/en/mopo/mpmdeci/mpr_2024/mpr240731c.pdf ; https://www.boj.or.jp/en/mopo/mpmdeci/mpr_2025/mpr250124a.pdf ; https://www.boj.or.jp/en/mopo/mpmdeci/mpr_2025/k251219a.pdf ; https://www.boj.or.jp/en/mopo/mpmdeci/mpr_2026/k260616a.pdf, Central bank policy rates - Japan - Monthly - End of period,2025-06,0.5,A,F,
M,JP,368,0,,"From 17 Jun 2026 onwards: the BOJ encourages the uncollateralized overnight call rate to remain at around 1.00 percent; From 22 Dec 2025 to 16 Jun 2026: the BOJ encourages the uncollateralized overnight call rate to remain at around 0.75 percent; From 27 Jan 2025 to 21 Dec 2025: the BOJ encourages the uncollateralized overnight call rate to remain at around 0.50 percent; From 1 Aug 2024 to 26 Jan 2025: the BOJ encouraged the UOCR to remain at around 0.25% ; From 21 Mar 2024 to 31 July: the BOJ encouraged the UOCR to remain at around 0 to 0.1 %; from 21 Sep 2016 to 20 Mar 2024: the BOJ set the guideline for market operations which specifies a short-term policy interest rate at minus 0.1% and a target level of 10-year JGB yields at around 0%. Short-term policy interest rate; from 4 Apr 2013 to 20 Sep 2016: no policy rate; from 5 Oct 2010 to 3 Apr 2013: the BOJ encouraged the UOCR to remain at around 0 to 0.1%; from 19 Dec 2008 to 4 Oct 2010: the BOJ encouraged the UOCR to remain at around 0. %; from 31 Oct 2008 to 18 Dec 2008: the BOJ encouraged the UOCR to remain at around 0.3%; before 30 Oct 2008, refer to https://data.bis.org/topics/CBPOL",4,Bank of Japan,For details see: http://www.bis.org/statistics/cbpol/cbpol_doc.pdf  ; https://www.boj.or.jp/en/mopo/mpmdeci/mpr_1998/k980909c.htm ; https://www.boj.or.jp/en/mopo/mpmdeci/mpr_1999/k990212c.htm ; https://www.boj.or.jp/en/mopo/mpmdeci/mpr_2000/k000811.htm ; https://www.boj.or.jp/en/mopo/mpmdeci/mpr_2001/k010228a.htm ; https://www.boj.or.jp/en/mopo/mpmdeci/mpr_2006/k060309.htm ; https://www.boj.or.jp/en/mopo/mpmdeci/mpr_2006/k060714.pdf ; https://www.boj.or.jp/en/mopo/mpmdeci/mpr_2007/k070221.pdf ; https://www.boj.or.jp/en/mopo/mpmdeci/mpr_2008/k081031.pdf ; https://www.boj.or.jp/en/mopo/mpmdeci/mpr_2008/k081219.pdf ; https://www.boj.or.jp/en/mopo/mpmdeci/mpr_2010/k101005.pdf ; https://www.boj.or.jp/en/mopo/mpmdeci/mpr_2016/k160921a.pdf ; https://www.boj.or.jp/en/mopo/mpmdeci/mpr_2024/k240319a.pdf ; https://www.boj.or.jp/en/mopo/mpmdeci/mpr_2024/mpr240731c.pdf ; https://www.boj.or.jp/en/mopo/mpmdeci/mpr_2025/mpr250124a.pdf ; https://www.boj.or.jp/en/mopo/mpmdeci/mpr_2025/k251219a.pdf ; https://www.boj.or.jp/en/mopo/mpmdeci/mpr_2026/k260616a.pdf, Central bank policy rates - Japan - Monthly - End of period,2025-07,0.5,A,F,
M,JP,368,0,,"From 17 Jun 2026 onwards: the BOJ encourages the uncollateralized overnight call rate to remain at around 1.00 percent; From 22 Dec 2025 to 16 Jun 2026: the BOJ encourages the uncollateralized overnight call rate to remain at around 0.75 percent; From 27 Jan 2025 to 21 Dec 2025: the BOJ encourages the uncollateralized overnight call rate to remain at around 0.50 percent; From 1 Aug 2024 to 26 Jan 2025: the BOJ encouraged the UOCR to remain at around 0.25% ; From 21 Mar 2024 to 31 July: the BOJ encouraged the UOCR to remain at around 0 to 0.1 %; from 21 Sep 2016 to 20 Mar 2024: the BOJ set the guideline for market operations which specifies a short-term policy interest rate at minus 0.1% and a target level of 10-year JGB yields at around 0%. Short-term policy interest rate; from 4 Apr 2013 to 20 Sep 2016: no policy rate; from 5 Oct 2010 to 3 Apr 2013: the BOJ encouraged the UOCR to remain at around 0 to 0.1%; from 19 Dec 2008 to 4 Oct 2010: the BOJ encouraged the UOCR to remain at around 0. %; from 31 Oct 2008 to 18 Dec 2008: the BOJ encouraged the UOCR to remain at around 0.3%; before 30 Oct 2008, refer to https://data.bis.org/topics/CBPOL",4,Bank of Japan,For details see: http://www.bis.org/statistics/cbpol/cbpol_doc.pdf  ; https://www.boj.or.jp/en/mopo/mpmdeci/mpr_1998/k980909c.htm ; https://www.boj.or.jp/en/mopo/mpmdeci/mpr_1999/k990212c.htm ; https://www.boj.or.jp/en/mopo/mpmdeci/mpr_2000/k000811.htm ; https://www.boj.or.jp/en/mopo/mpmdeci/mpr_2001/k010228a.htm ; https://www.boj.or.jp/en/mopo/mpmdeci/mpr_2006/k060309.htm ; https://www.boj.or.jp/en/mopo/mpmdeci/mpr_2006/k060714.pdf ; https://www.boj.or.jp/en/mopo/mpmdeci/mpr_2007/k070221.pdf ; https://www.boj.or.jp/en/mopo/mpmdeci/mpr_2008/k081031.pdf ; https://www.boj.or.jp/en/mopo/mpmdeci/mpr_2008/k081219.pdf ; https://www.boj.or.jp/en/mopo/mpmdeci/mpr_2010/k101005.pdf ; https://www.boj.or.jp/en/mopo/mpmdeci/mpr_2016/k160921a.pdf ; https://www.boj.or.jp/en/mopo/mpmdeci/mpr_2024/k240319a.pdf ; https://www.boj.or.jp/en/mopo/mpmdeci/mpr_2024/mpr240731c.pdf ; https://www.boj.or.jp/en/mopo/mpmdeci/mpr_2025/mpr250124a.pdf ; https://www.boj.or.jp/en/mopo/mpmdeci/mpr_2025/k251219a.pdf ; https://www.boj.or.jp/en/mopo/mpmdeci/mpr_2026/k260616a.pdf, Central bank policy rates - Japan - Monthly - End of period,2025-08,0.5,A,F,
M,JP,368,0,,"From 17 Jun 2026 onwards: the BOJ encourages the uncollateralized overnight call rate to remain at around 1.00 percent; From 22 Dec 2025 to 16 Jun 2026: the BOJ encourages the uncollateralized overnight call rate to remain at around 0.75 percent; From 27 Jan 2025 to 21 Dec 2025: the BOJ encourages the uncollateralized overnight call rate to remain at around 0.50 percent; From 1 Aug 2024 to 26 Jan 2025: the BOJ encouraged the UOCR to remain at around 0.25% ; From 21 Mar 2024 to 31 July: the BOJ encouraged the UOCR to remain at around 0 to 0.1 %; from 21 Sep 2016 to 20 Mar 2024: the BOJ set the guideline for market operations which specifies a short-term policy interest rate at minus 0.1% and a target level of 10-year JGB yields at around 0%. Short-term policy interest rate; from 4 Apr 2013 to 20 Sep 2016: no policy rate; from 5 Oct 2010 to 3 Apr 2013: the BOJ encouraged the UOCR to remain at around 0 to 0.1%; from 19 Dec 2008 to 4 Oct 2010: the BOJ encouraged the UOCR to remain at around 0. %; from 31 Oct 2008 to 18 Dec 2008: the BOJ encouraged the UOCR to remain at around 0.3%; before 30 Oct 2008, refer to https://data.bis.org/topics/CBPOL",4,Bank of Japan,For details see: http://www.bis.org/statistics/cbpol/cbpol_doc.pdf  ; https://www.boj.or.jp/en/mopo/mpmdeci/mpr_1998/k980909c.htm ; https://www.boj.or.jp/en/mopo/mpmdeci/mpr_1999/k990212c.htm ; https://www.boj.or.jp/en/mopo/mpmdeci/mpr_2000/k000811.htm ; https://www.boj.or.jp/en/mopo/mpmdeci/mpr_2001/k010228a.htm ; https://www.boj.or.jp/en/mopo/mpmdeci/mpr_2006/k060309.htm ; https://www.boj.or.jp/en/mopo/mpmdeci/mpr_2006/k060714.pdf ; https://www.boj.or.jp/en/mopo/mpmdeci/mpr_2007/k070221.pdf ; https://www.boj.or.jp/en/mopo/mpmdeci/mpr_2008/k081031.pdf ; https://www.boj.or.jp/en/mopo/mpmdeci/mpr_2008/k081219.pdf ; https://www.boj.or.jp/en/mopo/mpmdeci/mpr_2010/k101005.pdf ; https://www.boj.or.jp/en/mopo/mpmdeci/mpr_2016/k160921a.pdf ; https://www.boj.or.jp/en/mopo/mpmdeci/mpr_2024/k240319a.pdf ; https://www.boj.or.jp/en/mopo/mpmdeci/mpr_2024/mpr240731c.pdf ; https://www.boj.or.jp/en/mopo/mpmdeci/mpr_2025/mpr250124a.pdf ; https://www.boj.or.jp/en/mopo/mpmdeci/mpr_2025/k251219a.pdf ; https://www.boj.or.jp/en/mopo/mpmdeci/mpr_2026/k260616a.pdf, Central bank policy rates - Japan - Monthly - End of period,2025-09,0.5,A,F,
M,JP,368,0,,"From 17 Jun 2026 onwards: the BOJ encourages the uncollateralized overnight call rate to remain at around 1.00 percent; From 22 Dec 2025 to 16 Jun 2026: the BOJ encourages the uncollateralized overnight call rate to remain at around 0.75 percent; From 27 Jan 2025 to 21 Dec 2025: the BOJ encourages the uncollateralized overnight call rate to remain at around 0.50 percent; From 1 Aug 2024 to 26 Jan 2025: the BOJ encouraged the UOCR to remain at around 0.25% ; From 21 Mar 2024 to 31 July: the BOJ encouraged the UOCR to remain at around 0 to 0.1 %; from 21 Sep 2016 to 20 Mar 2024: the BOJ set the guideline for market operations which specifies a short-term policy interest rate at minus 0.1% and a target level of 10-year JGB yields at around 0%. Short-term policy interest rate; from 4 Apr 2013 to 20 Sep 2016: no policy rate; from 5 Oct 2010 to 3 Apr 2013: the BOJ encouraged the UOCR to remain at around 0 to 0.1%; from 19 Dec 2008 to 4 Oct 2010: the BOJ encouraged the UOCR to remain at around 0. %; from 31 Oct 2008 to 18 Dec 2008: the BOJ encouraged the UOCR to remain at around 0.3%; before 30 Oct 2008, refer to https://data.bis.org/topics/CBPOL",4,Bank of Japan,For details see: http://www.bis.org/statistics/cbpol/cbpol_doc.pdf  ; https://www.boj.or.jp/en/mopo/mpmdeci/mpr_1998/k980909c.htm ; https://www.boj.or.jp/en/mopo/mpmdeci/mpr_1999/k990212c.htm ; https://www.boj.or.jp/en/mopo/mpmdeci/mpr_2000/k000811.htm ; https://www.boj.or.jp/en/mopo/mpmdeci/mpr_2001/k010228a.htm ; https://www.boj.or.jp/en/mopo/mpmdeci/mpr_2006/k060309.htm ; https://www.boj.or.jp/en/mopo/mpmdeci/mpr_2006/k060714.pdf ; https://www.boj.or.jp/en/mopo/mpmdeci/mpr_2007/k070221.pdf ; https://www.boj.or.jp/en/mopo/mpmdeci/mpr_2008/k081031.pdf ; https://www.boj.or.jp/en/mopo/mpmdeci/mpr_2008/k081219.pdf ; https://www.boj.or.jp/en/mopo/mpmdeci/mpr_2010/k101005.pdf ; https://www.boj.or.jp/en/mopo/mpmdeci/mpr_2016/k160921a.pdf ; https://www.boj.or.jp/en/mopo/mpmdeci/mpr_2024/k240319a.pdf ; https://www.boj.or.jp/en/mopo/mpmdeci/mpr_2024/mpr240731c.pdf ; https://www.boj.or.jp/en/mopo/mpmdeci/mpr_2025/mpr250124a.pdf ; https://www.boj.or.jp/en/mopo/mpmdeci/mpr_2025/k251219a.pdf ; https://www.boj.or.jp/en/mopo/mpmdeci/mpr_2026/k260616a.pdf, Central bank policy rates - Japan - Monthly - End of period,2025-10,0.5,A,F,
M,JP,368,0,,"From 17 Jun 2026 onwards: the BOJ encourages the uncollateralized overnight call rate to remain at around 1.00 percent; From 22 Dec 2025 to 16 Jun 2026: the BOJ encourages the uncollateralized overnight call rate to remain at around 0.75 percent; From 27 Jan 2025 to 21 Dec 2025: the BOJ encourages the uncollateralized overnight call rate to remain at around 0.50 percent; From 1 Aug 2024 to 26 Jan 2025: the BOJ encouraged the UOCR to remain at around 0.25% ; From 21 Mar 2024 to 31 July: the BOJ encouraged the UOCR to remain at around 0 to 0.1 %; from 21 Sep 2016 to 20 Mar 2024: the BOJ set the guideline for market operations which specifies a short-term policy interest rate at minus 0.1% and a target level of 10-year JGB yields at around 0%. Short-term policy interest rate; from 4 Apr 2013 to 20 Sep 2016: no policy rate; from 5 Oct 2010 to 3 Apr 2013: the BOJ encouraged the UOCR to remain at around 0 to 0.1%; from 19 Dec 2008 to 4 Oct 2010: the BOJ encouraged the UOCR to remain at around 0. %; from 31 Oct 2008 to 18 Dec 2008: the BOJ encouraged the UOCR to remain at around 0.3%; before 30 Oct 2008, refer to https://data.bis.org/topics/CBPOL",4,Bank of Japan,For details see: http://www.bis.org/statistics/cbpol/cbpol_doc.pdf  ; https://www.boj.or.jp/en/mopo/mpmdeci/mpr_1998/k980909c.htm ; https://www.boj.or.jp/en/mopo/mpmdeci/mpr_1999/k990212c.htm ; https://www.boj.or.jp/en/mopo/mpmdeci/mpr_2000/k000811.htm ; https://www.boj.or.jp/en/mopo/mpmdeci/mpr_2001/k010228a.htm ; https://www.boj.or.jp/en/mopo/mpmdeci/mpr_2006/k060309.htm ; https://www.boj.or.jp/en/mopo/mpmdeci/mpr_2006/k060714.pdf ; https://www.boj.or.jp/en/mopo/mpmdeci/mpr_2007/k070221.pdf ; https://www.boj.or.jp/en/mopo/mpmdeci/mpr_2008/k081031.pdf ; https://www.boj.or.jp/en/mopo/mpmdeci/mpr_2008/k081219.pdf ; https://www.boj.or.jp/en/mopo/mpmdeci/mpr_2010/k101005.pdf ; https://www.boj.or.jp/en/mopo/mpmdeci/mpr_2016/k160921a.pdf ; https://www.boj.or.jp/en/mopo/mpmdeci/mpr_2024/k240319a.pdf ; https://www.boj.or.jp/en/mopo/mpmdeci/mpr_2024/mpr240731c.pdf ; https://www.boj.or.jp/en/mopo/mpmdeci/mpr_2025/mpr250124a.pdf ; https://www.boj.or.jp/en/mopo/mpmdeci/mpr_2025/k251219a.pdf ; https://www.boj.or.jp/en/mopo/mpmdeci/mpr_2026/k260616a.pdf, Central bank policy rates - Japan - Monthly - End of period,2025-11,0.5,A,F,
M,JP,368,0,,"From 17 Jun 2026 onwards: the BOJ encourages the uncollateralized overnight call rate to remain at around 1.00 percent; From 22 Dec 2025 to 16 Jun 2026: the BOJ encourages the uncollateralized overnight call rate to remain at around 0.75 percent; From 27 Jan 2025 to 21 Dec 2025: the BOJ encourages the uncollateralized overnight call rate to remain at around 0.50 percent; From 1 Aug 2024 to 26 Jan 2025: the BOJ encouraged the UOCR to remain at around 0.25% ; From 21 Mar 2024 to 31 July: the BOJ encouraged the UOCR to remain at around 0 to 0.1 %; from 21 Sep 2016 to 20 Mar 2024: the BOJ set the guideline for market operations which specifies a short-term policy interest rate at minus 0.1% and a target level of 10-year JGB yields at around 0%. Short-term policy interest rate; from 4 Apr 2013 to 20 Sep 2016: no policy rate; from 5 Oct 2010 to 3 Apr 2013: the BOJ encouraged the UOCR to remain at around 0 to 0.1%; from 19 Dec 2008 to 4 Oct 2010: the BOJ encouraged the UOCR to remain at around 0. %; from 31 Oct 2008 to 18 Dec 2008: the BOJ encouraged the UOCR to remain at around 0.3%; before 30 Oct 2008, refer to https://data.bis.org/topics/CBPOL",4,Bank of Japan,For details see: http://www.bis.org/statistics/cbpol/cbpol_doc.pdf  ; https://www.boj.or.jp/en/mopo/mpmdeci/mpr_1998/k980909c.htm ; https://www.boj.or.jp/en/mopo/mpmdeci/mpr_1999/k990212c.htm ; https://www.boj.or.jp/en/mopo/mpmdeci/mpr_2000/k000811.htm ; https://www.boj.or.jp/en/mopo/mpmdeci/mpr_2001/k010228a.htm ; https://www.boj.or.jp/en/mopo/mpmdeci/mpr_2006/k060309.htm ; https://www.boj.or.jp/en/mopo/mpmdeci/mpr_2006/k060714.pdf ; https://www.boj.or.jp/en/mopo/mpmdeci/mpr_2007/k070221.pdf ; https://www.boj.or.jp/en/mopo/mpmdeci/mpr_2008/k081031.pdf ; https://www.boj.or.jp/en/mopo/mpmdeci/mpr_2008/k081219.pdf ; https://www.boj.or.jp/en/mopo/mpmdeci/mpr_2010/k101005.pdf ; https://www.boj.or.jp/en/mopo/mpmdeci/mpr_2016/k160921a.pdf ; https://www.boj.or.jp/en/mopo/mpmdeci/mpr_2024/k240319a.pdf ; https://www.boj.or.jp/en/mopo/mpmdeci/mpr_2024/mpr240731c.pdf ; https://www.boj.or.jp/en/mopo/mpmdeci/mpr_2025/mpr250124a.pdf ; https://www.boj.or.jp/en/mopo/mpmdeci/mpr_2025/k251219a.pdf ; https://www.boj.or.jp/en/mopo/mpmdeci/mpr_2026/k260616a.pdf, Central bank policy rates - Japan - Monthly - End of period,2025-12,0.75,A,F,
M,JP,368,0,,"From 17 Jun 2026 onwards: the BOJ encourages the uncollateralized overnight call rate to remain at around 1.00 percent; From 22 Dec 2025 to 16 Jun 2026: the BOJ encourages the uncollateralized overnight call rate to remain at around 0.75 percent; From 27 Jan 2025 to 21 Dec 2025: the BOJ encourages the uncollateralized overnight call rate to remain at around 0.50 percent; From 1 Aug 2024 to 26 Jan 2025: the BOJ encouraged the UOCR to remain at around 0.25% ; From 21 Mar 2024 to 31 July: the BOJ encouraged the UOCR to remain at around 0 to 0.1 %; from 21 Sep 2016 to 20 Mar 2024: the BOJ set the guideline for market operations which specifies a short-term policy interest rate at minus 0.1% and a target level of 10-year JGB yields at around 0%. Short-term policy interest rate; from 4 Apr 2013 to 20 Sep 2016: no policy rate; from 5 Oct 2010 to 3 Apr 2013: the BOJ encouraged the UOCR to remain at around 0 to 0.1%; from 19 Dec 2008 to 4 Oct 2010: the BOJ encouraged the UOCR to remain at around 0. %; from 31 Oct 2008 to 18 Dec 2008: the BOJ encouraged the UOCR to remain at around 0.3%; before 30 Oct 2008, refer to https://data.bis.org/topics/CBPOL",4,Bank of Japan,For details see: http://www.bis.org/statistics/cbpol/cbpol_doc.pdf  ; https://www.boj.or.jp/en/mopo/mpmdeci/mpr_1998/k980909c.htm ; https://www.boj.or.jp/en/mopo/mpmdeci/mpr_1999/k990212c.htm ; https://www.boj.or.jp/en/mopo/mpmdeci/mpr_2000/k000811.htm ; https://www.boj.or.jp/en/mopo/mpmdeci/mpr_2001/k010228a.htm ; https://www.boj.or.jp/en/mopo/mpmdeci/mpr_2006/k060309.htm ; https://www.boj.or.jp/en/mopo/mpmdeci/mpr_2006/k060714.pdf ; https://www.boj.or.jp/en/mopo/mpmdeci/mpr_2007/k070221.pdf ; https://www.boj.or.jp/en/mopo/mpmdeci/mpr_2008/k081031.pdf ; https://www.boj.or.jp/en/mopo/mpmdeci/mpr_2008/k081219.pdf ; https://www.boj.or.jp/en/mopo/mpmdeci/mpr_2010/k101005.pdf ; https://www.boj.or.jp/en/mopo/mpmdeci/mpr_2016/k160921a.pdf ; https://www.boj.or.jp/en/mopo/mpmdeci/mpr_2024/k240319a.pdf ; https://www.boj.or.jp/en/mopo/mpmdeci/mpr_2024/mpr240731c.pdf ; https://www.boj.or.jp/en/mopo/mpmdeci/mpr_2025/mpr250124a.pdf ; https://www.boj.or.jp/en/mopo/mpmdeci/mpr_2025/k251219a.pdf ; https://www.boj.or.jp/en/mopo/mpmdeci/mpr_2026/k260616a.pdf, Central bank policy rates - Japan - Monthly - End of period,2026-01,0.75,A,F,
M,JP,368,0,,"From 17 Jun 2026 onwards: the BOJ encourages the uncollateralized overnight call rate to remain at around 1.00 percent; From 22 Dec 2025 to 16 Jun 2026: the BOJ encourages the uncollateralized overnight call rate to remain at around 0.75 percent; From 27 Jan 2025 to 21 Dec 2025: the BOJ encourages the uncollateralized overnight call rate to remain at around 0.50 percent; From 1 Aug 2024 to 26 Jan 2025: the BOJ encouraged the UOCR to remain at around 0.25% ; From 21 Mar 2024 to 31 July: the BOJ encouraged the UOCR to remain at around 0 to 0.1 %; from 21 Sep 2016 to 20 Mar 2024: the BOJ set the guideline for market operations which specifies a short-term policy interest rate at minus 0.1% and a target level of 10-year JGB yields at around 0%. Short-term policy interest rate; from 4 Apr 2013 to 20 Sep 2016: no policy rate; from 5 Oct 2010 to 3 Apr 2013: the BOJ encouraged the UOCR to remain at around 0 to 0.1%; from 19 Dec 2008 to 4 Oct 2010: the BOJ encouraged the UOCR to remain at around 0. %; from 31 Oct 2008 to 18 Dec 2008: the BOJ encouraged the UOCR to remain at around 0.3%; before 30 Oct 2008, refer to https://data.bis.org/topics/CBPOL",4,Bank of Japan,For details see: http://www.bis.org/statistics/cbpol/cbpol_doc.pdf  ; https://www.boj.or.jp/en/mopo/mpmdeci/mpr_1998/k980909c.htm ; https://www.boj.or.jp/en/mopo/mpmdeci/mpr_1999/k990212c.htm ; https://www.boj.or.jp/en/mopo/mpmdeci/mpr_2000/k000811.htm ; https://www.boj.or.jp/en/mopo/mpmdeci/mpr_2001/k010228a.htm ; https://www.boj.or.jp/en/mopo/mpmdeci/mpr_2006/k060309.htm ; https://www.boj.or.jp/en/mopo/mpmdeci/mpr_2006/k060714.pdf ; https://www.boj.or.jp/en/mopo/mpmdeci/mpr_2007/k070221.pdf ; https://www.boj.or.jp/en/mopo/mpmdeci/mpr_2008/k081031.pdf ; https://www.boj.or.jp/en/mopo/mpmdeci/mpr_2008/k081219.pdf ; https://www.boj.or.jp/en/mopo/mpmdeci/mpr_2010/k101005.pdf ; https://www.boj.or.jp/en/mopo/mpmdeci/mpr_2016/k160921a.pdf ; https://www.boj.or.jp/en/mopo/mpmdeci/mpr_2024/k240319a.pdf ; https://www.boj.or.jp/en/mopo/mpmdeci/mpr_2024/mpr240731c.pdf ; https://www.boj.or.jp/en/mopo/mpmdeci/mpr_2025/mpr250124a.pdf ; https://www.boj.or.jp/en/mopo/mpmdeci/mpr_2025/k251219a.pdf ; https://www.boj.or.jp/en/mopo/mpmdeci/mpr_2026/k260616a.pdf, Central bank policy rates - Japan - Monthly - End of period,2026-02,0.75,A,F,
M,JP,368,0,,"From 17 Jun 2026 onwards: the BOJ encourages the uncollateralized overnight call rate to remain at around 1.00 percent; From 22 Dec 2025 to 16 Jun 2026: the BOJ encourages the uncollateralized overnight call rate to remain at around 0.75 percent; From 27 Jan 2025 to 21 Dec 2025: the BOJ encourages the uncollateralized overnight call rate to remain at around 0.50 percent; From 1 Aug 2024 to 26 Jan 2025: the BOJ encouraged the UOCR to remain at around 0.25% ; From 21 Mar 2024 to 31 July: the BOJ encouraged the UOCR to remain at around 0 to 0.1 %; from 21 Sep 2016 to 20 Mar 2024: the BOJ set the guideline for market operations which specifies a short-term policy interest rate at minus 0.1% and a target level of 10-year JGB yields at around 0%. Short-term policy interest rate; from 4 Apr 2013 to 20 Sep 2016: no policy rate; from 5 Oct 2010 to 3 Apr 2013: the BOJ encouraged the UOCR to remain at around 0 to 0.1%; from 19 Dec 2008 to 4 Oct 2010: the BOJ encouraged the UOCR to remain at around 0. %; from 31 Oct 2008 to 18 Dec 2008: the BOJ encouraged the UOCR to remain at around 0.3%; before 30 Oct 2008, refer to https://data.bis.org/topics/CBPOL",4,Bank of Japan,For details see: http://www.bis.org/statistics/cbpol/cbpol_doc.pdf  ; https://www.boj.or.jp/en/mopo/mpmdeci/mpr_1998/k980909c.htm ; https://www.boj.or.jp/en/mopo/mpmdeci/mpr_1999/k990212c.htm ; https://www.boj.or.jp/en/mopo/mpmdeci/mpr_2000/k000811.htm ; https://www.boj.or.jp/en/mopo/mpmdeci/mpr_2001/k010228a.htm ; https://www.boj.or.jp/en/mopo/mpmdeci/mpr_2006/k060309.htm ; https://www.boj.or.jp/en/mopo/mpmdeci/mpr_2006/k060714.pdf ; https://www.boj.or.jp/en/mopo/mpmdeci/mpr_2007/k070221.pdf ; https://www.boj.or.jp/en/mopo/mpmdeci/mpr_2008/k081031.pdf ; https://www.boj.or.jp/en/mopo/mpmdeci/mpr_2008/k081219.pdf ; https://www.boj.or.jp/en/mopo/mpmdeci/mpr_2010/k101005.pdf ; https://www.boj.or.jp/en/mopo/mpmdeci/mpr_2016/k160921a.pdf ; https://www.boj.or.jp/en/mopo/mpmdeci/mpr_2024/k240319a.pdf ; https://www.boj.or.jp/en/mopo/mpmdeci/mpr_2024/mpr240731c.pdf ; https://www.boj.or.jp/en/mopo/mpmdeci/mpr_2025/mpr250124a.pdf ; https://www.boj.or.jp/en/mopo/mpmdeci/mpr_2025/k251219a.pdf ; https://www.boj.or.jp/en/mopo/mpmdeci/mpr_2026/k260616a.pdf, Central bank policy rates - Japan - Monthly - End of period,2026-03,0.75,A,F,
M,JP,368,0,,"From 17 Jun 2026 onwards: the BOJ encourages the uncollateralized overnight call rate to remain at around 1.00 percent; From 22 Dec 2025 to 16 Jun 2026: the BOJ encourages the uncollateralized overnight call rate to remain at around 0.75 percent; From 27 Jan 2025 to 21 Dec 2025: the BOJ encourages the uncollateralized overnight call rate to remain at around 0.50 percent; From 1 Aug 2024 to 26 Jan 2025: the BOJ encouraged the UOCR to remain at around 0.25% ; From 21 Mar 2024 to 31 July: the BOJ encouraged the UOCR to remain at around 0 to 0.1 %; from 21 Sep 2016 to 20 Mar 2024: the BOJ set the guideline for market operations which specifies a short-term policy interest rate at minus 0.1% and a target level of 10-year JGB yields at around 0%. Short-term policy interest rate; from 4 Apr 2013 to 20 Sep 2016: no policy rate; from 5 Oct 2010 to 3 Apr 2013: the BOJ encouraged the UOCR to remain at around 0 to 0.1%; from 19 Dec 2008 to 4 Oct 2010: the BOJ encouraged the UOCR to remain at around 0. %; from 31 Oct 2008 to 18 Dec 2008: the BOJ encouraged the UOCR to remain at around 0.3%; before 30 Oct 2008, refer to https://data.bis.org/topics/CBPOL",4,Bank of Japan,For details see: http://www.bis.org/statistics/cbpol/cbpol_doc.pdf  ; https://www.boj.or.jp/en/mopo/mpmdeci/mpr_1998/k980909c.htm ; https://www.boj.or.jp/en/mopo/mpmdeci/mpr_1999/k990212c.htm ; https://www.boj.or.jp/en/mopo/mpmdeci/mpr_2000/k000811.htm ; https://www.boj.or.jp/en/mopo/mpmdeci/mpr_2001/k010228a.htm ; https://www.boj.or.jp/en/mopo/mpmdeci/mpr_2006/k060309.htm ; https://www.boj.or.jp/en/mopo/mpmdeci/mpr_2006/k060714.pdf ; https://www.boj.or.jp/en/mopo/mpmdeci/mpr_2007/k070221.pdf ; https://www.boj.or.jp/en/mopo/mpmdeci/mpr_2008/k081031.pdf ; https://www.boj.or.jp/en/mopo/mpmdeci/mpr_2008/k081219.pdf ; https://www.boj.or.jp/en/mopo/mpmdeci/mpr_2010/k101005.pdf ; https://www.boj.or.jp/en/mopo/mpmdeci/mpr_2016/k160921a.pdf ; https://www.boj.or.jp/en/mopo/mpmdeci/mpr_2024/k240319a.pdf ; https://www.boj.or.jp/en/mopo/mpmdeci/mpr_2024/mpr240731c.pdf ; https://www.boj.or.jp/en/mopo/mpmdeci/mpr_2025/mpr250124a.pdf ; https://www.boj.or.jp/en/mopo/mpmdeci/mpr_2025/k251219a.pdf ; https://www.boj.or.jp/en/mopo/mpmdeci/mpr_2026/k260616a.pdf, Central bank policy rates - Japan - Monthly - End of period,2026-04,0.75,A,F,
M,JP,368,0,,"From 17 Jun 2026 onwards: the BOJ encourages the uncollateralized overnight call rate to remain at around 1.00 percent; From 22 Dec 2025 to 16 Jun 2026: the BOJ encourages the uncollateralized overnight call rate to remain at around 0.75 percent; From 27 Jan 2025 to 21 Dec 2025: the BOJ encourages the uncollateralized overnight call rate to remain at around 0.50 percent; From 1 Aug 2024 to 26 Jan 2025: the BOJ encouraged the UOCR to remain at around 0.25% ; From 21 Mar 2024 to 31 July: the BOJ encouraged the UOCR to remain at around 0 to 0.1 %; from 21 Sep 2016 to 20 Mar 2024: the BOJ set the guideline for market operations which specifies a short-term policy interest rate at minus 0.1% and a target level of 10-year JGB yields at around 0%. Short-term policy interest rate; from 4 Apr 2013 to 20 Sep 2016: no policy rate; from 5 Oct 2010 to 3 Apr 2013: the BOJ encouraged the UOCR to remain at around 0 to 0.1%; from 19 Dec 2008 to 4 Oct 2010: the BOJ encouraged the UOCR to remain at around 0. %; from 31 Oct 2008 to 18 Dec 2008: the BOJ encouraged the UOCR to remain at around 0.3%; before 30 Oct 2008, refer to https://data.bis.org/topics/CBPOL",4,Bank of Japan,For details see: http://www.bis.org/statistics/cbpol/cbpol_doc.pdf  ; https://www.boj.or.jp/en/mopo/mpmdeci/mpr_1998/k980909c.htm ; https://www.boj.or.jp/en/mopo/mpmdeci/mpr_1999/k990212c.htm ; https://www.boj.or.jp/en/mopo/mpmdeci/mpr_2000/k000811.htm ; https://www.boj.or.jp/en/mopo/mpmdeci/mpr_2001/k010228a.htm ; https://www.boj.or.jp/en/mopo/mpmdeci/mpr_2006/k060309.htm ; https://www.boj.or.jp/en/mopo/mpmdeci/mpr_2006/k060714.pdf ; https://www.boj.or.jp/en/mopo/mpmdeci/mpr_2007/k070221.pdf ; https://www.boj.or.jp/en/mopo/mpmdeci/mpr_2008/k081031.pdf ; https://www.boj.or.jp/en/mopo/mpmdeci/mpr_2008/k081219.pdf ; https://www.boj.or.jp/en/mopo/mpmdeci/mpr_2010/k101005.pdf ; https://www.boj.or.jp/en/mopo/mpmdeci/mpr_2016/k160921a.pdf ; https://www.boj.or.jp/en/mopo/mpmdeci/mpr_2024/k240319a.pdf ; https://www.boj.or.jp/en/mopo/mpmdeci/mpr_2024/mpr240731c.pdf ; https://www.boj.or.jp/en/mopo/mpmdeci/mpr_2025/mpr250124a.pdf ; https://www.boj.or.jp/en/mopo/mpmdeci/mpr_2025/k251219a.pdf ; https://www.boj.or.jp/en/mopo/mpmdeci/mpr_2026/k260616a.pdf, Central bank policy rates - Japan - Monthly - End of period,2026-05,0.75,A,F,
M,JP,368,0,,"From 17 Jun 2026 onwards: the BOJ encourages the uncollateralized overnight call rate to remain at around 1.00 percent; From 22 Dec 2025 to 16 Jun 2026: the BOJ encourages the uncollateralized overnight call rate to remain at around 0.75 percent; From 27 Jan 2025 to 21 Dec 2025: the BOJ encourages the uncollateralized overnight call rate to remain at around 0.50 percent; From 1 Aug 2024 to 26 Jan 2025: the BOJ encouraged the UOCR to remain at around 0.25% ; From 21 Mar 2024 to 31 July: the BOJ encouraged the UOCR to remain at around 0 to 0.1 %; from 21 Sep 2016 to 20 Mar 2024: the BOJ set the guideline for market operations which specifies a short-term policy interest rate at minus 0.1% and a target level of 10-year JGB yields at around 0%. Short-term policy interest rate; from 4 Apr 2013 to 20 Sep 2016: no policy rate; from 5 Oct 2010 to 3 Apr 2013: the BOJ encouraged the UOCR to remain at around 0 to 0.1%; from 19 Dec 2008 to 4 Oct 2010: the BOJ encouraged the UOCR to remain at around 0. %; from 31 Oct 2008 to 18 Dec 2008: the BOJ encouraged the UOCR to remain at around 0.3%; before 30 Oct 2008, refer to https://data.bis.org/topics/CBPOL",4,Bank of Japan,For details see: http://www.bis.org/statistics/cbpol/cbpol_doc.pdf  ; https://www.boj.or.jp/en/mopo/mpmdeci/mpr_1998/k980909c.htm ; https://www.boj.or.jp/en/mopo/mpmdeci/mpr_1999/k990212c.htm ; https://www.boj.or.jp/en/mopo/mpmdeci/mpr_2000/k000811.htm ; https://www.boj.or.jp/en/mopo/mpmdeci/mpr_2001/k010228a.htm ; https://www.boj.or.jp/en/mopo/mpmdeci/mpr_2006/k060309.htm ; https://www.boj.or.jp/en/mopo/mpmdeci/mpr_2006/k060714.pdf ; https://www.boj.or.jp/en/mopo/mpmdeci/mpr_2007/k070221.pdf ; https://www.boj.or.jp/en/mopo/mpmdeci/mpr_2008/k081031.pdf ; https://www.boj.or.jp/en/mopo/mpmdeci/mpr_2008/k081219.pdf ; https://www.boj.or.jp/en/mopo/mpmdeci/mpr_2010/k101005.pdf ; https://www.boj.or.jp/en/mopo/mpmdeci/mpr_2016/k160921a.pdf ; https://www.boj.or.jp/en/mopo/mpmdeci/mpr_2024/k240319a.pdf ; https://www.boj.or.jp/en/mopo/mpmdeci/mpr_2024/mpr240731c.pdf ; https://www.boj.or.jp/en/mopo/mpmdeci/mpr_2025/mpr250124a.pdf ; https://www.boj.or.jp/en/mopo/mpmdeci/mpr_2025/k251219a.pdf ; https://www.boj.or.jp/en/mopo/mpmdeci/mpr_2026/k260616a.pdf, Central bank policy rates - Japan - Monthly - End of period,2026-06,1,A,F,
M,JP,368,0,,"From 17 Jun 2026 onwards: the BOJ encourages the uncollateralized overnight call rate to remain at around 1.00 percent; From 22 Dec 2025 to 16 Jun 2026: the BOJ encourages the uncollateralized overnight call rate to remain at around 0.75 percent; From 27 Jan 2025 to 21 Dec 2025: the BOJ encourages the uncollateralized overnight call rate to remain at around 0.50 percent; From 1 Aug 2024 to 26 Jan 2025: the BOJ encouraged the UOCR to remain at around 0.25% ; From 21 Mar 2024 to 31 July: the BOJ encouraged the UOCR to remain at around 0 to 0.1 %; from 21 Sep 2016 to 20 Mar 2024: the BOJ set the guideline for market operations which specifies a short-term policy interest rate at minus 0.1% and a target level of 10-year JGB yields at around 0%. Short-term policy interest rate; from 4 Apr 2013 to 20 Sep 2016: no policy rate; from 5 Oct 2010 to 3 Apr 2013: the BOJ encouraged the UOCR to remain at around 0 to 0.1%; from 19 Dec 2008 to 4 Oct 2010: the BOJ encouraged the UOCR to remain at around 0. %; from 31 Oct 2008 to 18 Dec 2008: the BOJ encouraged the UOCR to remain at around 0.3%; before 30 Oct 2008, refer to https://data.bis.org/topics/CBPOL",4,Bank of Japan,For details see: http://www.bis.org/statistics/cbpol/cbpol_doc.pdf  ; https://www.boj.or.jp/en/mopo/mpmdeci/mpr_1998/k980909c.htm ; https://www.boj.or.jp/en/mopo/mpmdeci/mpr_1999/k990212c.htm ; https://www.boj.or.jp/en/mopo/mpmdeci/mpr_2000/k000811.htm ; https://www.boj.or.jp/en/mopo/mpmdeci/mpr_2001/k010228a.htm ; https://www.boj.or.jp/en/mopo/mpmdeci/mpr_2006/k060309.htm ; https://www.boj.or.jp/en/mopo/mpmdeci/mpr_2006/k060714.pdf ; https://www.boj.or.jp/en/mopo/mpmdeci/mpr_2007/k070221.pdf ; https://www.boj.or.jp/en/mopo/mpmdeci/mpr_2008/k081031.pdf ; https://www.boj.or.jp/en/mopo/mpmdeci/mpr_2008/k081219.pdf ; https://www.boj.or.jp/en/mopo/mpmdeci/mpr_2010/k101005.pdf ; https://www.boj.or.jp/en/mopo/mpmdeci/mpr_2016/k160921a.pdf ; https://www.boj.or.jp/en/mopo/mpmdeci/mpr_2024/k240319a.pdf ; https://www.boj.or.jp/en/mopo/mpmdeci/mpr_2024/mpr240731c.pdf ; https://www.boj.or.jp/en/mopo/mpmdeci/mpr_2025/mpr250124a.pdf ; https://www.boj.or.jp/en/mopo/mpmdeci/mpr_2025/k251219a.pdf ; https://www.boj.or.jp/en/mopo/mpmdeci/mpr_2026/k260616a.pdf, Central bank policy rates - Japan - Monthly - End of period,2026-07,1,A,F,
M,JP,368,0,,"From 17 Jun 2026 onwards: the BOJ encourages the uncollateralized overnight call rate to remain at around 1.00 percent; From 22 Dec 2025 to 16 Jun 2026: the BOJ encourages the uncollateralized overnight call rate to remain at around 0.75 percent; From 27 Jan 2025 to 21 Dec 2025: the BOJ encourages the uncollateralized overnight call rate to remain at around 0.50 percent; From 1 Aug 2024 to 26 Jan 2025: the BOJ encouraged the UOCR to remain at around 0.25% ; From 21 Mar 2024 to 31 July: the BOJ encouraged the UOCR to remain at around 0 to 0.1 %; from 21 Sep 2016 to 20 Mar 2024: the BOJ set the guideline for market operations which specifies a short-term policy interest rate at minus 0.1% and a target level of 10-year JGB yields at around 0%. Short-term policy interest rate; from 4 Apr 2013 to 20 Sep 2016: no policy rate; from 5 Oct 2010 to 3 Apr 2013: the BOJ encouraged the UOCR to remain at around 0 to 0.1%; from 19 Dec 2008 to 4 Oct 2010: the BOJ encouraged the UOCR to remain at around 0. %; from 31 Oct 2008 to 18 Dec 2008: the BOJ encouraged the UOCR to remain at around 0.3%; before 30 Oct 2008, refer to https://data.bis.org/topics/CBPOL",4,Bank of Japan,For details see: http://www.bis.org/statistics/cbpol/cbpol_doc.pdf  ; https://www.boj.or.jp/en/mopo/mpmdeci/mpr_1998/k980909c.htm ; https://www.boj.or.jp/en/mopo/mpmdeci/mpr_1999/k990212c.htm ; https://www.boj.or.jp/en/mopo/mpmdeci/mpr_2000/k000811.htm ; https://www.boj.or.jp/en/mopo/mpmdeci/mpr_2001/k010228a.htm ; https://www.boj.or.jp/en/mopo/mpmdeci/mpr_2006/k060309.htm ; https://www.boj.or.jp/en/mopo/mpmdeci/mpr_2006/k060714.pdf ; https://www.boj.or.jp/en/mopo/mpmdeci/mpr_2007/k070221.pdf ; https://www.boj.or.jp/en/mopo/mpmdeci/mpr_2008/k081031.pdf ; https://www.boj.or.jp/en/mopo/mpmdeci/mpr_2008/k081219.pdf ; https://www.boj.or.jp/en/mopo/mpmdeci/mpr_2010/k101005.pdf ; https://www.boj.or.jp/en/mopo/mpmdeci/mpr_2016/k160921a.pdf ; https://www.boj.or.jp/en/mopo/mpmdeci/mpr_2024/k240319a.pdf ; https://www.boj.or.jp/en/mopo/mpmdeci/mpr_2024/mpr240731c.pdf ; https://www.boj.or.jp/en/mopo/mpmdeci/mpr_2025/mpr250124a.pdf ; https://www.boj.or.jp/en/mopo/mpmdeci/mpr_2025/k251219a.pdf ; https://www.boj.or.jp/en/mopo/mpmdeci/mpr_2026/k260616a.pdf, Central bank policy rates - Japan - Monthly - End of period,2026-08,1,A,F,
M,KR,368,0,,From 7 Mar 2008 onwards: Bank of Korea base rate; from 6 May 1999 to 6 Mar 2008: target overnight call rate(base rate). ,4,Bank of Korea,The Bank of Korea base rate has been changed from the overnight call rate to 7 day repurchase agreements rate since Feb 2008., Central bank policy rates - Korea - Monthly - End of period,2016-01,1.5,A,F,
M,KR,368,0,,From 7 Mar 2008 onwards: Bank of Korea base rate; from 6 May 1999 to 6 Mar 2008: target overnight call rate(base rate). ,4,Bank of Korea,The Bank of Korea base rate has been changed from the overnight call rate to 7 day repurchase agreements rate since Feb 2008., Central bank policy rates - Korea - Monthly - End of period,2016-02,1.5,A,F,
M,KR,368,0,,From 7 Mar 2008 onwards: Bank of Korea base rate; from 6 May 1999 to 6 Mar 2008: target overnight call rate(base rate). ,4,Bank of Korea,The Bank of Korea base rate has been changed from the overnight call rate to 7 day repurchase agreements rate since Feb 2008., Central bank policy rates - Korea - Monthly - End of period,2016-03,1.5,A,F,
M,KR,368,0,,From 7 Mar 2008 onwards: Bank of Korea base rate; from 6 May 1999 to 6 Mar 2008: target overnight call rate(base rate). ,4,Bank of Korea,The Bank of Korea base rate has been changed from the overnight call rate to 7 day repurchase agreements rate since Feb 2008., Central bank policy rates - Korea - Monthly - End of period,2016-04,1.5,A,F,
M,KR,368,0,,From 7 Mar 2008 onwards: Bank of Korea base rate; from 6 May 1999 to 6 Mar 2008: target overnight call rate(base rate). ,4,Bank of Korea,The Bank of Korea base rate has been changed from the overnight call rate to 7 day repurchase agreements rate since Feb 2008., Central bank policy rates - Korea - Monthly - End of period,2016-05,1.5,A,F,
M,KR,368,0,,From 7 Mar 2008 onwards: Bank of Korea base rate; from 6 May 1999 to 6 Mar 2008: target overnight call rate(base rate). ,4,Bank of Korea,The Bank of Korea base rate has been changed from the overnight call rate to 7 day repurchase agreements rate since Feb 2008., Central bank policy rates - Korea - Monthly - End of period,2016-06,1.25,A,F,
M,KR,368,0,,From 7 Mar 2008 onwards: Bank of Korea base rate; from 6 May 1999 to 6 Mar 2008: target overnight call rate(base rate). ,4,Bank of Korea,The Bank of Korea base rate has been changed from the overnight call rate to 7 day repurchase agreements rate since Feb 2008., Central bank policy rates - Korea - Monthly - End of period,2016-07,1.25,A,F,
M,KR,368,0,,From 7 Mar 2008 onwards: Bank of Korea base rate; from 6 May 1999 to 6 Mar 2008: target overnight call rate(base rate). ,4,Bank of Korea,The Bank of Korea base rate has been changed from the overnight call rate to 7 day repurchase agreements rate since Feb 2008., Central bank policy rates - Korea - Monthly - End of period,2016-08,1.25,A,F,
M,KR,368,0,,From 7 Mar 2008 onwards: Bank of Korea base rate; from 6 May 1999 to 6 Mar 2008: target overnight call rate(base rate). ,4,Bank of Korea,The Bank of Korea base rate has been changed from the overnight call rate to 7 day repurchase agreements rate since Feb 2008., Central bank policy rates - Korea - Monthly - End of period,2016-09,1.25,A,F,
M,KR,368,0,,From 7 Mar 2008 onwards: Bank of Korea base rate; from 6 May 1999 to 6 Mar 2008: target overnight call rate(base rate). ,4,Bank of Korea,The Bank of Korea base rate has been changed from the overnight call rate to 7 day repurchase agreements rate since Feb 2008., Central bank policy rates - Korea - Monthly - End of period,2016-10,1.25,A,F,
M,KR,368,0,,From 7 Mar 2008 onwards: Bank of Korea base rate; from 6 May 1999 to 6 Mar 2008: target overnight call rate(base rate). ,4,Bank of Korea,The Bank of Korea base rate has been changed from the overnight call rate to 7 day repurchase agreements rate since Feb 2008., Central bank policy rates - Korea - Monthly - End of period,2016-11,1.25,A,F,
M,KR,368,0,,From 7 Mar 2008 onwards: Bank of Korea base rate; from 6 May 1999 to 6 Mar 2008: target overnight call rate(base rate). ,4,Bank of Korea,The Bank of Korea base rate has been changed from the overnight call rate to 7 day repurchase agreements rate since Feb 2008., Central bank policy rates - Korea - Monthly - End of period,2016-12,1.25,A,F,
M,KR,368,0,,From 7 Mar 2008 onwards: Bank of Korea base rate; from 6 May 1999 to 6 Mar 2008: target overnight call rate(base rate). ,4,Bank of Korea,The Bank of Korea base rate has been changed from the overnight call rate to 7 day repurchase agreements rate since Feb 2008., Central bank policy rates - Korea - Monthly - End of period,2017-01,1.25,A,F,
M,KR,368,0,,From 7 Mar 2008 onwards: Bank of Korea base rate; from 6 May 1999 to 6 Mar 2008: target overnight call rate(base rate). ,4,Bank of Korea,The Bank of Korea base rate has been changed from the overnight call rate to 7 day repurchase agreements rate since Feb 2008., Central bank policy rates - Korea - Monthly - End of period,2017-02,1.25,A,F,
M,KR,368,0,,From 7 Mar 2008 onwards: Bank of Korea base rate; from 6 May 1999 to 6 Mar 2008: target overnight call rate(base rate). ,4,Bank of Korea,The Bank of Korea base rate has been changed from the overnight call rate to 7 day repurchase agreements rate since Feb 2008., Central bank policy rates - Korea - Monthly - End of period,2017-03,1.25,A,F,
M,KR,368,0,,From 7 Mar 2008 onwards: Bank of Korea base rate; from 6 May 1999 to 6 Mar 2008: target overnight call rate(base rate). ,4,Bank of Korea,The Bank of Korea base rate has been changed from the overnight call rate to 7 day repurchase agreements rate since Feb 2008., Central bank policy rates - Korea - Monthly - End of period,2017-04,1.25,A,F,
M,KR,368,0,,From 7 Mar 2008 onwards: Bank of Korea base rate; from 6 May 1999 to 6 Mar 2008: target overnight call rate(base rate). ,4,Bank of Korea,The Bank of Korea base rate has been changed from the overnight call rate to 7 day repurchase agreements rate since Feb 2008., Central bank policy rates - Korea - Monthly - End of period,2017-05,1.25,A,F,
M,KR,368,0,,From 7 Mar 2008 onwards: Bank of Korea base rate; from 6 May 1999 to 6 Mar 2008: target overnight call rate(base rate). ,4,Bank of Korea,The Bank of Korea base rate has been changed from the overnight call rate to 7 day repurchase agreements rate since Feb 2008., Central bank policy rates - Korea - Monthly - End of period,2017-06,1.25,A,F,
M,KR,368,0,,From 7 Mar 2008 onwards: Bank of Korea base rate; from 6 May 1999 to 6 Mar 2008: target overnight call rate(base rate). ,4,Bank of Korea,The Bank of Korea base rate has been changed from the overnight call rate to 7 day repurchase agreements rate since Feb 2008., Central bank policy rates - Korea - Monthly - End of period,2017-07,1.25,A,F,
M,KR,368,0,,From 7 Mar 2008 onwards: Bank of Korea base rate; from 6 May 1999 to 6 Mar 2008: target overnight call rate(base rate). ,4,Bank of Korea,The Bank of Korea base rate has been changed from the overnight call rate to 7 day repurchase agreements rate since Feb 2008., Central bank policy rates - Korea - Monthly - End of period,2017-08,1.25,A,F,
M,KR,368,0,,From 7 Mar 2008 onwards: Bank of Korea base rate; from 6 May 1999 to 6 Mar 2008: target overnight call rate(base rate). ,4,Bank of Korea,The Bank of Korea base rate has been changed from the overnight call rate to 7 day repurchase agreements rate since Feb 2008., Central bank policy rates - Korea - Monthly - End of period,2017-09,1.25,A,F,
M,KR,368,0,,From 7 Mar 2008 onwards: Bank of Korea base rate; from 6 May 1999 to 6 Mar 2008: target overnight call rate(base rate). ,4,Bank of Korea,The Bank of Korea base rate has been changed from the overnight call rate to 7 day repurchase agreements rate since Feb 2008., Central bank policy rates - Korea - Monthly - End of period,2017-10,1.25,A,F,
M,KR,368,0,,From 7 Mar 2008 onwards: Bank of Korea base rate; from 6 May 1999 to 6 Mar 2008: target overnight call rate(base rate). ,4,Bank of Korea,The Bank of Korea base rate has been changed from the overnight call rate to 7 day repurchase agreements rate since Feb 2008., Central bank policy rates - Korea - Monthly - End of period,2017-11,1.5,A,F,
M,KR,368,0,,From 7 Mar 2008 onwards: Bank of Korea base rate; from 6 May 1999 to 6 Mar 2008: target overnight call rate(base rate). ,4,Bank of Korea,The Bank of Korea base rate has been changed from the overnight call rate to 7 day repurchase agreements rate since Feb 2008., Central bank policy rates - Korea - Monthly - End of period,2017-12,1.5,A,F,
M,KR,368,0,,From 7 Mar 2008 onwards: Bank of Korea base rate; from 6 May 1999 to 6 Mar 2008: target overnight call rate(base rate). ,4,Bank of Korea,The Bank of Korea base rate has been changed from the overnight call rate to 7 day repurchase agreements rate since Feb 2008., Central bank policy rates - Korea - Monthly - End of period,2018-01,1.5,A,F,
M,KR,368,0,,From 7 Mar 2008 onwards: Bank of Korea base rate; from 6 May 1999 to 6 Mar 2008: target overnight call rate(base rate). ,4,Bank of Korea,The Bank of Korea base rate has been changed from the overnight call rate to 7 day repurchase agreements rate since Feb 2008., Central bank policy rates - Korea - Monthly - End of period,2018-02,1.5,A,F,
M,KR,368,0,,From 7 Mar 2008 onwards: Bank of Korea base rate; from 6 May 1999 to 6 Mar 2008: target overnight call rate(base rate). ,4,Bank of Korea,The Bank of Korea base rate has been changed from the overnight call rate to 7 day repurchase agreements rate since Feb 2008., Central bank policy rates - Korea - Monthly - End of period,2018-03,1.5,A,F,
M,KR,368,0,,From 7 Mar 2008 onwards: Bank of Korea base rate; from 6 May 1999 to 6 Mar 2008: target overnight call rate(base rate). ,4,Bank of Korea,The Bank of Korea base rate has been changed from the overnight call rate to 7 day repurchase agreements rate since Feb 2008., Central bank policy rates - Korea - Monthly - End of period,2018-04,1.5,A,F,
M,KR,368,0,,From 7 Mar 2008 onwards: Bank of Korea base rate; from 6 May 1999 to 6 Mar 2008: target overnight call rate(base rate). ,4,Bank of Korea,The Bank of Korea base rate has been changed from the overnight call rate to 7 day repurchase agreements rate since Feb 2008., Central bank policy rates - Korea - Monthly - End of period,2018-05,1.5,A,F,
M,KR,368,0,,From 7 Mar 2008 onwards: Bank of Korea base rate; from 6 May 1999 to 6 Mar 2008: target overnight call rate(base rate). ,4,Bank of Korea,The Bank of Korea base rate has been changed from the overnight call rate to 7 day repurchase agreements rate since Feb 2008., Central bank policy rates - Korea - Monthly - End of period,2018-06,1.5,A,F,
M,KR,368,0,,From 7 Mar 2008 onwards: Bank of Korea base rate; from 6 May 1999 to 6 Mar 2008: target overnight call rate(base rate). ,4,Bank of Korea,The Bank of Korea base rate has been changed from the overnight call rate to 7 day repurchase agreements rate since Feb 2008., Central bank policy rates - Korea - Monthly - End of period,2018-07,1.5,A,F,
M,KR,368,0,,From 7 Mar 2008 onwards: Bank of Korea base rate; from 6 May 1999 to 6 Mar 2008: target overnight call rate(base rate). ,4,Bank of Korea,The Bank of Korea base rate has been changed from the overnight call rate to 7 day repurchase agreements rate since Feb 2008., Central bank policy rates - Korea - Monthly - End of period,2018-08,1.5,A,F,
M,KR,368,0,,From 7 Mar 2008 onwards: Bank of Korea base rate; from 6 May 1999 to 6 Mar 2008: target overnight call rate(base rate). ,4,Bank of Korea,The Bank of Korea base rate has been changed from the overnight call rate to 7 day repurchase agreements rate since Feb 2008., Central bank policy rates - Korea - Monthly - End of period,2018-09,1.5,A,F,
M,KR,368,0,,From 7 Mar 2008 onwards: Bank of Korea base rate; from 6 May 1999 to 6 Mar 2008: target overnight call rate(base rate). ,4,Bank of Korea,The Bank of Korea base rate has been changed from the overnight call rate to 7 day repurchase agreements rate since Feb 2008., Central bank policy rates - Korea - Monthly - End of period,2018-10,1.5,A,F,
M,KR,368,0,,From 7 Mar 2008 onwards: Bank of Korea base rate; from 6 May 1999 to 6 Mar 2008: target overnight call rate(base rate). ,4,Bank of Korea,The Bank of Korea base rate has been changed from the overnight call rate to 7 day repurchase agreements rate since Feb 2008., Central bank policy rates - Korea - Monthly - End of period,2018-11,1.75,A,F,
M,KR,368,0,,From 7 Mar 2008 onwards: Bank of Korea base rate; from 6 May 1999 to 6 Mar 2008: target overnight call rate(base rate). ,4,Bank of Korea,The Bank of Korea base rate has been changed from the overnight call rate to 7 day repurchase agreements rate since Feb 2008., Central bank policy rates - Korea - Monthly - End of period,2018-12,1.75,A,F,
M,KR,368,0,,From 7 Mar 2008 onwards: Bank of Korea base rate; from 6 May 1999 to 6 Mar 2008: target overnight call rate(base rate). ,4,Bank of Korea,The Bank of Korea base rate has been changed from the overnight call rate to 7 day repurchase agreements rate since Feb 2008., Central bank policy rates - Korea - Monthly - End of period,2019-01,1.75,A,F,
M,KR,368,0,,From 7 Mar 2008 onwards: Bank of Korea base rate; from 6 May 1999 to 6 Mar 2008: target overnight call rate(base rate). ,4,Bank of Korea,The Bank of Korea base rate has been changed from the overnight call rate to 7 day repurchase agreements rate since Feb 2008., Central bank policy rates - Korea - Monthly - End of period,2019-02,1.75,A,F,
M,KR,368,0,,From 7 Mar 2008 onwards: Bank of Korea base rate; from 6 May 1999 to 6 Mar 2008: target overnight call rate(base rate). ,4,Bank of Korea,The Bank of Korea base rate has been changed from the overnight call rate to 7 day repurchase agreements rate since Feb 2008., Central bank policy rates - Korea - Monthly - End of period,2019-03,1.75,A,F,
M,KR,368,0,,From 7 Mar 2008 onwards: Bank of Korea base rate; from 6 May 1999 to 6 Mar 2008: target overnight call rate(base rate). ,4,Bank of Korea,The Bank of Korea base rate has been changed from the overnight call rate to 7 day repurchase agreements rate since Feb 2008., Central bank policy rates - Korea - Monthly - End of period,2019-04,1.75,A,F,
M,KR,368,0,,From 7 Mar 2008 onwards: Bank of Korea base rate; from 6 May 1999 to 6 Mar 2008: target overnight call rate(base rate). ,4,Bank of Korea,The Bank of Korea base rate has been changed from the overnight call rate to 7 day repurchase agreements rate since Feb 2008., Central bank policy rates - Korea - Monthly - End of period,2019-05,1.75,A,F,
M,KR,368,0,,From 7 Mar 2008 onwards: Bank of Korea base rate; from 6 May 1999 to 6 Mar 2008: target overnight call rate(base rate). ,4,Bank of Korea,The Bank of Korea base rate has been changed from the overnight call rate to 7 day repurchase agreements rate since Feb 2008., Central bank policy rates - Korea - Monthly - End of period,2019-06,1.75,A,F,
M,KR,368,0,,From 7 Mar 2008 onwards: Bank of Korea base rate; from 6 May 1999 to 6 Mar 2008: target overnight call rate(base rate). ,4,Bank of Korea,The Bank of Korea base rate has been changed from the overnight call rate to 7 day repurchase agreements rate since Feb 2008., Central bank policy rates - Korea - Monthly - End of period,2019-07,1.5,A,F,
M,KR,368,0,,From 7 Mar 2008 onwards: Bank of Korea base rate; from 6 May 1999 to 6 Mar 2008: target overnight call rate(base rate). ,4,Bank of Korea,The Bank of Korea base rate has been changed from the overnight call rate to 7 day repurchase agreements rate since Feb 2008., Central bank policy rates - Korea - Monthly - End of period,2019-08,1.5,A,F,
M,KR,368,0,,From 7 Mar 2008 onwards: Bank of Korea base rate; from 6 May 1999 to 6 Mar 2008: target overnight call rate(base rate). ,4,Bank of Korea,The Bank of Korea base rate has been changed from the overnight call rate to 7 day repurchase agreements rate since Feb 2008., Central bank policy rates - Korea - Monthly - End of period,2019-09,1.5,A,F,
M,KR,368,0,,From 7 Mar 2008 onwards: Bank of Korea base rate; from 6 May 1999 to 6 Mar 2008: target overnight call rate(base rate). ,4,Bank of Korea,The Bank of Korea base rate has been changed from the overnight call rate to 7 day repurchase agreements rate since Feb 2008., Central bank policy rates - Korea - Monthly - End of period,2019-10,1.25,A,F,
M,KR,368,0,,From 7 Mar 2008 onwards: Bank of Korea base rate; from 6 May 1999 to 6 Mar 2008: target overnight call rate(base rate). ,4,Bank of Korea,The Bank of Korea base rate has been changed from the overnight call rate to 7 day repurchase agreements rate since Feb 2008., Central bank policy rates - Korea - Monthly - End of period,2019-11,1.25,A,F,
M,KR,368,0,,From 7 Mar 2008 onwards: Bank of Korea base rate; from 6 May 1999 to 6 Mar 2008: target overnight call rate(base rate). ,4,Bank of Korea,The Bank of Korea base rate has been changed from the overnight call rate to 7 day repurchase agreements rate since Feb 2008., Central bank policy rates - Korea - Monthly - End of period,2019-12,1.25,A,F,
M,KR,368,0,,From 7 Mar 2008 onwards: Bank of Korea base rate; from 6 May 1999 to 6 Mar 2008: target overnight call rate(base rate). ,4,Bank of Korea,The Bank of Korea base rate has been changed from the overnight call rate to 7 day repurchase agreements rate since Feb 2008., Central bank policy rates - Korea - Monthly - End of period,2020-01,1.25,A,F,
M,KR,368,0,,From 7 Mar 2008 onwards: Bank of Korea base rate; from 6 May 1999 to 6 Mar 2008: target overnight call rate(base rate). ,4,Bank of Korea,The Bank of Korea base rate has been changed from the overnight call rate to 7 day repurchase agreements rate since Feb 2008., Central bank policy rates - Korea - Monthly - End of period,2020-02,1.25,A,F,
M,KR,368,0,,From 7 Mar 2008 onwards: Bank of Korea base rate; from 6 May 1999 to 6 Mar 2008: target overnight call rate(base rate). ,4,Bank of Korea,The Bank of Korea base rate has been changed from the overnight call rate to 7 day repurchase agreements rate since Feb 2008., Central bank policy rates - Korea - Monthly - End of period,2020-03,0.75,A,F,
M,KR,368,0,,From 7 Mar 2008 onwards: Bank of Korea base rate; from 6 May 1999 to 6 Mar 2008: target overnight call rate(base rate). ,4,Bank of Korea,The Bank of Korea base rate has been changed from the overnight call rate to 7 day repurchase agreements rate since Feb 2008., Central bank policy rates - Korea - Monthly - End of period,2020-04,0.75,A,F,
M,KR,368,0,,From 7 Mar 2008 onwards: Bank of Korea base rate; from 6 May 1999 to 6 Mar 2008: target overnight call rate(base rate). ,4,Bank of Korea,The Bank of Korea base rate has been changed from the overnight call rate to 7 day repurchase agreements rate since Feb 2008., Central bank policy rates - Korea - Monthly - End of period,2020-05,0.5,A,F,
M,KR,368,0,,From 7 Mar 2008 onwards: Bank of Korea base rate; from 6 May 1999 to 6 Mar 2008: target overnight call rate(base rate). ,4,Bank of Korea,The Bank of Korea base rate has been changed from the overnight call rate to 7 day repurchase agreements rate since Feb 2008., Central bank policy rates - Korea - Monthly - End of period,2020-06,0.5,A,F,
M,KR,368,0,,From 7 Mar 2008 onwards: Bank of Korea base rate; from 6 May 1999 to 6 Mar 2008: target overnight call rate(base rate). ,4,Bank of Korea,The Bank of Korea base rate has been changed from the overnight call rate to 7 day repurchase agreements rate since Feb 2008., Central bank policy rates - Korea - Monthly - End of period,2020-07,0.5,A,F,
M,KR,368,0,,From 7 Mar 2008 onwards: Bank of Korea base rate; from 6 May 1999 to 6 Mar 2008: target overnight call rate(base rate). ,4,Bank of Korea,The Bank of Korea base rate has been changed from the overnight call rate to 7 day repurchase agreements rate since Feb 2008., Central bank policy rates - Korea - Monthly - End of period,2020-08,0.5,A,F,
M,KR,368,0,,From 7 Mar 2008 onwards: Bank of Korea base rate; from 6 May 1999 to 6 Mar 2008: target overnight call rate(base rate). ,4,Bank of Korea,The Bank of Korea base rate has been changed from the overnight call rate to 7 day repurchase agreements rate since Feb 2008., Central bank policy rates - Korea - Monthly - End of period,2020-09,0.5,A,F,
M,KR,368,0,,From 7 Mar 2008 onwards: Bank of Korea base rate; from 6 May 1999 to 6 Mar 2008: target overnight call rate(base rate). ,4,Bank of Korea,The Bank of Korea base rate has been changed from the overnight call rate to 7 day repurchase agreements rate since Feb 2008., Central bank policy rates - Korea - Monthly - End of period,2020-10,0.5,A,F,
M,KR,368,0,,From 7 Mar 2008 onwards: Bank of Korea base rate; from 6 May 1999 to 6 Mar 2008: target overnight call rate(base rate). ,4,Bank of Korea,The Bank of Korea base rate has been changed from the overnight call rate to 7 day repurchase agreements rate since Feb 2008., Central bank policy rates - Korea - Monthly - End of period,2020-11,0.5,A,F,
M,KR,368,0,,From 7 Mar 2008 onwards: Bank of Korea base rate; from 6 May 1999 to 6 Mar 2008: target overnight call rate(base rate). ,4,Bank of Korea,The Bank of Korea base rate has been changed from the overnight call rate to 7 day repurchase agreements rate since Feb 2008., Central bank policy rates - Korea - Monthly - End of period,2020-12,0.5,A,F,
M,KR,368,0,,From 7 Mar 2008 onwards: Bank of Korea base rate; from 6 May 1999 to 6 Mar 2008: target overnight call rate(base rate). ,4,Bank of Korea,The Bank of Korea base rate has been changed from the overnight call rate to 7 day repurchase agreements rate since Feb 2008., Central bank policy rates - Korea - Monthly - End of period,2021-01,0.5,A,F,
M,KR,368,0,,From 7 Mar 2008 onwards: Bank of Korea base rate; from 6 May 1999 to 6 Mar 2008: target overnight call rate(base rate). ,4,Bank of Korea,The Bank of Korea base rate has been changed from the overnight call rate to 7 day repurchase agreements rate since Feb 2008., Central bank policy rates - Korea - Monthly - End of period,2021-02,0.5,A,F,
M,KR,368,0,,From 7 Mar 2008 onwards: Bank of Korea base rate; from 6 May 1999 to 6 Mar 2008: target overnight call rate(base rate). ,4,Bank of Korea,The Bank of Korea base rate has been changed from the overnight call rate to 7 day repurchase agreements rate since Feb 2008., Central bank policy rates - Korea - Monthly - End of period,2021-03,0.5,A,F,
M,KR,368,0,,From 7 Mar 2008 onwards: Bank of Korea base rate; from 6 May 1999 to 6 Mar 2008: target overnight call rate(base rate). ,4,Bank of Korea,The Bank of Korea base rate has been changed from the overnight call rate to 7 day repurchase agreements rate since Feb 2008., Central bank policy rates - Korea - Monthly - End of period,2021-04,0.5,A,F,
M,KR,368,0,,From 7 Mar 2008 onwards: Bank of Korea base rate; from 6 May 1999 to 6 Mar 2008: target overnight call rate(base rate). ,4,Bank of Korea,The Bank of Korea base rate has been changed from the overnight call rate to 7 day repurchase agreements rate since Feb 2008., Central bank policy rates - Korea - Monthly - End of period,2021-05,0.5,A,F,
M,KR,368,0,,From 7 Mar 2008 onwards: Bank of Korea base rate; from 6 May 1999 to 6 Mar 2008: target overnight call rate(base rate). ,4,Bank of Korea,The Bank of Korea base rate has been changed from the overnight call rate to 7 day repurchase agreements rate since Feb 2008., Central bank policy rates - Korea - Monthly - End of period,2021-06,0.5,A,F,
M,KR,368,0,,From 7 Mar 2008 onwards: Bank of Korea base rate; from 6 May 1999 to 6 Mar 2008: target overnight call rate(base rate). ,4,Bank of Korea,The Bank of Korea base rate has been changed from the overnight call rate to 7 day repurchase agreements rate since Feb 2008., Central bank policy rates - Korea - Monthly - End of period,2021-07,0.5,A,F,
M,KR,368,0,,From 7 Mar 2008 onwards: Bank of Korea base rate; from 6 May 1999 to 6 Mar 2008: target overnight call rate(base rate). ,4,Bank of Korea,The Bank of Korea base rate has been changed from the overnight call rate to 7 day repurchase agreements rate since Feb 2008., Central bank policy rates - Korea - Monthly - End of period,2021-08,0.75,A,F,
M,KR,368,0,,From 7 Mar 2008 onwards: Bank of Korea base rate; from 6 May 1999 to 6 Mar 2008: target overnight call rate(base rate). ,4,Bank of Korea,The Bank of Korea base rate has been changed from the overnight call rate to 7 day repurchase agreements rate since Feb 2008., Central bank policy rates - Korea - Monthly - End of period,2021-09,0.75,A,F,
M,KR,368,0,,From 7 Mar 2008 onwards: Bank of Korea base rate; from 6 May 1999 to 6 Mar 2008: target overnight call rate(base rate). ,4,Bank of Korea,The Bank of Korea base rate has been changed from the overnight call rate to 7 day repurchase agreements rate since Feb 2008., Central bank policy rates - Korea - Monthly - End of period,2021-10,0.75,A,F,
M,KR,368,0,,From 7 Mar 2008 onwards: Bank of Korea base rate; from 6 May 1999 to 6 Mar 2008: target overnight call rate(base rate). ,4,Bank of Korea,The Bank of Korea base rate has been changed from the overnight call rate to 7 day repurchase agreements rate since Feb 2008., Central bank policy rates - Korea - Monthly - End of period,2021-11,1,A,F,
M,KR,368,0,,From 7 Mar 2008 onwards: Bank of Korea base rate; from 6 May 1999 to 6 Mar 2008: target overnight call rate(base rate). ,4,Bank of Korea,The Bank of Korea base rate has been changed from the overnight call rate to 7 day repurchase agreements rate since Feb 2008., Central bank policy rates - Korea - Monthly - End of period,2021-12,1,A,F,
M,KR,368,0,,From 7 Mar 2008 onwards: Bank of Korea base rate; from 6 May 1999 to 6 Mar 2008: target overnight call rate(base rate). ,4,Bank of Korea,The Bank of Korea base rate has been changed from the overnight call rate to 7 day repurchase agreements rate since Feb 2008., Central bank policy rates - Korea - Monthly - End of period,2022-01,1.25,A,F,
M,KR,368,0,,From 7 Mar 2008 onwards: Bank of Korea base rate; from 6 May 1999 to 6 Mar 2008: target overnight call rate(base rate). ,4,Bank of Korea,The Bank of Korea base rate has been changed from the overnight call rate to 7 day repurchase agreements rate since Feb 2008., Central bank policy rates - Korea - Monthly - End of period,2022-02,1.25,A,F,
M,KR,368,0,,From 7 Mar 2008 onwards: Bank of Korea base rate; from 6 May 1999 to 6 Mar 2008: target overnight call rate(base rate). ,4,Bank of Korea,The Bank of Korea base rate has been changed from the overnight call rate to 7 day repurchase agreements rate since Feb 2008., Central bank policy rates - Korea - Monthly - End of period,2022-03,1.25,A,F,
M,KR,368,0,,From 7 Mar 2008 onwards: Bank of Korea base rate; from 6 May 1999 to 6 Mar 2008: target overnight call rate(base rate). ,4,Bank of Korea,The Bank of Korea base rate has been changed from the overnight call rate to 7 day repurchase agreements rate since Feb 2008., Central bank policy rates - Korea - Monthly - End of period,2022-04,1.5,A,F,
M,KR,368,0,,From 7 Mar 2008 onwards: Bank of Korea base rate; from 6 May 1999 to 6 Mar 2008: target overnight call rate(base rate). ,4,Bank of Korea,The Bank of Korea base rate has been changed from the overnight call rate to 7 day repurchase agreements rate since Feb 2008., Central bank policy rates - Korea - Monthly - End of period,2022-05,1.75,A,F,
M,KR,368,0,,From 7 Mar 2008 onwards: Bank of Korea base rate; from 6 May 1999 to 6 Mar 2008: target overnight call rate(base rate). ,4,Bank of Korea,The Bank of Korea base rate has been changed from the overnight call rate to 7 day repurchase agreements rate since Feb 2008., Central bank policy rates - Korea - Monthly - End of period,2022-06,1.75,A,F,
M,KR,368,0,,From 7 Mar 2008 onwards: Bank of Korea base rate; from 6 May 1999 to 6 Mar 2008: target overnight call rate(base rate). ,4,Bank of Korea,The Bank of Korea base rate has been changed from the overnight call rate to 7 day repurchase agreements rate since Feb 2008., Central bank policy rates - Korea - Monthly - End of period,2022-07,2.25,A,F,
M,KR,368,0,,From 7 Mar 2008 onwards: Bank of Korea base rate; from 6 May 1999 to 6 Mar 2008: target overnight call rate(base rate). ,4,Bank of Korea,The Bank of Korea base rate has been changed from the overnight call rate to 7 day repurchase agreements rate since Feb 2008., Central bank policy rates - Korea - Monthly - End of period,2022-08,2.5,A,F,
M,KR,368,0,,From 7 Mar 2008 onwards: Bank of Korea base rate; from 6 May 1999 to 6 Mar 2008: target overnight call rate(base rate). ,4,Bank of Korea,The Bank of Korea base rate has been changed from the overnight call rate to 7 day repurchase agreements rate since Feb 2008., Central bank policy rates - Korea - Monthly - End of period,2022-09,2.5,A,F,
M,KR,368,0,,From 7 Mar 2008 onwards: Bank of Korea base rate; from 6 May 1999 to 6 Mar 2008: target overnight call rate(base rate). ,4,Bank of Korea,The Bank of Korea base rate has been changed from the overnight call rate to 7 day repurchase agreements rate since Feb 2008., Central bank policy rates - Korea - Monthly - End of period,2022-10,3,A,F,
M,KR,368,0,,From 7 Mar 2008 onwards: Bank of Korea base rate; from 6 May 1999 to 6 Mar 2008: target overnight call rate(base rate). ,4,Bank of Korea,The Bank of Korea base rate has been changed from the overnight call rate to 7 day repurchase agreements rate since Feb 2008., Central bank policy rates - Korea - Monthly - End of period,2022-11,3.25,A,F,
M,KR,368,0,,From 7 Mar 2008 onwards: Bank of Korea base rate; from 6 May 1999 to 6 Mar 2008: target overnight call rate(base rate). ,4,Bank of Korea,The Bank of Korea base rate has been changed from the overnight call rate to 7 day repurchase agreements rate since Feb 2008., Central bank policy rates - Korea - Monthly - End of period,2022-12,3.25,A,F,
M,KR,368,0,,From 7 Mar 2008 onwards: Bank of Korea base rate; from 6 May 1999 to 6 Mar 2008: target overnight call rate(base rate). ,4,Bank of Korea,The Bank of Korea base rate has been changed from the overnight call rate to 7 day repurchase agreements rate since Feb 2008., Central bank policy rates - Korea - Monthly - End of period,2023-01,3.5,A,F,
M,KR,368,0,,From 7 Mar 2008 onwards: Bank of Korea base rate; from 6 May 1999 to 6 Mar 2008: target overnight call rate(base rate). ,4,Bank of Korea,The Bank of Korea base rate has been changed from the overnight call rate to 7 day repurchase agreements rate since Feb 2008., Central bank policy rates - Korea - Monthly - End of period,2023-02,3.5,A,F,
M,KR,368,0,,From 7 Mar 2008 onwards: Bank of Korea base rate; from 6 May 1999 to 6 Mar 2008: target overnight call rate(base rate). ,4,Bank of Korea,The Bank of Korea base rate has been changed from the overnight call rate to 7 day repurchase agreements rate since Feb 2008., Central bank policy rates - Korea - Monthly - End of period,2023-03,3.5,A,F,
M,KR,368,0,,From 7 Mar 2008 onwards: Bank of Korea base rate; from 6 May 1999 to 6 Mar 2008: target overnight call rate(base rate). ,4,Bank of Korea,The Bank of Korea base rate has been changed from the overnight call rate to 7 day repurchase agreements rate since Feb 2008., Central bank policy rates - Korea - Monthly - End of period,2023-04,3.5,A,F,
M,KR,368,0,,From 7 Mar 2008 onwards: Bank of Korea base rate; from 6 May 1999 to 6 Mar 2008: target overnight call rate(base rate). ,4,Bank of Korea,The Bank of Korea base rate has been changed from the overnight call rate to 7 day repurchase agreements rate since Feb 2008., Central bank policy rates - Korea - Monthly - End of period,2023-05,3.5,A,F,
M,KR,368,0,,From 7 Mar 2008 onwards: Bank of Korea base rate; from 6 May 1999 to 6 Mar 2008: target overnight call rate(base rate). ,4,Bank of Korea,The Bank of Korea base rate has been changed from the overnight call rate to 7 day repurchase agreements rate since Feb 2008., Central bank policy rates - Korea - Monthly - End of period,2023-06,3.5,A,F,
M,KR,368,0,,From 7 Mar 2008 onwards: Bank of Korea base rate; from 6 May 1999 to 6 Mar 2008: target overnight call rate(base rate). ,4,Bank of Korea,The Bank of Korea base rate has been changed from the overnight call rate to 7 day repurchase agreements rate since Feb 2008., Central bank policy rates - Korea - Monthly - End of period,2023-07,3.5,A,F,
M,KR,368,0,,From 7 Mar 2008 onwards: Bank of Korea base rate; from 6 May 1999 to 6 Mar 2008: target overnight call rate(base rate). ,4,Bank of Korea,The Bank of Korea base rate has been changed from the overnight call rate to 7 day repurchase agreements rate since Feb 2008., Central bank policy rates - Korea - Monthly - End of period,2023-08,3.5,A,F,
M,KR,368,0,,From 7 Mar 2008 onwards: Bank of Korea base rate; from 6 May 1999 to 6 Mar 2008: target overnight call rate(base rate). ,4,Bank of Korea,The Bank of Korea base rate has been changed from the overnight call rate to 7 day repurchase agreements rate since Feb 2008., Central bank policy rates - Korea - Monthly - End of period,2023-09,3.5,A,F,
M,KR,368,0,,From 7 Mar 2008 onwards: Bank of Korea base rate; from 6 May 1999 to 6 Mar 2008: target overnight call rate(base rate). ,4,Bank of Korea,The Bank of Korea base rate has been changed from the overnight call rate to 7 day repurchase agreements rate since Feb 2008., Central bank policy rates - Korea - Monthly - End of period,2023-10,3.5,A,F,
M,KR,368,0,,From 7 Mar 2008 onwards: Bank of Korea base rate; from 6 May 1999 to 6 Mar 2008: target overnight call rate(base rate). ,4,Bank of Korea,The Bank of Korea base rate has been changed from the overnight call rate to 7 day repurchase agreements rate since Feb 2008., Central bank policy rates - Korea - Monthly - End of period,2023-11,3.5,A,F,
M,KR,368,0,,From 7 Mar 2008 onwards: Bank of Korea base rate; from 6 May 1999 to 6 Mar 2008: target overnight call rate(base rate). ,4,Bank of Korea,The Bank of Korea base rate has been changed from the overnight call rate to 7 day repurchase agreements rate since Feb 2008., Central bank policy rates - Korea - Monthly - End of period,2023-12,3.5,A,F,
M,KR,368,0,,From 7 Mar 2008 onwards: Bank of Korea base rate; from 6 May 1999 to 6 Mar 2008: target overnight call rate(base rate). ,4,Bank of Korea,The Bank of Korea base rate has been changed from the overnight call rate to 7 day repurchase agreements rate since Feb 2008., Central bank policy rates - Korea - Monthly - End of period,2024-01,3.5,A,F,
M,KR,368,0,,From 7 Mar 2008 onwards: Bank of Korea base rate; from 6 May 1999 to 6 Mar 2008: target overnight call rate(base rate). ,4,Bank of Korea,The Bank of Korea base rate has been changed from the overnight call rate to 7 day repurchase agreements rate since Feb 2008., Central bank policy rates - Korea - Monthly - End of period,2024-02,3.5,A,F,
M,KR,368,0,,From 7 Mar 2008 onwards: Bank of Korea base rate; from 6 May 1999 to 6 Mar 2008: target overnight call rate(base rate). ,4,Bank of Korea,The Bank of Korea base rate has been changed from the overnight call rate to 7 day repurchase agreements rate since Feb 2008., Central bank policy rates - Korea - Monthly - End of period,2024-03,3.5,A,F,
M,KR,368,0,,From 7 Mar 2008 onwards: Bank of Korea base rate; from 6 May 1999 to 6 Mar 2008: target overnight call rate(base rate). ,4,Bank of Korea,The Bank of Korea base rate has been changed from the overnight call rate to 7 day repurchase agreements rate since Feb 2008., Central bank policy rates - Korea - Monthly - End of period,2024-04,3.5,A,F,
M,KR,368,0,,From 7 Mar 2008 onwards: Bank of Korea base rate; from 6 May 1999 to 6 Mar 2008: target overnight call rate(base rate). ,4,Bank of Korea,The Bank of Korea base rate has been changed from the overnight call rate to 7 day repurchase agreements rate since Feb 2008., Central bank policy rates - Korea - Monthly - End of period,2024-05,3.5,A,F,
M,KR,368,0,,From 7 Mar 2008 onwards: Bank of Korea base rate; from 6 May 1999 to 6 Mar 2008: target overnight call rate(base rate). ,4,Bank of Korea,The Bank of Korea base rate has been changed from the overnight call rate to 7 day repurchase agreements rate since Feb 2008., Central bank policy rates - Korea - Monthly - End of period,2024-06,3.5,A,F,
M,KR,368,0,,From 7 Mar 2008 onwards: Bank of Korea base rate; from 6 May 1999 to 6 Mar 2008: target overnight call rate(base rate). ,4,Bank of Korea,The Bank of Korea base rate has been changed from the overnight call rate to 7 day repurchase agreements rate since Feb 2008., Central bank policy rates - Korea - Monthly - End of period,2024-07,3.5,A,F,
M,KR,368,0,,From 7 Mar 2008 onwards: Bank of Korea base rate; from 6 May 1999 to 6 Mar 2008: target overnight call rate(base rate). ,4,Bank of Korea,The Bank of Korea base rate has been changed from the overnight call rate to 7 day repurchase agreements rate since Feb 2008., Central bank policy rates - Korea - Monthly - End of period,2024-08,3.5,A,F,
M,KR,368,0,,From 7 Mar 2008 onwards: Bank of Korea base rate; from 6 May 1999 to 6 Mar 2008: target overnight call rate(base rate). ,4,Bank of Korea,The Bank of Korea base rate has been changed from the overnight call rate to 7 day repurchase agreements rate since Feb 2008., Central bank policy rates - Korea - Monthly - End of period,2024-09,3.5,A,F,
M,KR,368,0,,From 7 Mar 2008 onwards: Bank of Korea base rate; from 6 May 1999 to 6 Mar 2008: target overnight call rate(base rate). ,4,Bank of Korea,The Bank of Korea base rate has been changed from the overnight call rate to 7 day repurchase agreements rate since Feb 2008., Central bank policy rates - Korea - Monthly - End of period,2024-10,3.25,A,F,
M,KR,368,0,,From 7 Mar 2008 onwards: Bank of Korea base rate; from 6 May 1999 to 6 Mar 2008: target overnight call rate(base rate). ,4,Bank of Korea,The Bank of Korea base rate has been changed from the overnight call rate to 7 day repurchase agreements rate since Feb 2008., Central bank policy rates - Korea - Monthly - End of period,2024-11,3,A,F,
M,KR,368,0,,From 7 Mar 2008 onwards: Bank of Korea base rate; from 6 May 1999 to 6 Mar 2008: target overnight call rate(base rate). ,4,Bank of Korea,The Bank of Korea base rate has been changed from the overnight call rate to 7 day repurchase agreements rate since Feb 2008., Central bank policy rates - Korea - Monthly - End of period,2024-12,3,A,F,
M,KR,368,0,,From 7 Mar 2008 onwards: Bank of Korea base rate; from 6 May 1999 to 6 Mar 2008: target overnight call rate(base rate). ,4,Bank of Korea,The Bank of Korea base rate has been changed from the overnight call rate to 7 day repurchase agreements rate since Feb 2008., Central bank policy rates - Korea - Monthly - End of period,2025-01,3,A,F,
M,KR,368,0,,From 7 Mar 2008 onwards: Bank of Korea base rate; from 6 May 1999 to 6 Mar 2008: target overnight call rate(base rate). ,4,Bank of Korea,The Bank of Korea base rate has been changed from the overnight call rate to 7 day repurchase agreements rate since Feb 2008., Central bank policy rates - Korea - Monthly - End of period,2025-02,2.75,A,F,
M,KR,368,0,,From 7 Mar 2008 onwards: Bank of Korea base rate; from 6 May 1999 to 6 Mar 2008: target overnight call rate(base rate). ,4,Bank of Korea,The Bank of Korea base rate has been changed from the overnight call rate to 7 day repurchase agreements rate since Feb 2008., Central bank policy rates - Korea - Monthly - End of period,2025-03,2.75,A,F,
M,KR,368,0,,From 7 Mar 2008 onwards: Bank of Korea base rate; from 6 May 1999 to 6 Mar 2008: target overnight call rate(base rate). ,4,Bank of Korea,The Bank of Korea base rate has been changed from the overnight call rate to 7 day repurchase agreements rate since Feb 2008., Central bank policy rates - Korea - Monthly - End of period,2025-04,2.75,A,F,
M,KR,368,0,,From 7 Mar 2008 onwards: Bank of Korea base rate; from 6 May 1999 to 6 Mar 2008: target overnight call rate(base rate). ,4,Bank of Korea,The Bank of Korea base rate has been changed from the overnight call rate to 7 day repurchase agreements rate since Feb 2008., Central bank policy rates - Korea - Monthly - End of period,2025-05,2.5,A,F,
M,KR,368,0,,From 7 Mar 2008 onwards: Bank of Korea base rate; from 6 May 1999 to 6 Mar 2008: target overnight call rate(base rate). ,4,Bank of Korea,The Bank of Korea base rate has been changed from the overnight call rate to 7 day repurchase agreements rate since Feb 2008., Central bank policy rates - Korea - Monthly - End of period,2025-06,2.5,A,F,
M,KR,368,0,,From 7 Mar 2008 onwards: Bank of Korea base rate; from 6 May 1999 to 6 Mar 2008: target overnight call rate(base rate). ,4,Bank of Korea,The Bank of Korea base rate has been changed from the overnight call rate to 7 day repurchase agreements rate since Feb 2008., Central bank policy rates - Korea - Monthly - End of period,2025-07,2.5,A,F,
M,KR,368,0,,From 7 Mar 2008 onwards: Bank of Korea base rate; from 6 May 1999 to 6 Mar 2008: target overnight call rate(base rate). ,4,Bank of Korea,The Bank of Korea base rate has been changed from the overnight call rate to 7 day repurchase agreements rate since Feb 2008., Central bank policy rates - Korea - Monthly - End of period,2025-08,2.5,A,F,
M,KR,368,0,,From 7 Mar 2008 onwards: Bank of Korea base rate; from 6 May 1999 to 6 Mar 2008: target overnight call rate(base rate). ,4,Bank of Korea,The Bank of Korea base rate has been changed from the overnight call rate to 7 day repurchase agreements rate since Feb 2008., Central bank policy rates - Korea - Monthly - End of period,2025-09,2.5,A,F,
M,KR,368,0,,From 7 Mar 2008 onwards: Bank of Korea base rate; from 6 May 1999 to 6 Mar 2008: target overnight call rate(base rate). ,4,Bank of Korea,The Bank of Korea base rate has been changed from the overnight call rate to 7 day repurchase agreements rate since Feb 2008., Central bank policy rates - Korea - Monthly - End of period,2025-10,2.5,A,F,
M,KR,368,0,,From 7 Mar 2008 onwards: Bank of Korea base rate; from 6 May 1999 to 6 Mar 2008: target overnight call rate(base rate). ,4,Bank of Korea,The Bank of Korea base rate has been changed from the overnight call rate to 7 day repurchase agreements rate since Feb 2008., Central bank policy rates - Korea - Monthly - End of period,2025-11,2.5,A,F,
M,KR,368,0,,From 7 Mar 2008 onwards: Bank of Korea base rate; from 6 May 1999 to 6 Mar 2008: target overnight call rate(base rate). ,4,Bank of Korea,The Bank of Korea base rate has been changed from the overnight call rate to 7 day repurchase agreements rate since Feb 2008., Central bank policy rates - Korea - Monthly - End of period,2025-12,2.5,A,F,
M,KR,368,0,,From 7 Mar 2008 onwards: Bank of Korea base rate; from 6 May 1999 to 6 Mar 2008: target overnight call rate(base rate). ,4,Bank of Korea,The Bank of Korea base rate has been changed from the overnight call rate to 7 day repurchase agreements rate since Feb 2008., Central bank policy rates - Korea - Monthly - End of period,2026-01,2.5,A,F,
M,KR,368,0,,From 7 Mar 2008 onwards: Bank of Korea base rate; from 6 May 1999 to 6 Mar 2008: target overnight call rate(base rate). ,4,Bank of Korea,The Bank of Korea base rate has been changed from the overnight call rate to 7 day repurchase agreements rate since Feb 2008., Central bank policy rates - Korea - Monthly - End of period,2026-02,2.5,A,F,
M,KR,368,0,,From 7 Mar 2008 onwards: Bank of Korea base rate; from 6 May 1999 to 6 Mar 2008: target overnight call rate(base rate). ,4,Bank of Korea,The Bank of Korea base rate has been changed from the overnight call rate to 7 day repurchase agreements rate since Feb 2008., Central bank policy rates - Korea - Monthly - End of period,2026-03,2.5,A,F,
M,KR,368,0,,From 7 Mar 2008 onwards: Bank of Korea base rate; from 6 May 1999 to 6 Mar 2008: target overnight call rate(base rate). ,4,Bank of Korea,The Bank of Korea base rate has been changed from the overnight call rate to 7 day repurchase agreements rate since Feb 2008., Central bank policy rates - Korea - Monthly - End of period,2026-04,2.5,A,F,
M,KR,368,0,,From 7 Mar 2008 onwards: Bank of Korea base rate; from 6 May 1999 to 6 Mar 2008: target overnight call rate(base rate). ,4,Bank of Korea,The Bank of Korea base rate has been changed from the overnight call rate to 7 day repurchase agreements rate since Feb 2008., Central bank policy rates - Korea - Monthly - End of period,2026-05,2.5,A,F,
M,KR,368,0,,From 7 Mar 2008 onwards: Bank of Korea base rate; from 6 May 1999 to 6 Mar 2008: target overnight call rate(base rate). ,4,Bank of Korea,The Bank of Korea base rate has been changed from the overnight call rate to 7 day repurchase agreements rate since Feb 2008., Central bank policy rates - Korea - Monthly - End of period,2026-06,2.5,A,F,
M,KR,368,0,,From 7 Mar 2008 onwards: Bank of Korea base rate; from 6 May 1999 to 6 Mar 2008: target overnight call rate(base rate). ,4,Bank of Korea,The Bank of Korea base rate has been changed from the overnight call rate to 7 day repurchase agreements rate since Feb 2008., Central bank policy rates - Korea - Monthly - End of period,2026-07,2.75,A,F,
M,XM,368,0,,"From 18 Sep 2024 onwards: official central bank steering rate is the deposit facility rate, fixed rate; from 15 Oct 2008 to 17 Sep 2024: official central bank liquidity providing, main refinancing operations, fixed rate; from 28 Jun 2000 to 14 Oct 2008: official central bank liquidity providing, main refinancing operations, minimum bid rate; from 5 Jan 1999 to 27 Jun 2000: official central bank liquidity providing, main refinancing operations, fixed rate.",4,European Central Bank,, Central bank policy rates - Euro area - Monthly - End of period,2016-01,0.05,A,F,
M,XM,368,0,,"From 18 Sep 2024 onwards: official central bank steering rate is the deposit facility rate, fixed rate; from 15 Oct 2008 to 17 Sep 2024: official central bank liquidity providing, main refinancing operations, fixed rate; from 28 Jun 2000 to 14 Oct 2008: official central bank liquidity providing, main refinancing operations, minimum bid rate; from 5 Jan 1999 to 27 Jun 2000: official central bank liquidity providing, main refinancing operations, fixed rate.",4,European Central Bank,, Central bank policy rates - Euro area - Monthly - End of period,2016-02,0.05,A,F,
M,XM,368,0,,"From 18 Sep 2024 onwards: official central bank steering rate is the deposit facility rate, fixed rate; from 15 Oct 2008 to 17 Sep 2024: official central bank liquidity providing, main refinancing operations, fixed rate; from 28 Jun 2000 to 14 Oct 2008: official central bank liquidity providing, main refinancing operations, minimum bid rate; from 5 Jan 1999 to 27 Jun 2000: official central bank liquidity providing, main refinancing operations, fixed rate.",4,European Central Bank,, Central bank policy rates - Euro area - Monthly - End of period,2016-03,0,A,F,
M,XM,368,0,,"From 18 Sep 2024 onwards: official central bank steering rate is the deposit facility rate, fixed rate; from 15 Oct 2008 to 17 Sep 2024: official central bank liquidity providing, main refinancing operations, fixed rate; from 28 Jun 2000 to 14 Oct 2008: official central bank liquidity providing, main refinancing operations, minimum bid rate; from 5 Jan 1999 to 27 Jun 2000: official central bank liquidity providing, main refinancing operations, fixed rate.",4,European Central Bank,, Central bank policy rates - Euro area - Monthly - End of period,2016-04,0,A,F,
M,XM,368,0,,"From 18 Sep 2024 onwards: official central bank steering rate is the deposit facility rate, fixed rate; from 15 Oct 2008 to 17 Sep 2024: official central bank liquidity providing, main refinancing operations, fixed rate; from 28 Jun 2000 to 14 Oct 2008: official central bank liquidity providing, main refinancing operations, minimum bid rate; from 5 Jan 1999 to 27 Jun 2000: official central bank liquidity providing, main refinancing operations, fixed rate.",4,European Central Bank,, Central bank policy rates - Euro area - Monthly - End of period,2016-05,0,A,F,
M,XM,368,0,,"From 18 Sep 2024 onwards: official central bank steering rate is the deposit facility rate, fixed rate; from 15 Oct 2008 to 17 Sep 2024: official central bank liquidity providing, main refinancing operations, fixed rate; from 28 Jun 2000 to 14 Oct 2008: official central bank liquidity providing, main refinancing operations, minimum bid rate; from 5 Jan 1999 to 27 Jun 2000: official central bank liquidity providing, main refinancing operations, fixed rate.",4,European Central Bank,, Central bank policy rates - Euro area - Monthly - End of period,2016-06,0,A,F,
M,XM,368,0,,"From 18 Sep 2024 onwards: official central bank steering rate is the deposit facility rate, fixed rate; from 15 Oct 2008 to 17 Sep 2024: official central bank liquidity providing, main refinancing operations, fixed rate; from 28 Jun 2000 to 14 Oct 2008: official central bank liquidity providing, main refinancing operations, minimum bid rate; from 5 Jan 1999 to 27 Jun 2000: official central bank liquidity providing, main refinancing operations, fixed rate.",4,European Central Bank,, Central bank policy rates - Euro area - Monthly - End of period,2016-07,0,A,F,
M,XM,368,0,,"From 18 Sep 2024 onwards: official central bank steering rate is the deposit facility rate, fixed rate; from 15 Oct 2008 to 17 Sep 2024: official central bank liquidity providing, main refinancing operations, fixed rate; from 28 Jun 2000 to 14 Oct 2008: official central bank liquidity providing, main refinancing operations, minimum bid rate; from 5 Jan 1999 to 27 Jun 2000: official central bank liquidity providing, main refinancing operations, fixed rate.",4,European Central Bank,, Central bank policy rates - Euro area - Monthly - End of period,2016-08,0,A,F,
M,XM,368,0,,"From 18 Sep 2024 onwards: official central bank steering rate is the deposit facility rate, fixed rate; from 15 Oct 2008 to 17 Sep 2024: official central bank liquidity providing, main refinancing operations, fixed rate; from 28 Jun 2000 to 14 Oct 2008: official central bank liquidity providing, main refinancing operations, minimum bid rate; from 5 Jan 1999 to 27 Jun 2000: official central bank liquidity providing, main refinancing operations, fixed rate.",4,European Central Bank,, Central bank policy rates - Euro area - Monthly - End of period,2016-09,0,A,F,
M,XM,368,0,,"From 18 Sep 2024 onwards: official central bank steering rate is the deposit facility rate, fixed rate; from 15 Oct 2008 to 17 Sep 2024: official central bank liquidity providing, main refinancing operations, fixed rate; from 28 Jun 2000 to 14 Oct 2008: official central bank liquidity providing, main refinancing operations, minimum bid rate; from 5 Jan 1999 to 27 Jun 2000: official central bank liquidity providing, main refinancing operations, fixed rate.",4,European Central Bank,, Central bank policy rates - Euro area - Monthly - End of period,2016-10,0,A,F,
M,XM,368,0,,"From 18 Sep 2024 onwards: official central bank steering rate is the deposit facility rate, fixed rate; from 15 Oct 2008 to 17 Sep 2024: official central bank liquidity providing, main refinancing operations, fixed rate; from 28 Jun 2000 to 14 Oct 2008: official central bank liquidity providing, main refinancing operations, minimum bid rate; from 5 Jan 1999 to 27 Jun 2000: official central bank liquidity providing, main refinancing operations, fixed rate.",4,European Central Bank,, Central bank policy rates - Euro area - Monthly - End of period,2016-11,0,A,F,
M,XM,368,0,,"From 18 Sep 2024 onwards: official central bank steering rate is the deposit facility rate, fixed rate; from 15 Oct 2008 to 17 Sep 2024: official central bank liquidity providing, main refinancing operations, fixed rate; from 28 Jun 2000 to 14 Oct 2008: official central bank liquidity providing, main refinancing operations, minimum bid rate; from 5 Jan 1999 to 27 Jun 2000: official central bank liquidity providing, main refinancing operations, fixed rate.",4,European Central Bank,, Central bank policy rates - Euro area - Monthly - End of period,2016-12,0,A,F,
M,XM,368,0,,"From 18 Sep 2024 onwards: official central bank steering rate is the deposit facility rate, fixed rate; from 15 Oct 2008 to 17 Sep 2024: official central bank liquidity providing, main refinancing operations, fixed rate; from 28 Jun 2000 to 14 Oct 2008: official central bank liquidity providing, main refinancing operations, minimum bid rate; from 5 Jan 1999 to 27 Jun 2000: official central bank liquidity providing, main refinancing operations, fixed rate.",4,European Central Bank,, Central bank policy rates - Euro area - Monthly - End of period,2017-01,0,A,F,
M,XM,368,0,,"From 18 Sep 2024 onwards: official central bank steering rate is the deposit facility rate, fixed rate; from 15 Oct 2008 to 17 Sep 2024: official central bank liquidity providing, main refinancing operations, fixed rate; from 28 Jun 2000 to 14 Oct 2008: official central bank liquidity providing, main refinancing operations, minimum bid rate; from 5 Jan 1999 to 27 Jun 2000: official central bank liquidity providing, main refinancing operations, fixed rate.",4,European Central Bank,, Central bank policy rates - Euro area - Monthly - End of period,2017-02,0,A,F,
M,XM,368,0,,"From 18 Sep 2024 onwards: official central bank steering rate is the deposit facility rate, fixed rate; from 15 Oct 2008 to 17 Sep 2024: official central bank liquidity providing, main refinancing operations, fixed rate; from 28 Jun 2000 to 14 Oct 2008: official central bank liquidity providing, main refinancing operations, minimum bid rate; from 5 Jan 1999 to 27 Jun 2000: official central bank liquidity providing, main refinancing operations, fixed rate.",4,European Central Bank,, Central bank policy rates - Euro area - Monthly - End of period,2017-03,0,A,F,
M,XM,368,0,,"From 18 Sep 2024 onwards: official central bank steering rate is the deposit facility rate, fixed rate; from 15 Oct 2008 to 17 Sep 2024: official central bank liquidity providing, main refinancing operations, fixed rate; from 28 Jun 2000 to 14 Oct 2008: official central bank liquidity providing, main refinancing operations, minimum bid rate; from 5 Jan 1999 to 27 Jun 2000: official central bank liquidity providing, main refinancing operations, fixed rate.",4,European Central Bank,, Central bank policy rates - Euro area - Monthly - End of period,2017-04,0,A,F,
M,XM,368,0,,"From 18 Sep 2024 onwards: official central bank steering rate is the deposit facility rate, fixed rate; from 15 Oct 2008 to 17 Sep 2024: official central bank liquidity providing, main refinancing operations, fixed rate; from 28 Jun 2000 to 14 Oct 2008: official central bank liquidity providing, main refinancing operations, minimum bid rate; from 5 Jan 1999 to 27 Jun 2000: official central bank liquidity providing, main refinancing operations, fixed rate.",4,European Central Bank,, Central bank policy rates - Euro area - Monthly - End of period,2017-05,0,A,F,
M,XM,368,0,,"From 18 Sep 2024 onwards: official central bank steering rate is the deposit facility rate, fixed rate; from 15 Oct 2008 to 17 Sep 2024: official central bank liquidity providing, main refinancing operations, fixed rate; from 28 Jun 2000 to 14 Oct 2008: official central bank liquidity providing, main refinancing operations, minimum bid rate; from 5 Jan 1999 to 27 Jun 2000: official central bank liquidity providing, main refinancing operations, fixed rate.",4,European Central Bank,, Central bank policy rates - Euro area - Monthly - End of period,2017-06,0,A,F,
M,XM,368,0,,"From 18 Sep 2024 onwards: official central bank steering rate is the deposit facility rate, fixed rate; from 15 Oct 2008 to 17 Sep 2024: official central bank liquidity providing, main refinancing operations, fixed rate; from 28 Jun 2000 to 14 Oct 2008: official central bank liquidity providing, main refinancing operations, minimum bid rate; from 5 Jan 1999 to 27 Jun 2000: official central bank liquidity providing, main refinancing operations, fixed rate.",4,European Central Bank,, Central bank policy rates - Euro area - Monthly - End of period,2017-07,0,A,F,
M,XM,368,0,,"From 18 Sep 2024 onwards: official central bank steering rate is the deposit facility rate, fixed rate; from 15 Oct 2008 to 17 Sep 2024: official central bank liquidity providing, main refinancing operations, fixed rate; from 28 Jun 2000 to 14 Oct 2008: official central bank liquidity providing, main refinancing operations, minimum bid rate; from 5 Jan 1999 to 27 Jun 2000: official central bank liquidity providing, main refinancing operations, fixed rate.",4,European Central Bank,, Central bank policy rates - Euro area - Monthly - End of period,2017-08,0,A,F,
M,XM,368,0,,"From 18 Sep 2024 onwards: official central bank steering rate is the deposit facility rate, fixed rate; from 15 Oct 2008 to 17 Sep 2024: official central bank liquidity providing, main refinancing operations, fixed rate; from 28 Jun 2000 to 14 Oct 2008: official central bank liquidity providing, main refinancing operations, minimum bid rate; from 5 Jan 1999 to 27 Jun 2000: official central bank liquidity providing, main refinancing operations, fixed rate.",4,European Central Bank,, Central bank policy rates - Euro area - Monthly - End of period,2017-09,0,A,F,
M,XM,368,0,,"From 18 Sep 2024 onwards: official central bank steering rate is the deposit facility rate, fixed rate; from 15 Oct 2008 to 17 Sep 2024: official central bank liquidity providing, main refinancing operations, fixed rate; from 28 Jun 2000 to 14 Oct 2008: official central bank liquidity providing, main refinancing operations, minimum bid rate; from 5 Jan 1999 to 27 Jun 2000: official central bank liquidity providing, main refinancing operations, fixed rate.",4,European Central Bank,, Central bank policy rates - Euro area - Monthly - End of period,2017-10,0,A,F,
M,XM,368,0,,"From 18 Sep 2024 onwards: official central bank steering rate is the deposit facility rate, fixed rate; from 15 Oct 2008 to 17 Sep 2024: official central bank liquidity providing, main refinancing operations, fixed rate; from 28 Jun 2000 to 14 Oct 2008: official central bank liquidity providing, main refinancing operations, minimum bid rate; from 5 Jan 1999 to 27 Jun 2000: official central bank liquidity providing, main refinancing operations, fixed rate.",4,European Central Bank,, Central bank policy rates - Euro area - Monthly - End of period,2017-11,0,A,F,
M,XM,368,0,,"From 18 Sep 2024 onwards: official central bank steering rate is the deposit facility rate, fixed rate; from 15 Oct 2008 to 17 Sep 2024: official central bank liquidity providing, main refinancing operations, fixed rate; from 28 Jun 2000 to 14 Oct 2008: official central bank liquidity providing, main refinancing operations, minimum bid rate; from 5 Jan 1999 to 27 Jun 2000: official central bank liquidity providing, main refinancing operations, fixed rate.",4,European Central Bank,, Central bank policy rates - Euro area - Monthly - End of period,2017-12,0,A,F,
M,XM,368,0,,"From 18 Sep 2024 onwards: official central bank steering rate is the deposit facility rate, fixed rate; from 15 Oct 2008 to 17 Sep 2024: official central bank liquidity providing, main refinancing operations, fixed rate; from 28 Jun 2000 to 14 Oct 2008: official central bank liquidity providing, main refinancing operations, minimum bid rate; from 5 Jan 1999 to 27 Jun 2000: official central bank liquidity providing, main refinancing operations, fixed rate.",4,European Central Bank,, Central bank policy rates - Euro area - Monthly - End of period,2018-01,0,A,F,
M,XM,368,0,,"From 18 Sep 2024 onwards: official central bank steering rate is the deposit facility rate, fixed rate; from 15 Oct 2008 to 17 Sep 2024: official central bank liquidity providing, main refinancing operations, fixed rate; from 28 Jun 2000 to 14 Oct 2008: official central bank liquidity providing, main refinancing operations, minimum bid rate; from 5 Jan 1999 to 27 Jun 2000: official central bank liquidity providing, main refinancing operations, fixed rate.",4,European Central Bank,, Central bank policy rates - Euro area - Monthly - End of period,2018-02,0,A,F,
M,XM,368,0,,"From 18 Sep 2024 onwards: official central bank steering rate is the deposit facility rate, fixed rate; from 15 Oct 2008 to 17 Sep 2024: official central bank liquidity providing, main refinancing operations, fixed rate; from 28 Jun 2000 to 14 Oct 2008: official central bank liquidity providing, main refinancing operations, minimum bid rate; from 5 Jan 1999 to 27 Jun 2000: official central bank liquidity providing, main refinancing operations, fixed rate.",4,European Central Bank,, Central bank policy rates - Euro area - Monthly - End of period,2018-03,0,A,F,
M,XM,368,0,,"From 18 Sep 2024 onwards: official central bank steering rate is the deposit facility rate, fixed rate; from 15 Oct 2008 to 17 Sep 2024: official central bank liquidity providing, main refinancing operations, fixed rate; from 28 Jun 2000 to 14 Oct 2008: official central bank liquidity providing, main refinancing operations, minimum bid rate; from 5 Jan 1999 to 27 Jun 2000: official central bank liquidity providing, main refinancing operations, fixed rate.",4,European Central Bank,, Central bank policy rates - Euro area - Monthly - End of period,2018-04,0,A,F,
M,XM,368,0,,"From 18 Sep 2024 onwards: official central bank steering rate is the deposit facility rate, fixed rate; from 15 Oct 2008 to 17 Sep 2024: official central bank liquidity providing, main refinancing operations, fixed rate; from 28 Jun 2000 to 14 Oct 2008: official central bank liquidity providing, main refinancing operations, minimum bid rate; from 5 Jan 1999 to 27 Jun 2000: official central bank liquidity providing, main refinancing operations, fixed rate.",4,European Central Bank,, Central bank policy rates - Euro area - Monthly - End of period,2018-05,0,A,F,
M,XM,368,0,,"From 18 Sep 2024 onwards: official central bank steering rate is the deposit facility rate, fixed rate; from 15 Oct 2008 to 17 Sep 2024: official central bank liquidity providing, main refinancing operations, fixed rate; from 28 Jun 2000 to 14 Oct 2008: official central bank liquidity providing, main refinancing operations, minimum bid rate; from 5 Jan 1999 to 27 Jun 2000: official central bank liquidity providing, main refinancing operations, fixed rate.",4,European Central Bank,, Central bank policy rates - Euro area - Monthly - End of period,2018-06,0,A,F,
M,XM,368,0,,"From 18 Sep 2024 onwards: official central bank steering rate is the deposit facility rate, fixed rate; from 15 Oct 2008 to 17 Sep 2024: official central bank liquidity providing, main refinancing operations, fixed rate; from 28 Jun 2000 to 14 Oct 2008: official central bank liquidity providing, main refinancing operations, minimum bid rate; from 5 Jan 1999 to 27 Jun 2000: official central bank liquidity providing, main refinancing operations, fixed rate.",4,European Central Bank,, Central bank policy rates - Euro area - Monthly - End of period,2018-07,0,A,F,
M,XM,368,0,,"From 18 Sep 2024 onwards: official central bank steering rate is the deposit facility rate, fixed rate; from 15 Oct 2008 to 17 Sep 2024: official central bank liquidity providing, main refinancing operations, fixed rate; from 28 Jun 2000 to 14 Oct 2008: official central bank liquidity providing, main refinancing operations, minimum bid rate; from 5 Jan 1999 to 27 Jun 2000: official central bank liquidity providing, main refinancing operations, fixed rate.",4,European Central Bank,, Central bank policy rates - Euro area - Monthly - End of period,2018-08,0,A,F,
M,XM,368,0,,"From 18 Sep 2024 onwards: official central bank steering rate is the deposit facility rate, fixed rate; from 15 Oct 2008 to 17 Sep 2024: official central bank liquidity providing, main refinancing operations, fixed rate; from 28 Jun 2000 to 14 Oct 2008: official central bank liquidity providing, main refinancing operations, minimum bid rate; from 5 Jan 1999 to 27 Jun 2000: official central bank liquidity providing, main refinancing operations, fixed rate.",4,European Central Bank,, Central bank policy rates - Euro area - Monthly - End of period,2018-09,0,A,F,
M,XM,368,0,,"From 18 Sep 2024 onwards: official central bank steering rate is the deposit facility rate, fixed rate; from 15 Oct 2008 to 17 Sep 2024: official central bank liquidity providing, main refinancing operations, fixed rate; from 28 Jun 2000 to 14 Oct 2008: official central bank liquidity providing, main refinancing operations, minimum bid rate; from 5 Jan 1999 to 27 Jun 2000: official central bank liquidity providing, main refinancing operations, fixed rate.",4,European Central Bank,, Central bank policy rates - Euro area - Monthly - End of period,2018-10,0,A,F,
M,XM,368,0,,"From 18 Sep 2024 onwards: official central bank steering rate is the deposit facility rate, fixed rate; from 15 Oct 2008 to 17 Sep 2024: official central bank liquidity providing, main refinancing operations, fixed rate; from 28 Jun 2000 to 14 Oct 2008: official central bank liquidity providing, main refinancing operations, minimum bid rate; from 5 Jan 1999 to 27 Jun 2000: official central bank liquidity providing, main refinancing operations, fixed rate.",4,European Central Bank,, Central bank policy rates - Euro area - Monthly - End of period,2018-11,0,A,F,
M,XM,368,0,,"From 18 Sep 2024 onwards: official central bank steering rate is the deposit facility rate, fixed rate; from 15 Oct 2008 to 17 Sep 2024: official central bank liquidity providing, main refinancing operations, fixed rate; from 28 Jun 2000 to 14 Oct 2008: official central bank liquidity providing, main refinancing operations, minimum bid rate; from 5 Jan 1999 to 27 Jun 2000: official central bank liquidity providing, main refinancing operations, fixed rate.",4,European Central Bank,, Central bank policy rates - Euro area - Monthly - End of period,2018-12,0,A,F,
M,XM,368,0,,"From 18 Sep 2024 onwards: official central bank steering rate is the deposit facility rate, fixed rate; from 15 Oct 2008 to 17 Sep 2024: official central bank liquidity providing, main refinancing operations, fixed rate; from 28 Jun 2000 to 14 Oct 2008: official central bank liquidity providing, main refinancing operations, minimum bid rate; from 5 Jan 1999 to 27 Jun 2000: official central bank liquidity providing, main refinancing operations, fixed rate.",4,European Central Bank,, Central bank policy rates - Euro area - Monthly - End of period,2019-01,0,A,F,
M,XM,368,0,,"From 18 Sep 2024 onwards: official central bank steering rate is the deposit facility rate, fixed rate; from 15 Oct 2008 to 17 Sep 2024: official central bank liquidity providing, main refinancing operations, fixed rate; from 28 Jun 2000 to 14 Oct 2008: official central bank liquidity providing, main refinancing operations, minimum bid rate; from 5 Jan 1999 to 27 Jun 2000: official central bank liquidity providing, main refinancing operations, fixed rate.",4,European Central Bank,, Central bank policy rates - Euro area - Monthly - End of period,2019-02,0,A,F,
M,XM,368,0,,"From 18 Sep 2024 onwards: official central bank steering rate is the deposit facility rate, fixed rate; from 15 Oct 2008 to 17 Sep 2024: official central bank liquidity providing, main refinancing operations, fixed rate; from 28 Jun 2000 to 14 Oct 2008: official central bank liquidity providing, main refinancing operations, minimum bid rate; from 5 Jan 1999 to 27 Jun 2000: official central bank liquidity providing, main refinancing operations, fixed rate.",4,European Central Bank,, Central bank policy rates - Euro area - Monthly - End of period,2019-03,0,A,F,
M,XM,368,0,,"From 18 Sep 2024 onwards: official central bank steering rate is the deposit facility rate, fixed rate; from 15 Oct 2008 to 17 Sep 2024: official central bank liquidity providing, main refinancing operations, fixed rate; from 28 Jun 2000 to 14 Oct 2008: official central bank liquidity providing, main refinancing operations, minimum bid rate; from 5 Jan 1999 to 27 Jun 2000: official central bank liquidity providing, main refinancing operations, fixed rate.",4,European Central Bank,, Central bank policy rates - Euro area - Monthly - End of period,2019-04,0,A,F,
M,XM,368,0,,"From 18 Sep 2024 onwards: official central bank steering rate is the deposit facility rate, fixed rate; from 15 Oct 2008 to 17 Sep 2024: official central bank liquidity providing, main refinancing operations, fixed rate; from 28 Jun 2000 to 14 Oct 2008: official central bank liquidity providing, main refinancing operations, minimum bid rate; from 5 Jan 1999 to 27 Jun 2000: official central bank liquidity providing, main refinancing operations, fixed rate.",4,European Central Bank,, Central bank policy rates - Euro area - Monthly - End of period,2019-05,0,A,F,
M,XM,368,0,,"From 18 Sep 2024 onwards: official central bank steering rate is the deposit facility rate, fixed rate; from 15 Oct 2008 to 17 Sep 2024: official central bank liquidity providing, main refinancing operations, fixed rate; from 28 Jun 2000 to 14 Oct 2008: official central bank liquidity providing, main refinancing operations, minimum bid rate; from 5 Jan 1999 to 27 Jun 2000: official central bank liquidity providing, main refinancing operations, fixed rate.",4,European Central Bank,, Central bank policy rates - Euro area - Monthly - End of period,2019-06,0,A,F,
M,XM,368,0,,"From 18 Sep 2024 onwards: official central bank steering rate is the deposit facility rate, fixed rate; from 15 Oct 2008 to 17 Sep 2024: official central bank liquidity providing, main refinancing operations, fixed rate; from 28 Jun 2000 to 14 Oct 2008: official central bank liquidity providing, main refinancing operations, minimum bid rate; from 5 Jan 1999 to 27 Jun 2000: official central bank liquidity providing, main refinancing operations, fixed rate.",4,European Central Bank,, Central bank policy rates - Euro area - Monthly - End of period,2019-07,0,A,F,
M,XM,368,0,,"From 18 Sep 2024 onwards: official central bank steering rate is the deposit facility rate, fixed rate; from 15 Oct 2008 to 17 Sep 2024: official central bank liquidity providing, main refinancing operations, fixed rate; from 28 Jun 2000 to 14 Oct 2008: official central bank liquidity providing, main refinancing operations, minimum bid rate; from 5 Jan 1999 to 27 Jun 2000: official central bank liquidity providing, main refinancing operations, fixed rate.",4,European Central Bank,, Central bank policy rates - Euro area - Monthly - End of period,2019-08,0,A,F,
M,XM,368,0,,"From 18 Sep 2024 onwards: official central bank steering rate is the deposit facility rate, fixed rate; from 15 Oct 2008 to 17 Sep 2024: official central bank liquidity providing, main refinancing operations, fixed rate; from 28 Jun 2000 to 14 Oct 2008: official central bank liquidity providing, main refinancing operations, minimum bid rate; from 5 Jan 1999 to 27 Jun 2000: official central bank liquidity providing, main refinancing operations, fixed rate.",4,European Central Bank,, Central bank policy rates - Euro area - Monthly - End of period,2019-09,0,A,F,
M,XM,368,0,,"From 18 Sep 2024 onwards: official central bank steering rate is the deposit facility rate, fixed rate; from 15 Oct 2008 to 17 Sep 2024: official central bank liquidity providing, main refinancing operations, fixed rate; from 28 Jun 2000 to 14 Oct 2008: official central bank liquidity providing, main refinancing operations, minimum bid rate; from 5 Jan 1999 to 27 Jun 2000: official central bank liquidity providing, main refinancing operations, fixed rate.",4,European Central Bank,, Central bank policy rates - Euro area - Monthly - End of period,2019-10,0,A,F,
M,XM,368,0,,"From 18 Sep 2024 onwards: official central bank steering rate is the deposit facility rate, fixed rate; from 15 Oct 2008 to 17 Sep 2024: official central bank liquidity providing, main refinancing operations, fixed rate; from 28 Jun 2000 to 14 Oct 2008: official central bank liquidity providing, main refinancing operations, minimum bid rate; from 5 Jan 1999 to 27 Jun 2000: official central bank liquidity providing, main refinancing operations, fixed rate.",4,European Central Bank,, Central bank policy rates - Euro area - Monthly - End of period,2019-11,0,A,F,
M,XM,368,0,,"From 18 Sep 2024 onwards: official central bank steering rate is the deposit facility rate, fixed rate; from 15 Oct 2008 to 17 Sep 2024: official central bank liquidity providing, main refinancing operations, fixed rate; from 28 Jun 2000 to 14 Oct 2008: official central bank liquidity providing, main refinancing operations, minimum bid rate; from 5 Jan 1999 to 27 Jun 2000: official central bank liquidity providing, main refinancing operations, fixed rate.",4,European Central Bank,, Central bank policy rates - Euro area - Monthly - End of period,2019-12,0,A,F,
M,XM,368,0,,"From 18 Sep 2024 onwards: official central bank steering rate is the deposit facility rate, fixed rate; from 15 Oct 2008 to 17 Sep 2024: official central bank liquidity providing, main refinancing operations, fixed rate; from 28 Jun 2000 to 14 Oct 2008: official central bank liquidity providing, main refinancing operations, minimum bid rate; from 5 Jan 1999 to 27 Jun 2000: official central bank liquidity providing, main refinancing operations, fixed rate.",4,European Central Bank,, Central bank policy rates - Euro area - Monthly - End of period,2020-01,0,A,F,
M,XM,368,0,,"From 18 Sep 2024 onwards: official central bank steering rate is the deposit facility rate, fixed rate; from 15 Oct 2008 to 17 Sep 2024: official central bank liquidity providing, main refinancing operations, fixed rate; from 28 Jun 2000 to 14 Oct 2008: official central bank liquidity providing, main refinancing operations, minimum bid rate; from 5 Jan 1999 to 27 Jun 2000: official central bank liquidity providing, main refinancing operations, fixed rate.",4,European Central Bank,, Central bank policy rates - Euro area - Monthly - End of period,2020-02,0,A,F,
M,XM,368,0,,"From 18 Sep 2024 onwards: official central bank steering rate is the deposit facility rate, fixed rate; from 15 Oct 2008 to 17 Sep 2024: official central bank liquidity providing, main refinancing operations, fixed rate; from 28 Jun 2000 to 14 Oct 2008: official central bank liquidity providing, main refinancing operations, minimum bid rate; from 5 Jan 1999 to 27 Jun 2000: official central bank liquidity providing, main refinancing operations, fixed rate.",4,European Central Bank,, Central bank policy rates - Euro area - Monthly - End of period,2020-03,0,A,F,
M,XM,368,0,,"From 18 Sep 2024 onwards: official central bank steering rate is the deposit facility rate, fixed rate; from 15 Oct 2008 to 17 Sep 2024: official central bank liquidity providing, main refinancing operations, fixed rate; from 28 Jun 2000 to 14 Oct 2008: official central bank liquidity providing, main refinancing operations, minimum bid rate; from 5 Jan 1999 to 27 Jun 2000: official central bank liquidity providing, main refinancing operations, fixed rate.",4,European Central Bank,, Central bank policy rates - Euro area - Monthly - End of period,2020-04,0,A,F,
M,XM,368,0,,"From 18 Sep 2024 onwards: official central bank steering rate is the deposit facility rate, fixed rate; from 15 Oct 2008 to 17 Sep 2024: official central bank liquidity providing, main refinancing operations, fixed rate; from 28 Jun 2000 to 14 Oct 2008: official central bank liquidity providing, main refinancing operations, minimum bid rate; from 5 Jan 1999 to 27 Jun 2000: official central bank liquidity providing, main refinancing operations, fixed rate.",4,European Central Bank,, Central bank policy rates - Euro area - Monthly - End of period,2020-05,0,A,F,
M,XM,368,0,,"From 18 Sep 2024 onwards: official central bank steering rate is the deposit facility rate, fixed rate; from 15 Oct 2008 to 17 Sep 2024: official central bank liquidity providing, main refinancing operations, fixed rate; from 28 Jun 2000 to 14 Oct 2008: official central bank liquidity providing, main refinancing operations, minimum bid rate; from 5 Jan 1999 to 27 Jun 2000: official central bank liquidity providing, main refinancing operations, fixed rate.",4,European Central Bank,, Central bank policy rates - Euro area - Monthly - End of period,2020-06,0,A,F,
M,XM,368,0,,"From 18 Sep 2024 onwards: official central bank steering rate is the deposit facility rate, fixed rate; from 15 Oct 2008 to 17 Sep 2024: official central bank liquidity providing, main refinancing operations, fixed rate; from 28 Jun 2000 to 14 Oct 2008: official central bank liquidity providing, main refinancing operations, minimum bid rate; from 5 Jan 1999 to 27 Jun 2000: official central bank liquidity providing, main refinancing operations, fixed rate.",4,European Central Bank,, Central bank policy rates - Euro area - Monthly - End of period,2020-07,0,A,F,
M,XM,368,0,,"From 18 Sep 2024 onwards: official central bank steering rate is the deposit facility rate, fixed rate; from 15 Oct 2008 to 17 Sep 2024: official central bank liquidity providing, main refinancing operations, fixed rate; from 28 Jun 2000 to 14 Oct 2008: official central bank liquidity providing, main refinancing operations, minimum bid rate; from 5 Jan 1999 to 27 Jun 2000: official central bank liquidity providing, main refinancing operations, fixed rate.",4,European Central Bank,, Central bank policy rates - Euro area - Monthly - End of period,2020-08,0,A,F,
M,XM,368,0,,"From 18 Sep 2024 onwards: official central bank steering rate is the deposit facility rate, fixed rate; from 15 Oct 2008 to 17 Sep 2024: official central bank liquidity providing, main refinancing operations, fixed rate; from 28 Jun 2000 to 14 Oct 2008: official central bank liquidity providing, main refinancing operations, minimum bid rate; from 5 Jan 1999 to 27 Jun 2000: official central bank liquidity providing, main refinancing operations, fixed rate.",4,European Central Bank,, Central bank policy rates - Euro area - Monthly - End of period,2020-09,0,A,F,
M,XM,368,0,,"From 18 Sep 2024 onwards: official central bank steering rate is the deposit facility rate, fixed rate; from 15 Oct 2008 to 17 Sep 2024: official central bank liquidity providing, main refinancing operations, fixed rate; from 28 Jun 2000 to 14 Oct 2008: official central bank liquidity providing, main refinancing operations, minimum bid rate; from 5 Jan 1999 to 27 Jun 2000: official central bank liquidity providing, main refinancing operations, fixed rate.",4,European Central Bank,, Central bank policy rates - Euro area - Monthly - End of period,2020-10,0,A,F,
M,XM,368,0,,"From 18 Sep 2024 onwards: official central bank steering rate is the deposit facility rate, fixed rate; from 15 Oct 2008 to 17 Sep 2024: official central bank liquidity providing, main refinancing operations, fixed rate; from 28 Jun 2000 to 14 Oct 2008: official central bank liquidity providing, main refinancing operations, minimum bid rate; from 5 Jan 1999 to 27 Jun 2000: official central bank liquidity providing, main refinancing operations, fixed rate.",4,European Central Bank,, Central bank policy rates - Euro area - Monthly - End of period,2020-11,0,A,F,
M,XM,368,0,,"From 18 Sep 2024 onwards: official central bank steering rate is the deposit facility rate, fixed rate; from 15 Oct 2008 to 17 Sep 2024: official central bank liquidity providing, main refinancing operations, fixed rate; from 28 Jun 2000 to 14 Oct 2008: official central bank liquidity providing, main refinancing operations, minimum bid rate; from 5 Jan 1999 to 27 Jun 2000: official central bank liquidity providing, main refinancing operations, fixed rate.",4,European Central Bank,, Central bank policy rates - Euro area - Monthly - End of period,2020-12,0,A,F,
M,XM,368,0,,"From 18 Sep 2024 onwards: official central bank steering rate is the deposit facility rate, fixed rate; from 15 Oct 2008 to 17 Sep 2024: official central bank liquidity providing, main refinancing operations, fixed rate; from 28 Jun 2000 to 14 Oct 2008: official central bank liquidity providing, main refinancing operations, minimum bid rate; from 5 Jan 1999 to 27 Jun 2000: official central bank liquidity providing, main refinancing operations, fixed rate.",4,European Central Bank,, Central bank policy rates - Euro area - Monthly - End of period,2021-01,0,A,F,
M,XM,368,0,,"From 18 Sep 2024 onwards: official central bank steering rate is the deposit facility rate, fixed rate; from 15 Oct 2008 to 17 Sep 2024: official central bank liquidity providing, main refinancing operations, fixed rate; from 28 Jun 2000 to 14 Oct 2008: official central bank liquidity providing, main refinancing operations, minimum bid rate; from 5 Jan 1999 to 27 Jun 2000: official central bank liquidity providing, main refinancing operations, fixed rate.",4,European Central Bank,, Central bank policy rates - Euro area - Monthly - End of period,2021-02,0,A,F,
M,XM,368,0,,"From 18 Sep 2024 onwards: official central bank steering rate is the deposit facility rate, fixed rate; from 15 Oct 2008 to 17 Sep 2024: official central bank liquidity providing, main refinancing operations, fixed rate; from 28 Jun 2000 to 14 Oct 2008: official central bank liquidity providing, main refinancing operations, minimum bid rate; from 5 Jan 1999 to 27 Jun 2000: official central bank liquidity providing, main refinancing operations, fixed rate.",4,European Central Bank,, Central bank policy rates - Euro area - Monthly - End of period,2021-03,0,A,F,
M,XM,368,0,,"From 18 Sep 2024 onwards: official central bank steering rate is the deposit facility rate, fixed rate; from 15 Oct 2008 to 17 Sep 2024: official central bank liquidity providing, main refinancing operations, fixed rate; from 28 Jun 2000 to 14 Oct 2008: official central bank liquidity providing, main refinancing operations, minimum bid rate; from 5 Jan 1999 to 27 Jun 2000: official central bank liquidity providing, main refinancing operations, fixed rate.",4,European Central Bank,, Central bank policy rates - Euro area - Monthly - End of period,2021-04,0,A,F,
M,XM,368,0,,"From 18 Sep 2024 onwards: official central bank steering rate is the deposit facility rate, fixed rate; from 15 Oct 2008 to 17 Sep 2024: official central bank liquidity providing, main refinancing operations, fixed rate; from 28 Jun 2000 to 14 Oct 2008: official central bank liquidity providing, main refinancing operations, minimum bid rate; from 5 Jan 1999 to 27 Jun 2000: official central bank liquidity providing, main refinancing operations, fixed rate.",4,European Central Bank,, Central bank policy rates - Euro area - Monthly - End of period,2021-05,0,A,F,
M,XM,368,0,,"From 18 Sep 2024 onwards: official central bank steering rate is the deposit facility rate, fixed rate; from 15 Oct 2008 to 17 Sep 2024: official central bank liquidity providing, main refinancing operations, fixed rate; from 28 Jun 2000 to 14 Oct 2008: official central bank liquidity providing, main refinancing operations, minimum bid rate; from 5 Jan 1999 to 27 Jun 2000: official central bank liquidity providing, main refinancing operations, fixed rate.",4,European Central Bank,, Central bank policy rates - Euro area - Monthly - End of period,2021-06,0,A,F,
M,XM,368,0,,"From 18 Sep 2024 onwards: official central bank steering rate is the deposit facility rate, fixed rate; from 15 Oct 2008 to 17 Sep 2024: official central bank liquidity providing, main refinancing operations, fixed rate; from 28 Jun 2000 to 14 Oct 2008: official central bank liquidity providing, main refinancing operations, minimum bid rate; from 5 Jan 1999 to 27 Jun 2000: official central bank liquidity providing, main refinancing operations, fixed rate.",4,European Central Bank,, Central bank policy rates - Euro area - Monthly - End of period,2021-07,0,A,F,
M,XM,368,0,,"From 18 Sep 2024 onwards: official central bank steering rate is the deposit facility rate, fixed rate; from 15 Oct 2008 to 17 Sep 2024: official central bank liquidity providing, main refinancing operations, fixed rate; from 28 Jun 2000 to 14 Oct 2008: official central bank liquidity providing, main refinancing operations, minimum bid rate; from 5 Jan 1999 to 27 Jun 2000: official central bank liquidity providing, main refinancing operations, fixed rate.",4,European Central Bank,, Central bank policy rates - Euro area - Monthly - End of period,2021-08,0,A,F,
M,XM,368,0,,"From 18 Sep 2024 onwards: official central bank steering rate is the deposit facility rate, fixed rate; from 15 Oct 2008 to 17 Sep 2024: official central bank liquidity providing, main refinancing operations, fixed rate; from 28 Jun 2000 to 14 Oct 2008: official central bank liquidity providing, main refinancing operations, minimum bid rate; from 5 Jan 1999 to 27 Jun 2000: official central bank liquidity providing, main refinancing operations, fixed rate.",4,European Central Bank,, Central bank policy rates - Euro area - Monthly - End of period,2021-09,0,A,F,
M,XM,368,0,,"From 18 Sep 2024 onwards: official central bank steering rate is the deposit facility rate, fixed rate; from 15 Oct 2008 to 17 Sep 2024: official central bank liquidity providing, main refinancing operations, fixed rate; from 28 Jun 2000 to 14 Oct 2008: official central bank liquidity providing, main refinancing operations, minimum bid rate; from 5 Jan 1999 to 27 Jun 2000: official central bank liquidity providing, main refinancing operations, fixed rate.",4,European Central Bank,, Central bank policy rates - Euro area - Monthly - End of period,2021-10,0,A,F,
M,XM,368,0,,"From 18 Sep 2024 onwards: official central bank steering rate is the deposit facility rate, fixed rate; from 15 Oct 2008 to 17 Sep 2024: official central bank liquidity providing, main refinancing operations, fixed rate; from 28 Jun 2000 to 14 Oct 2008: official central bank liquidity providing, main refinancing operations, minimum bid rate; from 5 Jan 1999 to 27 Jun 2000: official central bank liquidity providing, main refinancing operations, fixed rate.",4,European Central Bank,, Central bank policy rates - Euro area - Monthly - End of period,2021-11,0,A,F,
M,XM,368,0,,"From 18 Sep 2024 onwards: official central bank steering rate is the deposit facility rate, fixed rate; from 15 Oct 2008 to 17 Sep 2024: official central bank liquidity providing, main refinancing operations, fixed rate; from 28 Jun 2000 to 14 Oct 2008: official central bank liquidity providing, main refinancing operations, minimum bid rate; from 5 Jan 1999 to 27 Jun 2000: official central bank liquidity providing, main refinancing operations, fixed rate.",4,European Central Bank,, Central bank policy rates - Euro area - Monthly - End of period,2021-12,0,A,F,
M,XM,368,0,,"From 18 Sep 2024 onwards: official central bank steering rate is the deposit facility rate, fixed rate; from 15 Oct 2008 to 17 Sep 2024: official central bank liquidity providing, main refinancing operations, fixed rate; from 28 Jun 2000 to 14 Oct 2008: official central bank liquidity providing, main refinancing operations, minimum bid rate; from 5 Jan 1999 to 27 Jun 2000: official central bank liquidity providing, main refinancing operations, fixed rate.",4,European Central Bank,, Central bank policy rates - Euro area - Monthly - End of period,2022-01,0,A,F,
M,XM,368,0,,"From 18 Sep 2024 onwards: official central bank steering rate is the deposit facility rate, fixed rate; from 15 Oct 2008 to 17 Sep 2024: official central bank liquidity providing, main refinancing operations, fixed rate; from 28 Jun 2000 to 14 Oct 2008: official central bank liquidity providing, main refinancing operations, minimum bid rate; from 5 Jan 1999 to 27 Jun 2000: official central bank liquidity providing, main refinancing operations, fixed rate.",4,European Central Bank,, Central bank policy rates - Euro area - Monthly - End of period,2022-02,0,A,F,
M,XM,368,0,,"From 18 Sep 2024 onwards: official central bank steering rate is the deposit facility rate, fixed rate; from 15 Oct 2008 to 17 Sep 2024: official central bank liquidity providing, main refinancing operations, fixed rate; from 28 Jun 2000 to 14 Oct 2008: official central bank liquidity providing, main refinancing operations, minimum bid rate; from 5 Jan 1999 to 27 Jun 2000: official central bank liquidity providing, main refinancing operations, fixed rate.",4,European Central Bank,, Central bank policy rates - Euro area - Monthly - End of period,2022-03,0,A,F,
M,XM,368,0,,"From 18 Sep 2024 onwards: official central bank steering rate is the deposit facility rate, fixed rate; from 15 Oct 2008 to 17 Sep 2024: official central bank liquidity providing, main refinancing operations, fixed rate; from 28 Jun 2000 to 14 Oct 2008: official central bank liquidity providing, main refinancing operations, minimum bid rate; from 5 Jan 1999 to 27 Jun 2000: official central bank liquidity providing, main refinancing operations, fixed rate.",4,European Central Bank,, Central bank policy rates - Euro area - Monthly - End of period,2022-04,0,A,F,
M,XM,368,0,,"From 18 Sep 2024 onwards: official central bank steering rate is the deposit facility rate, fixed rate; from 15 Oct 2008 to 17 Sep 2024: official central bank liquidity providing, main refinancing operations, fixed rate; from 28 Jun 2000 to 14 Oct 2008: official central bank liquidity providing, main refinancing operations, minimum bid rate; from 5 Jan 1999 to 27 Jun 2000: official central bank liquidity providing, main refinancing operations, fixed rate.",4,European Central Bank,, Central bank policy rates - Euro area - Monthly - End of period,2022-05,0,A,F,
M,XM,368,0,,"From 18 Sep 2024 onwards: official central bank steering rate is the deposit facility rate, fixed rate; from 15 Oct 2008 to 17 Sep 2024: official central bank liquidity providing, main refinancing operations, fixed rate; from 28 Jun 2000 to 14 Oct 2008: official central bank liquidity providing, main refinancing operations, minimum bid rate; from 5 Jan 1999 to 27 Jun 2000: official central bank liquidity providing, main refinancing operations, fixed rate.",4,European Central Bank,, Central bank policy rates - Euro area - Monthly - End of period,2022-06,0,A,F,
M,XM,368,0,,"From 18 Sep 2024 onwards: official central bank steering rate is the deposit facility rate, fixed rate; from 15 Oct 2008 to 17 Sep 2024: official central bank liquidity providing, main refinancing operations, fixed rate; from 28 Jun 2000 to 14 Oct 2008: official central bank liquidity providing, main refinancing operations, minimum bid rate; from 5 Jan 1999 to 27 Jun 2000: official central bank liquidity providing, main refinancing operations, fixed rate.",4,European Central Bank,, Central bank policy rates - Euro area - Monthly - End of period,2022-07,0.5,A,F,
M,XM,368,0,,"From 18 Sep 2024 onwards: official central bank steering rate is the deposit facility rate, fixed rate; from 15 Oct 2008 to 17 Sep 2024: official central bank liquidity providing, main refinancing operations, fixed rate; from 28 Jun 2000 to 14 Oct 2008: official central bank liquidity providing, main refinancing operations, minimum bid rate; from 5 Jan 1999 to 27 Jun 2000: official central bank liquidity providing, main refinancing operations, fixed rate.",4,European Central Bank,, Central bank policy rates - Euro area - Monthly - End of period,2022-08,0.5,A,F,
M,XM,368,0,,"From 18 Sep 2024 onwards: official central bank steering rate is the deposit facility rate, fixed rate; from 15 Oct 2008 to 17 Sep 2024: official central bank liquidity providing, main refinancing operations, fixed rate; from 28 Jun 2000 to 14 Oct 2008: official central bank liquidity providing, main refinancing operations, minimum bid rate; from 5 Jan 1999 to 27 Jun 2000: official central bank liquidity providing, main refinancing operations, fixed rate.",4,European Central Bank,, Central bank policy rates - Euro area - Monthly - End of period,2022-09,1.25,A,F,
M,XM,368,0,,"From 18 Sep 2024 onwards: official central bank steering rate is the deposit facility rate, fixed rate; from 15 Oct 2008 to 17 Sep 2024: official central bank liquidity providing, main refinancing operations, fixed rate; from 28 Jun 2000 to 14 Oct 2008: official central bank liquidity providing, main refinancing operations, minimum bid rate; from 5 Jan 1999 to 27 Jun 2000: official central bank liquidity providing, main refinancing operations, fixed rate.",4,European Central Bank,, Central bank policy rates - Euro area - Monthly - End of period,2022-10,1.25,A,F,
M,XM,368,0,,"From 18 Sep 2024 onwards: official central bank steering rate is the deposit facility rate, fixed rate; from 15 Oct 2008 to 17 Sep 2024: official central bank liquidity providing, main refinancing operations, fixed rate; from 28 Jun 2000 to 14 Oct 2008: official central bank liquidity providing, main refinancing operations, minimum bid rate; from 5 Jan 1999 to 27 Jun 2000: official central bank liquidity providing, main refinancing operations, fixed rate.",4,European Central Bank,, Central bank policy rates - Euro area - Monthly - End of period,2022-11,2,A,F,
M,XM,368,0,,"From 18 Sep 2024 onwards: official central bank steering rate is the deposit facility rate, fixed rate; from 15 Oct 2008 to 17 Sep 2024: official central bank liquidity providing, main refinancing operations, fixed rate; from 28 Jun 2000 to 14 Oct 2008: official central bank liquidity providing, main refinancing operations, minimum bid rate; from 5 Jan 1999 to 27 Jun 2000: official central bank liquidity providing, main refinancing operations, fixed rate.",4,European Central Bank,, Central bank policy rates - Euro area - Monthly - End of period,2022-12,2.5,A,F,
M,XM,368,0,,"From 18 Sep 2024 onwards: official central bank steering rate is the deposit facility rate, fixed rate; from 15 Oct 2008 to 17 Sep 2024: official central bank liquidity providing, main refinancing operations, fixed rate; from 28 Jun 2000 to 14 Oct 2008: official central bank liquidity providing, main refinancing operations, minimum bid rate; from 5 Jan 1999 to 27 Jun 2000: official central bank liquidity providing, main refinancing operations, fixed rate.",4,European Central Bank,, Central bank policy rates - Euro area - Monthly - End of period,2023-01,2.5,A,F,
M,XM,368,0,,"From 18 Sep 2024 onwards: official central bank steering rate is the deposit facility rate, fixed rate; from 15 Oct 2008 to 17 Sep 2024: official central bank liquidity providing, main refinancing operations, fixed rate; from 28 Jun 2000 to 14 Oct 2008: official central bank liquidity providing, main refinancing operations, minimum bid rate; from 5 Jan 1999 to 27 Jun 2000: official central bank liquidity providing, main refinancing operations, fixed rate.",4,European Central Bank,, Central bank policy rates - Euro area - Monthly - End of period,2023-02,3,A,F,
M,XM,368,0,,"From 18 Sep 2024 onwards: official central bank steering rate is the deposit facility rate, fixed rate; from 15 Oct 2008 to 17 Sep 2024: official central bank liquidity providing, main refinancing operations, fixed rate; from 28 Jun 2000 to 14 Oct 2008: official central bank liquidity providing, main refinancing operations, minimum bid rate; from 5 Jan 1999 to 27 Jun 2000: official central bank liquidity providing, main refinancing operations, fixed rate.",4,European Central Bank,, Central bank policy rates - Euro area - Monthly - End of period,2023-03,3.5,A,F,
M,XM,368,0,,"From 18 Sep 2024 onwards: official central bank steering rate is the deposit facility rate, fixed rate; from 15 Oct 2008 to 17 Sep 2024: official central bank liquidity providing, main refinancing operations, fixed rate; from 28 Jun 2000 to 14 Oct 2008: official central bank liquidity providing, main refinancing operations, minimum bid rate; from 5 Jan 1999 to 27 Jun 2000: official central bank liquidity providing, main refinancing operations, fixed rate.",4,European Central Bank,, Central bank policy rates - Euro area - Monthly - End of period,2023-04,3.5,A,F,
M,XM,368,0,,"From 18 Sep 2024 onwards: official central bank steering rate is the deposit facility rate, fixed rate; from 15 Oct 2008 to 17 Sep 2024: official central bank liquidity providing, main refinancing operations, fixed rate; from 28 Jun 2000 to 14 Oct 2008: official central bank liquidity providing, main refinancing operations, minimum bid rate; from 5 Jan 1999 to 27 Jun 2000: official central bank liquidity providing, main refinancing operations, fixed rate.",4,European Central Bank,, Central bank policy rates - Euro area - Monthly - End of period,2023-05,3.75,A,F,
M,XM,368,0,,"From 18 Sep 2024 onwards: official central bank steering rate is the deposit facility rate, fixed rate; from 15 Oct 2008 to 17 Sep 2024: official central bank liquidity providing, main refinancing operations, fixed rate; from 28 Jun 2000 to 14 Oct 2008: official central bank liquidity providing, main refinancing operations, minimum bid rate; from 5 Jan 1999 to 27 Jun 2000: official central bank liquidity providing, main refinancing operations, fixed rate.",4,European Central Bank,, Central bank policy rates - Euro area - Monthly - End of period,2023-06,4,A,F,
M,XM,368,0,,"From 18 Sep 2024 onwards: official central bank steering rate is the deposit facility rate, fixed rate; from 15 Oct 2008 to 17 Sep 2024: official central bank liquidity providing, main refinancing operations, fixed rate; from 28 Jun 2000 to 14 Oct 2008: official central bank liquidity providing, main refinancing operations, minimum bid rate; from 5 Jan 1999 to 27 Jun 2000: official central bank liquidity providing, main refinancing operations, fixed rate.",4,European Central Bank,, Central bank policy rates - Euro area - Monthly - End of period,2023-07,4,A,F,
M,XM,368,0,,"From 18 Sep 2024 onwards: official central bank steering rate is the deposit facility rate, fixed rate; from 15 Oct 2008 to 17 Sep 2024: official central bank liquidity providing, main refinancing operations, fixed rate; from 28 Jun 2000 to 14 Oct 2008: official central bank liquidity providing, main refinancing operations, minimum bid rate; from 5 Jan 1999 to 27 Jun 2000: official central bank liquidity providing, main refinancing operations, fixed rate.",4,European Central Bank,, Central bank policy rates - Euro area - Monthly - End of period,2023-08,4.25,A,F,
M,XM,368,0,,"From 18 Sep 2024 onwards: official central bank steering rate is the deposit facility rate, fixed rate; from 15 Oct 2008 to 17 Sep 2024: official central bank liquidity providing, main refinancing operations, fixed rate; from 28 Jun 2000 to 14 Oct 2008: official central bank liquidity providing, main refinancing operations, minimum bid rate; from 5 Jan 1999 to 27 Jun 2000: official central bank liquidity providing, main refinancing operations, fixed rate.",4,European Central Bank,, Central bank policy rates - Euro area - Monthly - End of period,2023-09,4.5,A,F,
M,XM,368,0,,"From 18 Sep 2024 onwards: official central bank steering rate is the deposit facility rate, fixed rate; from 15 Oct 2008 to 17 Sep 2024: official central bank liquidity providing, main refinancing operations, fixed rate; from 28 Jun 2000 to 14 Oct 2008: official central bank liquidity providing, main refinancing operations, minimum bid rate; from 5 Jan 1999 to 27 Jun 2000: official central bank liquidity providing, main refinancing operations, fixed rate.",4,European Central Bank,, Central bank policy rates - Euro area - Monthly - End of period,2023-10,4.5,A,F,
M,XM,368,0,,"From 18 Sep 2024 onwards: official central bank steering rate is the deposit facility rate, fixed rate; from 15 Oct 2008 to 17 Sep 2024: official central bank liquidity providing, main refinancing operations, fixed rate; from 28 Jun 2000 to 14 Oct 2008: official central bank liquidity providing, main refinancing operations, minimum bid rate; from 5 Jan 1999 to 27 Jun 2000: official central bank liquidity providing, main refinancing operations, fixed rate.",4,European Central Bank,, Central bank policy rates - Euro area - Monthly - End of period,2023-11,4.5,A,F,
M,XM,368,0,,"From 18 Sep 2024 onwards: official central bank steering rate is the deposit facility rate, fixed rate; from 15 Oct 2008 to 17 Sep 2024: official central bank liquidity providing, main refinancing operations, fixed rate; from 28 Jun 2000 to 14 Oct 2008: official central bank liquidity providing, main refinancing operations, minimum bid rate; from 5 Jan 1999 to 27 Jun 2000: official central bank liquidity providing, main refinancing operations, fixed rate.",4,European Central Bank,, Central bank policy rates - Euro area - Monthly - End of period,2023-12,4.5,A,F,
M,XM,368,0,,"From 18 Sep 2024 onwards: official central bank steering rate is the deposit facility rate, fixed rate; from 15 Oct 2008 to 17 Sep 2024: official central bank liquidity providing, main refinancing operations, fixed rate; from 28 Jun 2000 to 14 Oct 2008: official central bank liquidity providing, main refinancing operations, minimum bid rate; from 5 Jan 1999 to 27 Jun 2000: official central bank liquidity providing, main refinancing operations, fixed rate.",4,European Central Bank,, Central bank policy rates - Euro area - Monthly - End of period,2024-01,4.5,A,F,
M,XM,368,0,,"From 18 Sep 2024 onwards: official central bank steering rate is the deposit facility rate, fixed rate; from 15 Oct 2008 to 17 Sep 2024: official central bank liquidity providing, main refinancing operations, fixed rate; from 28 Jun 2000 to 14 Oct 2008: official central bank liquidity providing, main refinancing operations, minimum bid rate; from 5 Jan 1999 to 27 Jun 2000: official central bank liquidity providing, main refinancing operations, fixed rate.",4,European Central Bank,, Central bank policy rates - Euro area - Monthly - End of period,2024-02,4.5,A,F,
M,XM,368,0,,"From 18 Sep 2024 onwards: official central bank steering rate is the deposit facility rate, fixed rate; from 15 Oct 2008 to 17 Sep 2024: official central bank liquidity providing, main refinancing operations, fixed rate; from 28 Jun 2000 to 14 Oct 2008: official central bank liquidity providing, main refinancing operations, minimum bid rate; from 5 Jan 1999 to 27 Jun 2000: official central bank liquidity providing, main refinancing operations, fixed rate.",4,European Central Bank,, Central bank policy rates - Euro area - Monthly - End of period,2024-03,4.5,A,F,
M,XM,368,0,,"From 18 Sep 2024 onwards: official central bank steering rate is the deposit facility rate, fixed rate; from 15 Oct 2008 to 17 Sep 2024: official central bank liquidity providing, main refinancing operations, fixed rate; from 28 Jun 2000 to 14 Oct 2008: official central bank liquidity providing, main refinancing operations, minimum bid rate; from 5 Jan 1999 to 27 Jun 2000: official central bank liquidity providing, main refinancing operations, fixed rate.",4,European Central Bank,, Central bank policy rates - Euro area - Monthly - End of period,2024-04,4.5,A,F,
M,XM,368,0,,"From 18 Sep 2024 onwards: official central bank steering rate is the deposit facility rate, fixed rate; from 15 Oct 2008 to 17 Sep 2024: official central bank liquidity providing, main refinancing operations, fixed rate; from 28 Jun 2000 to 14 Oct 2008: official central bank liquidity providing, main refinancing operations, minimum bid rate; from 5 Jan 1999 to 27 Jun 2000: official central bank liquidity providing, main refinancing operations, fixed rate.",4,European Central Bank,, Central bank policy rates - Euro area - Monthly - End of period,2024-05,4.5,A,F,
M,XM,368,0,,"From 18 Sep 2024 onwards: official central bank steering rate is the deposit facility rate, fixed rate; from 15 Oct 2008 to 17 Sep 2024: official central bank liquidity providing, main refinancing operations, fixed rate; from 28 Jun 2000 to 14 Oct 2008: official central bank liquidity providing, main refinancing operations, minimum bid rate; from 5 Jan 1999 to 27 Jun 2000: official central bank liquidity providing, main refinancing operations, fixed rate.",4,European Central Bank,, Central bank policy rates - Euro area - Monthly - End of period,2024-06,4.25,A,F,
M,XM,368,0,,"From 18 Sep 2024 onwards: official central bank steering rate is the deposit facility rate, fixed rate; from 15 Oct 2008 to 17 Sep 2024: official central bank liquidity providing, main refinancing operations, fixed rate; from 28 Jun 2000 to 14 Oct 2008: official central bank liquidity providing, main refinancing operations, minimum bid rate; from 5 Jan 1999 to 27 Jun 2000: official central bank liquidity providing, main refinancing operations, fixed rate.",4,European Central Bank,, Central bank policy rates - Euro area - Monthly - End of period,2024-07,4.25,A,F,
M,XM,368,0,,"From 18 Sep 2024 onwards: official central bank steering rate is the deposit facility rate, fixed rate; from 15 Oct 2008 to 17 Sep 2024: official central bank liquidity providing, main refinancing operations, fixed rate; from 28 Jun 2000 to 14 Oct 2008: official central bank liquidity providing, main refinancing operations, minimum bid rate; from 5 Jan 1999 to 27 Jun 2000: official central bank liquidity providing, main refinancing operations, fixed rate.",4,European Central Bank,, Central bank policy rates - Euro area - Monthly - End of period,2024-08,4.25,A,F,
M,XM,368,0,,"From 18 Sep 2024 onwards: official central bank steering rate is the deposit facility rate, fixed rate; from 15 Oct 2008 to 17 Sep 2024: official central bank liquidity providing, main refinancing operations, fixed rate; from 28 Jun 2000 to 14 Oct 2008: official central bank liquidity providing, main refinancing operations, minimum bid rate; from 5 Jan 1999 to 27 Jun 2000: official central bank liquidity providing, main refinancing operations, fixed rate.",4,European Central Bank,, Central bank policy rates - Euro area - Monthly - End of period,2024-09,3.5,A,F,
M,XM,368,0,,"From 18 Sep 2024 onwards: official central bank steering rate is the deposit facility rate, fixed rate; from 15 Oct 2008 to 17 Sep 2024: official central bank liquidity providing, main refinancing operations, fixed rate; from 28 Jun 2000 to 14 Oct 2008: official central bank liquidity providing, main refinancing operations, minimum bid rate; from 5 Jan 1999 to 27 Jun 2000: official central bank liquidity providing, main refinancing operations, fixed rate.",4,European Central Bank,, Central bank policy rates - Euro area - Monthly - End of period,2024-10,3.25,A,F,
M,XM,368,0,,"From 18 Sep 2024 onwards: official central bank steering rate is the deposit facility rate, fixed rate; from 15 Oct 2008 to 17 Sep 2024: official central bank liquidity providing, main refinancing operations, fixed rate; from 28 Jun 2000 to 14 Oct 2008: official central bank liquidity providing, main refinancing operations, minimum bid rate; from 5 Jan 1999 to 27 Jun 2000: official central bank liquidity providing, main refinancing operations, fixed rate.",4,European Central Bank,, Central bank policy rates - Euro area - Monthly - End of period,2024-11,3.25,A,F,
M,XM,368,0,,"From 18 Sep 2024 onwards: official central bank steering rate is the deposit facility rate, fixed rate; from 15 Oct 2008 to 17 Sep 2024: official central bank liquidity providing, main refinancing operations, fixed rate; from 28 Jun 2000 to 14 Oct 2008: official central bank liquidity providing, main refinancing operations, minimum bid rate; from 5 Jan 1999 to 27 Jun 2000: official central bank liquidity providing, main refinancing operations, fixed rate.",4,European Central Bank,, Central bank policy rates - Euro area - Monthly - End of period,2024-12,3,A,F,
M,XM,368,0,,"From 18 Sep 2024 onwards: official central bank steering rate is the deposit facility rate, fixed rate; from 15 Oct 2008 to 17 Sep 2024: official central bank liquidity providing, main refinancing operations, fixed rate; from 28 Jun 2000 to 14 Oct 2008: official central bank liquidity providing, main refinancing operations, minimum bid rate; from 5 Jan 1999 to 27 Jun 2000: official central bank liquidity providing, main refinancing operations, fixed rate.",4,European Central Bank,, Central bank policy rates - Euro area - Monthly - End of period,2025-01,3,A,F,
M,XM,368,0,,"From 18 Sep 2024 onwards: official central bank steering rate is the deposit facility rate, fixed rate; from 15 Oct 2008 to 17 Sep 2024: official central bank liquidity providing, main refinancing operations, fixed rate; from 28 Jun 2000 to 14 Oct 2008: official central bank liquidity providing, main refinancing operations, minimum bid rate; from 5 Jan 1999 to 27 Jun 2000: official central bank liquidity providing, main refinancing operations, fixed rate.",4,European Central Bank,, Central bank policy rates - Euro area - Monthly - End of period,2025-02,2.75,A,F,
M,XM,368,0,,"From 18 Sep 2024 onwards: official central bank steering rate is the deposit facility rate, fixed rate; from 15 Oct 2008 to 17 Sep 2024: official central bank liquidity providing, main refinancing operations, fixed rate; from 28 Jun 2000 to 14 Oct 2008: official central bank liquidity providing, main refinancing operations, minimum bid rate; from 5 Jan 1999 to 27 Jun 2000: official central bank liquidity providing, main refinancing operations, fixed rate.",4,European Central Bank,, Central bank policy rates - Euro area - Monthly - End of period,2025-03,2.5,A,F,
M,XM,368,0,,"From 18 Sep 2024 onwards: official central bank steering rate is the deposit facility rate, fixed rate; from 15 Oct 2008 to 17 Sep 2024: official central bank liquidity providing, main refinancing operations, fixed rate; from 28 Jun 2000 to 14 Oct 2008: official central bank liquidity providing, main refinancing operations, minimum bid rate; from 5 Jan 1999 to 27 Jun 2000: official central bank liquidity providing, main refinancing operations, fixed rate.",4,European Central Bank,, Central bank policy rates - Euro area - Monthly - End of period,2025-04,2.25,A,F,
M,XM,368,0,,"From 18 Sep 2024 onwards: official central bank steering rate is the deposit facility rate, fixed rate; from 15 Oct 2008 to 17 Sep 2024: official central bank liquidity providing, main refinancing operations, fixed rate; from 28 Jun 2000 to 14 Oct 2008: official central bank liquidity providing, main refinancing operations, minimum bid rate; from 5 Jan 1999 to 27 Jun 2000: official central bank liquidity providing, main refinancing operations, fixed rate.",4,European Central Bank,, Central bank policy rates - Euro area - Monthly - End of period,2025-05,2.25,A,F,
M,XM,368,0,,"From 18 Sep 2024 onwards: official central bank steering rate is the deposit facility rate, fixed rate; from 15 Oct 2008 to 17 Sep 2024: official central bank liquidity providing, main refinancing operations, fixed rate; from 28 Jun 2000 to 14 Oct 2008: official central bank liquidity providing, main refinancing operations, minimum bid rate; from 5 Jan 1999 to 27 Jun 2000: official central bank liquidity providing, main refinancing operations, fixed rate.",4,European Central Bank,, Central bank policy rates - Euro area - Monthly - End of period,2025-06,2,A,F,
M,XM,368,0,,"From 18 Sep 2024 onwards: official central bank steering rate is the deposit facility rate, fixed rate; from 15 Oct 2008 to 17 Sep 2024: official central bank liquidity providing, main refinancing operations, fixed rate; from 28 Jun 2000 to 14 Oct 2008: official central bank liquidity providing, main refinancing operations, minimum bid rate; from 5 Jan 1999 to 27 Jun 2000: official central bank liquidity providing, main refinancing operations, fixed rate.",4,European Central Bank,, Central bank policy rates - Euro area - Monthly - End of period,2025-07,2,A,F,
M,XM,368,0,,"From 18 Sep 2024 onwards: official central bank steering rate is the deposit facility rate, fixed rate; from 15 Oct 2008 to 17 Sep 2024: official central bank liquidity providing, main refinancing operations, fixed rate; from 28 Jun 2000 to 14 Oct 2008: official central bank liquidity providing, main refinancing operations, minimum bid rate; from 5 Jan 1999 to 27 Jun 2000: official central bank liquidity providing, main refinancing operations, fixed rate.",4,European Central Bank,, Central bank policy rates - Euro area - Monthly - End of period,2025-08,2,A,F,
M,XM,368,0,,"From 18 Sep 2024 onwards: official central bank steering rate is the deposit facility rate, fixed rate; from 15 Oct 2008 to 17 Sep 2024: official central bank liquidity providing, main refinancing operations, fixed rate; from 28 Jun 2000 to 14 Oct 2008: official central bank liquidity providing, main refinancing operations, minimum bid rate; from 5 Jan 1999 to 27 Jun 2000: official central bank liquidity providing, main refinancing operations, fixed rate.",4,European Central Bank,, Central bank policy rates - Euro area - Monthly - End of period,2025-09,2,A,F,
M,XM,368,0,,"From 18 Sep 2024 onwards: official central bank steering rate is the deposit facility rate, fixed rate; from 15 Oct 2008 to 17 Sep 2024: official central bank liquidity providing, main refinancing operations, fixed rate; from 28 Jun 2000 to 14 Oct 2008: official central bank liquidity providing, main refinancing operations, minimum bid rate; from 5 Jan 1999 to 27 Jun 2000: official central bank liquidity providing, main refinancing operations, fixed rate.",4,European Central Bank,, Central bank policy rates - Euro area - Monthly - End of period,2025-10,2,A,F,
M,XM,368,0,,"From 18 Sep 2024 onwards: official central bank steering rate is the deposit facility rate, fixed rate; from 15 Oct 2008 to 17 Sep 2024: official central bank liquidity providing, main refinancing operations, fixed rate; from 28 Jun 2000 to 14 Oct 2008: official central bank liquidity providing, main refinancing operations, minimum bid rate; from 5 Jan 1999 to 27 Jun 2000: official central bank liquidity providing, main refinancing operations, fixed rate.",4,European Central Bank,, Central bank policy rates - Euro area - Monthly - End of period,2025-11,2,A,F,
M,XM,368,0,,"From 18 Sep 2024 onwards: official central bank steering rate is the deposit facility rate, fixed rate; from 15 Oct 2008 to 17 Sep 2024: official central bank liquidity providing, main refinancing operations, fixed rate; from 28 Jun 2000 to 14 Oct 2008: official central bank liquidity providing, main refinancing operations, minimum bid rate; from 5 Jan 1999 to 27 Jun 2000: official central bank liquidity providing, main refinancing operations, fixed rate.",4,European Central Bank,, Central bank policy rates - Euro area - Monthly - End of period,2025-12,2,A,F,
M,XM,368,0,,"From 18 Sep 2024 onwards: official central bank steering rate is the deposit facility rate, fixed rate; from 15 Oct 2008 to 17 Sep 2024: official central bank liquidity providing, main refinancing operations, fixed rate; from 28 Jun 2000 to 14 Oct 2008: official central bank liquidity providing, main refinancing operations, minimum bid rate; from 5 Jan 1999 to 27 Jun 2000: official central bank liquidity providing, main refinancing operations, fixed rate.",4,European Central Bank,, Central bank policy rates - Euro area - Monthly - End of period,2026-01,2,A,F,
M,XM,368,0,,"From 18 Sep 2024 onwards: official central bank steering rate is the deposit facility rate, fixed rate; from 15 Oct 2008 to 17 Sep 2024: official central bank liquidity providing, main refinancing operations, fixed rate; from 28 Jun 2000 to 14 Oct 2008: official central bank liquidity providing, main refinancing operations, minimum bid rate; from 5 Jan 1999 to 27 Jun 2000: official central bank liquidity providing, main refinancing operations, fixed rate.",4,European Central Bank,, Central bank policy rates - Euro area - Monthly - End of period,2026-02,2,A,F,
M,XM,368,0,,"From 18 Sep 2024 onwards: official central bank steering rate is the deposit facility rate, fixed rate; from 15 Oct 2008 to 17 Sep 2024: official central bank liquidity providing, main refinancing operations, fixed rate; from 28 Jun 2000 to 14 Oct 2008: official central bank liquidity providing, main refinancing operations, minimum bid rate; from 5 Jan 1999 to 27 Jun 2000: official central bank liquidity providing, main refinancing operations, fixed rate.",4,European Central Bank,, Central bank policy rates - Euro area - Monthly - End of period,2026-03,2,A,F,
M,XM,368,0,,"From 18 Sep 2024 onwards: official central bank steering rate is the deposit facility rate, fixed rate; from 15 Oct 2008 to 17 Sep 2024: official central bank liquidity providing, main refinancing operations, fixed rate; from 28 Jun 2000 to 14 Oct 2008: official central bank liquidity providing, main refinancing operations, minimum bid rate; from 5 Jan 1999 to 27 Jun 2000: official central bank liquidity providing, main refinancing operations, fixed rate.",4,European Central Bank,, Central bank policy rates - Euro area - Monthly - End of period,2026-04,2,A,F,
M,XM,368,0,,"From 18 Sep 2024 onwards: official central bank steering rate is the deposit facility rate, fixed rate; from 15 Oct 2008 to 17 Sep 2024: official central bank liquidity providing, main refinancing operations, fixed rate; from 28 Jun 2000 to 14 Oct 2008: official central bank liquidity providing, main refinancing operations, minimum bid rate; from 5 Jan 1999 to 27 Jun 2000: official central bank liquidity providing, main refinancing operations, fixed rate.",4,European Central Bank,, Central bank policy rates - Euro area - Monthly - End of period,2026-05,2,A,F,
M,XM,368,0,,"From 18 Sep 2024 onwards: official central bank steering rate is the deposit facility rate, fixed rate; from 15 Oct 2008 to 17 Sep 2024: official central bank liquidity providing, main refinancing operations, fixed rate; from 28 Jun 2000 to 14 Oct 2008: official central bank liquidity providing, main refinancing operations, minimum bid rate; from 5 Jan 1999 to 27 Jun 2000: official central bank liquidity providing, main refinancing operations, fixed rate.",4,European Central Bank,, Central bank policy rates - Euro area - Monthly - End of period,2026-06,2.25,A,F,
M,XM,368,0,,"From 18 Sep 2024 onwards: official central bank steering rate is the deposit facility rate, fixed rate; from 15 Oct 2008 to 17 Sep 2024: official central bank liquidity providing, main refinancing operations, fixed rate; from 28 Jun 2000 to 14 Oct 2008: official central bank liquidity providing, main refinancing operations, minimum bid rate; from 5 Jan 1999 to 27 Jun 2000: official central bank liquidity providing, main refinancing operations, fixed rate.",4,European Central Bank,, Central bank policy rates - Euro area - Monthly - End of period,2026-07,2.25,A,F,
M,XM,368,0,,"From 18 Sep 2024 onwards: official central bank steering rate is the deposit facility rate, fixed rate; from 15 Oct 2008 to 17 Sep 2024: official central bank liquidity providing, main refinancing operations, fixed rate; from 28 Jun 2000 to 14 Oct 2008: official central bank liquidity providing, main refinancing operations, minimum bid rate; from 5 Jan 1999 to 27 Jun 2000: official central bank liquidity providing, main refinancing operations, fixed rate.",4,European Central Bank,, Central bank policy rates - Euro area - Monthly - End of period,2026-08,2.25,A,F,
M,US,368,0,,From 19 Dec 1985 onwards: mid-point of the Federal Reserve target rate; from 1 Jul 1954 to 18 Dec 1985: US Fed Funds effective rate.,4,US Federal Reserve System,, Central bank policy rates - United States - Monthly - End of period,2016-01,0.375,A,F,
M,US,368,0,,From 19 Dec 1985 onwards: mid-point of the Federal Reserve target rate; from 1 Jul 1954 to 18 Dec 1985: US Fed Funds effective rate.,4,US Federal Reserve System,, Central bank policy rates - United States - Monthly - End of period,2016-02,0.375,A,F,
M,US,368,0,,From 19 Dec 1985 onwards: mid-point of the Federal Reserve target rate; from 1 Jul 1954 to 18 Dec 1985: US Fed Funds effective rate.,4,US Federal Reserve System,, Central bank policy rates - United States - Monthly - End of period,2016-03,0.375,A,F,
M,US,368,0,,From 19 Dec 1985 onwards: mid-point of the Federal Reserve target rate; from 1 Jul 1954 to 18 Dec 1985: US Fed Funds effective rate.,4,US Federal Reserve System,, Central bank policy rates - United States - Monthly - End of period,2016-04,0.375,A,F,
M,US,368,0,,From 19 Dec 1985 onwards: mid-point of the Federal Reserve target rate; from 1 Jul 1954 to 18 Dec 1985: US Fed Funds effective rate.,4,US Federal Reserve System,, Central bank policy rates - United States - Monthly - End of period,2016-05,0.375,A,F,
M,US,368,0,,From 19 Dec 1985 onwards: mid-point of the Federal Reserve target rate; from 1 Jul 1954 to 18 Dec 1985: US Fed Funds effective rate.,4,US Federal Reserve System,, Central bank policy rates - United States - Monthly - End of period,2016-06,0.375,A,F,
M,US,368,0,,From 19 Dec 1985 onwards: mid-point of the Federal Reserve target rate; from 1 Jul 1954 to 18 Dec 1985: US Fed Funds effective rate.,4,US Federal Reserve System,, Central bank policy rates - United States - Monthly - End of period,2016-07,0.375,A,F,
M,US,368,0,,From 19 Dec 1985 onwards: mid-point of the Federal Reserve target rate; from 1 Jul 1954 to 18 Dec 1985: US Fed Funds effective rate.,4,US Federal Reserve System,, Central bank policy rates - United States - Monthly - End of period,2016-08,0.375,A,F,
M,US,368,0,,From 19 Dec 1985 onwards: mid-point of the Federal Reserve target rate; from 1 Jul 1954 to 18 Dec 1985: US Fed Funds effective rate.,4,US Federal Reserve System,, Central bank policy rates - United States - Monthly - End of period,2016-09,0.375,A,F,
M,US,368,0,,From 19 Dec 1985 onwards: mid-point of the Federal Reserve target rate; from 1 Jul 1954 to 18 Dec 1985: US Fed Funds effective rate.,4,US Federal Reserve System,, Central bank policy rates - United States - Monthly - End of period,2016-10,0.375,A,F,
M,US,368,0,,From 19 Dec 1985 onwards: mid-point of the Federal Reserve target rate; from 1 Jul 1954 to 18 Dec 1985: US Fed Funds effective rate.,4,US Federal Reserve System,, Central bank policy rates - United States - Monthly - End of period,2016-11,0.375,A,F,
M,US,368,0,,From 19 Dec 1985 onwards: mid-point of the Federal Reserve target rate; from 1 Jul 1954 to 18 Dec 1985: US Fed Funds effective rate.,4,US Federal Reserve System,, Central bank policy rates - United States - Monthly - End of period,2016-12,0.625,A,F,
M,US,368,0,,From 19 Dec 1985 onwards: mid-point of the Federal Reserve target rate; from 1 Jul 1954 to 18 Dec 1985: US Fed Funds effective rate.,4,US Federal Reserve System,, Central bank policy rates - United States - Monthly - End of period,2017-01,0.625,A,F,
M,US,368,0,,From 19 Dec 1985 onwards: mid-point of the Federal Reserve target rate; from 1 Jul 1954 to 18 Dec 1985: US Fed Funds effective rate.,4,US Federal Reserve System,, Central bank policy rates - United States - Monthly - End of period,2017-02,0.625,A,F,
M,US,368,0,,From 19 Dec 1985 onwards: mid-point of the Federal Reserve target rate; from 1 Jul 1954 to 18 Dec 1985: US Fed Funds effective rate.,4,US Federal Reserve System,, Central bank policy rates - United States - Monthly - End of period,2017-03,0.875,A,F,
M,US,368,0,,From 19 Dec 1985 onwards: mid-point of the Federal Reserve target rate; from 1 Jul 1954 to 18 Dec 1985: US Fed Funds effective rate.,4,US Federal Reserve System,, Central bank policy rates - United States - Monthly - End of period,2017-04,0.875,A,F,
M,US,368,0,,From 19 Dec 1985 onwards: mid-point of the Federal Reserve target rate; from 1 Jul 1954 to 18 Dec 1985: US Fed Funds effective rate.,4,US Federal Reserve System,, Central bank policy rates - United States - Monthly - End of period,2017-05,0.875,A,F,
M,US,368,0,,From 19 Dec 1985 onwards: mid-point of the Federal Reserve target rate; from 1 Jul 1954 to 18 Dec 1985: US Fed Funds effective rate.,4,US Federal Reserve System,, Central bank policy rates - United States - Monthly - End of period,2017-06,1.125,A,F,
M,US,368,0,,From 19 Dec 1985 onwards: mid-point of the Federal Reserve target rate; from 1 Jul 1954 to 18 Dec 1985: US Fed Funds effective rate.,4,US Federal Reserve System,, Central bank policy rates - United States - Monthly - End of period,2017-07,1.125,A,F,
M,US,368,0,,From 19 Dec 1985 onwards: mid-point of the Federal Reserve target rate; from 1 Jul 1954 to 18 Dec 1985: US Fed Funds effective rate.,4,US Federal Reserve System,, Central bank policy rates - United States - Monthly - End of period,2017-08,1.125,A,F,
M,US,368,0,,From 19 Dec 1985 onwards: mid-point of the Federal Reserve target rate; from 1 Jul 1954 to 18 Dec 1985: US Fed Funds effective rate.,4,US Federal Reserve System,, Central bank policy rates - United States - Monthly - End of period,2017-09,1.125,A,F,
M,US,368,0,,From 19 Dec 1985 onwards: mid-point of the Federal Reserve target rate; from 1 Jul 1954 to 18 Dec 1985: US Fed Funds effective rate.,4,US Federal Reserve System,, Central bank policy rates - United States - Monthly - End of period,2017-10,1.125,A,F,
M,US,368,0,,From 19 Dec 1985 onwards: mid-point of the Federal Reserve target rate; from 1 Jul 1954 to 18 Dec 1985: US Fed Funds effective rate.,4,US Federal Reserve System,, Central bank policy rates - United States - Monthly - End of period,2017-11,1.125,A,F,
M,US,368,0,,From 19 Dec 1985 onwards: mid-point of the Federal Reserve target rate; from 1 Jul 1954 to 18 Dec 1985: US Fed Funds effective rate.,4,US Federal Reserve System,, Central bank policy rates - United States - Monthly - End of period,2017-12,1.375,A,F,
M,US,368,0,,From 19 Dec 1985 onwards: mid-point of the Federal Reserve target rate; from 1 Jul 1954 to 18 Dec 1985: US Fed Funds effective rate.,4,US Federal Reserve System,, Central bank policy rates - United States - Monthly - End of period,2018-01,1.375,A,F,
M,US,368,0,,From 19 Dec 1985 onwards: mid-point of the Federal Reserve target rate; from 1 Jul 1954 to 18 Dec 1985: US Fed Funds effective rate.,4,US Federal Reserve System,, Central bank policy rates - United States - Monthly - End of period,2018-02,1.375,A,F,
M,US,368,0,,From 19 Dec 1985 onwards: mid-point of the Federal Reserve target rate; from 1 Jul 1954 to 18 Dec 1985: US Fed Funds effective rate.,4,US Federal Reserve System,, Central bank policy rates - United States - Monthly - End of period,2018-03,1.625,A,F,
M,US,368,0,,From 19 Dec 1985 onwards: mid-point of the Federal Reserve target rate; from 1 Jul 1954 to 18 Dec 1985: US Fed Funds effective rate.,4,US Federal Reserve System,, Central bank policy rates - United States - Monthly - End of period,2018-04,1.625,A,F,
M,US,368,0,,From 19 Dec 1985 onwards: mid-point of the Federal Reserve target rate; from 1 Jul 1954 to 18 Dec 1985: US Fed Funds effective rate.,4,US Federal Reserve System,, Central bank policy rates - United States - Monthly - End of period,2018-05,1.625,A,F,
M,US,368,0,,From 19 Dec 1985 onwards: mid-point of the Federal Reserve target rate; from 1 Jul 1954 to 18 Dec 1985: US Fed Funds effective rate.,4,US Federal Reserve System,, Central bank policy rates - United States - Monthly - End of period,2018-06,1.875,A,F,
M,US,368,0,,From 19 Dec 1985 onwards: mid-point of the Federal Reserve target rate; from 1 Jul 1954 to 18 Dec 1985: US Fed Funds effective rate.,4,US Federal Reserve System,, Central bank policy rates - United States - Monthly - End of period,2018-07,1.875,A,F,
M,US,368,0,,From 19 Dec 1985 onwards: mid-point of the Federal Reserve target rate; from 1 Jul 1954 to 18 Dec 1985: US Fed Funds effective rate.,4,US Federal Reserve System,, Central bank policy rates - United States - Monthly - End of period,2018-08,1.875,A,F,
M,US,368,0,,From 19 Dec 1985 onwards: mid-point of the Federal Reserve target rate; from 1 Jul 1954 to 18 Dec 1985: US Fed Funds effective rate.,4,US Federal Reserve System,, Central bank policy rates - United States - Monthly - End of period,2018-09,2.125,A,F,
M,US,368,0,,From 19 Dec 1985 onwards: mid-point of the Federal Reserve target rate; from 1 Jul 1954 to 18 Dec 1985: US Fed Funds effective rate.,4,US Federal Reserve System,, Central bank policy rates - United States - Monthly - End of period,2018-10,2.125,A,F,
M,US,368,0,,From 19 Dec 1985 onwards: mid-point of the Federal Reserve target rate; from 1 Jul 1954 to 18 Dec 1985: US Fed Funds effective rate.,4,US Federal Reserve System,, Central bank policy rates - United States - Monthly - End of period,2018-11,2.125,A,F,
M,US,368,0,,From 19 Dec 1985 onwards: mid-point of the Federal Reserve target rate; from 1 Jul 1954 to 18 Dec 1985: US Fed Funds effective rate.,4,US Federal Reserve System,, Central bank policy rates - United States - Monthly - End of period,2018-12,2.375,A,F,
M,US,368,0,,From 19 Dec 1985 onwards: mid-point of the Federal Reserve target rate; from 1 Jul 1954 to 18 Dec 1985: US Fed Funds effective rate.,4,US Federal Reserve System,, Central bank policy rates - United States - Monthly - End of period,2019-01,2.375,A,F,
M,US,368,0,,From 19 Dec 1985 onwards: mid-point of the Federal Reserve target rate; from 1 Jul 1954 to 18 Dec 1985: US Fed Funds effective rate.,4,US Federal Reserve System,, Central bank policy rates - United States - Monthly - End of period,2019-02,2.375,A,F,
M,US,368,0,,From 19 Dec 1985 onwards: mid-point of the Federal Reserve target rate; from 1 Jul 1954 to 18 Dec 1985: US Fed Funds effective rate.,4,US Federal Reserve System,, Central bank policy rates - United States - Monthly - End of period,2019-03,2.375,A,F,
M,US,368,0,,From 19 Dec 1985 onwards: mid-point of the Federal Reserve target rate; from 1 Jul 1954 to 18 Dec 1985: US Fed Funds effective rate.,4,US Federal Reserve System,, Central bank policy rates - United States - Monthly - End of period,2019-04,2.375,A,F,
M,US,368,0,,From 19 Dec 1985 onwards: mid-point of the Federal Reserve target rate; from 1 Jul 1954 to 18 Dec 1985: US Fed Funds effective rate.,4,US Federal Reserve System,, Central bank policy rates - United States - Monthly - End of period,2019-05,2.375,A,F,
M,US,368,0,,From 19 Dec 1985 onwards: mid-point of the Federal Reserve target rate; from 1 Jul 1954 to 18 Dec 1985: US Fed Funds effective rate.,4,US Federal Reserve System,, Central bank policy rates - United States - Monthly - End of period,2019-06,2.375,A,F,
M,US,368,0,,From 19 Dec 1985 onwards: mid-point of the Federal Reserve target rate; from 1 Jul 1954 to 18 Dec 1985: US Fed Funds effective rate.,4,US Federal Reserve System,, Central bank policy rates - United States - Monthly - End of period,2019-07,2.375,A,F,
M,US,368,0,,From 19 Dec 1985 onwards: mid-point of the Federal Reserve target rate; from 1 Jul 1954 to 18 Dec 1985: US Fed Funds effective rate.,4,US Federal Reserve System,, Central bank policy rates - United States - Monthly - End of period,2019-08,2.125,A,F,
M,US,368,0,,From 19 Dec 1985 onwards: mid-point of the Federal Reserve target rate; from 1 Jul 1954 to 18 Dec 1985: US Fed Funds effective rate.,4,US Federal Reserve System,, Central bank policy rates - United States - Monthly - End of period,2019-09,1.875,A,F,
M,US,368,0,,From 19 Dec 1985 onwards: mid-point of the Federal Reserve target rate; from 1 Jul 1954 to 18 Dec 1985: US Fed Funds effective rate.,4,US Federal Reserve System,, Central bank policy rates - United States - Monthly - End of period,2019-10,1.625,A,F,
M,US,368,0,,From 19 Dec 1985 onwards: mid-point of the Federal Reserve target rate; from 1 Jul 1954 to 18 Dec 1985: US Fed Funds effective rate.,4,US Federal Reserve System,, Central bank policy rates - United States - Monthly - End of period,2019-11,1.625,A,F,
M,US,368,0,,From 19 Dec 1985 onwards: mid-point of the Federal Reserve target rate; from 1 Jul 1954 to 18 Dec 1985: US Fed Funds effective rate.,4,US Federal Reserve System,, Central bank policy rates - United States - Monthly - End of period,2019-12,1.625,A,F,
M,US,368,0,,From 19 Dec 1985 onwards: mid-point of the Federal Reserve target rate; from 1 Jul 1954 to 18 Dec 1985: US Fed Funds effective rate.,4,US Federal Reserve System,, Central bank policy rates - United States - Monthly - End of period,2020-01,1.625,A,F,
M,US,368,0,,From 19 Dec 1985 onwards: mid-point of the Federal Reserve target rate; from 1 Jul 1954 to 18 Dec 1985: US Fed Funds effective rate.,4,US Federal Reserve System,, Central bank policy rates - United States - Monthly - End of period,2020-02,1.625,A,F,
M,US,368,0,,From 19 Dec 1985 onwards: mid-point of the Federal Reserve target rate; from 1 Jul 1954 to 18 Dec 1985: US Fed Funds effective rate.,4,US Federal Reserve System,, Central bank policy rates - United States - Monthly - End of period,2020-03,0.125,A,F,
M,US,368,0,,From 19 Dec 1985 onwards: mid-point of the Federal Reserve target rate; from 1 Jul 1954 to 18 Dec 1985: US Fed Funds effective rate.,4,US Federal Reserve System,, Central bank policy rates - United States - Monthly - End of period,2020-04,0.125,A,F,
M,US,368,0,,From 19 Dec 1985 onwards: mid-point of the Federal Reserve target rate; from 1 Jul 1954 to 18 Dec 1985: US Fed Funds effective rate.,4,US Federal Reserve System,, Central bank policy rates - United States - Monthly - End of period,2020-05,0.125,A,F,
M,US,368,0,,From 19 Dec 1985 onwards: mid-point of the Federal Reserve target rate; from 1 Jul 1954 to 18 Dec 1985: US Fed Funds effective rate.,4,US Federal Reserve System,, Central bank policy rates - United States - Monthly - End of period,2020-06,0.125,A,F,
M,US,368,0,,From 19 Dec 1985 onwards: mid-point of the Federal Reserve target rate; from 1 Jul 1954 to 18 Dec 1985: US Fed Funds effective rate.,4,US Federal Reserve System,, Central bank policy rates - United States - Monthly - End of period,2020-07,0.125,A,F,
M,US,368,0,,From 19 Dec 1985 onwards: mid-point of the Federal Reserve target rate; from 1 Jul 1954 to 18 Dec 1985: US Fed Funds effective rate.,4,US Federal Reserve System,, Central bank policy rates - United States - Monthly - End of period,2020-08,0.125,A,F,
M,US,368,0,,From 19 Dec 1985 onwards: mid-point of the Federal Reserve target rate; from 1 Jul 1954 to 18 Dec 1985: US Fed Funds effective rate.,4,US Federal Reserve System,, Central bank policy rates - United States - Monthly - End of period,2020-09,0.125,A,F,
M,US,368,0,,From 19 Dec 1985 onwards: mid-point of the Federal Reserve target rate; from 1 Jul 1954 to 18 Dec 1985: US Fed Funds effective rate.,4,US Federal Reserve System,, Central bank policy rates - United States - Monthly - End of period,2020-10,0.125,A,F,
M,US,368,0,,From 19 Dec 1985 onwards: mid-point of the Federal Reserve target rate; from 1 Jul 1954 to 18 Dec 1985: US Fed Funds effective rate.,4,US Federal Reserve System,, Central bank policy rates - United States - Monthly - End of period,2020-11,0.125,A,F,
M,US,368,0,,From 19 Dec 1985 onwards: mid-point of the Federal Reserve target rate; from 1 Jul 1954 to 18 Dec 1985: US Fed Funds effective rate.,4,US Federal Reserve System,, Central bank policy rates - United States - Monthly - End of period,2020-12,0.125,A,F,
M,US,368,0,,From 19 Dec 1985 onwards: mid-point of the Federal Reserve target rate; from 1 Jul 1954 to 18 Dec 1985: US Fed Funds effective rate.,4,US Federal Reserve System,, Central bank policy rates - United States - Monthly - End of period,2021-01,0.125,A,F,
M,US,368,0,,From 19 Dec 1985 onwards: mid-point of the Federal Reserve target rate; from 1 Jul 1954 to 18 Dec 1985: US Fed Funds effective rate.,4,US Federal Reserve System,, Central bank policy rates - United States - Monthly - End of period,2021-02,0.125,A,F,
M,US,368,0,,From 19 Dec 1985 onwards: mid-point of the Federal Reserve target rate; from 1 Jul 1954 to 18 Dec 1985: US Fed Funds effective rate.,4,US Federal Reserve System,, Central bank policy rates - United States - Monthly - End of period,2021-03,0.125,A,F,
M,US,368,0,,From 19 Dec 1985 onwards: mid-point of the Federal Reserve target rate; from 1 Jul 1954 to 18 Dec 1985: US Fed Funds effective rate.,4,US Federal Reserve System,, Central bank policy rates - United States - Monthly - End of period,2021-04,0.125,A,F,
M,US,368,0,,From 19 Dec 1985 onwards: mid-point of the Federal Reserve target rate; from 1 Jul 1954 to 18 Dec 1985: US Fed Funds effective rate.,4,US Federal Reserve System,, Central bank policy rates - United States - Monthly - End of period,2021-05,0.125,A,F,
M,US,368,0,,From 19 Dec 1985 onwards: mid-point of the Federal Reserve target rate; from 1 Jul 1954 to 18 Dec 1985: US Fed Funds effective rate.,4,US Federal Reserve System,, Central bank policy rates - United States - Monthly - End of period,2021-06,0.125,A,F,
M,US,368,0,,From 19 Dec 1985 onwards: mid-point of the Federal Reserve target rate; from 1 Jul 1954 to 18 Dec 1985: US Fed Funds effective rate.,4,US Federal Reserve System,, Central bank policy rates - United States - Monthly - End of period,2021-07,0.125,A,F,
M,US,368,0,,From 19 Dec 1985 onwards: mid-point of the Federal Reserve target rate; from 1 Jul 1954 to 18 Dec 1985: US Fed Funds effective rate.,4,US Federal Reserve System,, Central bank policy rates - United States - Monthly - End of period,2021-08,0.125,A,F,
M,US,368,0,,From 19 Dec 1985 onwards: mid-point of the Federal Reserve target rate; from 1 Jul 1954 to 18 Dec 1985: US Fed Funds effective rate.,4,US Federal Reserve System,, Central bank policy rates - United States - Monthly - End of period,2021-09,0.125,A,F,
M,US,368,0,,From 19 Dec 1985 onwards: mid-point of the Federal Reserve target rate; from 1 Jul 1954 to 18 Dec 1985: US Fed Funds effective rate.,4,US Federal Reserve System,, Central bank policy rates - United States - Monthly - End of period,2021-10,0.125,A,F,
M,US,368,0,,From 19 Dec 1985 onwards: mid-point of the Federal Reserve target rate; from 1 Jul 1954 to 18 Dec 1985: US Fed Funds effective rate.,4,US Federal Reserve System,, Central bank policy rates - United States - Monthly - End of period,2021-11,0.125,A,F,
M,US,368,0,,From 19 Dec 1985 onwards: mid-point of the Federal Reserve target rate; from 1 Jul 1954 to 18 Dec 1985: US Fed Funds effective rate.,4,US Federal Reserve System,, Central bank policy rates - United States - Monthly - End of period,2021-12,0.125,A,F,
M,US,368,0,,From 19 Dec 1985 onwards: mid-point of the Federal Reserve target rate; from 1 Jul 1954 to 18 Dec 1985: US Fed Funds effective rate.,4,US Federal Reserve System,, Central bank policy rates - United States - Monthly - End of period,2022-01,0.125,A,F,
M,US,368,0,,From 19 Dec 1985 onwards: mid-point of the Federal Reserve target rate; from 1 Jul 1954 to 18 Dec 1985: US Fed Funds effective rate.,4,US Federal Reserve System,, Central bank policy rates - United States - Monthly - End of period,2022-02,0.125,A,F,
M,US,368,0,,From 19 Dec 1985 onwards: mid-point of the Federal Reserve target rate; from 1 Jul 1954 to 18 Dec 1985: US Fed Funds effective rate.,4,US Federal Reserve System,, Central bank policy rates - United States - Monthly - End of period,2022-03,0.375,A,F,
M,US,368,0,,From 19 Dec 1985 onwards: mid-point of the Federal Reserve target rate; from 1 Jul 1954 to 18 Dec 1985: US Fed Funds effective rate.,4,US Federal Reserve System,, Central bank policy rates - United States - Monthly - End of period,2022-04,0.375,A,F,
M,US,368,0,,From 19 Dec 1985 onwards: mid-point of the Federal Reserve target rate; from 1 Jul 1954 to 18 Dec 1985: US Fed Funds effective rate.,4,US Federal Reserve System,, Central bank policy rates - United States - Monthly - End of period,2022-05,0.875,A,F,
M,US,368,0,,From 19 Dec 1985 onwards: mid-point of the Federal Reserve target rate; from 1 Jul 1954 to 18 Dec 1985: US Fed Funds effective rate.,4,US Federal Reserve System,, Central bank policy rates - United States - Monthly - End of period,2022-06,1.625,A,F,
M,US,368,0,,From 19 Dec 1985 onwards: mid-point of the Federal Reserve target rate; from 1 Jul 1954 to 18 Dec 1985: US Fed Funds effective rate.,4,US Federal Reserve System,, Central bank policy rates - United States - Monthly - End of period,2022-07,2.375,A,F,
M,US,368,0,,From 19 Dec 1985 onwards: mid-point of the Federal Reserve target rate; from 1 Jul 1954 to 18 Dec 1985: US Fed Funds effective rate.,4,US Federal Reserve System,, Central bank policy rates - United States - Monthly - End of period,2022-08,2.375,A,F,
M,US,368,0,,From 19 Dec 1985 onwards: mid-point of the Federal Reserve target rate; from 1 Jul 1954 to 18 Dec 1985: US Fed Funds effective rate.,4,US Federal Reserve System,, Central bank policy rates - United States - Monthly - End of period,2022-09,3.125,A,F,
M,US,368,0,,From 19 Dec 1985 onwards: mid-point of the Federal Reserve target rate; from 1 Jul 1954 to 18 Dec 1985: US Fed Funds effective rate.,4,US Federal Reserve System,, Central bank policy rates - United States - Monthly - End of period,2022-10,3.125,A,F,
M,US,368,0,,From 19 Dec 1985 onwards: mid-point of the Federal Reserve target rate; from 1 Jul 1954 to 18 Dec 1985: US Fed Funds effective rate.,4,US Federal Reserve System,, Central bank policy rates - United States - Monthly - End of period,2022-11,3.875,A,F,
M,US,368,0,,From 19 Dec 1985 onwards: mid-point of the Federal Reserve target rate; from 1 Jul 1954 to 18 Dec 1985: US Fed Funds effective rate.,4,US Federal Reserve System,, Central bank policy rates - United States - Monthly - End of period,2022-12,4.375,A,F,
M,US,368,0,,From 19 Dec 1985 onwards: mid-point of the Federal Reserve target rate; from 1 Jul 1954 to 18 Dec 1985: US Fed Funds effective rate.,4,US Federal Reserve System,, Central bank policy rates - United States - Monthly - End of period,2023-01,4.375,A,F,
M,US,368,0,,From 19 Dec 1985 onwards: mid-point of the Federal Reserve target rate; from 1 Jul 1954 to 18 Dec 1985: US Fed Funds effective rate.,4,US Federal Reserve System,, Central bank policy rates - United States - Monthly - End of period,2023-02,4.625,A,F,
M,US,368,0,,From 19 Dec 1985 onwards: mid-point of the Federal Reserve target rate; from 1 Jul 1954 to 18 Dec 1985: US Fed Funds effective rate.,4,US Federal Reserve System,, Central bank policy rates - United States - Monthly - End of period,2023-03,4.875,A,F,
M,US,368,0,,From 19 Dec 1985 onwards: mid-point of the Federal Reserve target rate; from 1 Jul 1954 to 18 Dec 1985: US Fed Funds effective rate.,4,US Federal Reserve System,, Central bank policy rates - United States - Monthly - End of period,2023-04,4.875,A,F,
M,US,368,0,,From 19 Dec 1985 onwards: mid-point of the Federal Reserve target rate; from 1 Jul 1954 to 18 Dec 1985: US Fed Funds effective rate.,4,US Federal Reserve System,, Central bank policy rates - United States - Monthly - End of period,2023-05,5.125,A,F,
M,US,368,0,,From 19 Dec 1985 onwards: mid-point of the Federal Reserve target rate; from 1 Jul 1954 to 18 Dec 1985: US Fed Funds effective rate.,4,US Federal Reserve System,, Central bank policy rates - United States - Monthly - End of period,2023-06,5.125,A,F,
M,US,368,0,,From 19 Dec 1985 onwards: mid-point of the Federal Reserve target rate; from 1 Jul 1954 to 18 Dec 1985: US Fed Funds effective rate.,4,US Federal Reserve System,, Central bank policy rates - United States - Monthly - End of period,2023-07,5.375,A,F,
M,US,368,0,,From 19 Dec 1985 onwards: mid-point of the Federal Reserve target rate; from 1 Jul 1954 to 18 Dec 1985: US Fed Funds effective rate.,4,US Federal Reserve System,, Central bank policy rates - United States - Monthly - End of period,2023-08,5.375,A,F,
M,US,368,0,,From 19 Dec 1985 onwards: mid-point of the Federal Reserve target rate; from 1 Jul 1954 to 18 Dec 1985: US Fed Funds effective rate.,4,US Federal Reserve System,, Central bank policy rates - United States - Monthly - End of period,2023-09,5.375,A,F,
M,US,368,0,,From 19 Dec 1985 onwards: mid-point of the Federal Reserve target rate; from 1 Jul 1954 to 18 Dec 1985: US Fed Funds effective rate.,4,US Federal Reserve System,, Central bank policy rates - United States - Monthly - End of period,2023-10,5.375,A,F,
M,US,368,0,,From 19 Dec 1985 onwards: mid-point of the Federal Reserve target rate; from 1 Jul 1954 to 18 Dec 1985: US Fed Funds effective rate.,4,US Federal Reserve System,, Central bank policy rates - United States - Monthly - End of period,2023-11,5.375,A,F,
M,US,368,0,,From 19 Dec 1985 onwards: mid-point of the Federal Reserve target rate; from 1 Jul 1954 to 18 Dec 1985: US Fed Funds effective rate.,4,US Federal Reserve System,, Central bank policy rates - United States - Monthly - End of period,2023-12,5.375,A,F,
M,US,368,0,,From 19 Dec 1985 onwards: mid-point of the Federal Reserve target rate; from 1 Jul 1954 to 18 Dec 1985: US Fed Funds effective rate.,4,US Federal Reserve System,, Central bank policy rates - United States - Monthly - End of period,2024-01,5.375,A,F,
M,US,368,0,,From 19 Dec 1985 onwards: mid-point of the Federal Reserve target rate; from 1 Jul 1954 to 18 Dec 1985: US Fed Funds effective rate.,4,US Federal Reserve System,, Central bank policy rates - United States - Monthly - End of period,2024-02,5.375,A,F,
M,US,368,0,,From 19 Dec 1985 onwards: mid-point of the Federal Reserve target rate; from 1 Jul 1954 to 18 Dec 1985: US Fed Funds effective rate.,4,US Federal Reserve System,, Central bank policy rates - United States - Monthly - End of period,2024-03,5.375,A,F,
M,US,368,0,,From 19 Dec 1985 onwards: mid-point of the Federal Reserve target rate; from 1 Jul 1954 to 18 Dec 1985: US Fed Funds effective rate.,4,US Federal Reserve System,, Central bank policy rates - United States - Monthly - End of period,2024-04,5.375,A,F,
M,US,368,0,,From 19 Dec 1985 onwards: mid-point of the Federal Reserve target rate; from 1 Jul 1954 to 18 Dec 1985: US Fed Funds effective rate.,4,US Federal Reserve System,, Central bank policy rates - United States - Monthly - End of period,2024-05,5.375,A,F,
M,US,368,0,,From 19 Dec 1985 onwards: mid-point of the Federal Reserve target rate; from 1 Jul 1954 to 18 Dec 1985: US Fed Funds effective rate.,4,US Federal Reserve System,, Central bank policy rates - United States - Monthly - End of period,2024-06,5.375,A,F,
M,US,368,0,,From 19 Dec 1985 onwards: mid-point of the Federal Reserve target rate; from 1 Jul 1954 to 18 Dec 1985: US Fed Funds effective rate.,4,US Federal Reserve System,, Central bank policy rates - United States - Monthly - End of period,2024-07,5.375,A,F,
M,US,368,0,,From 19 Dec 1985 onwards: mid-point of the Federal Reserve target rate; from 1 Jul 1954 to 18 Dec 1985: US Fed Funds effective rate.,4,US Federal Reserve System,, Central bank policy rates - United States - Monthly - End of period,2024-08,5.375,A,F,
M,US,368,0,,From 19 Dec 1985 onwards: mid-point of the Federal Reserve target rate; from 1 Jul 1954 to 18 Dec 1985: US Fed Funds effective rate.,4,US Federal Reserve System,, Central bank policy rates - United States - Monthly - End of period,2024-09,4.875,A,F,
M,US,368,0,,From 19 Dec 1985 onwards: mid-point of the Federal Reserve target rate; from 1 Jul 1954 to 18 Dec 1985: US Fed Funds effective rate.,4,US Federal Reserve System,, Central bank policy rates - United States - Monthly - End of period,2024-10,4.875,A,F,
M,US,368,0,,From 19 Dec 1985 onwards: mid-point of the Federal Reserve target rate; from 1 Jul 1954 to 18 Dec 1985: US Fed Funds effective rate.,4,US Federal Reserve System,, Central bank policy rates - United States - Monthly - End of period,2024-11,4.625,A,F,
M,US,368,0,,From 19 Dec 1985 onwards: mid-point of the Federal Reserve target rate; from 1 Jul 1954 to 18 Dec 1985: US Fed Funds effective rate.,4,US Federal Reserve System,, Central bank policy rates - United States - Monthly - End of period,2024-12,4.375,A,F,
M,US,368,0,,From 19 Dec 1985 onwards: mid-point of the Federal Reserve target rate; from 1 Jul 1954 to 18 Dec 1985: US Fed Funds effective rate.,4,US Federal Reserve System,, Central bank policy rates - United States - Monthly - End of period,2025-01,4.375,A,F,
M,US,368,0,,From 19 Dec 1985 onwards: mid-point of the Federal Reserve target rate; from 1 Jul 1954 to 18 Dec 1985: US Fed Funds effective rate.,4,US Federal Reserve System,, Central bank policy rates - United States - Monthly - End of period,2025-02,4.375,A,F,
M,US,368,0,,From 19 Dec 1985 onwards: mid-point of the Federal Reserve target rate; from 1 Jul 1954 to 18 Dec 1985: US Fed Funds effective rate.,4,US Federal Reserve System,, Central bank policy rates - United States - Monthly - End of period,2025-03,4.375,A,F,
M,US,368,0,,From 19 Dec 1985 onwards: mid-point of the Federal Reserve target rate; from 1 Jul 1954 to 18 Dec 1985: US Fed Funds effective rate.,4,US Federal Reserve System,, Central bank policy rates - United States - Monthly - End of period,2025-04,4.375,A,F,
M,US,368,0,,From 19 Dec 1985 onwards: mid-point of the Federal Reserve target rate; from 1 Jul 1954 to 18 Dec 1985: US Fed Funds effective rate.,4,US Federal Reserve System,, Central bank policy rates - United States - Monthly - End of period,2025-05,4.375,A,F,
M,US,368,0,,From 19 Dec 1985 onwards: mid-point of the Federal Reserve target rate; from 1 Jul 1954 to 18 Dec 1985: US Fed Funds effective rate.,4,US Federal Reserve System,, Central bank policy rates - United States - Monthly - End of period,2025-06,4.375,A,F,
M,US,368,0,,From 19 Dec 1985 onwards: mid-point of the Federal Reserve target rate; from 1 Jul 1954 to 18 Dec 1985: US Fed Funds effective rate.,4,US Federal Reserve System,, Central bank policy rates - United States - Monthly - End of period,2025-07,4.375,A,F,
M,US,368,0,,From 19 Dec 1985 onwards: mid-point of the Federal Reserve target rate; from 1 Jul 1954 to 18 Dec 1985: US Fed Funds effective rate.,4,US Federal Reserve System,, Central bank policy rates - United States - Monthly - End of period,2025-08,4.375,A,F,
M,US,368,0,,From 19 Dec 1985 onwards: mid-point of the Federal Reserve target rate; from 1 Jul 1954 to 18 Dec 1985: US Fed Funds effective rate.,4,US Federal Reserve System,, Central bank policy rates - United States - Monthly - End of period,2025-09,4.125,A,F,
M,US,368,0,,From 19 Dec 1985 onwards: mid-point of the Federal Reserve target rate; from 1 Jul 1954 to 18 Dec 1985: US Fed Funds effective rate.,4,US Federal Reserve System,, Central bank policy rates - United States - Monthly - End of period,2025-10,3.875,A,F,
M,US,368,0,,From 19 Dec 1985 onwards: mid-point of the Federal Reserve target rate; from 1 Jul 1954 to 18 Dec 1985: US Fed Funds effective rate.,4,US Federal Reserve System,, Central bank policy rates - United States - Monthly - End of period,2025-11,3.875,A,F,
M,US,368,0,,From 19 Dec 1985 onwards: mid-point of the Federal Reserve target rate; from 1 Jul 1954 to 18 Dec 1985: US Fed Funds effective rate.,4,US Federal Reserve System,, Central bank policy rates - United States - Monthly - End of period,2025-12,3.625,A,F,
M,US,368,0,,From 19 Dec 1985 onwards: mid-point of the Federal Reserve target rate; from 1 Jul 1954 to 18 Dec 1985: US Fed Funds effective rate.,4,US Federal Reserve System,, Central bank policy rates - United States - Monthly - End of period,2026-01,3.625,A,F,
M,US,368,0,,From 19 Dec 1985 onwards: mid-point of the Federal Reserve target rate; from 1 Jul 1954 to 18 Dec 1985: US Fed Funds effective rate.,4,US Federal Reserve System,, Central bank policy rates - United States - Monthly - End of period,2026-02,3.625,A,F,
M,US,368,0,,From 19 Dec 1985 onwards: mid-point of the Federal Reserve target rate; from 1 Jul 1954 to 18 Dec 1985: US Fed Funds effective rate.,4,US Federal Reserve System,, Central bank policy rates - United States - Monthly - End of period,2026-03,3.625,A,F,
M,US,368,0,,From 19 Dec 1985 onwards: mid-point of the Federal Reserve target rate; from 1 Jul 1954 to 18 Dec 1985: US Fed Funds effective rate.,4,US Federal Reserve System,, Central bank policy rates - United States - Monthly - End of period,2026-04,3.625,A,F,
M,US,368,0,,From 19 Dec 1985 onwards: mid-point of the Federal Reserve target rate; from 1 Jul 1954 to 18 Dec 1985: US Fed Funds effective rate.,4,US Federal Reserve System,, Central bank policy rates - United States - Monthly - End of period,2026-05,3.625,A,F,
M,US,368,0,,From 19 Dec 1985 onwards: mid-point of the Federal Reserve target rate; from 1 Jul 1954 to 18 Dec 1985: US Fed Funds effective rate.,4,US Federal Reserve System,, Central bank policy rates - United States - Monthly - End of period,2026-06,3.625,A,F,
M,US,368,0,,From 19 Dec 1985 onwards: mid-point of the Federal Reserve target rate; from 1 Jul 1954 to 18 Dec 1985: US Fed Funds effective rate.,4,US Federal Reserve System,, Central bank policy rates - United States - Monthly - End of period,2026-07,3.625,A,F,
M,US,368,0,,From 19 Dec 1985 onwards: mid-point of the Federal Reserve target rate; from 1 Jul 1954 to 18 Dec 1985: US Fed Funds effective rate.,4,US Federal Reserve System,, Central bank policy rates - United States - Monthly - End of period,2026-08,3.625,A,F,
