FREQ,REF_AREA,UNIT_MEASURE,UNIT_MULT,TIME_FORMAT,COMPILATION,DECIMALS,SOURCE_REF,SUPP_INFO_BREAKS,TITLE,TIME_PERIOD,OBS_VALUE,OBS_STATUS,OBS_CONF,OBS_PRE_BREAK
M,BR,368,0,,"From 5 Mar 1999 onwards Central Bank target, money market (SELIC) overnight rate; from 1 Jul 1996 to 4 Mar 1999: Central Bank official rediscount rate; from 4 Jun 1986 to 30 Jun 1996: official market intervention rate, representative rate.",4,Central Bank of Brazil,"This rate can be considered the official policy rate as from 5 Mar 1999. From Jul 1996 to 4 Mar 1999, the TBC rate (basic interest rate) was used; from Mar 1999 onwards, the TARGET for the SELIC rate was used, which defines a threshold for the open market operations. The SELIC rate is a daily interest rate for overnight interbank loans collateralised by government bonds (overnight federal funds) registered and traded at the SELIC (Sistema Especial de Liquidação e Custódia - Special System for Settlement and Custody).", Central bank policy rates - Brazil - Monthly - End of period,2016-01,14.25,A,F,
M,BR,368,0,,"From 5 Mar 1999 onwards Central Bank target, money market (SELIC) overnight rate; from 1 Jul 1996 to 4 Mar 1999: Central Bank official rediscount rate; from 4 Jun 1986 to 30 Jun 1996: official market intervention rate, representative rate.",4,Central Bank of Brazil,"This rate can be considered the official policy rate as from 5 Mar 1999. From Jul 1996 to 4 Mar 1999, the TBC rate (basic interest rate) was used; from Mar 1999 onwards, the TARGET for the SELIC rate was used, which defines a threshold for the open market operations. The SELIC rate is a daily interest rate for overnight interbank loans collateralised by government bonds (overnight federal funds) registered and traded at the SELIC (Sistema Especial de Liquidação e Custódia - Special System for Settlement and Custody).", Central bank policy rates - Brazil - Monthly - End of period,2016-02,14.25,A,F,
M,BR,368,0,,"From 5 Mar 1999 onwards Central Bank target, money market (SELIC) overnight rate; from 1 Jul 1996 to 4 Mar 1999: Central Bank official rediscount rate; from 4 Jun 1986 to 30 Jun 1996: official market intervention rate, representative rate.",4,Central Bank of Brazil,"This rate can be considered the official policy rate as from 5 Mar 1999. From Jul 1996 to 4 Mar 1999, the TBC rate (basic interest rate) was used; from Mar 1999 onwards, the TARGET for the SELIC rate was used, which defines a threshold for the open market operations. The SELIC rate is a daily interest rate for overnight interbank loans collateralised by government bonds (overnight federal funds) registered and traded at the SELIC (Sistema Especial de Liquidação e Custódia - Special System for Settlement and Custody).", Central bank policy rates - Brazil - Monthly - End of period,2016-03,14.25,A,F,
M,BR,368,0,,"From 5 Mar 1999 onwards Central Bank target, money market (SELIC) overnight rate; from 1 Jul 1996 to 4 Mar 1999: Central Bank official rediscount rate; from 4 Jun 1986 to 30 Jun 1996: official market intervention rate, representative rate.",4,Central Bank of Brazil,"This rate can be considered the official policy rate as from 5 Mar 1999. From Jul 1996 to 4 Mar 1999, the TBC rate (basic interest rate) was used; from Mar 1999 onwards, the TARGET for the SELIC rate was used, which defines a threshold for the open market operations. The SELIC rate is a daily interest rate for overnight interbank loans collateralised by government bonds (overnight federal funds) registered and traded at the SELIC (Sistema Especial de Liquidação e Custódia - Special System for Settlement and Custody).", Central bank policy rates - Brazil - Monthly - End of period,2016-04,14.25,A,F,
M,BR,368,0,,"From 5 Mar 1999 onwards Central Bank target, money market (SELIC) overnight rate; from 1 Jul 1996 to 4 Mar 1999: Central Bank official rediscount rate; from 4 Jun 1986 to 30 Jun 1996: official market intervention rate, representative rate.",4,Central Bank of Brazil,"This rate can be considered the official policy rate as from 5 Mar 1999. From Jul 1996 to 4 Mar 1999, the TBC rate (basic interest rate) was used; from Mar 1999 onwards, the TARGET for the SELIC rate was used, which defines a threshold for the open market operations. The SELIC rate is a daily interest rate for overnight interbank loans collateralised by government bonds (overnight federal funds) registered and traded at the SELIC (Sistema Especial de Liquidação e Custódia - Special System for Settlement and Custody).", Central bank policy rates - Brazil - Monthly - End of period,2016-05,14.25,A,F,
M,BR,368,0,,"From 5 Mar 1999 onwards Central Bank target, money market (SELIC) overnight rate; from 1 Jul 1996 to 4 Mar 1999: Central Bank official rediscount rate; from 4 Jun 1986 to 30 Jun 1996: official market intervention rate, representative rate.",4,Central Bank of Brazil,"This rate can be considered the official policy rate as from 5 Mar 1999. From Jul 1996 to 4 Mar 1999, the TBC rate (basic interest rate) was used; from Mar 1999 onwards, the TARGET for the SELIC rate was used, which defines a threshold for the open market operations. The SELIC rate is a daily interest rate for overnight interbank loans collateralised by government bonds (overnight federal funds) registered and traded at the SELIC (Sistema Especial de Liquidação e Custódia - Special System for Settlement and Custody).", Central bank policy rates - Brazil - Monthly - End of period,2016-06,14.25,A,F,
M,BR,368,0,,"From 5 Mar 1999 onwards Central Bank target, money market (SELIC) overnight rate; from 1 Jul 1996 to 4 Mar 1999: Central Bank official rediscount rate; from 4 Jun 1986 to 30 Jun 1996: official market intervention rate, representative rate.",4,Central Bank of Brazil,"This rate can be considered the official policy rate as from 5 Mar 1999. From Jul 1996 to 4 Mar 1999, the TBC rate (basic interest rate) was used; from Mar 1999 onwards, the TARGET for the SELIC rate was used, which defines a threshold for the open market operations. The SELIC rate is a daily interest rate for overnight interbank loans collateralised by government bonds (overnight federal funds) registered and traded at the SELIC (Sistema Especial de Liquidação e Custódia - Special System for Settlement and Custody).", Central bank policy rates - Brazil - Monthly - End of period,2016-07,14.25,A,F,
M,BR,368,0,,"From 5 Mar 1999 onwards Central Bank target, money market (SELIC) overnight rate; from 1 Jul 1996 to 4 Mar 1999: Central Bank official rediscount rate; from 4 Jun 1986 to 30 Jun 1996: official market intervention rate, representative rate.",4,Central Bank of Brazil,"This rate can be considered the official policy rate as from 5 Mar 1999. From Jul 1996 to 4 Mar 1999, the TBC rate (basic interest rate) was used; from Mar 1999 onwards, the TARGET for the SELIC rate was used, which defines a threshold for the open market operations. The SELIC rate is a daily interest rate for overnight interbank loans collateralised by government bonds (overnight federal funds) registered and traded at the SELIC (Sistema Especial de Liquidação e Custódia - Special System for Settlement and Custody).", Central bank policy rates - Brazil - Monthly - End of period,2016-08,14.25,A,F,
M,BR,368,0,,"From 5 Mar 1999 onwards Central Bank target, money market (SELIC) overnight rate; from 1 Jul 1996 to 4 Mar 1999: Central Bank official rediscount rate; from 4 Jun 1986 to 30 Jun 1996: official market intervention rate, representative rate.",4,Central Bank of Brazil,"This rate can be considered the official policy rate as from 5 Mar 1999. From Jul 1996 to 4 Mar 1999, the TBC rate (basic interest rate) was used; from Mar 1999 onwards, the TARGET for the SELIC rate was used, which defines a threshold for the open market operations. The SELIC rate is a daily interest rate for overnight interbank loans collateralised by government bonds (overnight federal funds) registered and traded at the SELIC (Sistema Especial de Liquidação e Custódia - Special System for Settlement and Custody).", Central bank policy rates - Brazil - Monthly - End of period,2016-09,14.25,A,F,
M,BR,368,0,,"From 5 Mar 1999 onwards Central Bank target, money market (SELIC) overnight rate; from 1 Jul 1996 to 4 Mar 1999: Central Bank official rediscount rate; from 4 Jun 1986 to 30 Jun 1996: official market intervention rate, representative rate.",4,Central Bank of Brazil,"This rate can be considered the official policy rate as from 5 Mar 1999. From Jul 1996 to 4 Mar 1999, the TBC rate (basic interest rate) was used; from Mar 1999 onwards, the TARGET for the SELIC rate was used, which defines a threshold for the open market operations. The SELIC rate is a daily interest rate for overnight interbank loans collateralised by government bonds (overnight federal funds) registered and traded at the SELIC (Sistema Especial de Liquidação e Custódia - Special System for Settlement and Custody).", Central bank policy rates - Brazil - Monthly - End of period,2016-10,14,A,F,
M,BR,368,0,,"From 5 Mar 1999 onwards Central Bank target, money market (SELIC) overnight rate; from 1 Jul 1996 to 4 Mar 1999: Central Bank official rediscount rate; from 4 Jun 1986 to 30 Jun 1996: official market intervention rate, representative rate.",4,Central Bank of Brazil,"This rate can be considered the official policy rate as from 5 Mar 1999. From Jul 1996 to 4 Mar 1999, the TBC rate (basic interest rate) was used; from Mar 1999 onwards, the TARGET for the SELIC rate was used, which defines a threshold for the open market operations. The SELIC rate is a daily interest rate for overnight interbank loans collateralised by government bonds (overnight federal funds) registered and traded at the SELIC (Sistema Especial de Liquidação e Custódia - Special System for Settlement and Custody).", Central bank policy rates - Brazil - Monthly - End of period,2016-11,14,A,F,
M,BR,368,0,,"From 5 Mar 1999 onwards Central Bank target, money market (SELIC) overnight rate; from 1 Jul 1996 to 4 Mar 1999: Central Bank official rediscount rate; from 4 Jun 1986 to 30 Jun 1996: official market intervention rate, representative rate.",4,Central Bank of Brazil,"This rate can be considered the official policy rate as from 5 Mar 1999. From Jul 1996 to 4 Mar 1999, the TBC rate (basic interest rate) was used; from Mar 1999 onwards, the TARGET for the SELIC rate was used, which defines a threshold for the open market operations. The SELIC rate is a daily interest rate for overnight interbank loans collateralised by government bonds (overnight federal funds) registered and traded at the SELIC (Sistema Especial de Liquidação e Custódia - Special System for Settlement and Custody).", Central bank policy rates - Brazil - Monthly - End of period,2016-12,13.75,A,F,
M,BR,368,0,,"From 5 Mar 1999 onwards Central Bank target, money market (SELIC) overnight rate; from 1 Jul 1996 to 4 Mar 1999: Central Bank official rediscount rate; from 4 Jun 1986 to 30 Jun 1996: official market intervention rate, representative rate.",4,Central Bank of Brazil,"This rate can be considered the official policy rate as from 5 Mar 1999. From Jul 1996 to 4 Mar 1999, the TBC rate (basic interest rate) was used; from Mar 1999 onwards, the TARGET for the SELIC rate was used, which defines a threshold for the open market operations. The SELIC rate is a daily interest rate for overnight interbank loans collateralised by government bonds (overnight federal funds) registered and traded at the SELIC (Sistema Especial de Liquidação e Custódia - Special System for Settlement and Custody).", Central bank policy rates - Brazil - Monthly - End of period,2017-01,13,A,F,
M,BR,368,0,,"From 5 Mar 1999 onwards Central Bank target, money market (SELIC) overnight rate; from 1 Jul 1996 to 4 Mar 1999: Central Bank official rediscount rate; from 4 Jun 1986 to 30 Jun 1996: official market intervention rate, representative rate.",4,Central Bank of Brazil,"This rate can be considered the official policy rate as from 5 Mar 1999. From Jul 1996 to 4 Mar 1999, the TBC rate (basic interest rate) was used; from Mar 1999 onwards, the TARGET for the SELIC rate was used, which defines a threshold for the open market operations. The SELIC rate is a daily interest rate for overnight interbank loans collateralised by government bonds (overnight federal funds) registered and traded at the SELIC (Sistema Especial de Liquidação e Custódia - Special System for Settlement and Custody).", Central bank policy rates - Brazil - Monthly - End of period,2017-02,12.25,A,F,
M,BR,368,0,,"From 5 Mar 1999 onwards Central Bank target, money market (SELIC) overnight rate; from 1 Jul 1996 to 4 Mar 1999: Central Bank official rediscount rate; from 4 Jun 1986 to 30 Jun 1996: official market intervention rate, representative rate.",4,Central Bank of Brazil,"This rate can be considered the official policy rate as from 5 Mar 1999. From Jul 1996 to 4 Mar 1999, the TBC rate (basic interest rate) was used; from Mar 1999 onwards, the TARGET for the SELIC rate was used, which defines a threshold for the open market operations. The SELIC rate is a daily interest rate for overnight interbank loans collateralised by government bonds (overnight federal funds) registered and traded at the SELIC (Sistema Especial de Liquidação e Custódia - Special System for Settlement and Custody).", Central bank policy rates - Brazil - Monthly - End of period,2017-03,12.25,A,F,
M,BR,368,0,,"From 5 Mar 1999 onwards Central Bank target, money market (SELIC) overnight rate; from 1 Jul 1996 to 4 Mar 1999: Central Bank official rediscount rate; from 4 Jun 1986 to 30 Jun 1996: official market intervention rate, representative rate.",4,Central Bank of Brazil,"This rate can be considered the official policy rate as from 5 Mar 1999. From Jul 1996 to 4 Mar 1999, the TBC rate (basic interest rate) was used; from Mar 1999 onwards, the TARGET for the SELIC rate was used, which defines a threshold for the open market operations. The SELIC rate is a daily interest rate for overnight interbank loans collateralised by government bonds (overnight federal funds) registered and traded at the SELIC (Sistema Especial de Liquidação e Custódia - Special System for Settlement and Custody).", Central bank policy rates - Brazil - Monthly - End of period,2017-04,11.25,A,F,
M,BR,368,0,,"From 5 Mar 1999 onwards Central Bank target, money market (SELIC) overnight rate; from 1 Jul 1996 to 4 Mar 1999: Central Bank official rediscount rate; from 4 Jun 1986 to 30 Jun 1996: official market intervention rate, representative rate.",4,Central Bank of Brazil,"This rate can be considered the official policy rate as from 5 Mar 1999. From Jul 1996 to 4 Mar 1999, the TBC rate (basic interest rate) was used; from Mar 1999 onwards, the TARGET for the SELIC rate was used, which defines a threshold for the open market operations. The SELIC rate is a daily interest rate for overnight interbank loans collateralised by government bonds (overnight federal funds) registered and traded at the SELIC (Sistema Especial de Liquidação e Custódia - Special System for Settlement and Custody).", Central bank policy rates - Brazil - Monthly - End of period,2017-05,11.25,A,F,
M,BR,368,0,,"From 5 Mar 1999 onwards Central Bank target, money market (SELIC) overnight rate; from 1 Jul 1996 to 4 Mar 1999: Central Bank official rediscount rate; from 4 Jun 1986 to 30 Jun 1996: official market intervention rate, representative rate.",4,Central Bank of Brazil,"This rate can be considered the official policy rate as from 5 Mar 1999. From Jul 1996 to 4 Mar 1999, the TBC rate (basic interest rate) was used; from Mar 1999 onwards, the TARGET for the SELIC rate was used, which defines a threshold for the open market operations. The SELIC rate is a daily interest rate for overnight interbank loans collateralised by government bonds (overnight federal funds) registered and traded at the SELIC (Sistema Especial de Liquidação e Custódia - Special System for Settlement and Custody).", Central bank policy rates - Brazil - Monthly - End of period,2017-06,10.25,A,F,
M,BR,368,0,,"From 5 Mar 1999 onwards Central Bank target, money market (SELIC) overnight rate; from 1 Jul 1996 to 4 Mar 1999: Central Bank official rediscount rate; from 4 Jun 1986 to 30 Jun 1996: official market intervention rate, representative rate.",4,Central Bank of Brazil,"This rate can be considered the official policy rate as from 5 Mar 1999. From Jul 1996 to 4 Mar 1999, the TBC rate (basic interest rate) was used; from Mar 1999 onwards, the TARGET for the SELIC rate was used, which defines a threshold for the open market operations. The SELIC rate is a daily interest rate for overnight interbank loans collateralised by government bonds (overnight federal funds) registered and traded at the SELIC (Sistema Especial de Liquidação e Custódia - Special System for Settlement and Custody).", Central bank policy rates - Brazil - Monthly - End of period,2017-07,9.25,A,F,
M,BR,368,0,,"From 5 Mar 1999 onwards Central Bank target, money market (SELIC) overnight rate; from 1 Jul 1996 to 4 Mar 1999: Central Bank official rediscount rate; from 4 Jun 1986 to 30 Jun 1996: official market intervention rate, representative rate.",4,Central Bank of Brazil,"This rate can be considered the official policy rate as from 5 Mar 1999. From Jul 1996 to 4 Mar 1999, the TBC rate (basic interest rate) was used; from Mar 1999 onwards, the TARGET for the SELIC rate was used, which defines a threshold for the open market operations. The SELIC rate is a daily interest rate for overnight interbank loans collateralised by government bonds (overnight federal funds) registered and traded at the SELIC (Sistema Especial de Liquidação e Custódia - Special System for Settlement and Custody).", Central bank policy rates - Brazil - Monthly - End of period,2017-08,9.25,A,F,
M,BR,368,0,,"From 5 Mar 1999 onwards Central Bank target, money market (SELIC) overnight rate; from 1 Jul 1996 to 4 Mar 1999: Central Bank official rediscount rate; from 4 Jun 1986 to 30 Jun 1996: official market intervention rate, representative rate.",4,Central Bank of Brazil,"This rate can be considered the official policy rate as from 5 Mar 1999. From Jul 1996 to 4 Mar 1999, the TBC rate (basic interest rate) was used; from Mar 1999 onwards, the TARGET for the SELIC rate was used, which defines a threshold for the open market operations. The SELIC rate is a daily interest rate for overnight interbank loans collateralised by government bonds (overnight federal funds) registered and traded at the SELIC (Sistema Especial de Liquidação e Custódia - Special System for Settlement and Custody).", Central bank policy rates - Brazil - Monthly - End of period,2017-09,8.25,A,F,
M,BR,368,0,,"From 5 Mar 1999 onwards Central Bank target, money market (SELIC) overnight rate; from 1 Jul 1996 to 4 Mar 1999: Central Bank official rediscount rate; from 4 Jun 1986 to 30 Jun 1996: official market intervention rate, representative rate.",4,Central Bank of Brazil,"This rate can be considered the official policy rate as from 5 Mar 1999. From Jul 1996 to 4 Mar 1999, the TBC rate (basic interest rate) was used; from Mar 1999 onwards, the TARGET for the SELIC rate was used, which defines a threshold for the open market operations. The SELIC rate is a daily interest rate for overnight interbank loans collateralised by government bonds (overnight federal funds) registered and traded at the SELIC (Sistema Especial de Liquidação e Custódia - Special System for Settlement and Custody).", Central bank policy rates - Brazil - Monthly - End of period,2017-10,7.5,A,F,
M,BR,368,0,,"From 5 Mar 1999 onwards Central Bank target, money market (SELIC) overnight rate; from 1 Jul 1996 to 4 Mar 1999: Central Bank official rediscount rate; from 4 Jun 1986 to 30 Jun 1996: official market intervention rate, representative rate.",4,Central Bank of Brazil,"This rate can be considered the official policy rate as from 5 Mar 1999. From Jul 1996 to 4 Mar 1999, the TBC rate (basic interest rate) was used; from Mar 1999 onwards, the TARGET for the SELIC rate was used, which defines a threshold for the open market operations. The SELIC rate is a daily interest rate for overnight interbank loans collateralised by government bonds (overnight federal funds) registered and traded at the SELIC (Sistema Especial de Liquidação e Custódia - Special System for Settlement and Custody).", Central bank policy rates - Brazil - Monthly - End of period,2017-11,7.5,A,F,
M,BR,368,0,,"From 5 Mar 1999 onwards Central Bank target, money market (SELIC) overnight rate; from 1 Jul 1996 to 4 Mar 1999: Central Bank official rediscount rate; from 4 Jun 1986 to 30 Jun 1996: official market intervention rate, representative rate.",4,Central Bank of Brazil,"This rate can be considered the official policy rate as from 5 Mar 1999. From Jul 1996 to 4 Mar 1999, the TBC rate (basic interest rate) was used; from Mar 1999 onwards, the TARGET for the SELIC rate was used, which defines a threshold for the open market operations. The SELIC rate is a daily interest rate for overnight interbank loans collateralised by government bonds (overnight federal funds) registered and traded at the SELIC (Sistema Especial de Liquidação e Custódia - Special System for Settlement and Custody).", Central bank policy rates - Brazil - Monthly - End of period,2017-12,7,A,F,
M,BR,368,0,,"From 5 Mar 1999 onwards Central Bank target, money market (SELIC) overnight rate; from 1 Jul 1996 to 4 Mar 1999: Central Bank official rediscount rate; from 4 Jun 1986 to 30 Jun 1996: official market intervention rate, representative rate.",4,Central Bank of Brazil,"This rate can be considered the official policy rate as from 5 Mar 1999. From Jul 1996 to 4 Mar 1999, the TBC rate (basic interest rate) was used; from Mar 1999 onwards, the TARGET for the SELIC rate was used, which defines a threshold for the open market operations. The SELIC rate is a daily interest rate for overnight interbank loans collateralised by government bonds (overnight federal funds) registered and traded at the SELIC (Sistema Especial de Liquidação e Custódia - Special System for Settlement and Custody).", Central bank policy rates - Brazil - Monthly - End of period,2018-01,7,A,F,
M,BR,368,0,,"From 5 Mar 1999 onwards Central Bank target, money market (SELIC) overnight rate; from 1 Jul 1996 to 4 Mar 1999: Central Bank official rediscount rate; from 4 Jun 1986 to 30 Jun 1996: official market intervention rate, representative rate.",4,Central Bank of Brazil,"This rate can be considered the official policy rate as from 5 Mar 1999. From Jul 1996 to 4 Mar 1999, the TBC rate (basic interest rate) was used; from Mar 1999 onwards, the TARGET for the SELIC rate was used, which defines a threshold for the open market operations. The SELIC rate is a daily interest rate for overnight interbank loans collateralised by government bonds (overnight federal funds) registered and traded at the SELIC (Sistema Especial de Liquidação e Custódia - Special System for Settlement and Custody).", Central bank policy rates - Brazil - Monthly - End of period,2018-02,6.75,A,F,
M,BR,368,0,,"From 5 Mar 1999 onwards Central Bank target, money market (SELIC) overnight rate; from 1 Jul 1996 to 4 Mar 1999: Central Bank official rediscount rate; from 4 Jun 1986 to 30 Jun 1996: official market intervention rate, representative rate.",4,Central Bank of Brazil,"This rate can be considered the official policy rate as from 5 Mar 1999. From Jul 1996 to 4 Mar 1999, the TBC rate (basic interest rate) was used; from Mar 1999 onwards, the TARGET for the SELIC rate was used, which defines a threshold for the open market operations. The SELIC rate is a daily interest rate for overnight interbank loans collateralised by government bonds (overnight federal funds) registered and traded at the SELIC (Sistema Especial de Liquidação e Custódia - Special System for Settlement and Custody).", Central bank policy rates - Brazil - Monthly - End of period,2018-03,6.5,A,F,
M,BR,368,0,,"From 5 Mar 1999 onwards Central Bank target, money market (SELIC) overnight rate; from 1 Jul 1996 to 4 Mar 1999: Central Bank official rediscount rate; from 4 Jun 1986 to 30 Jun 1996: official market intervention rate, representative rate.",4,Central Bank of Brazil,"This rate can be considered the official policy rate as from 5 Mar 1999. From Jul 1996 to 4 Mar 1999, the TBC rate (basic interest rate) was used; from Mar 1999 onwards, the TARGET for the SELIC rate was used, which defines a threshold for the open market operations. The SELIC rate is a daily interest rate for overnight interbank loans collateralised by government bonds (overnight federal funds) registered and traded at the SELIC (Sistema Especial de Liquidação e Custódia - Special System for Settlement and Custody).", Central bank policy rates - Brazil - Monthly - End of period,2018-04,6.5,A,F,
M,BR,368,0,,"From 5 Mar 1999 onwards Central Bank target, money market (SELIC) overnight rate; from 1 Jul 1996 to 4 Mar 1999: Central Bank official rediscount rate; from 4 Jun 1986 to 30 Jun 1996: official market intervention rate, representative rate.",4,Central Bank of Brazil,"This rate can be considered the official policy rate as from 5 Mar 1999. From Jul 1996 to 4 Mar 1999, the TBC rate (basic interest rate) was used; from Mar 1999 onwards, the TARGET for the SELIC rate was used, which defines a threshold for the open market operations. The SELIC rate is a daily interest rate for overnight interbank loans collateralised by government bonds (overnight federal funds) registered and traded at the SELIC (Sistema Especial de Liquidação e Custódia - Special System for Settlement and Custody).", Central bank policy rates - Brazil - Monthly - End of period,2018-05,6.5,A,F,
M,BR,368,0,,"From 5 Mar 1999 onwards Central Bank target, money market (SELIC) overnight rate; from 1 Jul 1996 to 4 Mar 1999: Central Bank official rediscount rate; from 4 Jun 1986 to 30 Jun 1996: official market intervention rate, representative rate.",4,Central Bank of Brazil,"This rate can be considered the official policy rate as from 5 Mar 1999. From Jul 1996 to 4 Mar 1999, the TBC rate (basic interest rate) was used; from Mar 1999 onwards, the TARGET for the SELIC rate was used, which defines a threshold for the open market operations. The SELIC rate is a daily interest rate for overnight interbank loans collateralised by government bonds (overnight federal funds) registered and traded at the SELIC (Sistema Especial de Liquidação e Custódia - Special System for Settlement and Custody).", Central bank policy rates - Brazil - Monthly - End of period,2018-06,6.5,A,F,
M,BR,368,0,,"From 5 Mar 1999 onwards Central Bank target, money market (SELIC) overnight rate; from 1 Jul 1996 to 4 Mar 1999: Central Bank official rediscount rate; from 4 Jun 1986 to 30 Jun 1996: official market intervention rate, representative rate.",4,Central Bank of Brazil,"This rate can be considered the official policy rate as from 5 Mar 1999. From Jul 1996 to 4 Mar 1999, the TBC rate (basic interest rate) was used; from Mar 1999 onwards, the TARGET for the SELIC rate was used, which defines a threshold for the open market operations. The SELIC rate is a daily interest rate for overnight interbank loans collateralised by government bonds (overnight federal funds) registered and traded at the SELIC (Sistema Especial de Liquidação e Custódia - Special System for Settlement and Custody).", Central bank policy rates - Brazil - Monthly - End of period,2018-07,6.5,A,F,
M,BR,368,0,,"From 5 Mar 1999 onwards Central Bank target, money market (SELIC) overnight rate; from 1 Jul 1996 to 4 Mar 1999: Central Bank official rediscount rate; from 4 Jun 1986 to 30 Jun 1996: official market intervention rate, representative rate.",4,Central Bank of Brazil,"This rate can be considered the official policy rate as from 5 Mar 1999. From Jul 1996 to 4 Mar 1999, the TBC rate (basic interest rate) was used; from Mar 1999 onwards, the TARGET for the SELIC rate was used, which defines a threshold for the open market operations. The SELIC rate is a daily interest rate for overnight interbank loans collateralised by government bonds (overnight federal funds) registered and traded at the SELIC (Sistema Especial de Liquidação e Custódia - Special System for Settlement and Custody).", Central bank policy rates - Brazil - Monthly - End of period,2018-08,6.5,A,F,
M,BR,368,0,,"From 5 Mar 1999 onwards Central Bank target, money market (SELIC) overnight rate; from 1 Jul 1996 to 4 Mar 1999: Central Bank official rediscount rate; from 4 Jun 1986 to 30 Jun 1996: official market intervention rate, representative rate.",4,Central Bank of Brazil,"This rate can be considered the official policy rate as from 5 Mar 1999. From Jul 1996 to 4 Mar 1999, the TBC rate (basic interest rate) was used; from Mar 1999 onwards, the TARGET for the SELIC rate was used, which defines a threshold for the open market operations. The SELIC rate is a daily interest rate for overnight interbank loans collateralised by government bonds (overnight federal funds) registered and traded at the SELIC (Sistema Especial de Liquidação e Custódia - Special System for Settlement and Custody).", Central bank policy rates - Brazil - Monthly - End of period,2018-09,6.5,A,F,
M,BR,368,0,,"From 5 Mar 1999 onwards Central Bank target, money market (SELIC) overnight rate; from 1 Jul 1996 to 4 Mar 1999: Central Bank official rediscount rate; from 4 Jun 1986 to 30 Jun 1996: official market intervention rate, representative rate.",4,Central Bank of Brazil,"This rate can be considered the official policy rate as from 5 Mar 1999. From Jul 1996 to 4 Mar 1999, the TBC rate (basic interest rate) was used; from Mar 1999 onwards, the TARGET for the SELIC rate was used, which defines a threshold for the open market operations. The SELIC rate is a daily interest rate for overnight interbank loans collateralised by government bonds (overnight federal funds) registered and traded at the SELIC (Sistema Especial de Liquidação e Custódia - Special System for Settlement and Custody).", Central bank policy rates - Brazil - Monthly - End of period,2018-10,6.5,A,F,
M,BR,368,0,,"From 5 Mar 1999 onwards Central Bank target, money market (SELIC) overnight rate; from 1 Jul 1996 to 4 Mar 1999: Central Bank official rediscount rate; from 4 Jun 1986 to 30 Jun 1996: official market intervention rate, representative rate.",4,Central Bank of Brazil,"This rate can be considered the official policy rate as from 5 Mar 1999. From Jul 1996 to 4 Mar 1999, the TBC rate (basic interest rate) was used; from Mar 1999 onwards, the TARGET for the SELIC rate was used, which defines a threshold for the open market operations. The SELIC rate is a daily interest rate for overnight interbank loans collateralised by government bonds (overnight federal funds) registered and traded at the SELIC (Sistema Especial de Liquidação e Custódia - Special System for Settlement and Custody).", Central bank policy rates - Brazil - Monthly - End of period,2018-11,6.5,A,F,
M,BR,368,0,,"From 5 Mar 1999 onwards Central Bank target, money market (SELIC) overnight rate; from 1 Jul 1996 to 4 Mar 1999: Central Bank official rediscount rate; from 4 Jun 1986 to 30 Jun 1996: official market intervention rate, representative rate.",4,Central Bank of Brazil,"This rate can be considered the official policy rate as from 5 Mar 1999. From Jul 1996 to 4 Mar 1999, the TBC rate (basic interest rate) was used; from Mar 1999 onwards, the TARGET for the SELIC rate was used, which defines a threshold for the open market operations. The SELIC rate is a daily interest rate for overnight interbank loans collateralised by government bonds (overnight federal funds) registered and traded at the SELIC (Sistema Especial de Liquidação e Custódia - Special System for Settlement and Custody).", Central bank policy rates - Brazil - Monthly - End of period,2018-12,6.5,A,F,
M,BR,368,0,,"From 5 Mar 1999 onwards Central Bank target, money market (SELIC) overnight rate; from 1 Jul 1996 to 4 Mar 1999: Central Bank official rediscount rate; from 4 Jun 1986 to 30 Jun 1996: official market intervention rate, representative rate.",4,Central Bank of Brazil,"This rate can be considered the official policy rate as from 5 Mar 1999. From Jul 1996 to 4 Mar 1999, the TBC rate (basic interest rate) was used; from Mar 1999 onwards, the TARGET for the SELIC rate was used, which defines a threshold for the open market operations. The SELIC rate is a daily interest rate for overnight interbank loans collateralised by government bonds (overnight federal funds) registered and traded at the SELIC (Sistema Especial de Liquidação e Custódia - Special System for Settlement and Custody).", Central bank policy rates - Brazil - Monthly - End of period,2019-01,6.5,A,F,
M,BR,368,0,,"From 5 Mar 1999 onwards Central Bank target, money market (SELIC) overnight rate; from 1 Jul 1996 to 4 Mar 1999: Central Bank official rediscount rate; from 4 Jun 1986 to 30 Jun 1996: official market intervention rate, representative rate.",4,Central Bank of Brazil,"This rate can be considered the official policy rate as from 5 Mar 1999. From Jul 1996 to 4 Mar 1999, the TBC rate (basic interest rate) was used; from Mar 1999 onwards, the TARGET for the SELIC rate was used, which defines a threshold for the open market operations. The SELIC rate is a daily interest rate for overnight interbank loans collateralised by government bonds (overnight federal funds) registered and traded at the SELIC (Sistema Especial de Liquidação e Custódia - Special System for Settlement and Custody).", Central bank policy rates - Brazil - Monthly - End of period,2019-02,6.5,A,F,
M,BR,368,0,,"From 5 Mar 1999 onwards Central Bank target, money market (SELIC) overnight rate; from 1 Jul 1996 to 4 Mar 1999: Central Bank official rediscount rate; from 4 Jun 1986 to 30 Jun 1996: official market intervention rate, representative rate.",4,Central Bank of Brazil,"This rate can be considered the official policy rate as from 5 Mar 1999. From Jul 1996 to 4 Mar 1999, the TBC rate (basic interest rate) was used; from Mar 1999 onwards, the TARGET for the SELIC rate was used, which defines a threshold for the open market operations. The SELIC rate is a daily interest rate for overnight interbank loans collateralised by government bonds (overnight federal funds) registered and traded at the SELIC (Sistema Especial de Liquidação e Custódia - Special System for Settlement and Custody).", Central bank policy rates - Brazil - Monthly - End of period,2019-03,6.5,A,F,
M,BR,368,0,,"From 5 Mar 1999 onwards Central Bank target, money market (SELIC) overnight rate; from 1 Jul 1996 to 4 Mar 1999: Central Bank official rediscount rate; from 4 Jun 1986 to 30 Jun 1996: official market intervention rate, representative rate.",4,Central Bank of Brazil,"This rate can be considered the official policy rate as from 5 Mar 1999. From Jul 1996 to 4 Mar 1999, the TBC rate (basic interest rate) was used; from Mar 1999 onwards, the TARGET for the SELIC rate was used, which defines a threshold for the open market operations. The SELIC rate is a daily interest rate for overnight interbank loans collateralised by government bonds (overnight federal funds) registered and traded at the SELIC (Sistema Especial de Liquidação e Custódia - Special System for Settlement and Custody).", Central bank policy rates - Brazil - Monthly - End of period,2019-04,6.5,A,F,
M,BR,368,0,,"From 5 Mar 1999 onwards Central Bank target, money market (SELIC) overnight rate; from 1 Jul 1996 to 4 Mar 1999: Central Bank official rediscount rate; from 4 Jun 1986 to 30 Jun 1996: official market intervention rate, representative rate.",4,Central Bank of Brazil,"This rate can be considered the official policy rate as from 5 Mar 1999. From Jul 1996 to 4 Mar 1999, the TBC rate (basic interest rate) was used; from Mar 1999 onwards, the TARGET for the SELIC rate was used, which defines a threshold for the open market operations. The SELIC rate is a daily interest rate for overnight interbank loans collateralised by government bonds (overnight federal funds) registered and traded at the SELIC (Sistema Especial de Liquidação e Custódia - Special System for Settlement and Custody).", Central bank policy rates - Brazil - Monthly - End of period,2019-05,6.5,A,F,
M,BR,368,0,,"From 5 Mar 1999 onwards Central Bank target, money market (SELIC) overnight rate; from 1 Jul 1996 to 4 Mar 1999: Central Bank official rediscount rate; from 4 Jun 1986 to 30 Jun 1996: official market intervention rate, representative rate.",4,Central Bank of Brazil,"This rate can be considered the official policy rate as from 5 Mar 1999. From Jul 1996 to 4 Mar 1999, the TBC rate (basic interest rate) was used; from Mar 1999 onwards, the TARGET for the SELIC rate was used, which defines a threshold for the open market operations. The SELIC rate is a daily interest rate for overnight interbank loans collateralised by government bonds (overnight federal funds) registered and traded at the SELIC (Sistema Especial de Liquidação e Custódia - Special System for Settlement and Custody).", Central bank policy rates - Brazil - Monthly - End of period,2019-06,6.5,A,F,
M,BR,368,0,,"From 5 Mar 1999 onwards Central Bank target, money market (SELIC) overnight rate; from 1 Jul 1996 to 4 Mar 1999: Central Bank official rediscount rate; from 4 Jun 1986 to 30 Jun 1996: official market intervention rate, representative rate.",4,Central Bank of Brazil,"This rate can be considered the official policy rate as from 5 Mar 1999. From Jul 1996 to 4 Mar 1999, the TBC rate (basic interest rate) was used; from Mar 1999 onwards, the TARGET for the SELIC rate was used, which defines a threshold for the open market operations. The SELIC rate is a daily interest rate for overnight interbank loans collateralised by government bonds (overnight federal funds) registered and traded at the SELIC (Sistema Especial de Liquidação e Custódia - Special System for Settlement and Custody).", Central bank policy rates - Brazil - Monthly - End of period,2019-07,6.5,A,F,
M,BR,368,0,,"From 5 Mar 1999 onwards Central Bank target, money market (SELIC) overnight rate; from 1 Jul 1996 to 4 Mar 1999: Central Bank official rediscount rate; from 4 Jun 1986 to 30 Jun 1996: official market intervention rate, representative rate.",4,Central Bank of Brazil,"This rate can be considered the official policy rate as from 5 Mar 1999. From Jul 1996 to 4 Mar 1999, the TBC rate (basic interest rate) was used; from Mar 1999 onwards, the TARGET for the SELIC rate was used, which defines a threshold for the open market operations. The SELIC rate is a daily interest rate for overnight interbank loans collateralised by government bonds (overnight federal funds) registered and traded at the SELIC (Sistema Especial de Liquidação e Custódia - Special System for Settlement and Custody).", Central bank policy rates - Brazil - Monthly - End of period,2019-08,6,A,F,
M,BR,368,0,,"From 5 Mar 1999 onwards Central Bank target, money market (SELIC) overnight rate; from 1 Jul 1996 to 4 Mar 1999: Central Bank official rediscount rate; from 4 Jun 1986 to 30 Jun 1996: official market intervention rate, representative rate.",4,Central Bank of Brazil,"This rate can be considered the official policy rate as from 5 Mar 1999. From Jul 1996 to 4 Mar 1999, the TBC rate (basic interest rate) was used; from Mar 1999 onwards, the TARGET for the SELIC rate was used, which defines a threshold for the open market operations. The SELIC rate is a daily interest rate for overnight interbank loans collateralised by government bonds (overnight federal funds) registered and traded at the SELIC (Sistema Especial de Liquidação e Custódia - Special System for Settlement and Custody).", Central bank policy rates - Brazil - Monthly - End of period,2019-09,5.5,A,F,
M,BR,368,0,,"From 5 Mar 1999 onwards Central Bank target, money market (SELIC) overnight rate; from 1 Jul 1996 to 4 Mar 1999: Central Bank official rediscount rate; from 4 Jun 1986 to 30 Jun 1996: official market intervention rate, representative rate.",4,Central Bank of Brazil,"This rate can be considered the official policy rate as from 5 Mar 1999. From Jul 1996 to 4 Mar 1999, the TBC rate (basic interest rate) was used; from Mar 1999 onwards, the TARGET for the SELIC rate was used, which defines a threshold for the open market operations. The SELIC rate is a daily interest rate for overnight interbank loans collateralised by government bonds (overnight federal funds) registered and traded at the SELIC (Sistema Especial de Liquidação e Custódia - Special System for Settlement and Custody).", Central bank policy rates - Brazil - Monthly - End of period,2019-10,5,A,F,
M,BR,368,0,,"From 5 Mar 1999 onwards Central Bank target, money market (SELIC) overnight rate; from 1 Jul 1996 to 4 Mar 1999: Central Bank official rediscount rate; from 4 Jun 1986 to 30 Jun 1996: official market intervention rate, representative rate.",4,Central Bank of Brazil,"This rate can be considered the official policy rate as from 5 Mar 1999. From Jul 1996 to 4 Mar 1999, the TBC rate (basic interest rate) was used; from Mar 1999 onwards, the TARGET for the SELIC rate was used, which defines a threshold for the open market operations. The SELIC rate is a daily interest rate for overnight interbank loans collateralised by government bonds (overnight federal funds) registered and traded at the SELIC (Sistema Especial de Liquidação e Custódia - Special System for Settlement and Custody).", Central bank policy rates - Brazil - Monthly - End of period,2019-11,5,A,F,
M,BR,368,0,,"From 5 Mar 1999 onwards Central Bank target, money market (SELIC) overnight rate; from 1 Jul 1996 to 4 Mar 1999: Central Bank official rediscount rate; from 4 Jun 1986 to 30 Jun 1996: official market intervention rate, representative rate.",4,Central Bank of Brazil,"This rate can be considered the official policy rate as from 5 Mar 1999. From Jul 1996 to 4 Mar 1999, the TBC rate (basic interest rate) was used; from Mar 1999 onwards, the TARGET for the SELIC rate was used, which defines a threshold for the open market operations. The SELIC rate is a daily interest rate for overnight interbank loans collateralised by government bonds (overnight federal funds) registered and traded at the SELIC (Sistema Especial de Liquidação e Custódia - Special System for Settlement and Custody).", Central bank policy rates - Brazil - Monthly - End of period,2019-12,4.5,A,F,
M,BR,368,0,,"From 5 Mar 1999 onwards Central Bank target, money market (SELIC) overnight rate; from 1 Jul 1996 to 4 Mar 1999: Central Bank official rediscount rate; from 4 Jun 1986 to 30 Jun 1996: official market intervention rate, representative rate.",4,Central Bank of Brazil,"This rate can be considered the official policy rate as from 5 Mar 1999. From Jul 1996 to 4 Mar 1999, the TBC rate (basic interest rate) was used; from Mar 1999 onwards, the TARGET for the SELIC rate was used, which defines a threshold for the open market operations. The SELIC rate is a daily interest rate for overnight interbank loans collateralised by government bonds (overnight federal funds) registered and traded at the SELIC (Sistema Especial de Liquidação e Custódia - Special System for Settlement and Custody).", Central bank policy rates - Brazil - Monthly - End of period,2020-01,4.5,A,F,
M,BR,368,0,,"From 5 Mar 1999 onwards Central Bank target, money market (SELIC) overnight rate; from 1 Jul 1996 to 4 Mar 1999: Central Bank official rediscount rate; from 4 Jun 1986 to 30 Jun 1996: official market intervention rate, representative rate.",4,Central Bank of Brazil,"This rate can be considered the official policy rate as from 5 Mar 1999. From Jul 1996 to 4 Mar 1999, the TBC rate (basic interest rate) was used; from Mar 1999 onwards, the TARGET for the SELIC rate was used, which defines a threshold for the open market operations. The SELIC rate is a daily interest rate for overnight interbank loans collateralised by government bonds (overnight federal funds) registered and traded at the SELIC (Sistema Especial de Liquidação e Custódia - Special System for Settlement and Custody).", Central bank policy rates - Brazil - Monthly - End of period,2020-02,4.25,A,F,
M,BR,368,0,,"From 5 Mar 1999 onwards Central Bank target, money market (SELIC) overnight rate; from 1 Jul 1996 to 4 Mar 1999: Central Bank official rediscount rate; from 4 Jun 1986 to 30 Jun 1996: official market intervention rate, representative rate.",4,Central Bank of Brazil,"This rate can be considered the official policy rate as from 5 Mar 1999. From Jul 1996 to 4 Mar 1999, the TBC rate (basic interest rate) was used; from Mar 1999 onwards, the TARGET for the SELIC rate was used, which defines a threshold for the open market operations. The SELIC rate is a daily interest rate for overnight interbank loans collateralised by government bonds (overnight federal funds) registered and traded at the SELIC (Sistema Especial de Liquidação e Custódia - Special System for Settlement and Custody).", Central bank policy rates - Brazil - Monthly - End of period,2020-03,3.75,A,F,
M,BR,368,0,,"From 5 Mar 1999 onwards Central Bank target, money market (SELIC) overnight rate; from 1 Jul 1996 to 4 Mar 1999: Central Bank official rediscount rate; from 4 Jun 1986 to 30 Jun 1996: official market intervention rate, representative rate.",4,Central Bank of Brazil,"This rate can be considered the official policy rate as from 5 Mar 1999. From Jul 1996 to 4 Mar 1999, the TBC rate (basic interest rate) was used; from Mar 1999 onwards, the TARGET for the SELIC rate was used, which defines a threshold for the open market operations. The SELIC rate is a daily interest rate for overnight interbank loans collateralised by government bonds (overnight federal funds) registered and traded at the SELIC (Sistema Especial de Liquidação e Custódia - Special System for Settlement and Custody).", Central bank policy rates - Brazil - Monthly - End of period,2020-04,3.75,A,F,
M,BR,368,0,,"From 5 Mar 1999 onwards Central Bank target, money market (SELIC) overnight rate; from 1 Jul 1996 to 4 Mar 1999: Central Bank official rediscount rate; from 4 Jun 1986 to 30 Jun 1996: official market intervention rate, representative rate.",4,Central Bank of Brazil,"This rate can be considered the official policy rate as from 5 Mar 1999. From Jul 1996 to 4 Mar 1999, the TBC rate (basic interest rate) was used; from Mar 1999 onwards, the TARGET for the SELIC rate was used, which defines a threshold for the open market operations. The SELIC rate is a daily interest rate for overnight interbank loans collateralised by government bonds (overnight federal funds) registered and traded at the SELIC (Sistema Especial de Liquidação e Custódia - Special System for Settlement and Custody).", Central bank policy rates - Brazil - Monthly - End of period,2020-05,3,A,F,
M,BR,368,0,,"From 5 Mar 1999 onwards Central Bank target, money market (SELIC) overnight rate; from 1 Jul 1996 to 4 Mar 1999: Central Bank official rediscount rate; from 4 Jun 1986 to 30 Jun 1996: official market intervention rate, representative rate.",4,Central Bank of Brazil,"This rate can be considered the official policy rate as from 5 Mar 1999. From Jul 1996 to 4 Mar 1999, the TBC rate (basic interest rate) was used; from Mar 1999 onwards, the TARGET for the SELIC rate was used, which defines a threshold for the open market operations. The SELIC rate is a daily interest rate for overnight interbank loans collateralised by government bonds (overnight federal funds) registered and traded at the SELIC (Sistema Especial de Liquidação e Custódia - Special System for Settlement and Custody).", Central bank policy rates - Brazil - Monthly - End of period,2020-06,2.25,A,F,
M,BR,368,0,,"From 5 Mar 1999 onwards Central Bank target, money market (SELIC) overnight rate; from 1 Jul 1996 to 4 Mar 1999: Central Bank official rediscount rate; from 4 Jun 1986 to 30 Jun 1996: official market intervention rate, representative rate.",4,Central Bank of Brazil,"This rate can be considered the official policy rate as from 5 Mar 1999. From Jul 1996 to 4 Mar 1999, the TBC rate (basic interest rate) was used; from Mar 1999 onwards, the TARGET for the SELIC rate was used, which defines a threshold for the open market operations. The SELIC rate is a daily interest rate for overnight interbank loans collateralised by government bonds (overnight federal funds) registered and traded at the SELIC (Sistema Especial de Liquidação e Custódia - Special System for Settlement and Custody).", Central bank policy rates - Brazil - Monthly - End of period,2020-07,2.25,A,F,
M,BR,368,0,,"From 5 Mar 1999 onwards Central Bank target, money market (SELIC) overnight rate; from 1 Jul 1996 to 4 Mar 1999: Central Bank official rediscount rate; from 4 Jun 1986 to 30 Jun 1996: official market intervention rate, representative rate.",4,Central Bank of Brazil,"This rate can be considered the official policy rate as from 5 Mar 1999. From Jul 1996 to 4 Mar 1999, the TBC rate (basic interest rate) was used; from Mar 1999 onwards, the TARGET for the SELIC rate was used, which defines a threshold for the open market operations. The SELIC rate is a daily interest rate for overnight interbank loans collateralised by government bonds (overnight federal funds) registered and traded at the SELIC (Sistema Especial de Liquidação e Custódia - Special System for Settlement and Custody).", Central bank policy rates - Brazil - Monthly - End of period,2020-08,2,A,F,
M,BR,368,0,,"From 5 Mar 1999 onwards Central Bank target, money market (SELIC) overnight rate; from 1 Jul 1996 to 4 Mar 1999: Central Bank official rediscount rate; from 4 Jun 1986 to 30 Jun 1996: official market intervention rate, representative rate.",4,Central Bank of Brazil,"This rate can be considered the official policy rate as from 5 Mar 1999. From Jul 1996 to 4 Mar 1999, the TBC rate (basic interest rate) was used; from Mar 1999 onwards, the TARGET for the SELIC rate was used, which defines a threshold for the open market operations. The SELIC rate is a daily interest rate for overnight interbank loans collateralised by government bonds (overnight federal funds) registered and traded at the SELIC (Sistema Especial de Liquidação e Custódia - Special System for Settlement and Custody).", Central bank policy rates - Brazil - Monthly - End of period,2020-09,2,A,F,
M,BR,368,0,,"From 5 Mar 1999 onwards Central Bank target, money market (SELIC) overnight rate; from 1 Jul 1996 to 4 Mar 1999: Central Bank official rediscount rate; from 4 Jun 1986 to 30 Jun 1996: official market intervention rate, representative rate.",4,Central Bank of Brazil,"This rate can be considered the official policy rate as from 5 Mar 1999. From Jul 1996 to 4 Mar 1999, the TBC rate (basic interest rate) was used; from Mar 1999 onwards, the TARGET for the SELIC rate was used, which defines a threshold for the open market operations. The SELIC rate is a daily interest rate for overnight interbank loans collateralised by government bonds (overnight federal funds) registered and traded at the SELIC (Sistema Especial de Liquidação e Custódia - Special System for Settlement and Custody).", Central bank policy rates - Brazil - Monthly - End of period,2020-10,2,A,F,
M,BR,368,0,,"From 5 Mar 1999 onwards Central Bank target, money market (SELIC) overnight rate; from 1 Jul 1996 to 4 Mar 1999: Central Bank official rediscount rate; from 4 Jun 1986 to 30 Jun 1996: official market intervention rate, representative rate.",4,Central Bank of Brazil,"This rate can be considered the official policy rate as from 5 Mar 1999. From Jul 1996 to 4 Mar 1999, the TBC rate (basic interest rate) was used; from Mar 1999 onwards, the TARGET for the SELIC rate was used, which defines a threshold for the open market operations. The SELIC rate is a daily interest rate for overnight interbank loans collateralised by government bonds (overnight federal funds) registered and traded at the SELIC (Sistema Especial de Liquidação e Custódia - Special System for Settlement and Custody).", Central bank policy rates - Brazil - Monthly - End of period,2020-11,2,A,F,
M,BR,368,0,,"From 5 Mar 1999 onwards Central Bank target, money market (SELIC) overnight rate; from 1 Jul 1996 to 4 Mar 1999: Central Bank official rediscount rate; from 4 Jun 1986 to 30 Jun 1996: official market intervention rate, representative rate.",4,Central Bank of Brazil,"This rate can be considered the official policy rate as from 5 Mar 1999. From Jul 1996 to 4 Mar 1999, the TBC rate (basic interest rate) was used; from Mar 1999 onwards, the TARGET for the SELIC rate was used, which defines a threshold for the open market operations. The SELIC rate is a daily interest rate for overnight interbank loans collateralised by government bonds (overnight federal funds) registered and traded at the SELIC (Sistema Especial de Liquidação e Custódia - Special System for Settlement and Custody).", Central bank policy rates - Brazil - Monthly - End of period,2020-12,2,A,F,
M,BR,368,0,,"From 5 Mar 1999 onwards Central Bank target, money market (SELIC) overnight rate; from 1 Jul 1996 to 4 Mar 1999: Central Bank official rediscount rate; from 4 Jun 1986 to 30 Jun 1996: official market intervention rate, representative rate.",4,Central Bank of Brazil,"This rate can be considered the official policy rate as from 5 Mar 1999. From Jul 1996 to 4 Mar 1999, the TBC rate (basic interest rate) was used; from Mar 1999 onwards, the TARGET for the SELIC rate was used, which defines a threshold for the open market operations. The SELIC rate is a daily interest rate for overnight interbank loans collateralised by government bonds (overnight federal funds) registered and traded at the SELIC (Sistema Especial de Liquidação e Custódia - Special System for Settlement and Custody).", Central bank policy rates - Brazil - Monthly - End of period,2021-01,2,A,F,
M,BR,368,0,,"From 5 Mar 1999 onwards Central Bank target, money market (SELIC) overnight rate; from 1 Jul 1996 to 4 Mar 1999: Central Bank official rediscount rate; from 4 Jun 1986 to 30 Jun 1996: official market intervention rate, representative rate.",4,Central Bank of Brazil,"This rate can be considered the official policy rate as from 5 Mar 1999. From Jul 1996 to 4 Mar 1999, the TBC rate (basic interest rate) was used; from Mar 1999 onwards, the TARGET for the SELIC rate was used, which defines a threshold for the open market operations. The SELIC rate is a daily interest rate for overnight interbank loans collateralised by government bonds (overnight federal funds) registered and traded at the SELIC (Sistema Especial de Liquidação e Custódia - Special System for Settlement and Custody).", Central bank policy rates - Brazil - Monthly - End of period,2021-02,2,A,F,
M,BR,368,0,,"From 5 Mar 1999 onwards Central Bank target, money market (SELIC) overnight rate; from 1 Jul 1996 to 4 Mar 1999: Central Bank official rediscount rate; from 4 Jun 1986 to 30 Jun 1996: official market intervention rate, representative rate.",4,Central Bank of Brazil,"This rate can be considered the official policy rate as from 5 Mar 1999. From Jul 1996 to 4 Mar 1999, the TBC rate (basic interest rate) was used; from Mar 1999 onwards, the TARGET for the SELIC rate was used, which defines a threshold for the open market operations. The SELIC rate is a daily interest rate for overnight interbank loans collateralised by government bonds (overnight federal funds) registered and traded at the SELIC (Sistema Especial de Liquidação e Custódia - Special System for Settlement and Custody).", Central bank policy rates - Brazil - Monthly - End of period,2021-03,2.75,A,F,
M,BR,368,0,,"From 5 Mar 1999 onwards Central Bank target, money market (SELIC) overnight rate; from 1 Jul 1996 to 4 Mar 1999: Central Bank official rediscount rate; from 4 Jun 1986 to 30 Jun 1996: official market intervention rate, representative rate.",4,Central Bank of Brazil,"This rate can be considered the official policy rate as from 5 Mar 1999. From Jul 1996 to 4 Mar 1999, the TBC rate (basic interest rate) was used; from Mar 1999 onwards, the TARGET for the SELIC rate was used, which defines a threshold for the open market operations. The SELIC rate is a daily interest rate for overnight interbank loans collateralised by government bonds (overnight federal funds) registered and traded at the SELIC (Sistema Especial de Liquidação e Custódia - Special System for Settlement and Custody).", Central bank policy rates - Brazil - Monthly - End of period,2021-04,2.75,A,F,
M,BR,368,0,,"From 5 Mar 1999 onwards Central Bank target, money market (SELIC) overnight rate; from 1 Jul 1996 to 4 Mar 1999: Central Bank official rediscount rate; from 4 Jun 1986 to 30 Jun 1996: official market intervention rate, representative rate.",4,Central Bank of Brazil,"This rate can be considered the official policy rate as from 5 Mar 1999. From Jul 1996 to 4 Mar 1999, the TBC rate (basic interest rate) was used; from Mar 1999 onwards, the TARGET for the SELIC rate was used, which defines a threshold for the open market operations. The SELIC rate is a daily interest rate for overnight interbank loans collateralised by government bonds (overnight federal funds) registered and traded at the SELIC (Sistema Especial de Liquidação e Custódia - Special System for Settlement and Custody).", Central bank policy rates - Brazil - Monthly - End of period,2021-05,3.5,A,F,
M,BR,368,0,,"From 5 Mar 1999 onwards Central Bank target, money market (SELIC) overnight rate; from 1 Jul 1996 to 4 Mar 1999: Central Bank official rediscount rate; from 4 Jun 1986 to 30 Jun 1996: official market intervention rate, representative rate.",4,Central Bank of Brazil,"This rate can be considered the official policy rate as from 5 Mar 1999. From Jul 1996 to 4 Mar 1999, the TBC rate (basic interest rate) was used; from Mar 1999 onwards, the TARGET for the SELIC rate was used, which defines a threshold for the open market operations. The SELIC rate is a daily interest rate for overnight interbank loans collateralised by government bonds (overnight federal funds) registered and traded at the SELIC (Sistema Especial de Liquidação e Custódia - Special System for Settlement and Custody).", Central bank policy rates - Brazil - Monthly - End of period,2021-06,4.25,A,F,
M,BR,368,0,,"From 5 Mar 1999 onwards Central Bank target, money market (SELIC) overnight rate; from 1 Jul 1996 to 4 Mar 1999: Central Bank official rediscount rate; from 4 Jun 1986 to 30 Jun 1996: official market intervention rate, representative rate.",4,Central Bank of Brazil,"This rate can be considered the official policy rate as from 5 Mar 1999. From Jul 1996 to 4 Mar 1999, the TBC rate (basic interest rate) was used; from Mar 1999 onwards, the TARGET for the SELIC rate was used, which defines a threshold for the open market operations. The SELIC rate is a daily interest rate for overnight interbank loans collateralised by government bonds (overnight federal funds) registered and traded at the SELIC (Sistema Especial de Liquidação e Custódia - Special System for Settlement and Custody).", Central bank policy rates - Brazil - Monthly - End of period,2021-07,4.25,A,F,
M,BR,368,0,,"From 5 Mar 1999 onwards Central Bank target, money market (SELIC) overnight rate; from 1 Jul 1996 to 4 Mar 1999: Central Bank official rediscount rate; from 4 Jun 1986 to 30 Jun 1996: official market intervention rate, representative rate.",4,Central Bank of Brazil,"This rate can be considered the official policy rate as from 5 Mar 1999. From Jul 1996 to 4 Mar 1999, the TBC rate (basic interest rate) was used; from Mar 1999 onwards, the TARGET for the SELIC rate was used, which defines a threshold for the open market operations. The SELIC rate is a daily interest rate for overnight interbank loans collateralised by government bonds (overnight federal funds) registered and traded at the SELIC (Sistema Especial de Liquidação e Custódia - Special System for Settlement and Custody).", Central bank policy rates - Brazil - Monthly - End of period,2021-08,5.25,A,F,
M,BR,368,0,,"From 5 Mar 1999 onwards Central Bank target, money market (SELIC) overnight rate; from 1 Jul 1996 to 4 Mar 1999: Central Bank official rediscount rate; from 4 Jun 1986 to 30 Jun 1996: official market intervention rate, representative rate.",4,Central Bank of Brazil,"This rate can be considered the official policy rate as from 5 Mar 1999. From Jul 1996 to 4 Mar 1999, the TBC rate (basic interest rate) was used; from Mar 1999 onwards, the TARGET for the SELIC rate was used, which defines a threshold for the open market operations. The SELIC rate is a daily interest rate for overnight interbank loans collateralised by government bonds (overnight federal funds) registered and traded at the SELIC (Sistema Especial de Liquidação e Custódia - Special System for Settlement and Custody).", Central bank policy rates - Brazil - Monthly - End of period,2021-09,6.25,A,F,
M,BR,368,0,,"From 5 Mar 1999 onwards Central Bank target, money market (SELIC) overnight rate; from 1 Jul 1996 to 4 Mar 1999: Central Bank official rediscount rate; from 4 Jun 1986 to 30 Jun 1996: official market intervention rate, representative rate.",4,Central Bank of Brazil,"This rate can be considered the official policy rate as from 5 Mar 1999. From Jul 1996 to 4 Mar 1999, the TBC rate (basic interest rate) was used; from Mar 1999 onwards, the TARGET for the SELIC rate was used, which defines a threshold for the open market operations. The SELIC rate is a daily interest rate for overnight interbank loans collateralised by government bonds (overnight federal funds) registered and traded at the SELIC (Sistema Especial de Liquidação e Custódia - Special System for Settlement and Custody).", Central bank policy rates - Brazil - Monthly - End of period,2021-10,7.75,A,F,
M,BR,368,0,,"From 5 Mar 1999 onwards Central Bank target, money market (SELIC) overnight rate; from 1 Jul 1996 to 4 Mar 1999: Central Bank official rediscount rate; from 4 Jun 1986 to 30 Jun 1996: official market intervention rate, representative rate.",4,Central Bank of Brazil,"This rate can be considered the official policy rate as from 5 Mar 1999. From Jul 1996 to 4 Mar 1999, the TBC rate (basic interest rate) was used; from Mar 1999 onwards, the TARGET for the SELIC rate was used, which defines a threshold for the open market operations. The SELIC rate is a daily interest rate for overnight interbank loans collateralised by government bonds (overnight federal funds) registered and traded at the SELIC (Sistema Especial de Liquidação e Custódia - Special System for Settlement and Custody).", Central bank policy rates - Brazil - Monthly - End of period,2021-11,7.75,A,F,
M,BR,368,0,,"From 5 Mar 1999 onwards Central Bank target, money market (SELIC) overnight rate; from 1 Jul 1996 to 4 Mar 1999: Central Bank official rediscount rate; from 4 Jun 1986 to 30 Jun 1996: official market intervention rate, representative rate.",4,Central Bank of Brazil,"This rate can be considered the official policy rate as from 5 Mar 1999. From Jul 1996 to 4 Mar 1999, the TBC rate (basic interest rate) was used; from Mar 1999 onwards, the TARGET for the SELIC rate was used, which defines a threshold for the open market operations. The SELIC rate is a daily interest rate for overnight interbank loans collateralised by government bonds (overnight federal funds) registered and traded at the SELIC (Sistema Especial de Liquidação e Custódia - Special System for Settlement and Custody).", Central bank policy rates - Brazil - Monthly - End of period,2021-12,9.25,A,F,
M,BR,368,0,,"From 5 Mar 1999 onwards Central Bank target, money market (SELIC) overnight rate; from 1 Jul 1996 to 4 Mar 1999: Central Bank official rediscount rate; from 4 Jun 1986 to 30 Jun 1996: official market intervention rate, representative rate.",4,Central Bank of Brazil,"This rate can be considered the official policy rate as from 5 Mar 1999. From Jul 1996 to 4 Mar 1999, the TBC rate (basic interest rate) was used; from Mar 1999 onwards, the TARGET for the SELIC rate was used, which defines a threshold for the open market operations. The SELIC rate is a daily interest rate for overnight interbank loans collateralised by government bonds (overnight federal funds) registered and traded at the SELIC (Sistema Especial de Liquidação e Custódia - Special System for Settlement and Custody).", Central bank policy rates - Brazil - Monthly - End of period,2022-01,9.25,A,F,
M,BR,368,0,,"From 5 Mar 1999 onwards Central Bank target, money market (SELIC) overnight rate; from 1 Jul 1996 to 4 Mar 1999: Central Bank official rediscount rate; from 4 Jun 1986 to 30 Jun 1996: official market intervention rate, representative rate.",4,Central Bank of Brazil,"This rate can be considered the official policy rate as from 5 Mar 1999. From Jul 1996 to 4 Mar 1999, the TBC rate (basic interest rate) was used; from Mar 1999 onwards, the TARGET for the SELIC rate was used, which defines a threshold for the open market operations. The SELIC rate is a daily interest rate for overnight interbank loans collateralised by government bonds (overnight federal funds) registered and traded at the SELIC (Sistema Especial de Liquidação e Custódia - Special System for Settlement and Custody).", Central bank policy rates - Brazil - Monthly - End of period,2022-02,10.75,A,F,
M,BR,368,0,,"From 5 Mar 1999 onwards Central Bank target, money market (SELIC) overnight rate; from 1 Jul 1996 to 4 Mar 1999: Central Bank official rediscount rate; from 4 Jun 1986 to 30 Jun 1996: official market intervention rate, representative rate.",4,Central Bank of Brazil,"This rate can be considered the official policy rate as from 5 Mar 1999. From Jul 1996 to 4 Mar 1999, the TBC rate (basic interest rate) was used; from Mar 1999 onwards, the TARGET for the SELIC rate was used, which defines a threshold for the open market operations. The SELIC rate is a daily interest rate for overnight interbank loans collateralised by government bonds (overnight federal funds) registered and traded at the SELIC (Sistema Especial de Liquidação e Custódia - Special System for Settlement and Custody).", Central bank policy rates - Brazil - Monthly - End of period,2022-03,11.75,A,F,
M,BR,368,0,,"From 5 Mar 1999 onwards Central Bank target, money market (SELIC) overnight rate; from 1 Jul 1996 to 4 Mar 1999: Central Bank official rediscount rate; from 4 Jun 1986 to 30 Jun 1996: official market intervention rate, representative rate.",4,Central Bank of Brazil,"This rate can be considered the official policy rate as from 5 Mar 1999. From Jul 1996 to 4 Mar 1999, the TBC rate (basic interest rate) was used; from Mar 1999 onwards, the TARGET for the SELIC rate was used, which defines a threshold for the open market operations. The SELIC rate is a daily interest rate for overnight interbank loans collateralised by government bonds (overnight federal funds) registered and traded at the SELIC (Sistema Especial de Liquidação e Custódia - Special System for Settlement and Custody).", Central bank policy rates - Brazil - Monthly - End of period,2022-04,11.75,A,F,
M,BR,368,0,,"From 5 Mar 1999 onwards Central Bank target, money market (SELIC) overnight rate; from 1 Jul 1996 to 4 Mar 1999: Central Bank official rediscount rate; from 4 Jun 1986 to 30 Jun 1996: official market intervention rate, representative rate.",4,Central Bank of Brazil,"This rate can be considered the official policy rate as from 5 Mar 1999. From Jul 1996 to 4 Mar 1999, the TBC rate (basic interest rate) was used; from Mar 1999 onwards, the TARGET for the SELIC rate was used, which defines a threshold for the open market operations. The SELIC rate is a daily interest rate for overnight interbank loans collateralised by government bonds (overnight federal funds) registered and traded at the SELIC (Sistema Especial de Liquidação e Custódia - Special System for Settlement and Custody).", Central bank policy rates - Brazil - Monthly - End of period,2022-05,12.75,A,F,
M,BR,368,0,,"From 5 Mar 1999 onwards Central Bank target, money market (SELIC) overnight rate; from 1 Jul 1996 to 4 Mar 1999: Central Bank official rediscount rate; from 4 Jun 1986 to 30 Jun 1996: official market intervention rate, representative rate.",4,Central Bank of Brazil,"This rate can be considered the official policy rate as from 5 Mar 1999. From Jul 1996 to 4 Mar 1999, the TBC rate (basic interest rate) was used; from Mar 1999 onwards, the TARGET for the SELIC rate was used, which defines a threshold for the open market operations. The SELIC rate is a daily interest rate for overnight interbank loans collateralised by government bonds (overnight federal funds) registered and traded at the SELIC (Sistema Especial de Liquidação e Custódia - Special System for Settlement and Custody).", Central bank policy rates - Brazil - Monthly - End of period,2022-06,13.25,A,F,
M,BR,368,0,,"From 5 Mar 1999 onwards Central Bank target, money market (SELIC) overnight rate; from 1 Jul 1996 to 4 Mar 1999: Central Bank official rediscount rate; from 4 Jun 1986 to 30 Jun 1996: official market intervention rate, representative rate.",4,Central Bank of Brazil,"This rate can be considered the official policy rate as from 5 Mar 1999. From Jul 1996 to 4 Mar 1999, the TBC rate (basic interest rate) was used; from Mar 1999 onwards, the TARGET for the SELIC rate was used, which defines a threshold for the open market operations. The SELIC rate is a daily interest rate for overnight interbank loans collateralised by government bonds (overnight federal funds) registered and traded at the SELIC (Sistema Especial de Liquidação e Custódia - Special System for Settlement and Custody).", Central bank policy rates - Brazil - Monthly - End of period,2022-07,13.25,A,F,
M,BR,368,0,,"From 5 Mar 1999 onwards Central Bank target, money market (SELIC) overnight rate; from 1 Jul 1996 to 4 Mar 1999: Central Bank official rediscount rate; from 4 Jun 1986 to 30 Jun 1996: official market intervention rate, representative rate.",4,Central Bank of Brazil,"This rate can be considered the official policy rate as from 5 Mar 1999. From Jul 1996 to 4 Mar 1999, the TBC rate (basic interest rate) was used; from Mar 1999 onwards, the TARGET for the SELIC rate was used, which defines a threshold for the open market operations. The SELIC rate is a daily interest rate for overnight interbank loans collateralised by government bonds (overnight federal funds) registered and traded at the SELIC (Sistema Especial de Liquidação e Custódia - Special System for Settlement and Custody).", Central bank policy rates - Brazil - Monthly - End of period,2022-08,13.75,A,F,
M,BR,368,0,,"From 5 Mar 1999 onwards Central Bank target, money market (SELIC) overnight rate; from 1 Jul 1996 to 4 Mar 1999: Central Bank official rediscount rate; from 4 Jun 1986 to 30 Jun 1996: official market intervention rate, representative rate.",4,Central Bank of Brazil,"This rate can be considered the official policy rate as from 5 Mar 1999. From Jul 1996 to 4 Mar 1999, the TBC rate (basic interest rate) was used; from Mar 1999 onwards, the TARGET for the SELIC rate was used, which defines a threshold for the open market operations. The SELIC rate is a daily interest rate for overnight interbank loans collateralised by government bonds (overnight federal funds) registered and traded at the SELIC (Sistema Especial de Liquidação e Custódia - Special System for Settlement and Custody).", Central bank policy rates - Brazil - Monthly - End of period,2022-09,13.75,A,F,
M,BR,368,0,,"From 5 Mar 1999 onwards Central Bank target, money market (SELIC) overnight rate; from 1 Jul 1996 to 4 Mar 1999: Central Bank official rediscount rate; from 4 Jun 1986 to 30 Jun 1996: official market intervention rate, representative rate.",4,Central Bank of Brazil,"This rate can be considered the official policy rate as from 5 Mar 1999. From Jul 1996 to 4 Mar 1999, the TBC rate (basic interest rate) was used; from Mar 1999 onwards, the TARGET for the SELIC rate was used, which defines a threshold for the open market operations. The SELIC rate is a daily interest rate for overnight interbank loans collateralised by government bonds (overnight federal funds) registered and traded at the SELIC (Sistema Especial de Liquidação e Custódia - Special System for Settlement and Custody).", Central bank policy rates - Brazil - Monthly - End of period,2022-10,13.75,A,F,
M,BR,368,0,,"From 5 Mar 1999 onwards Central Bank target, money market (SELIC) overnight rate; from 1 Jul 1996 to 4 Mar 1999: Central Bank official rediscount rate; from 4 Jun 1986 to 30 Jun 1996: official market intervention rate, representative rate.",4,Central Bank of Brazil,"This rate can be considered the official policy rate as from 5 Mar 1999. From Jul 1996 to 4 Mar 1999, the TBC rate (basic interest rate) was used; from Mar 1999 onwards, the TARGET for the SELIC rate was used, which defines a threshold for the open market operations. The SELIC rate is a daily interest rate for overnight interbank loans collateralised by government bonds (overnight federal funds) registered and traded at the SELIC (Sistema Especial de Liquidação e Custódia - Special System for Settlement and Custody).", Central bank policy rates - Brazil - Monthly - End of period,2022-11,13.75,A,F,
M,BR,368,0,,"From 5 Mar 1999 onwards Central Bank target, money market (SELIC) overnight rate; from 1 Jul 1996 to 4 Mar 1999: Central Bank official rediscount rate; from 4 Jun 1986 to 30 Jun 1996: official market intervention rate, representative rate.",4,Central Bank of Brazil,"This rate can be considered the official policy rate as from 5 Mar 1999. From Jul 1996 to 4 Mar 1999, the TBC rate (basic interest rate) was used; from Mar 1999 onwards, the TARGET for the SELIC rate was used, which defines a threshold for the open market operations. The SELIC rate is a daily interest rate for overnight interbank loans collateralised by government bonds (overnight federal funds) registered and traded at the SELIC (Sistema Especial de Liquidação e Custódia - Special System for Settlement and Custody).", Central bank policy rates - Brazil - Monthly - End of period,2022-12,13.75,A,F,
M,BR,368,0,,"From 5 Mar 1999 onwards Central Bank target, money market (SELIC) overnight rate; from 1 Jul 1996 to 4 Mar 1999: Central Bank official rediscount rate; from 4 Jun 1986 to 30 Jun 1996: official market intervention rate, representative rate.",4,Central Bank of Brazil,"This rate can be considered the official policy rate as from 5 Mar 1999. From Jul 1996 to 4 Mar 1999, the TBC rate (basic interest rate) was used; from Mar 1999 onwards, the TARGET for the SELIC rate was used, which defines a threshold for the open market operations. The SELIC rate is a daily interest rate for overnight interbank loans collateralised by government bonds (overnight federal funds) registered and traded at the SELIC (Sistema Especial de Liquidação e Custódia - Special System for Settlement and Custody).", Central bank policy rates - Brazil - Monthly - End of period,2023-01,13.75,A,F,
M,BR,368,0,,"From 5 Mar 1999 onwards Central Bank target, money market (SELIC) overnight rate; from 1 Jul 1996 to 4 Mar 1999: Central Bank official rediscount rate; from 4 Jun 1986 to 30 Jun 1996: official market intervention rate, representative rate.",4,Central Bank of Brazil,"This rate can be considered the official policy rate as from 5 Mar 1999. From Jul 1996 to 4 Mar 1999, the TBC rate (basic interest rate) was used; from Mar 1999 onwards, the TARGET for the SELIC rate was used, which defines a threshold for the open market operations. The SELIC rate is a daily interest rate for overnight interbank loans collateralised by government bonds (overnight federal funds) registered and traded at the SELIC (Sistema Especial de Liquidação e Custódia - Special System for Settlement and Custody).", Central bank policy rates - Brazil - Monthly - End of period,2023-02,13.75,A,F,
M,BR,368,0,,"From 5 Mar 1999 onwards Central Bank target, money market (SELIC) overnight rate; from 1 Jul 1996 to 4 Mar 1999: Central Bank official rediscount rate; from 4 Jun 1986 to 30 Jun 1996: official market intervention rate, representative rate.",4,Central Bank of Brazil,"This rate can be considered the official policy rate as from 5 Mar 1999. From Jul 1996 to 4 Mar 1999, the TBC rate (basic interest rate) was used; from Mar 1999 onwards, the TARGET for the SELIC rate was used, which defines a threshold for the open market operations. The SELIC rate is a daily interest rate for overnight interbank loans collateralised by government bonds (overnight federal funds) registered and traded at the SELIC (Sistema Especial de Liquidação e Custódia - Special System for Settlement and Custody).", Central bank policy rates - Brazil - Monthly - End of period,2023-03,13.75,A,F,
M,BR,368,0,,"From 5 Mar 1999 onwards Central Bank target, money market (SELIC) overnight rate; from 1 Jul 1996 to 4 Mar 1999: Central Bank official rediscount rate; from 4 Jun 1986 to 30 Jun 1996: official market intervention rate, representative rate.",4,Central Bank of Brazil,"This rate can be considered the official policy rate as from 5 Mar 1999. From Jul 1996 to 4 Mar 1999, the TBC rate (basic interest rate) was used; from Mar 1999 onwards, the TARGET for the SELIC rate was used, which defines a threshold for the open market operations. The SELIC rate is a daily interest rate for overnight interbank loans collateralised by government bonds (overnight federal funds) registered and traded at the SELIC (Sistema Especial de Liquidação e Custódia - Special System for Settlement and Custody).", Central bank policy rates - Brazil - Monthly - End of period,2023-04,13.75,A,F,
M,BR,368,0,,"From 5 Mar 1999 onwards Central Bank target, money market (SELIC) overnight rate; from 1 Jul 1996 to 4 Mar 1999: Central Bank official rediscount rate; from 4 Jun 1986 to 30 Jun 1996: official market intervention rate, representative rate.",4,Central Bank of Brazil,"This rate can be considered the official policy rate as from 5 Mar 1999. From Jul 1996 to 4 Mar 1999, the TBC rate (basic interest rate) was used; from Mar 1999 onwards, the TARGET for the SELIC rate was used, which defines a threshold for the open market operations. The SELIC rate is a daily interest rate for overnight interbank loans collateralised by government bonds (overnight federal funds) registered and traded at the SELIC (Sistema Especial de Liquidação e Custódia - Special System for Settlement and Custody).", Central bank policy rates - Brazil - Monthly - End of period,2023-05,13.75,A,F,
M,BR,368,0,,"From 5 Mar 1999 onwards Central Bank target, money market (SELIC) overnight rate; from 1 Jul 1996 to 4 Mar 1999: Central Bank official rediscount rate; from 4 Jun 1986 to 30 Jun 1996: official market intervention rate, representative rate.",4,Central Bank of Brazil,"This rate can be considered the official policy rate as from 5 Mar 1999. From Jul 1996 to 4 Mar 1999, the TBC rate (basic interest rate) was used; from Mar 1999 onwards, the TARGET for the SELIC rate was used, which defines a threshold for the open market operations. The SELIC rate is a daily interest rate for overnight interbank loans collateralised by government bonds (overnight federal funds) registered and traded at the SELIC (Sistema Especial de Liquidação e Custódia - Special System for Settlement and Custody).", Central bank policy rates - Brazil - Monthly - End of period,2023-06,13.75,A,F,
M,BR,368,0,,"From 5 Mar 1999 onwards Central Bank target, money market (SELIC) overnight rate; from 1 Jul 1996 to 4 Mar 1999: Central Bank official rediscount rate; from 4 Jun 1986 to 30 Jun 1996: official market intervention rate, representative rate.",4,Central Bank of Brazil,"This rate can be considered the official policy rate as from 5 Mar 1999. From Jul 1996 to 4 Mar 1999, the TBC rate (basic interest rate) was used; from Mar 1999 onwards, the TARGET for the SELIC rate was used, which defines a threshold for the open market operations. The SELIC rate is a daily interest rate for overnight interbank loans collateralised by government bonds (overnight federal funds) registered and traded at the SELIC (Sistema Especial de Liquidação e Custódia - Special System for Settlement and Custody).", Central bank policy rates - Brazil - Monthly - End of period,2023-07,13.75,A,F,
M,BR,368,0,,"From 5 Mar 1999 onwards Central Bank target, money market (SELIC) overnight rate; from 1 Jul 1996 to 4 Mar 1999: Central Bank official rediscount rate; from 4 Jun 1986 to 30 Jun 1996: official market intervention rate, representative rate.",4,Central Bank of Brazil,"This rate can be considered the official policy rate as from 5 Mar 1999. From Jul 1996 to 4 Mar 1999, the TBC rate (basic interest rate) was used; from Mar 1999 onwards, the TARGET for the SELIC rate was used, which defines a threshold for the open market operations. The SELIC rate is a daily interest rate for overnight interbank loans collateralised by government bonds (overnight federal funds) registered and traded at the SELIC (Sistema Especial de Liquidação e Custódia - Special System for Settlement and Custody).", Central bank policy rates - Brazil - Monthly - End of period,2023-08,13.25,A,F,
M,BR,368,0,,"From 5 Mar 1999 onwards Central Bank target, money market (SELIC) overnight rate; from 1 Jul 1996 to 4 Mar 1999: Central Bank official rediscount rate; from 4 Jun 1986 to 30 Jun 1996: official market intervention rate, representative rate.",4,Central Bank of Brazil,"This rate can be considered the official policy rate as from 5 Mar 1999. From Jul 1996 to 4 Mar 1999, the TBC rate (basic interest rate) was used; from Mar 1999 onwards, the TARGET for the SELIC rate was used, which defines a threshold for the open market operations. The SELIC rate is a daily interest rate for overnight interbank loans collateralised by government bonds (overnight federal funds) registered and traded at the SELIC (Sistema Especial de Liquidação e Custódia - Special System for Settlement and Custody).", Central bank policy rates - Brazil - Monthly - End of period,2023-09,12.75,A,F,
M,BR,368,0,,"From 5 Mar 1999 onwards Central Bank target, money market (SELIC) overnight rate; from 1 Jul 1996 to 4 Mar 1999: Central Bank official rediscount rate; from 4 Jun 1986 to 30 Jun 1996: official market intervention rate, representative rate.",4,Central Bank of Brazil,"This rate can be considered the official policy rate as from 5 Mar 1999. From Jul 1996 to 4 Mar 1999, the TBC rate (basic interest rate) was used; from Mar 1999 onwards, the TARGET for the SELIC rate was used, which defines a threshold for the open market operations. The SELIC rate is a daily interest rate for overnight interbank loans collateralised by government bonds (overnight federal funds) registered and traded at the SELIC (Sistema Especial de Liquidação e Custódia - Special System for Settlement and Custody).", Central bank policy rates - Brazil - Monthly - End of period,2023-10,12.75,A,F,
M,BR,368,0,,"From 5 Mar 1999 onwards Central Bank target, money market (SELIC) overnight rate; from 1 Jul 1996 to 4 Mar 1999: Central Bank official rediscount rate; from 4 Jun 1986 to 30 Jun 1996: official market intervention rate, representative rate.",4,Central Bank of Brazil,"This rate can be considered the official policy rate as from 5 Mar 1999. From Jul 1996 to 4 Mar 1999, the TBC rate (basic interest rate) was used; from Mar 1999 onwards, the TARGET for the SELIC rate was used, which defines a threshold for the open market operations. The SELIC rate is a daily interest rate for overnight interbank loans collateralised by government bonds (overnight federal funds) registered and traded at the SELIC (Sistema Especial de Liquidação e Custódia - Special System for Settlement and Custody).", Central bank policy rates - Brazil - Monthly - End of period,2023-11,12.25,A,F,
M,BR,368,0,,"From 5 Mar 1999 onwards Central Bank target, money market (SELIC) overnight rate; from 1 Jul 1996 to 4 Mar 1999: Central Bank official rediscount rate; from 4 Jun 1986 to 30 Jun 1996: official market intervention rate, representative rate.",4,Central Bank of Brazil,"This rate can be considered the official policy rate as from 5 Mar 1999. From Jul 1996 to 4 Mar 1999, the TBC rate (basic interest rate) was used; from Mar 1999 onwards, the TARGET for the SELIC rate was used, which defines a threshold for the open market operations. The SELIC rate is a daily interest rate for overnight interbank loans collateralised by government bonds (overnight federal funds) registered and traded at the SELIC (Sistema Especial de Liquidação e Custódia - Special System for Settlement and Custody).", Central bank policy rates - Brazil - Monthly - End of period,2023-12,11.75,A,F,
M,BR,368,0,,"From 5 Mar 1999 onwards Central Bank target, money market (SELIC) overnight rate; from 1 Jul 1996 to 4 Mar 1999: Central Bank official rediscount rate; from 4 Jun 1986 to 30 Jun 1996: official market intervention rate, representative rate.",4,Central Bank of Brazil,"This rate can be considered the official policy rate as from 5 Mar 1999. From Jul 1996 to 4 Mar 1999, the TBC rate (basic interest rate) was used; from Mar 1999 onwards, the TARGET for the SELIC rate was used, which defines a threshold for the open market operations. The SELIC rate is a daily interest rate for overnight interbank loans collateralised by government bonds (overnight federal funds) registered and traded at the SELIC (Sistema Especial de Liquidação e Custódia - Special System for Settlement and Custody).", Central bank policy rates - Brazil - Monthly - End of period,2024-01,11.75,A,F,
M,BR,368,0,,"From 5 Mar 1999 onwards Central Bank target, money market (SELIC) overnight rate; from 1 Jul 1996 to 4 Mar 1999: Central Bank official rediscount rate; from 4 Jun 1986 to 30 Jun 1996: official market intervention rate, representative rate.",4,Central Bank of Brazil,"This rate can be considered the official policy rate as from 5 Mar 1999. From Jul 1996 to 4 Mar 1999, the TBC rate (basic interest rate) was used; from Mar 1999 onwards, the TARGET for the SELIC rate was used, which defines a threshold for the open market operations. The SELIC rate is a daily interest rate for overnight interbank loans collateralised by government bonds (overnight federal funds) registered and traded at the SELIC (Sistema Especial de Liquidação e Custódia - Special System for Settlement and Custody).", Central bank policy rates - Brazil - Monthly - End of period,2024-02,11.25,A,F,
M,BR,368,0,,"From 5 Mar 1999 onwards Central Bank target, money market (SELIC) overnight rate; from 1 Jul 1996 to 4 Mar 1999: Central Bank official rediscount rate; from 4 Jun 1986 to 30 Jun 1996: official market intervention rate, representative rate.",4,Central Bank of Brazil,"This rate can be considered the official policy rate as from 5 Mar 1999. From Jul 1996 to 4 Mar 1999, the TBC rate (basic interest rate) was used; from Mar 1999 onwards, the TARGET for the SELIC rate was used, which defines a threshold for the open market operations. The SELIC rate is a daily interest rate for overnight interbank loans collateralised by government bonds (overnight federal funds) registered and traded at the SELIC (Sistema Especial de Liquidação e Custódia - Special System for Settlement and Custody).", Central bank policy rates - Brazil - Monthly - End of period,2024-03,10.75,A,F,
M,BR,368,0,,"From 5 Mar 1999 onwards Central Bank target, money market (SELIC) overnight rate; from 1 Jul 1996 to 4 Mar 1999: Central Bank official rediscount rate; from 4 Jun 1986 to 30 Jun 1996: official market intervention rate, representative rate.",4,Central Bank of Brazil,"This rate can be considered the official policy rate as from 5 Mar 1999. From Jul 1996 to 4 Mar 1999, the TBC rate (basic interest rate) was used; from Mar 1999 onwards, the TARGET for the SELIC rate was used, which defines a threshold for the open market operations. The SELIC rate is a daily interest rate for overnight interbank loans collateralised by government bonds (overnight federal funds) registered and traded at the SELIC (Sistema Especial de Liquidação e Custódia - Special System for Settlement and Custody).", Central bank policy rates - Brazil - Monthly - End of period,2024-04,10.75,A,F,
M,BR,368,0,,"From 5 Mar 1999 onwards Central Bank target, money market (SELIC) overnight rate; from 1 Jul 1996 to 4 Mar 1999: Central Bank official rediscount rate; from 4 Jun 1986 to 30 Jun 1996: official market intervention rate, representative rate.",4,Central Bank of Brazil,"This rate can be considered the official policy rate as from 5 Mar 1999. From Jul 1996 to 4 Mar 1999, the TBC rate (basic interest rate) was used; from Mar 1999 onwards, the TARGET for the SELIC rate was used, which defines a threshold for the open market operations. The SELIC rate is a daily interest rate for overnight interbank loans collateralised by government bonds (overnight federal funds) registered and traded at the SELIC (Sistema Especial de Liquidação e Custódia - Special System for Settlement and Custody).", Central bank policy rates - Brazil - Monthly - End of period,2024-05,10.5,A,F,
M,BR,368,0,,"From 5 Mar 1999 onwards Central Bank target, money market (SELIC) overnight rate; from 1 Jul 1996 to 4 Mar 1999: Central Bank official rediscount rate; from 4 Jun 1986 to 30 Jun 1996: official market intervention rate, representative rate.",4,Central Bank of Brazil,"This rate can be considered the official policy rate as from 5 Mar 1999. From Jul 1996 to 4 Mar 1999, the TBC rate (basic interest rate) was used; from Mar 1999 onwards, the TARGET for the SELIC rate was used, which defines a threshold for the open market operations. The SELIC rate is a daily interest rate for overnight interbank loans collateralised by government bonds (overnight federal funds) registered and traded at the SELIC (Sistema Especial de Liquidação e Custódia - Special System for Settlement and Custody).", Central bank policy rates - Brazil - Monthly - End of period,2024-06,10.5,A,F,
M,BR,368,0,,"From 5 Mar 1999 onwards Central Bank target, money market (SELIC) overnight rate; from 1 Jul 1996 to 4 Mar 1999: Central Bank official rediscount rate; from 4 Jun 1986 to 30 Jun 1996: official market intervention rate, representative rate.",4,Central Bank of Brazil,"This rate can be considered the official policy rate as from 5 Mar 1999. From Jul 1996 to 4 Mar 1999, the TBC rate (basic interest rate) was used; from Mar 1999 onwards, the TARGET for the SELIC rate was used, which defines a threshold for the open market operations. The SELIC rate is a daily interest rate for overnight interbank loans collateralised by government bonds (overnight federal funds) registered and traded at the SELIC (Sistema Especial de Liquidação e Custódia - Special System for Settlement and Custody).", Central bank policy rates - Brazil - Monthly - End of period,2024-07,10.5,A,F,
M,BR,368,0,,"From 5 Mar 1999 onwards Central Bank target, money market (SELIC) overnight rate; from 1 Jul 1996 to 4 Mar 1999: Central Bank official rediscount rate; from 4 Jun 1986 to 30 Jun 1996: official market intervention rate, representative rate.",4,Central Bank of Brazil,"This rate can be considered the official policy rate as from 5 Mar 1999. From Jul 1996 to 4 Mar 1999, the TBC rate (basic interest rate) was used; from Mar 1999 onwards, the TARGET for the SELIC rate was used, which defines a threshold for the open market operations. The SELIC rate is a daily interest rate for overnight interbank loans collateralised by government bonds (overnight federal funds) registered and traded at the SELIC (Sistema Especial de Liquidação e Custódia - Special System for Settlement and Custody).", Central bank policy rates - Brazil - Monthly - End of period,2024-08,10.5,A,F,
M,BR,368,0,,"From 5 Mar 1999 onwards Central Bank target, money market (SELIC) overnight rate; from 1 Jul 1996 to 4 Mar 1999: Central Bank official rediscount rate; from 4 Jun 1986 to 30 Jun 1996: official market intervention rate, representative rate.",4,Central Bank of Brazil,"This rate can be considered the official policy rate as from 5 Mar 1999. From Jul 1996 to 4 Mar 1999, the TBC rate (basic interest rate) was used; from Mar 1999 onwards, the TARGET for the SELIC rate was used, which defines a threshold for the open market operations. The SELIC rate is a daily interest rate for overnight interbank loans collateralised by government bonds (overnight federal funds) registered and traded at the SELIC (Sistema Especial de Liquidação e Custódia - Special System for Settlement and Custody).", Central bank policy rates - Brazil - Monthly - End of period,2024-09,10.75,A,F,
M,BR,368,0,,"From 5 Mar 1999 onwards Central Bank target, money market (SELIC) overnight rate; from 1 Jul 1996 to 4 Mar 1999: Central Bank official rediscount rate; from 4 Jun 1986 to 30 Jun 1996: official market intervention rate, representative rate.",4,Central Bank of Brazil,"This rate can be considered the official policy rate as from 5 Mar 1999. From Jul 1996 to 4 Mar 1999, the TBC rate (basic interest rate) was used; from Mar 1999 onwards, the TARGET for the SELIC rate was used, which defines a threshold for the open market operations. The SELIC rate is a daily interest rate for overnight interbank loans collateralised by government bonds (overnight federal funds) registered and traded at the SELIC (Sistema Especial de Liquidação e Custódia - Special System for Settlement and Custody).", Central bank policy rates - Brazil - Monthly - End of period,2024-10,10.75,A,F,
M,BR,368,0,,"From 5 Mar 1999 onwards Central Bank target, money market (SELIC) overnight rate; from 1 Jul 1996 to 4 Mar 1999: Central Bank official rediscount rate; from 4 Jun 1986 to 30 Jun 1996: official market intervention rate, representative rate.",4,Central Bank of Brazil,"This rate can be considered the official policy rate as from 5 Mar 1999. From Jul 1996 to 4 Mar 1999, the TBC rate (basic interest rate) was used; from Mar 1999 onwards, the TARGET for the SELIC rate was used, which defines a threshold for the open market operations. The SELIC rate is a daily interest rate for overnight interbank loans collateralised by government bonds (overnight federal funds) registered and traded at the SELIC (Sistema Especial de Liquidação e Custódia - Special System for Settlement and Custody).", Central bank policy rates - Brazil - Monthly - End of period,2024-11,11.25,A,F,
M,BR,368,0,,"From 5 Mar 1999 onwards Central Bank target, money market (SELIC) overnight rate; from 1 Jul 1996 to 4 Mar 1999: Central Bank official rediscount rate; from 4 Jun 1986 to 30 Jun 1996: official market intervention rate, representative rate.",4,Central Bank of Brazil,"This rate can be considered the official policy rate as from 5 Mar 1999. From Jul 1996 to 4 Mar 1999, the TBC rate (basic interest rate) was used; from Mar 1999 onwards, the TARGET for the SELIC rate was used, which defines a threshold for the open market operations. The SELIC rate is a daily interest rate for overnight interbank loans collateralised by government bonds (overnight federal funds) registered and traded at the SELIC (Sistema Especial de Liquidação e Custódia - Special System for Settlement and Custody).", Central bank policy rates - Brazil - Monthly - End of period,2024-12,12.25,A,F,
M,BR,368,0,,"From 5 Mar 1999 onwards Central Bank target, money market (SELIC) overnight rate; from 1 Jul 1996 to 4 Mar 1999: Central Bank official rediscount rate; from 4 Jun 1986 to 30 Jun 1996: official market intervention rate, representative rate.",4,Central Bank of Brazil,"This rate can be considered the official policy rate as from 5 Mar 1999. From Jul 1996 to 4 Mar 1999, the TBC rate (basic interest rate) was used; from Mar 1999 onwards, the TARGET for the SELIC rate was used, which defines a threshold for the open market operations. The SELIC rate is a daily interest rate for overnight interbank loans collateralised by government bonds (overnight federal funds) registered and traded at the SELIC (Sistema Especial de Liquidação e Custódia - Special System for Settlement and Custody).", Central bank policy rates - Brazil - Monthly - End of period,2025-01,13.25,A,F,
M,BR,368,0,,"From 5 Mar 1999 onwards Central Bank target, money market (SELIC) overnight rate; from 1 Jul 1996 to 4 Mar 1999: Central Bank official rediscount rate; from 4 Jun 1986 to 30 Jun 1996: official market intervention rate, representative rate.",4,Central Bank of Brazil,"This rate can be considered the official policy rate as from 5 Mar 1999. From Jul 1996 to 4 Mar 1999, the TBC rate (basic interest rate) was used; from Mar 1999 onwards, the TARGET for the SELIC rate was used, which defines a threshold for the open market operations. The SELIC rate is a daily interest rate for overnight interbank loans collateralised by government bonds (overnight federal funds) registered and traded at the SELIC (Sistema Especial de Liquidação e Custódia - Special System for Settlement and Custody).", Central bank policy rates - Brazil - Monthly - End of period,2025-02,13.25,A,F,
M,BR,368,0,,"From 5 Mar 1999 onwards Central Bank target, money market (SELIC) overnight rate; from 1 Jul 1996 to 4 Mar 1999: Central Bank official rediscount rate; from 4 Jun 1986 to 30 Jun 1996: official market intervention rate, representative rate.",4,Central Bank of Brazil,"This rate can be considered the official policy rate as from 5 Mar 1999. From Jul 1996 to 4 Mar 1999, the TBC rate (basic interest rate) was used; from Mar 1999 onwards, the TARGET for the SELIC rate was used, which defines a threshold for the open market operations. The SELIC rate is a daily interest rate for overnight interbank loans collateralised by government bonds (overnight federal funds) registered and traded at the SELIC (Sistema Especial de Liquidação e Custódia - Special System for Settlement and Custody).", Central bank policy rates - Brazil - Monthly - End of period,2025-03,14.25,A,F,
M,BR,368,0,,"From 5 Mar 1999 onwards Central Bank target, money market (SELIC) overnight rate; from 1 Jul 1996 to 4 Mar 1999: Central Bank official rediscount rate; from 4 Jun 1986 to 30 Jun 1996: official market intervention rate, representative rate.",4,Central Bank of Brazil,"This rate can be considered the official policy rate as from 5 Mar 1999. From Jul 1996 to 4 Mar 1999, the TBC rate (basic interest rate) was used; from Mar 1999 onwards, the TARGET for the SELIC rate was used, which defines a threshold for the open market operations. The SELIC rate is a daily interest rate for overnight interbank loans collateralised by government bonds (overnight federal funds) registered and traded at the SELIC (Sistema Especial de Liquidação e Custódia - Special System for Settlement and Custody).", Central bank policy rates - Brazil - Monthly - End of period,2025-04,14.25,A,F,
M,BR,368,0,,"From 5 Mar 1999 onwards Central Bank target, money market (SELIC) overnight rate; from 1 Jul 1996 to 4 Mar 1999: Central Bank official rediscount rate; from 4 Jun 1986 to 30 Jun 1996: official market intervention rate, representative rate.",4,Central Bank of Brazil,"This rate can be considered the official policy rate as from 5 Mar 1999. From Jul 1996 to 4 Mar 1999, the TBC rate (basic interest rate) was used; from Mar 1999 onwards, the TARGET for the SELIC rate was used, which defines a threshold for the open market operations. The SELIC rate is a daily interest rate for overnight interbank loans collateralised by government bonds (overnight federal funds) registered and traded at the SELIC (Sistema Especial de Liquidação e Custódia - Special System for Settlement and Custody).", Central bank policy rates - Brazil - Monthly - End of period,2025-05,14.75,A,F,
M,BR,368,0,,"From 5 Mar 1999 onwards Central Bank target, money market (SELIC) overnight rate; from 1 Jul 1996 to 4 Mar 1999: Central Bank official rediscount rate; from 4 Jun 1986 to 30 Jun 1996: official market intervention rate, representative rate.",4,Central Bank of Brazil,"This rate can be considered the official policy rate as from 5 Mar 1999. From Jul 1996 to 4 Mar 1999, the TBC rate (basic interest rate) was used; from Mar 1999 onwards, the TARGET for the SELIC rate was used, which defines a threshold for the open market operations. The SELIC rate is a daily interest rate for overnight interbank loans collateralised by government bonds (overnight federal funds) registered and traded at the SELIC (Sistema Especial de Liquidação e Custódia - Special System for Settlement and Custody).", Central bank policy rates - Brazil - Monthly - End of period,2025-06,15,A,F,
M,BR,368,0,,"From 5 Mar 1999 onwards Central Bank target, money market (SELIC) overnight rate; from 1 Jul 1996 to 4 Mar 1999: Central Bank official rediscount rate; from 4 Jun 1986 to 30 Jun 1996: official market intervention rate, representative rate.",4,Central Bank of Brazil,"This rate can be considered the official policy rate as from 5 Mar 1999. From Jul 1996 to 4 Mar 1999, the TBC rate (basic interest rate) was used; from Mar 1999 onwards, the TARGET for the SELIC rate was used, which defines a threshold for the open market operations. The SELIC rate is a daily interest rate for overnight interbank loans collateralised by government bonds (overnight federal funds) registered and traded at the SELIC (Sistema Especial de Liquidação e Custódia - Special System for Settlement and Custody).", Central bank policy rates - Brazil - Monthly - End of period,2025-07,15,A,F,
M,BR,368,0,,"From 5 Mar 1999 onwards Central Bank target, money market (SELIC) overnight rate; from 1 Jul 1996 to 4 Mar 1999: Central Bank official rediscount rate; from 4 Jun 1986 to 30 Jun 1996: official market intervention rate, representative rate.",4,Central Bank of Brazil,"This rate can be considered the official policy rate as from 5 Mar 1999. From Jul 1996 to 4 Mar 1999, the TBC rate (basic interest rate) was used; from Mar 1999 onwards, the TARGET for the SELIC rate was used, which defines a threshold for the open market operations. The SELIC rate is a daily interest rate for overnight interbank loans collateralised by government bonds (overnight federal funds) registered and traded at the SELIC (Sistema Especial de Liquidação e Custódia - Special System for Settlement and Custody).", Central bank policy rates - Brazil - Monthly - End of period,2025-08,15,A,F,
M,BR,368,0,,"From 5 Mar 1999 onwards Central Bank target, money market (SELIC) overnight rate; from 1 Jul 1996 to 4 Mar 1999: Central Bank official rediscount rate; from 4 Jun 1986 to 30 Jun 1996: official market intervention rate, representative rate.",4,Central Bank of Brazil,"This rate can be considered the official policy rate as from 5 Mar 1999. From Jul 1996 to 4 Mar 1999, the TBC rate (basic interest rate) was used; from Mar 1999 onwards, the TARGET for the SELIC rate was used, which defines a threshold for the open market operations. The SELIC rate is a daily interest rate for overnight interbank loans collateralised by government bonds (overnight federal funds) registered and traded at the SELIC (Sistema Especial de Liquidação e Custódia - Special System for Settlement and Custody).", Central bank policy rates - Brazil - Monthly - End of period,2025-09,15,A,F,
M,BR,368,0,,"From 5 Mar 1999 onwards Central Bank target, money market (SELIC) overnight rate; from 1 Jul 1996 to 4 Mar 1999: Central Bank official rediscount rate; from 4 Jun 1986 to 30 Jun 1996: official market intervention rate, representative rate.",4,Central Bank of Brazil,"This rate can be considered the official policy rate as from 5 Mar 1999. From Jul 1996 to 4 Mar 1999, the TBC rate (basic interest rate) was used; from Mar 1999 onwards, the TARGET for the SELIC rate was used, which defines a threshold for the open market operations. The SELIC rate is a daily interest rate for overnight interbank loans collateralised by government bonds (overnight federal funds) registered and traded at the SELIC (Sistema Especial de Liquidação e Custódia - Special System for Settlement and Custody).", Central bank policy rates - Brazil - Monthly - End of period,2025-10,15,A,F,
M,BR,368,0,,"From 5 Mar 1999 onwards Central Bank target, money market (SELIC) overnight rate; from 1 Jul 1996 to 4 Mar 1999: Central Bank official rediscount rate; from 4 Jun 1986 to 30 Jun 1996: official market intervention rate, representative rate.",4,Central Bank of Brazil,"This rate can be considered the official policy rate as from 5 Mar 1999. From Jul 1996 to 4 Mar 1999, the TBC rate (basic interest rate) was used; from Mar 1999 onwards, the TARGET for the SELIC rate was used, which defines a threshold for the open market operations. The SELIC rate is a daily interest rate for overnight interbank loans collateralised by government bonds (overnight federal funds) registered and traded at the SELIC (Sistema Especial de Liquidação e Custódia - Special System for Settlement and Custody).", Central bank policy rates - Brazil - Monthly - End of period,2025-11,15,A,F,
M,BR,368,0,,"From 5 Mar 1999 onwards Central Bank target, money market (SELIC) overnight rate; from 1 Jul 1996 to 4 Mar 1999: Central Bank official rediscount rate; from 4 Jun 1986 to 30 Jun 1996: official market intervention rate, representative rate.",4,Central Bank of Brazil,"This rate can be considered the official policy rate as from 5 Mar 1999. From Jul 1996 to 4 Mar 1999, the TBC rate (basic interest rate) was used; from Mar 1999 onwards, the TARGET for the SELIC rate was used, which defines a threshold for the open market operations. The SELIC rate is a daily interest rate for overnight interbank loans collateralised by government bonds (overnight federal funds) registered and traded at the SELIC (Sistema Especial de Liquidação e Custódia - Special System for Settlement and Custody).", Central bank policy rates - Brazil - Monthly - End of period,2025-12,15,A,F,
M,BR,368,0,,"From 5 Mar 1999 onwards Central Bank target, money market (SELIC) overnight rate; from 1 Jul 1996 to 4 Mar 1999: Central Bank official rediscount rate; from 4 Jun 1986 to 30 Jun 1996: official market intervention rate, representative rate.",4,Central Bank of Brazil,"This rate can be considered the official policy rate as from 5 Mar 1999. From Jul 1996 to 4 Mar 1999, the TBC rate (basic interest rate) was used; from Mar 1999 onwards, the TARGET for the SELIC rate was used, which defines a threshold for the open market operations. The SELIC rate is a daily interest rate for overnight interbank loans collateralised by government bonds (overnight federal funds) registered and traded at the SELIC (Sistema Especial de Liquidação e Custódia - Special System for Settlement and Custody).", Central bank policy rates - Brazil - Monthly - End of period,2026-01,15,A,F,
M,BR,368,0,,"From 5 Mar 1999 onwards Central Bank target, money market (SELIC) overnight rate; from 1 Jul 1996 to 4 Mar 1999: Central Bank official rediscount rate; from 4 Jun 1986 to 30 Jun 1996: official market intervention rate, representative rate.",4,Central Bank of Brazil,"This rate can be considered the official policy rate as from 5 Mar 1999. From Jul 1996 to 4 Mar 1999, the TBC rate (basic interest rate) was used; from Mar 1999 onwards, the TARGET for the SELIC rate was used, which defines a threshold for the open market operations. The SELIC rate is a daily interest rate for overnight interbank loans collateralised by government bonds (overnight federal funds) registered and traded at the SELIC (Sistema Especial de Liquidação e Custódia - Special System for Settlement and Custody).", Central bank policy rates - Brazil - Monthly - End of period,2026-02,15,A,F,
M,BR,368,0,,"From 5 Mar 1999 onwards Central Bank target, money market (SELIC) overnight rate; from 1 Jul 1996 to 4 Mar 1999: Central Bank official rediscount rate; from 4 Jun 1986 to 30 Jun 1996: official market intervention rate, representative rate.",4,Central Bank of Brazil,"This rate can be considered the official policy rate as from 5 Mar 1999. From Jul 1996 to 4 Mar 1999, the TBC rate (basic interest rate) was used; from Mar 1999 onwards, the TARGET for the SELIC rate was used, which defines a threshold for the open market operations. The SELIC rate is a daily interest rate for overnight interbank loans collateralised by government bonds (overnight federal funds) registered and traded at the SELIC (Sistema Especial de Liquidação e Custódia - Special System for Settlement and Custody).", Central bank policy rates - Brazil - Monthly - End of period,2026-03,14.75,A,F,
M,BR,368,0,,"From 5 Mar 1999 onwards Central Bank target, money market (SELIC) overnight rate; from 1 Jul 1996 to 4 Mar 1999: Central Bank official rediscount rate; from 4 Jun 1986 to 30 Jun 1996: official market intervention rate, representative rate.",4,Central Bank of Brazil,"This rate can be considered the official policy rate as from 5 Mar 1999. From Jul 1996 to 4 Mar 1999, the TBC rate (basic interest rate) was used; from Mar 1999 onwards, the TARGET for the SELIC rate was used, which defines a threshold for the open market operations. The SELIC rate is a daily interest rate for overnight interbank loans collateralised by government bonds (overnight federal funds) registered and traded at the SELIC (Sistema Especial de Liquidação e Custódia - Special System for Settlement and Custody).", Central bank policy rates - Brazil - Monthly - End of period,2026-04,14.5,A,F,
M,BR,368,0,,"From 5 Mar 1999 onwards Central Bank target, money market (SELIC) overnight rate; from 1 Jul 1996 to 4 Mar 1999: Central Bank official rediscount rate; from 4 Jun 1986 to 30 Jun 1996: official market intervention rate, representative rate.",4,Central Bank of Brazil,"This rate can be considered the official policy rate as from 5 Mar 1999. From Jul 1996 to 4 Mar 1999, the TBC rate (basic interest rate) was used; from Mar 1999 onwards, the TARGET for the SELIC rate was used, which defines a threshold for the open market operations. The SELIC rate is a daily interest rate for overnight interbank loans collateralised by government bonds (overnight federal funds) registered and traded at the SELIC (Sistema Especial de Liquidação e Custódia - Special System for Settlement and Custody).", Central bank policy rates - Brazil - Monthly - End of period,2026-05,14.5,A,F,
M,BR,368,0,,"From 5 Mar 1999 onwards Central Bank target, money market (SELIC) overnight rate; from 1 Jul 1996 to 4 Mar 1999: Central Bank official rediscount rate; from 4 Jun 1986 to 30 Jun 1996: official market intervention rate, representative rate.",4,Central Bank of Brazil,"This rate can be considered the official policy rate as from 5 Mar 1999. From Jul 1996 to 4 Mar 1999, the TBC rate (basic interest rate) was used; from Mar 1999 onwards, the TARGET for the SELIC rate was used, which defines a threshold for the open market operations. The SELIC rate is a daily interest rate for overnight interbank loans collateralised by government bonds (overnight federal funds) registered and traded at the SELIC (Sistema Especial de Liquidação e Custódia - Special System for Settlement and Custody).", Central bank policy rates - Brazil - Monthly - End of period,2026-06,14.25,A,F,
M,BR,368,0,,"From 5 Mar 1999 onwards Central Bank target, money market (SELIC) overnight rate; from 1 Jul 1996 to 4 Mar 1999: Central Bank official rediscount rate; from 4 Jun 1986 to 30 Jun 1996: official market intervention rate, representative rate.",4,Central Bank of Brazil,"This rate can be considered the official policy rate as from 5 Mar 1999. From Jul 1996 to 4 Mar 1999, the TBC rate (basic interest rate) was used; from Mar 1999 onwards, the TARGET for the SELIC rate was used, which defines a threshold for the open market operations. The SELIC rate is a daily interest rate for overnight interbank loans collateralised by government bonds (overnight federal funds) registered and traded at the SELIC (Sistema Especial de Liquidação e Custódia - Special System for Settlement and Custody).", Central bank policy rates - Brazil - Monthly - End of period,2026-07,14.25,A,F,
M,BR,368,0,,"From 5 Mar 1999 onwards Central Bank target, money market (SELIC) overnight rate; from 1 Jul 1996 to 4 Mar 1999: Central Bank official rediscount rate; from 4 Jun 1986 to 30 Jun 1996: official market intervention rate, representative rate.",4,Central Bank of Brazil,"This rate can be considered the official policy rate as from 5 Mar 1999. From Jul 1996 to 4 Mar 1999, the TBC rate (basic interest rate) was used; from Mar 1999 onwards, the TARGET for the SELIC rate was used, which defines a threshold for the open market operations. The SELIC rate is a daily interest rate for overnight interbank loans collateralised by government bonds (overnight federal funds) registered and traded at the SELIC (Sistema Especial de Liquidação e Custódia - Special System for Settlement and Custody).", Central bank policy rates - Brazil - Monthly - End of period,2026-08,14,A,F,
M,AU,368,0,,From 2 Aug 1990 onwards: cash rate target; from 23 Jan 1990 to 1 Aug 1990: middle of the cash rate target range; from 7 Apr 1976 to 22 Jan 1990: interbank overnight cash rate.,4,Reserve Bank of Australia,"This rate can be considered the official policy rate as from 23 Jan 1990. Australia had a managed exchange rate regime prior to 1983, in an environment of capital controls. The RBA did not have an explicit target interest rate prior to 23 Jan 1990. The BIS publishes a representative rate for that period. Between  23 Jan 1990 and 31 Jul the middle of the cash rate target corridor is used.", Central bank policy rates - Australia - Monthly - End of period,2016-01,2,A,F,
M,AU,368,0,,From 2 Aug 1990 onwards: cash rate target; from 23 Jan 1990 to 1 Aug 1990: middle of the cash rate target range; from 7 Apr 1976 to 22 Jan 1990: interbank overnight cash rate.,4,Reserve Bank of Australia,"This rate can be considered the official policy rate as from 23 Jan 1990. Australia had a managed exchange rate regime prior to 1983, in an environment of capital controls. The RBA did not have an explicit target interest rate prior to 23 Jan 1990. The BIS publishes a representative rate for that period. Between  23 Jan 1990 and 31 Jul the middle of the cash rate target corridor is used.", Central bank policy rates - Australia - Monthly - End of period,2016-02,2,A,F,
M,AU,368,0,,From 2 Aug 1990 onwards: cash rate target; from 23 Jan 1990 to 1 Aug 1990: middle of the cash rate target range; from 7 Apr 1976 to 22 Jan 1990: interbank overnight cash rate.,4,Reserve Bank of Australia,"This rate can be considered the official policy rate as from 23 Jan 1990. Australia had a managed exchange rate regime prior to 1983, in an environment of capital controls. The RBA did not have an explicit target interest rate prior to 23 Jan 1990. The BIS publishes a representative rate for that period. Between  23 Jan 1990 and 31 Jul the middle of the cash rate target corridor is used.", Central bank policy rates - Australia - Monthly - End of period,2016-03,2,A,F,
M,AU,368,0,,From 2 Aug 1990 onwards: cash rate target; from 23 Jan 1990 to 1 Aug 1990: middle of the cash rate target range; from 7 Apr 1976 to 22 Jan 1990: interbank overnight cash rate.,4,Reserve Bank of Australia,"This rate can be considered the official policy rate as from 23 Jan 1990. Australia had a managed exchange rate regime prior to 1983, in an environment of capital controls. The RBA did not have an explicit target interest rate prior to 23 Jan 1990. The BIS publishes a representative rate for that period. Between  23 Jan 1990 and 31 Jul the middle of the cash rate target corridor is used.", Central bank policy rates - Australia - Monthly - End of period,2016-04,2,A,F,
M,AU,368,0,,From 2 Aug 1990 onwards: cash rate target; from 23 Jan 1990 to 1 Aug 1990: middle of the cash rate target range; from 7 Apr 1976 to 22 Jan 1990: interbank overnight cash rate.,4,Reserve Bank of Australia,"This rate can be considered the official policy rate as from 23 Jan 1990. Australia had a managed exchange rate regime prior to 1983, in an environment of capital controls. The RBA did not have an explicit target interest rate prior to 23 Jan 1990. The BIS publishes a representative rate for that period. Between  23 Jan 1990 and 31 Jul the middle of the cash rate target corridor is used.", Central bank policy rates - Australia - Monthly - End of period,2016-05,1.75,A,F,
M,AU,368,0,,From 2 Aug 1990 onwards: cash rate target; from 23 Jan 1990 to 1 Aug 1990: middle of the cash rate target range; from 7 Apr 1976 to 22 Jan 1990: interbank overnight cash rate.,4,Reserve Bank of Australia,"This rate can be considered the official policy rate as from 23 Jan 1990. Australia had a managed exchange rate regime prior to 1983, in an environment of capital controls. The RBA did not have an explicit target interest rate prior to 23 Jan 1990. The BIS publishes a representative rate for that period. Between  23 Jan 1990 and 31 Jul the middle of the cash rate target corridor is used.", Central bank policy rates - Australia - Monthly - End of period,2016-06,1.75,A,F,
M,AU,368,0,,From 2 Aug 1990 onwards: cash rate target; from 23 Jan 1990 to 1 Aug 1990: middle of the cash rate target range; from 7 Apr 1976 to 22 Jan 1990: interbank overnight cash rate.,4,Reserve Bank of Australia,"This rate can be considered the official policy rate as from 23 Jan 1990. Australia had a managed exchange rate regime prior to 1983, in an environment of capital controls. The RBA did not have an explicit target interest rate prior to 23 Jan 1990. The BIS publishes a representative rate for that period. Between  23 Jan 1990 and 31 Jul the middle of the cash rate target corridor is used.", Central bank policy rates - Australia - Monthly - End of period,2016-07,1.75,A,F,
M,AU,368,0,,From 2 Aug 1990 onwards: cash rate target; from 23 Jan 1990 to 1 Aug 1990: middle of the cash rate target range; from 7 Apr 1976 to 22 Jan 1990: interbank overnight cash rate.,4,Reserve Bank of Australia,"This rate can be considered the official policy rate as from 23 Jan 1990. Australia had a managed exchange rate regime prior to 1983, in an environment of capital controls. The RBA did not have an explicit target interest rate prior to 23 Jan 1990. The BIS publishes a representative rate for that period. Between  23 Jan 1990 and 31 Jul the middle of the cash rate target corridor is used.", Central bank policy rates - Australia - Monthly - End of period,2016-08,1.5,A,F,
M,AU,368,0,,From 2 Aug 1990 onwards: cash rate target; from 23 Jan 1990 to 1 Aug 1990: middle of the cash rate target range; from 7 Apr 1976 to 22 Jan 1990: interbank overnight cash rate.,4,Reserve Bank of Australia,"This rate can be considered the official policy rate as from 23 Jan 1990. Australia had a managed exchange rate regime prior to 1983, in an environment of capital controls. The RBA did not have an explicit target interest rate prior to 23 Jan 1990. The BIS publishes a representative rate for that period. Between  23 Jan 1990 and 31 Jul the middle of the cash rate target corridor is used.", Central bank policy rates - Australia - Monthly - End of period,2016-09,1.5,A,F,
M,AU,368,0,,From 2 Aug 1990 onwards: cash rate target; from 23 Jan 1990 to 1 Aug 1990: middle of the cash rate target range; from 7 Apr 1976 to 22 Jan 1990: interbank overnight cash rate.,4,Reserve Bank of Australia,"This rate can be considered the official policy rate as from 23 Jan 1990. Australia had a managed exchange rate regime prior to 1983, in an environment of capital controls. The RBA did not have an explicit target interest rate prior to 23 Jan 1990. The BIS publishes a representative rate for that period. Between  23 Jan 1990 and 31 Jul the middle of the cash rate target corridor is used.", Central bank policy rates - Australia - Monthly - End of period,2016-10,1.5,A,F,
M,AU,368,0,,From 2 Aug 1990 onwards: cash rate target; from 23 Jan 1990 to 1 Aug 1990: middle of the cash rate target range; from 7 Apr 1976 to 22 Jan 1990: interbank overnight cash rate.,4,Reserve Bank of Australia,"This rate can be considered the official policy rate as from 23 Jan 1990. Australia had a managed exchange rate regime prior to 1983, in an environment of capital controls. The RBA did not have an explicit target interest rate prior to 23 Jan 1990. The BIS publishes a representative rate for that period. Between  23 Jan 1990 and 31 Jul the middle of the cash rate target corridor is used.", Central bank policy rates - Australia - Monthly - End of period,2016-11,1.5,A,F,
M,AU,368,0,,From 2 Aug 1990 onwards: cash rate target; from 23 Jan 1990 to 1 Aug 1990: middle of the cash rate target range; from 7 Apr 1976 to 22 Jan 1990: interbank overnight cash rate.,4,Reserve Bank of Australia,"This rate can be considered the official policy rate as from 23 Jan 1990. Australia had a managed exchange rate regime prior to 1983, in an environment of capital controls. The RBA did not have an explicit target interest rate prior to 23 Jan 1990. The BIS publishes a representative rate for that period. Between  23 Jan 1990 and 31 Jul the middle of the cash rate target corridor is used.", Central bank policy rates - Australia - Monthly - End of period,2016-12,1.5,A,F,
M,AU,368,0,,From 2 Aug 1990 onwards: cash rate target; from 23 Jan 1990 to 1 Aug 1990: middle of the cash rate target range; from 7 Apr 1976 to 22 Jan 1990: interbank overnight cash rate.,4,Reserve Bank of Australia,"This rate can be considered the official policy rate as from 23 Jan 1990. Australia had a managed exchange rate regime prior to 1983, in an environment of capital controls. The RBA did not have an explicit target interest rate prior to 23 Jan 1990. The BIS publishes a representative rate for that period. Between  23 Jan 1990 and 31 Jul the middle of the cash rate target corridor is used.", Central bank policy rates - Australia - Monthly - End of period,2017-01,1.5,A,F,
M,AU,368,0,,From 2 Aug 1990 onwards: cash rate target; from 23 Jan 1990 to 1 Aug 1990: middle of the cash rate target range; from 7 Apr 1976 to 22 Jan 1990: interbank overnight cash rate.,4,Reserve Bank of Australia,"This rate can be considered the official policy rate as from 23 Jan 1990. Australia had a managed exchange rate regime prior to 1983, in an environment of capital controls. The RBA did not have an explicit target interest rate prior to 23 Jan 1990. The BIS publishes a representative rate for that period. Between  23 Jan 1990 and 31 Jul the middle of the cash rate target corridor is used.", Central bank policy rates - Australia - Monthly - End of period,2017-02,1.5,A,F,
M,AU,368,0,,From 2 Aug 1990 onwards: cash rate target; from 23 Jan 1990 to 1 Aug 1990: middle of the cash rate target range; from 7 Apr 1976 to 22 Jan 1990: interbank overnight cash rate.,4,Reserve Bank of Australia,"This rate can be considered the official policy rate as from 23 Jan 1990. Australia had a managed exchange rate regime prior to 1983, in an environment of capital controls. The RBA did not have an explicit target interest rate prior to 23 Jan 1990. The BIS publishes a representative rate for that period. Between  23 Jan 1990 and 31 Jul the middle of the cash rate target corridor is used.", Central bank policy rates - Australia - Monthly - End of period,2017-03,1.5,A,F,
M,AU,368,0,,From 2 Aug 1990 onwards: cash rate target; from 23 Jan 1990 to 1 Aug 1990: middle of the cash rate target range; from 7 Apr 1976 to 22 Jan 1990: interbank overnight cash rate.,4,Reserve Bank of Australia,"This rate can be considered the official policy rate as from 23 Jan 1990. Australia had a managed exchange rate regime prior to 1983, in an environment of capital controls. The RBA did not have an explicit target interest rate prior to 23 Jan 1990. The BIS publishes a representative rate for that period. Between  23 Jan 1990 and 31 Jul the middle of the cash rate target corridor is used.", Central bank policy rates - Australia - Monthly - End of period,2017-04,1.5,A,F,
M,AU,368,0,,From 2 Aug 1990 onwards: cash rate target; from 23 Jan 1990 to 1 Aug 1990: middle of the cash rate target range; from 7 Apr 1976 to 22 Jan 1990: interbank overnight cash rate.,4,Reserve Bank of Australia,"This rate can be considered the official policy rate as from 23 Jan 1990. Australia had a managed exchange rate regime prior to 1983, in an environment of capital controls. The RBA did not have an explicit target interest rate prior to 23 Jan 1990. The BIS publishes a representative rate for that period. Between  23 Jan 1990 and 31 Jul the middle of the cash rate target corridor is used.", Central bank policy rates - Australia - Monthly - End of period,2017-05,1.5,A,F,
M,AU,368,0,,From 2 Aug 1990 onwards: cash rate target; from 23 Jan 1990 to 1 Aug 1990: middle of the cash rate target range; from 7 Apr 1976 to 22 Jan 1990: interbank overnight cash rate.,4,Reserve Bank of Australia,"This rate can be considered the official policy rate as from 23 Jan 1990. Australia had a managed exchange rate regime prior to 1983, in an environment of capital controls. The RBA did not have an explicit target interest rate prior to 23 Jan 1990. The BIS publishes a representative rate for that period. Between  23 Jan 1990 and 31 Jul the middle of the cash rate target corridor is used.", Central bank policy rates - Australia - Monthly - End of period,2017-06,1.5,A,F,
M,AU,368,0,,From 2 Aug 1990 onwards: cash rate target; from 23 Jan 1990 to 1 Aug 1990: middle of the cash rate target range; from 7 Apr 1976 to 22 Jan 1990: interbank overnight cash rate.,4,Reserve Bank of Australia,"This rate can be considered the official policy rate as from 23 Jan 1990. Australia had a managed exchange rate regime prior to 1983, in an environment of capital controls. The RBA did not have an explicit target interest rate prior to 23 Jan 1990. The BIS publishes a representative rate for that period. Between  23 Jan 1990 and 31 Jul the middle of the cash rate target corridor is used.", Central bank policy rates - Australia - Monthly - End of period,2017-07,1.5,A,F,
M,AU,368,0,,From 2 Aug 1990 onwards: cash rate target; from 23 Jan 1990 to 1 Aug 1990: middle of the cash rate target range; from 7 Apr 1976 to 22 Jan 1990: interbank overnight cash rate.,4,Reserve Bank of Australia,"This rate can be considered the official policy rate as from 23 Jan 1990. Australia had a managed exchange rate regime prior to 1983, in an environment of capital controls. The RBA did not have an explicit target interest rate prior to 23 Jan 1990. The BIS publishes a representative rate for that period. Between  23 Jan 1990 and 31 Jul the middle of the cash rate target corridor is used.", Central bank policy rates - Australia - Monthly - End of period,2017-08,1.5,A,F,
M,AU,368,0,,From 2 Aug 1990 onwards: cash rate target; from 23 Jan 1990 to 1 Aug 1990: middle of the cash rate target range; from 7 Apr 1976 to 22 Jan 1990: interbank overnight cash rate.,4,Reserve Bank of Australia,"This rate can be considered the official policy rate as from 23 Jan 1990. Australia had a managed exchange rate regime prior to 1983, in an environment of capital controls. The RBA did not have an explicit target interest rate prior to 23 Jan 1990. The BIS publishes a representative rate for that period. Between  23 Jan 1990 and 31 Jul the middle of the cash rate target corridor is used.", Central bank policy rates - Australia - Monthly - End of period,2017-09,1.5,A,F,
M,AU,368,0,,From 2 Aug 1990 onwards: cash rate target; from 23 Jan 1990 to 1 Aug 1990: middle of the cash rate target range; from 7 Apr 1976 to 22 Jan 1990: interbank overnight cash rate.,4,Reserve Bank of Australia,"This rate can be considered the official policy rate as from 23 Jan 1990. Australia had a managed exchange rate regime prior to 1983, in an environment of capital controls. The RBA did not have an explicit target interest rate prior to 23 Jan 1990. The BIS publishes a representative rate for that period. Between  23 Jan 1990 and 31 Jul the middle of the cash rate target corridor is used.", Central bank policy rates - Australia - Monthly - End of period,2017-10,1.5,A,F,
M,AU,368,0,,From 2 Aug 1990 onwards: cash rate target; from 23 Jan 1990 to 1 Aug 1990: middle of the cash rate target range; from 7 Apr 1976 to 22 Jan 1990: interbank overnight cash rate.,4,Reserve Bank of Australia,"This rate can be considered the official policy rate as from 23 Jan 1990. Australia had a managed exchange rate regime prior to 1983, in an environment of capital controls. The RBA did not have an explicit target interest rate prior to 23 Jan 1990. The BIS publishes a representative rate for that period. Between  23 Jan 1990 and 31 Jul the middle of the cash rate target corridor is used.", Central bank policy rates - Australia - Monthly - End of period,2017-11,1.5,A,F,
M,AU,368,0,,From 2 Aug 1990 onwards: cash rate target; from 23 Jan 1990 to 1 Aug 1990: middle of the cash rate target range; from 7 Apr 1976 to 22 Jan 1990: interbank overnight cash rate.,4,Reserve Bank of Australia,"This rate can be considered the official policy rate as from 23 Jan 1990. Australia had a managed exchange rate regime prior to 1983, in an environment of capital controls. The RBA did not have an explicit target interest rate prior to 23 Jan 1990. The BIS publishes a representative rate for that period. Between  23 Jan 1990 and 31 Jul the middle of the cash rate target corridor is used.", Central bank policy rates - Australia - Monthly - End of period,2017-12,1.5,A,F,
M,AU,368,0,,From 2 Aug 1990 onwards: cash rate target; from 23 Jan 1990 to 1 Aug 1990: middle of the cash rate target range; from 7 Apr 1976 to 22 Jan 1990: interbank overnight cash rate.,4,Reserve Bank of Australia,"This rate can be considered the official policy rate as from 23 Jan 1990. Australia had a managed exchange rate regime prior to 1983, in an environment of capital controls. The RBA did not have an explicit target interest rate prior to 23 Jan 1990. The BIS publishes a representative rate for that period. Between  23 Jan 1990 and 31 Jul the middle of the cash rate target corridor is used.", Central bank policy rates - Australia - Monthly - End of period,2018-01,1.5,A,F,
M,AU,368,0,,From 2 Aug 1990 onwards: cash rate target; from 23 Jan 1990 to 1 Aug 1990: middle of the cash rate target range; from 7 Apr 1976 to 22 Jan 1990: interbank overnight cash rate.,4,Reserve Bank of Australia,"This rate can be considered the official policy rate as from 23 Jan 1990. Australia had a managed exchange rate regime prior to 1983, in an environment of capital controls. The RBA did not have an explicit target interest rate prior to 23 Jan 1990. The BIS publishes a representative rate for that period. Between  23 Jan 1990 and 31 Jul the middle of the cash rate target corridor is used.", Central bank policy rates - Australia - Monthly - End of period,2018-02,1.5,A,F,
M,AU,368,0,,From 2 Aug 1990 onwards: cash rate target; from 23 Jan 1990 to 1 Aug 1990: middle of the cash rate target range; from 7 Apr 1976 to 22 Jan 1990: interbank overnight cash rate.,4,Reserve Bank of Australia,"This rate can be considered the official policy rate as from 23 Jan 1990. Australia had a managed exchange rate regime prior to 1983, in an environment of capital controls. The RBA did not have an explicit target interest rate prior to 23 Jan 1990. The BIS publishes a representative rate for that period. Between  23 Jan 1990 and 31 Jul the middle of the cash rate target corridor is used.", Central bank policy rates - Australia - Monthly - End of period,2018-03,1.5,A,F,
M,AU,368,0,,From 2 Aug 1990 onwards: cash rate target; from 23 Jan 1990 to 1 Aug 1990: middle of the cash rate target range; from 7 Apr 1976 to 22 Jan 1990: interbank overnight cash rate.,4,Reserve Bank of Australia,"This rate can be considered the official policy rate as from 23 Jan 1990. Australia had a managed exchange rate regime prior to 1983, in an environment of capital controls. The RBA did not have an explicit target interest rate prior to 23 Jan 1990. The BIS publishes a representative rate for that period. Between  23 Jan 1990 and 31 Jul the middle of the cash rate target corridor is used.", Central bank policy rates - Australia - Monthly - End of period,2018-04,1.5,A,F,
M,AU,368,0,,From 2 Aug 1990 onwards: cash rate target; from 23 Jan 1990 to 1 Aug 1990: middle of the cash rate target range; from 7 Apr 1976 to 22 Jan 1990: interbank overnight cash rate.,4,Reserve Bank of Australia,"This rate can be considered the official policy rate as from 23 Jan 1990. Australia had a managed exchange rate regime prior to 1983, in an environment of capital controls. The RBA did not have an explicit target interest rate prior to 23 Jan 1990. The BIS publishes a representative rate for that period. Between  23 Jan 1990 and 31 Jul the middle of the cash rate target corridor is used.", Central bank policy rates - Australia - Monthly - End of period,2018-05,1.5,A,F,
M,AU,368,0,,From 2 Aug 1990 onwards: cash rate target; from 23 Jan 1990 to 1 Aug 1990: middle of the cash rate target range; from 7 Apr 1976 to 22 Jan 1990: interbank overnight cash rate.,4,Reserve Bank of Australia,"This rate can be considered the official policy rate as from 23 Jan 1990. Australia had a managed exchange rate regime prior to 1983, in an environment of capital controls. The RBA did not have an explicit target interest rate prior to 23 Jan 1990. The BIS publishes a representative rate for that period. Between  23 Jan 1990 and 31 Jul the middle of the cash rate target corridor is used.", Central bank policy rates - Australia - Monthly - End of period,2018-06,1.5,A,F,
M,AU,368,0,,From 2 Aug 1990 onwards: cash rate target; from 23 Jan 1990 to 1 Aug 1990: middle of the cash rate target range; from 7 Apr 1976 to 22 Jan 1990: interbank overnight cash rate.,4,Reserve Bank of Australia,"This rate can be considered the official policy rate as from 23 Jan 1990. Australia had a managed exchange rate regime prior to 1983, in an environment of capital controls. The RBA did not have an explicit target interest rate prior to 23 Jan 1990. The BIS publishes a representative rate for that period. Between  23 Jan 1990 and 31 Jul the middle of the cash rate target corridor is used.", Central bank policy rates - Australia - Monthly - End of period,2018-07,1.5,A,F,
M,AU,368,0,,From 2 Aug 1990 onwards: cash rate target; from 23 Jan 1990 to 1 Aug 1990: middle of the cash rate target range; from 7 Apr 1976 to 22 Jan 1990: interbank overnight cash rate.,4,Reserve Bank of Australia,"This rate can be considered the official policy rate as from 23 Jan 1990. Australia had a managed exchange rate regime prior to 1983, in an environment of capital controls. The RBA did not have an explicit target interest rate prior to 23 Jan 1990. The BIS publishes a representative rate for that period. Between  23 Jan 1990 and 31 Jul the middle of the cash rate target corridor is used.", Central bank policy rates - Australia - Monthly - End of period,2018-08,1.5,A,F,
M,AU,368,0,,From 2 Aug 1990 onwards: cash rate target; from 23 Jan 1990 to 1 Aug 1990: middle of the cash rate target range; from 7 Apr 1976 to 22 Jan 1990: interbank overnight cash rate.,4,Reserve Bank of Australia,"This rate can be considered the official policy rate as from 23 Jan 1990. Australia had a managed exchange rate regime prior to 1983, in an environment of capital controls. The RBA did not have an explicit target interest rate prior to 23 Jan 1990. The BIS publishes a representative rate for that period. Between  23 Jan 1990 and 31 Jul the middle of the cash rate target corridor is used.", Central bank policy rates - Australia - Monthly - End of period,2018-09,1.5,A,F,
M,AU,368,0,,From 2 Aug 1990 onwards: cash rate target; from 23 Jan 1990 to 1 Aug 1990: middle of the cash rate target range; from 7 Apr 1976 to 22 Jan 1990: interbank overnight cash rate.,4,Reserve Bank of Australia,"This rate can be considered the official policy rate as from 23 Jan 1990. Australia had a managed exchange rate regime prior to 1983, in an environment of capital controls. The RBA did not have an explicit target interest rate prior to 23 Jan 1990. The BIS publishes a representative rate for that period. Between  23 Jan 1990 and 31 Jul the middle of the cash rate target corridor is used.", Central bank policy rates - Australia - Monthly - End of period,2018-10,1.5,A,F,
M,AU,368,0,,From 2 Aug 1990 onwards: cash rate target; from 23 Jan 1990 to 1 Aug 1990: middle of the cash rate target range; from 7 Apr 1976 to 22 Jan 1990: interbank overnight cash rate.,4,Reserve Bank of Australia,"This rate can be considered the official policy rate as from 23 Jan 1990. Australia had a managed exchange rate regime prior to 1983, in an environment of capital controls. The RBA did not have an explicit target interest rate prior to 23 Jan 1990. The BIS publishes a representative rate for that period. Between  23 Jan 1990 and 31 Jul the middle of the cash rate target corridor is used.", Central bank policy rates - Australia - Monthly - End of period,2018-11,1.5,A,F,
M,AU,368,0,,From 2 Aug 1990 onwards: cash rate target; from 23 Jan 1990 to 1 Aug 1990: middle of the cash rate target range; from 7 Apr 1976 to 22 Jan 1990: interbank overnight cash rate.,4,Reserve Bank of Australia,"This rate can be considered the official policy rate as from 23 Jan 1990. Australia had a managed exchange rate regime prior to 1983, in an environment of capital controls. The RBA did not have an explicit target interest rate prior to 23 Jan 1990. The BIS publishes a representative rate for that period. Between  23 Jan 1990 and 31 Jul the middle of the cash rate target corridor is used.", Central bank policy rates - Australia - Monthly - End of period,2018-12,1.5,A,F,
M,AU,368,0,,From 2 Aug 1990 onwards: cash rate target; from 23 Jan 1990 to 1 Aug 1990: middle of the cash rate target range; from 7 Apr 1976 to 22 Jan 1990: interbank overnight cash rate.,4,Reserve Bank of Australia,"This rate can be considered the official policy rate as from 23 Jan 1990. Australia had a managed exchange rate regime prior to 1983, in an environment of capital controls. The RBA did not have an explicit target interest rate prior to 23 Jan 1990. The BIS publishes a representative rate for that period. Between  23 Jan 1990 and 31 Jul the middle of the cash rate target corridor is used.", Central bank policy rates - Australia - Monthly - End of period,2019-01,1.5,A,F,
M,AU,368,0,,From 2 Aug 1990 onwards: cash rate target; from 23 Jan 1990 to 1 Aug 1990: middle of the cash rate target range; from 7 Apr 1976 to 22 Jan 1990: interbank overnight cash rate.,4,Reserve Bank of Australia,"This rate can be considered the official policy rate as from 23 Jan 1990. Australia had a managed exchange rate regime prior to 1983, in an environment of capital controls. The RBA did not have an explicit target interest rate prior to 23 Jan 1990. The BIS publishes a representative rate for that period. Between  23 Jan 1990 and 31 Jul the middle of the cash rate target corridor is used.", Central bank policy rates - Australia - Monthly - End of period,2019-02,1.5,A,F,
M,AU,368,0,,From 2 Aug 1990 onwards: cash rate target; from 23 Jan 1990 to 1 Aug 1990: middle of the cash rate target range; from 7 Apr 1976 to 22 Jan 1990: interbank overnight cash rate.,4,Reserve Bank of Australia,"This rate can be considered the official policy rate as from 23 Jan 1990. Australia had a managed exchange rate regime prior to 1983, in an environment of capital controls. The RBA did not have an explicit target interest rate prior to 23 Jan 1990. The BIS publishes a representative rate for that period. Between  23 Jan 1990 and 31 Jul the middle of the cash rate target corridor is used.", Central bank policy rates - Australia - Monthly - End of period,2019-03,1.5,A,F,
M,AU,368,0,,From 2 Aug 1990 onwards: cash rate target; from 23 Jan 1990 to 1 Aug 1990: middle of the cash rate target range; from 7 Apr 1976 to 22 Jan 1990: interbank overnight cash rate.,4,Reserve Bank of Australia,"This rate can be considered the official policy rate as from 23 Jan 1990. Australia had a managed exchange rate regime prior to 1983, in an environment of capital controls. The RBA did not have an explicit target interest rate prior to 23 Jan 1990. The BIS publishes a representative rate for that period. Between  23 Jan 1990 and 31 Jul the middle of the cash rate target corridor is used.", Central bank policy rates - Australia - Monthly - End of period,2019-04,1.5,A,F,
M,AU,368,0,,From 2 Aug 1990 onwards: cash rate target; from 23 Jan 1990 to 1 Aug 1990: middle of the cash rate target range; from 7 Apr 1976 to 22 Jan 1990: interbank overnight cash rate.,4,Reserve Bank of Australia,"This rate can be considered the official policy rate as from 23 Jan 1990. Australia had a managed exchange rate regime prior to 1983, in an environment of capital controls. The RBA did not have an explicit target interest rate prior to 23 Jan 1990. The BIS publishes a representative rate for that period. Between  23 Jan 1990 and 31 Jul the middle of the cash rate target corridor is used.", Central bank policy rates - Australia - Monthly - End of period,2019-05,1.5,A,F,
M,AU,368,0,,From 2 Aug 1990 onwards: cash rate target; from 23 Jan 1990 to 1 Aug 1990: middle of the cash rate target range; from 7 Apr 1976 to 22 Jan 1990: interbank overnight cash rate.,4,Reserve Bank of Australia,"This rate can be considered the official policy rate as from 23 Jan 1990. Australia had a managed exchange rate regime prior to 1983, in an environment of capital controls. The RBA did not have an explicit target interest rate prior to 23 Jan 1990. The BIS publishes a representative rate for that period. Between  23 Jan 1990 and 31 Jul the middle of the cash rate target corridor is used.", Central bank policy rates - Australia - Monthly - End of period,2019-06,1.25,A,F,
M,AU,368,0,,From 2 Aug 1990 onwards: cash rate target; from 23 Jan 1990 to 1 Aug 1990: middle of the cash rate target range; from 7 Apr 1976 to 22 Jan 1990: interbank overnight cash rate.,4,Reserve Bank of Australia,"This rate can be considered the official policy rate as from 23 Jan 1990. Australia had a managed exchange rate regime prior to 1983, in an environment of capital controls. The RBA did not have an explicit target interest rate prior to 23 Jan 1990. The BIS publishes a representative rate for that period. Between  23 Jan 1990 and 31 Jul the middle of the cash rate target corridor is used.", Central bank policy rates - Australia - Monthly - End of period,2019-07,1,A,F,
M,AU,368,0,,From 2 Aug 1990 onwards: cash rate target; from 23 Jan 1990 to 1 Aug 1990: middle of the cash rate target range; from 7 Apr 1976 to 22 Jan 1990: interbank overnight cash rate.,4,Reserve Bank of Australia,"This rate can be considered the official policy rate as from 23 Jan 1990. Australia had a managed exchange rate regime prior to 1983, in an environment of capital controls. The RBA did not have an explicit target interest rate prior to 23 Jan 1990. The BIS publishes a representative rate for that period. Between  23 Jan 1990 and 31 Jul the middle of the cash rate target corridor is used.", Central bank policy rates - Australia - Monthly - End of period,2019-08,1,A,F,
M,AU,368,0,,From 2 Aug 1990 onwards: cash rate target; from 23 Jan 1990 to 1 Aug 1990: middle of the cash rate target range; from 7 Apr 1976 to 22 Jan 1990: interbank overnight cash rate.,4,Reserve Bank of Australia,"This rate can be considered the official policy rate as from 23 Jan 1990. Australia had a managed exchange rate regime prior to 1983, in an environment of capital controls. The RBA did not have an explicit target interest rate prior to 23 Jan 1990. The BIS publishes a representative rate for that period. Between  23 Jan 1990 and 31 Jul the middle of the cash rate target corridor is used.", Central bank policy rates - Australia - Monthly - End of period,2019-09,1,A,F,
M,AU,368,0,,From 2 Aug 1990 onwards: cash rate target; from 23 Jan 1990 to 1 Aug 1990: middle of the cash rate target range; from 7 Apr 1976 to 22 Jan 1990: interbank overnight cash rate.,4,Reserve Bank of Australia,"This rate can be considered the official policy rate as from 23 Jan 1990. Australia had a managed exchange rate regime prior to 1983, in an environment of capital controls. The RBA did not have an explicit target interest rate prior to 23 Jan 1990. The BIS publishes a representative rate for that period. Between  23 Jan 1990 and 31 Jul the middle of the cash rate target corridor is used.", Central bank policy rates - Australia - Monthly - End of period,2019-10,0.75,A,F,
M,AU,368,0,,From 2 Aug 1990 onwards: cash rate target; from 23 Jan 1990 to 1 Aug 1990: middle of the cash rate target range; from 7 Apr 1976 to 22 Jan 1990: interbank overnight cash rate.,4,Reserve Bank of Australia,"This rate can be considered the official policy rate as from 23 Jan 1990. Australia had a managed exchange rate regime prior to 1983, in an environment of capital controls. The RBA did not have an explicit target interest rate prior to 23 Jan 1990. The BIS publishes a representative rate for that period. Between  23 Jan 1990 and 31 Jul the middle of the cash rate target corridor is used.", Central bank policy rates - Australia - Monthly - End of period,2019-11,0.75,A,F,
M,AU,368,0,,From 2 Aug 1990 onwards: cash rate target; from 23 Jan 1990 to 1 Aug 1990: middle of the cash rate target range; from 7 Apr 1976 to 22 Jan 1990: interbank overnight cash rate.,4,Reserve Bank of Australia,"This rate can be considered the official policy rate as from 23 Jan 1990. Australia had a managed exchange rate regime prior to 1983, in an environment of capital controls. The RBA did not have an explicit target interest rate prior to 23 Jan 1990. The BIS publishes a representative rate for that period. Between  23 Jan 1990 and 31 Jul the middle of the cash rate target corridor is used.", Central bank policy rates - Australia - Monthly - End of period,2019-12,0.75,A,F,
M,AU,368,0,,From 2 Aug 1990 onwards: cash rate target; from 23 Jan 1990 to 1 Aug 1990: middle of the cash rate target range; from 7 Apr 1976 to 22 Jan 1990: interbank overnight cash rate.,4,Reserve Bank of Australia,"This rate can be considered the official policy rate as from 23 Jan 1990. Australia had a managed exchange rate regime prior to 1983, in an environment of capital controls. The RBA did not have an explicit target interest rate prior to 23 Jan 1990. The BIS publishes a representative rate for that period. Between  23 Jan 1990 and 31 Jul the middle of the cash rate target corridor is used.", Central bank policy rates - Australia - Monthly - End of period,2020-01,0.75,A,F,
M,AU,368,0,,From 2 Aug 1990 onwards: cash rate target; from 23 Jan 1990 to 1 Aug 1990: middle of the cash rate target range; from 7 Apr 1976 to 22 Jan 1990: interbank overnight cash rate.,4,Reserve Bank of Australia,"This rate can be considered the official policy rate as from 23 Jan 1990. Australia had a managed exchange rate regime prior to 1983, in an environment of capital controls. The RBA did not have an explicit target interest rate prior to 23 Jan 1990. The BIS publishes a representative rate for that period. Between  23 Jan 1990 and 31 Jul the middle of the cash rate target corridor is used.", Central bank policy rates - Australia - Monthly - End of period,2020-02,0.75,A,F,
M,AU,368,0,,From 2 Aug 1990 onwards: cash rate target; from 23 Jan 1990 to 1 Aug 1990: middle of the cash rate target range; from 7 Apr 1976 to 22 Jan 1990: interbank overnight cash rate.,4,Reserve Bank of Australia,"This rate can be considered the official policy rate as from 23 Jan 1990. Australia had a managed exchange rate regime prior to 1983, in an environment of capital controls. The RBA did not have an explicit target interest rate prior to 23 Jan 1990. The BIS publishes a representative rate for that period. Between  23 Jan 1990 and 31 Jul the middle of the cash rate target corridor is used.", Central bank policy rates - Australia - Monthly - End of period,2020-03,0.25,A,F,
M,AU,368,0,,From 2 Aug 1990 onwards: cash rate target; from 23 Jan 1990 to 1 Aug 1990: middle of the cash rate target range; from 7 Apr 1976 to 22 Jan 1990: interbank overnight cash rate.,4,Reserve Bank of Australia,"This rate can be considered the official policy rate as from 23 Jan 1990. Australia had a managed exchange rate regime prior to 1983, in an environment of capital controls. The RBA did not have an explicit target interest rate prior to 23 Jan 1990. The BIS publishes a representative rate for that period. Between  23 Jan 1990 and 31 Jul the middle of the cash rate target corridor is used.", Central bank policy rates - Australia - Monthly - End of period,2020-04,0.25,A,F,
M,AU,368,0,,From 2 Aug 1990 onwards: cash rate target; from 23 Jan 1990 to 1 Aug 1990: middle of the cash rate target range; from 7 Apr 1976 to 22 Jan 1990: interbank overnight cash rate.,4,Reserve Bank of Australia,"This rate can be considered the official policy rate as from 23 Jan 1990. Australia had a managed exchange rate regime prior to 1983, in an environment of capital controls. The RBA did not have an explicit target interest rate prior to 23 Jan 1990. The BIS publishes a representative rate for that period. Between  23 Jan 1990 and 31 Jul the middle of the cash rate target corridor is used.", Central bank policy rates - Australia - Monthly - End of period,2020-05,0.25,A,F,
M,AU,368,0,,From 2 Aug 1990 onwards: cash rate target; from 23 Jan 1990 to 1 Aug 1990: middle of the cash rate target range; from 7 Apr 1976 to 22 Jan 1990: interbank overnight cash rate.,4,Reserve Bank of Australia,"This rate can be considered the official policy rate as from 23 Jan 1990. Australia had a managed exchange rate regime prior to 1983, in an environment of capital controls. The RBA did not have an explicit target interest rate prior to 23 Jan 1990. The BIS publishes a representative rate for that period. Between  23 Jan 1990 and 31 Jul the middle of the cash rate target corridor is used.", Central bank policy rates - Australia - Monthly - End of period,2020-06,0.25,A,F,
M,AU,368,0,,From 2 Aug 1990 onwards: cash rate target; from 23 Jan 1990 to 1 Aug 1990: middle of the cash rate target range; from 7 Apr 1976 to 22 Jan 1990: interbank overnight cash rate.,4,Reserve Bank of Australia,"This rate can be considered the official policy rate as from 23 Jan 1990. Australia had a managed exchange rate regime prior to 1983, in an environment of capital controls. The RBA did not have an explicit target interest rate prior to 23 Jan 1990. The BIS publishes a representative rate for that period. Between  23 Jan 1990 and 31 Jul the middle of the cash rate target corridor is used.", Central bank policy rates - Australia - Monthly - End of period,2020-07,0.25,A,F,
M,AU,368,0,,From 2 Aug 1990 onwards: cash rate target; from 23 Jan 1990 to 1 Aug 1990: middle of the cash rate target range; from 7 Apr 1976 to 22 Jan 1990: interbank overnight cash rate.,4,Reserve Bank of Australia,"This rate can be considered the official policy rate as from 23 Jan 1990. Australia had a managed exchange rate regime prior to 1983, in an environment of capital controls. The RBA did not have an explicit target interest rate prior to 23 Jan 1990. The BIS publishes a representative rate for that period. Between  23 Jan 1990 and 31 Jul the middle of the cash rate target corridor is used.", Central bank policy rates - Australia - Monthly - End of period,2020-08,0.25,A,F,
M,AU,368,0,,From 2 Aug 1990 onwards: cash rate target; from 23 Jan 1990 to 1 Aug 1990: middle of the cash rate target range; from 7 Apr 1976 to 22 Jan 1990: interbank overnight cash rate.,4,Reserve Bank of Australia,"This rate can be considered the official policy rate as from 23 Jan 1990. Australia had a managed exchange rate regime prior to 1983, in an environment of capital controls. The RBA did not have an explicit target interest rate prior to 23 Jan 1990. The BIS publishes a representative rate for that period. Between  23 Jan 1990 and 31 Jul the middle of the cash rate target corridor is used.", Central bank policy rates - Australia - Monthly - End of period,2020-09,0.25,A,F,
M,AU,368,0,,From 2 Aug 1990 onwards: cash rate target; from 23 Jan 1990 to 1 Aug 1990: middle of the cash rate target range; from 7 Apr 1976 to 22 Jan 1990: interbank overnight cash rate.,4,Reserve Bank of Australia,"This rate can be considered the official policy rate as from 23 Jan 1990. Australia had a managed exchange rate regime prior to 1983, in an environment of capital controls. The RBA did not have an explicit target interest rate prior to 23 Jan 1990. The BIS publishes a representative rate for that period. Between  23 Jan 1990 and 31 Jul the middle of the cash rate target corridor is used.", Central bank policy rates - Australia - Monthly - End of period,2020-10,0.25,A,F,
M,AU,368,0,,From 2 Aug 1990 onwards: cash rate target; from 23 Jan 1990 to 1 Aug 1990: middle of the cash rate target range; from 7 Apr 1976 to 22 Jan 1990: interbank overnight cash rate.,4,Reserve Bank of Australia,"This rate can be considered the official policy rate as from 23 Jan 1990. Australia had a managed exchange rate regime prior to 1983, in an environment of capital controls. The RBA did not have an explicit target interest rate prior to 23 Jan 1990. The BIS publishes a representative rate for that period. Between  23 Jan 1990 and 31 Jul the middle of the cash rate target corridor is used.", Central bank policy rates - Australia - Monthly - End of period,2020-11,0.1,A,F,
M,AU,368,0,,From 2 Aug 1990 onwards: cash rate target; from 23 Jan 1990 to 1 Aug 1990: middle of the cash rate target range; from 7 Apr 1976 to 22 Jan 1990: interbank overnight cash rate.,4,Reserve Bank of Australia,"This rate can be considered the official policy rate as from 23 Jan 1990. Australia had a managed exchange rate regime prior to 1983, in an environment of capital controls. The RBA did not have an explicit target interest rate prior to 23 Jan 1990. The BIS publishes a representative rate for that period. Between  23 Jan 1990 and 31 Jul the middle of the cash rate target corridor is used.", Central bank policy rates - Australia - Monthly - End of period,2020-12,0.1,A,F,
M,AU,368,0,,From 2 Aug 1990 onwards: cash rate target; from 23 Jan 1990 to 1 Aug 1990: middle of the cash rate target range; from 7 Apr 1976 to 22 Jan 1990: interbank overnight cash rate.,4,Reserve Bank of Australia,"This rate can be considered the official policy rate as from 23 Jan 1990. Australia had a managed exchange rate regime prior to 1983, in an environment of capital controls. The RBA did not have an explicit target interest rate prior to 23 Jan 1990. The BIS publishes a representative rate for that period. Between  23 Jan 1990 and 31 Jul the middle of the cash rate target corridor is used.", Central bank policy rates - Australia - Monthly - End of period,2021-01,0.1,A,F,
M,AU,368,0,,From 2 Aug 1990 onwards: cash rate target; from 23 Jan 1990 to 1 Aug 1990: middle of the cash rate target range; from 7 Apr 1976 to 22 Jan 1990: interbank overnight cash rate.,4,Reserve Bank of Australia,"This rate can be considered the official policy rate as from 23 Jan 1990. Australia had a managed exchange rate regime prior to 1983, in an environment of capital controls. The RBA did not have an explicit target interest rate prior to 23 Jan 1990. The BIS publishes a representative rate for that period. Between  23 Jan 1990 and 31 Jul the middle of the cash rate target corridor is used.", Central bank policy rates - Australia - Monthly - End of period,2021-02,0.1,A,F,
M,AU,368,0,,From 2 Aug 1990 onwards: cash rate target; from 23 Jan 1990 to 1 Aug 1990: middle of the cash rate target range; from 7 Apr 1976 to 22 Jan 1990: interbank overnight cash rate.,4,Reserve Bank of Australia,"This rate can be considered the official policy rate as from 23 Jan 1990. Australia had a managed exchange rate regime prior to 1983, in an environment of capital controls. The RBA did not have an explicit target interest rate prior to 23 Jan 1990. The BIS publishes a representative rate for that period. Between  23 Jan 1990 and 31 Jul the middle of the cash rate target corridor is used.", Central bank policy rates - Australia - Monthly - End of period,2021-03,0.1,A,F,
M,AU,368,0,,From 2 Aug 1990 onwards: cash rate target; from 23 Jan 1990 to 1 Aug 1990: middle of the cash rate target range; from 7 Apr 1976 to 22 Jan 1990: interbank overnight cash rate.,4,Reserve Bank of Australia,"This rate can be considered the official policy rate as from 23 Jan 1990. Australia had a managed exchange rate regime prior to 1983, in an environment of capital controls. The RBA did not have an explicit target interest rate prior to 23 Jan 1990. The BIS publishes a representative rate for that period. Between  23 Jan 1990 and 31 Jul the middle of the cash rate target corridor is used.", Central bank policy rates - Australia - Monthly - End of period,2021-04,0.1,A,F,
M,AU,368,0,,From 2 Aug 1990 onwards: cash rate target; from 23 Jan 1990 to 1 Aug 1990: middle of the cash rate target range; from 7 Apr 1976 to 22 Jan 1990: interbank overnight cash rate.,4,Reserve Bank of Australia,"This rate can be considered the official policy rate as from 23 Jan 1990. Australia had a managed exchange rate regime prior to 1983, in an environment of capital controls. The RBA did not have an explicit target interest rate prior to 23 Jan 1990. The BIS publishes a representative rate for that period. Between  23 Jan 1990 and 31 Jul the middle of the cash rate target corridor is used.", Central bank policy rates - Australia - Monthly - End of period,2021-05,0.1,A,F,
M,AU,368,0,,From 2 Aug 1990 onwards: cash rate target; from 23 Jan 1990 to 1 Aug 1990: middle of the cash rate target range; from 7 Apr 1976 to 22 Jan 1990: interbank overnight cash rate.,4,Reserve Bank of Australia,"This rate can be considered the official policy rate as from 23 Jan 1990. Australia had a managed exchange rate regime prior to 1983, in an environment of capital controls. The RBA did not have an explicit target interest rate prior to 23 Jan 1990. The BIS publishes a representative rate for that period. Between  23 Jan 1990 and 31 Jul the middle of the cash rate target corridor is used.", Central bank policy rates - Australia - Monthly - End of period,2021-06,0.1,A,F,
M,AU,368,0,,From 2 Aug 1990 onwards: cash rate target; from 23 Jan 1990 to 1 Aug 1990: middle of the cash rate target range; from 7 Apr 1976 to 22 Jan 1990: interbank overnight cash rate.,4,Reserve Bank of Australia,"This rate can be considered the official policy rate as from 23 Jan 1990. Australia had a managed exchange rate regime prior to 1983, in an environment of capital controls. The RBA did not have an explicit target interest rate prior to 23 Jan 1990. The BIS publishes a representative rate for that period. Between  23 Jan 1990 and 31 Jul the middle of the cash rate target corridor is used.", Central bank policy rates - Australia - Monthly - End of period,2021-07,0.1,A,F,
M,AU,368,0,,From 2 Aug 1990 onwards: cash rate target; from 23 Jan 1990 to 1 Aug 1990: middle of the cash rate target range; from 7 Apr 1976 to 22 Jan 1990: interbank overnight cash rate.,4,Reserve Bank of Australia,"This rate can be considered the official policy rate as from 23 Jan 1990. Australia had a managed exchange rate regime prior to 1983, in an environment of capital controls. The RBA did not have an explicit target interest rate prior to 23 Jan 1990. The BIS publishes a representative rate for that period. Between  23 Jan 1990 and 31 Jul the middle of the cash rate target corridor is used.", Central bank policy rates - Australia - Monthly - End of period,2021-08,0.1,A,F,
M,AU,368,0,,From 2 Aug 1990 onwards: cash rate target; from 23 Jan 1990 to 1 Aug 1990: middle of the cash rate target range; from 7 Apr 1976 to 22 Jan 1990: interbank overnight cash rate.,4,Reserve Bank of Australia,"This rate can be considered the official policy rate as from 23 Jan 1990. Australia had a managed exchange rate regime prior to 1983, in an environment of capital controls. The RBA did not have an explicit target interest rate prior to 23 Jan 1990. The BIS publishes a representative rate for that period. Between  23 Jan 1990 and 31 Jul the middle of the cash rate target corridor is used.", Central bank policy rates - Australia - Monthly - End of period,2021-09,0.1,A,F,
M,AU,368,0,,From 2 Aug 1990 onwards: cash rate target; from 23 Jan 1990 to 1 Aug 1990: middle of the cash rate target range; from 7 Apr 1976 to 22 Jan 1990: interbank overnight cash rate.,4,Reserve Bank of Australia,"This rate can be considered the official policy rate as from 23 Jan 1990. Australia had a managed exchange rate regime prior to 1983, in an environment of capital controls. The RBA did not have an explicit target interest rate prior to 23 Jan 1990. The BIS publishes a representative rate for that period. Between  23 Jan 1990 and 31 Jul the middle of the cash rate target corridor is used.", Central bank policy rates - Australia - Monthly - End of period,2021-10,0.1,A,F,
M,AU,368,0,,From 2 Aug 1990 onwards: cash rate target; from 23 Jan 1990 to 1 Aug 1990: middle of the cash rate target range; from 7 Apr 1976 to 22 Jan 1990: interbank overnight cash rate.,4,Reserve Bank of Australia,"This rate can be considered the official policy rate as from 23 Jan 1990. Australia had a managed exchange rate regime prior to 1983, in an environment of capital controls. The RBA did not have an explicit target interest rate prior to 23 Jan 1990. The BIS publishes a representative rate for that period. Between  23 Jan 1990 and 31 Jul the middle of the cash rate target corridor is used.", Central bank policy rates - Australia - Monthly - End of period,2021-11,0.1,A,F,
M,AU,368,0,,From 2 Aug 1990 onwards: cash rate target; from 23 Jan 1990 to 1 Aug 1990: middle of the cash rate target range; from 7 Apr 1976 to 22 Jan 1990: interbank overnight cash rate.,4,Reserve Bank of Australia,"This rate can be considered the official policy rate as from 23 Jan 1990. Australia had a managed exchange rate regime prior to 1983, in an environment of capital controls. The RBA did not have an explicit target interest rate prior to 23 Jan 1990. The BIS publishes a representative rate for that period. Between  23 Jan 1990 and 31 Jul the middle of the cash rate target corridor is used.", Central bank policy rates - Australia - Monthly - End of period,2021-12,0.1,A,F,
M,AU,368,0,,From 2 Aug 1990 onwards: cash rate target; from 23 Jan 1990 to 1 Aug 1990: middle of the cash rate target range; from 7 Apr 1976 to 22 Jan 1990: interbank overnight cash rate.,4,Reserve Bank of Australia,"This rate can be considered the official policy rate as from 23 Jan 1990. Australia had a managed exchange rate regime prior to 1983, in an environment of capital controls. The RBA did not have an explicit target interest rate prior to 23 Jan 1990. The BIS publishes a representative rate for that period. Between  23 Jan 1990 and 31 Jul the middle of the cash rate target corridor is used.", Central bank policy rates - Australia - Monthly - End of period,2022-01,0.1,A,F,
M,AU,368,0,,From 2 Aug 1990 onwards: cash rate target; from 23 Jan 1990 to 1 Aug 1990: middle of the cash rate target range; from 7 Apr 1976 to 22 Jan 1990: interbank overnight cash rate.,4,Reserve Bank of Australia,"This rate can be considered the official policy rate as from 23 Jan 1990. Australia had a managed exchange rate regime prior to 1983, in an environment of capital controls. The RBA did not have an explicit target interest rate prior to 23 Jan 1990. The BIS publishes a representative rate for that period. Between  23 Jan 1990 and 31 Jul the middle of the cash rate target corridor is used.", Central bank policy rates - Australia - Monthly - End of period,2022-02,0.1,A,F,
M,AU,368,0,,From 2 Aug 1990 onwards: cash rate target; from 23 Jan 1990 to 1 Aug 1990: middle of the cash rate target range; from 7 Apr 1976 to 22 Jan 1990: interbank overnight cash rate.,4,Reserve Bank of Australia,"This rate can be considered the official policy rate as from 23 Jan 1990. Australia had a managed exchange rate regime prior to 1983, in an environment of capital controls. The RBA did not have an explicit target interest rate prior to 23 Jan 1990. The BIS publishes a representative rate for that period. Between  23 Jan 1990 and 31 Jul the middle of the cash rate target corridor is used.", Central bank policy rates - Australia - Monthly - End of period,2022-03,0.1,A,F,
M,AU,368,0,,From 2 Aug 1990 onwards: cash rate target; from 23 Jan 1990 to 1 Aug 1990: middle of the cash rate target range; from 7 Apr 1976 to 22 Jan 1990: interbank overnight cash rate.,4,Reserve Bank of Australia,"This rate can be considered the official policy rate as from 23 Jan 1990. Australia had a managed exchange rate regime prior to 1983, in an environment of capital controls. The RBA did not have an explicit target interest rate prior to 23 Jan 1990. The BIS publishes a representative rate for that period. Between  23 Jan 1990 and 31 Jul the middle of the cash rate target corridor is used.", Central bank policy rates - Australia - Monthly - End of period,2022-04,0.1,A,F,
M,AU,368,0,,From 2 Aug 1990 onwards: cash rate target; from 23 Jan 1990 to 1 Aug 1990: middle of the cash rate target range; from 7 Apr 1976 to 22 Jan 1990: interbank overnight cash rate.,4,Reserve Bank of Australia,"This rate can be considered the official policy rate as from 23 Jan 1990. Australia had a managed exchange rate regime prior to 1983, in an environment of capital controls. The RBA did not have an explicit target interest rate prior to 23 Jan 1990. The BIS publishes a representative rate for that period. Between  23 Jan 1990 and 31 Jul the middle of the cash rate target corridor is used.", Central bank policy rates - Australia - Monthly - End of period,2022-05,0.35,A,F,
M,AU,368,0,,From 2 Aug 1990 onwards: cash rate target; from 23 Jan 1990 to 1 Aug 1990: middle of the cash rate target range; from 7 Apr 1976 to 22 Jan 1990: interbank overnight cash rate.,4,Reserve Bank of Australia,"This rate can be considered the official policy rate as from 23 Jan 1990. Australia had a managed exchange rate regime prior to 1983, in an environment of capital controls. The RBA did not have an explicit target interest rate prior to 23 Jan 1990. The BIS publishes a representative rate for that period. Between  23 Jan 1990 and 31 Jul the middle of the cash rate target corridor is used.", Central bank policy rates - Australia - Monthly - End of period,2022-06,0.85,A,F,
M,AU,368,0,,From 2 Aug 1990 onwards: cash rate target; from 23 Jan 1990 to 1 Aug 1990: middle of the cash rate target range; from 7 Apr 1976 to 22 Jan 1990: interbank overnight cash rate.,4,Reserve Bank of Australia,"This rate can be considered the official policy rate as from 23 Jan 1990. Australia had a managed exchange rate regime prior to 1983, in an environment of capital controls. The RBA did not have an explicit target interest rate prior to 23 Jan 1990. The BIS publishes a representative rate for that period. Between  23 Jan 1990 and 31 Jul the middle of the cash rate target corridor is used.", Central bank policy rates - Australia - Monthly - End of period,2022-07,1.35,A,F,
M,AU,368,0,,From 2 Aug 1990 onwards: cash rate target; from 23 Jan 1990 to 1 Aug 1990: middle of the cash rate target range; from 7 Apr 1976 to 22 Jan 1990: interbank overnight cash rate.,4,Reserve Bank of Australia,"This rate can be considered the official policy rate as from 23 Jan 1990. Australia had a managed exchange rate regime prior to 1983, in an environment of capital controls. The RBA did not have an explicit target interest rate prior to 23 Jan 1990. The BIS publishes a representative rate for that period. Between  23 Jan 1990 and 31 Jul the middle of the cash rate target corridor is used.", Central bank policy rates - Australia - Monthly - End of period,2022-08,1.85,A,F,
M,AU,368,0,,From 2 Aug 1990 onwards: cash rate target; from 23 Jan 1990 to 1 Aug 1990: middle of the cash rate target range; from 7 Apr 1976 to 22 Jan 1990: interbank overnight cash rate.,4,Reserve Bank of Australia,"This rate can be considered the official policy rate as from 23 Jan 1990. Australia had a managed exchange rate regime prior to 1983, in an environment of capital controls. The RBA did not have an explicit target interest rate prior to 23 Jan 1990. The BIS publishes a representative rate for that period. Between  23 Jan 1990 and 31 Jul the middle of the cash rate target corridor is used.", Central bank policy rates - Australia - Monthly - End of period,2022-09,2.35,A,F,
M,AU,368,0,,From 2 Aug 1990 onwards: cash rate target; from 23 Jan 1990 to 1 Aug 1990: middle of the cash rate target range; from 7 Apr 1976 to 22 Jan 1990: interbank overnight cash rate.,4,Reserve Bank of Australia,"This rate can be considered the official policy rate as from 23 Jan 1990. Australia had a managed exchange rate regime prior to 1983, in an environment of capital controls. The RBA did not have an explicit target interest rate prior to 23 Jan 1990. The BIS publishes a representative rate for that period. Between  23 Jan 1990 and 31 Jul the middle of the cash rate target corridor is used.", Central bank policy rates - Australia - Monthly - End of period,2022-10,2.6,A,F,
M,AU,368,0,,From 2 Aug 1990 onwards: cash rate target; from 23 Jan 1990 to 1 Aug 1990: middle of the cash rate target range; from 7 Apr 1976 to 22 Jan 1990: interbank overnight cash rate.,4,Reserve Bank of Australia,"This rate can be considered the official policy rate as from 23 Jan 1990. Australia had a managed exchange rate regime prior to 1983, in an environment of capital controls. The RBA did not have an explicit target interest rate prior to 23 Jan 1990. The BIS publishes a representative rate for that period. Between  23 Jan 1990 and 31 Jul the middle of the cash rate target corridor is used.", Central bank policy rates - Australia - Monthly - End of period,2022-11,2.85,A,F,
M,AU,368,0,,From 2 Aug 1990 onwards: cash rate target; from 23 Jan 1990 to 1 Aug 1990: middle of the cash rate target range; from 7 Apr 1976 to 22 Jan 1990: interbank overnight cash rate.,4,Reserve Bank of Australia,"This rate can be considered the official policy rate as from 23 Jan 1990. Australia had a managed exchange rate regime prior to 1983, in an environment of capital controls. The RBA did not have an explicit target interest rate prior to 23 Jan 1990. The BIS publishes a representative rate for that period. Between  23 Jan 1990 and 31 Jul the middle of the cash rate target corridor is used.", Central bank policy rates - Australia - Monthly - End of period,2022-12,3.1,A,F,
M,AU,368,0,,From 2 Aug 1990 onwards: cash rate target; from 23 Jan 1990 to 1 Aug 1990: middle of the cash rate target range; from 7 Apr 1976 to 22 Jan 1990: interbank overnight cash rate.,4,Reserve Bank of Australia,"This rate can be considered the official policy rate as from 23 Jan 1990. Australia had a managed exchange rate regime prior to 1983, in an environment of capital controls. The RBA did not have an explicit target interest rate prior to 23 Jan 1990. The BIS publishes a representative rate for that period. Between  23 Jan 1990 and 31 Jul the middle of the cash rate target corridor is used.", Central bank policy rates - Australia - Monthly - End of period,2023-01,3.1,A,F,
M,AU,368,0,,From 2 Aug 1990 onwards: cash rate target; from 23 Jan 1990 to 1 Aug 1990: middle of the cash rate target range; from 7 Apr 1976 to 22 Jan 1990: interbank overnight cash rate.,4,Reserve Bank of Australia,"This rate can be considered the official policy rate as from 23 Jan 1990. Australia had a managed exchange rate regime prior to 1983, in an environment of capital controls. The RBA did not have an explicit target interest rate prior to 23 Jan 1990. The BIS publishes a representative rate for that period. Between  23 Jan 1990 and 31 Jul the middle of the cash rate target corridor is used.", Central bank policy rates - Australia - Monthly - End of period,2023-02,3.35,A,F,
M,AU,368,0,,From 2 Aug 1990 onwards: cash rate target; from 23 Jan 1990 to 1 Aug 1990: middle of the cash rate target range; from 7 Apr 1976 to 22 Jan 1990: interbank overnight cash rate.,4,Reserve Bank of Australia,"This rate can be considered the official policy rate as from 23 Jan 1990. Australia had a managed exchange rate regime prior to 1983, in an environment of capital controls. The RBA did not have an explicit target interest rate prior to 23 Jan 1990. The BIS publishes a representative rate for that period. Between  23 Jan 1990 and 31 Jul the middle of the cash rate target corridor is used.", Central bank policy rates - Australia - Monthly - End of period,2023-03,3.6,A,F,
M,AU,368,0,,From 2 Aug 1990 onwards: cash rate target; from 23 Jan 1990 to 1 Aug 1990: middle of the cash rate target range; from 7 Apr 1976 to 22 Jan 1990: interbank overnight cash rate.,4,Reserve Bank of Australia,"This rate can be considered the official policy rate as from 23 Jan 1990. Australia had a managed exchange rate regime prior to 1983, in an environment of capital controls. The RBA did not have an explicit target interest rate prior to 23 Jan 1990. The BIS publishes a representative rate for that period. Between  23 Jan 1990 and 31 Jul the middle of the cash rate target corridor is used.", Central bank policy rates - Australia - Monthly - End of period,2023-04,3.6,A,F,
M,AU,368,0,,From 2 Aug 1990 onwards: cash rate target; from 23 Jan 1990 to 1 Aug 1990: middle of the cash rate target range; from 7 Apr 1976 to 22 Jan 1990: interbank overnight cash rate.,4,Reserve Bank of Australia,"This rate can be considered the official policy rate as from 23 Jan 1990. Australia had a managed exchange rate regime prior to 1983, in an environment of capital controls. The RBA did not have an explicit target interest rate prior to 23 Jan 1990. The BIS publishes a representative rate for that period. Between  23 Jan 1990 and 31 Jul the middle of the cash rate target corridor is used.", Central bank policy rates - Australia - Monthly - End of period,2023-05,3.85,A,F,
M,AU,368,0,,From 2 Aug 1990 onwards: cash rate target; from 23 Jan 1990 to 1 Aug 1990: middle of the cash rate target range; from 7 Apr 1976 to 22 Jan 1990: interbank overnight cash rate.,4,Reserve Bank of Australia,"This rate can be considered the official policy rate as from 23 Jan 1990. Australia had a managed exchange rate regime prior to 1983, in an environment of capital controls. The RBA did not have an explicit target interest rate prior to 23 Jan 1990. The BIS publishes a representative rate for that period. Between  23 Jan 1990 and 31 Jul the middle of the cash rate target corridor is used.", Central bank policy rates - Australia - Monthly - End of period,2023-06,4.1,A,F,
M,AU,368,0,,From 2 Aug 1990 onwards: cash rate target; from 23 Jan 1990 to 1 Aug 1990: middle of the cash rate target range; from 7 Apr 1976 to 22 Jan 1990: interbank overnight cash rate.,4,Reserve Bank of Australia,"This rate can be considered the official policy rate as from 23 Jan 1990. Australia had a managed exchange rate regime prior to 1983, in an environment of capital controls. The RBA did not have an explicit target interest rate prior to 23 Jan 1990. The BIS publishes a representative rate for that period. Between  23 Jan 1990 and 31 Jul the middle of the cash rate target corridor is used.", Central bank policy rates - Australia - Monthly - End of period,2023-07,4.1,A,F,
M,AU,368,0,,From 2 Aug 1990 onwards: cash rate target; from 23 Jan 1990 to 1 Aug 1990: middle of the cash rate target range; from 7 Apr 1976 to 22 Jan 1990: interbank overnight cash rate.,4,Reserve Bank of Australia,"This rate can be considered the official policy rate as from 23 Jan 1990. Australia had a managed exchange rate regime prior to 1983, in an environment of capital controls. The RBA did not have an explicit target interest rate prior to 23 Jan 1990. The BIS publishes a representative rate for that period. Between  23 Jan 1990 and 31 Jul the middle of the cash rate target corridor is used.", Central bank policy rates - Australia - Monthly - End of period,2023-08,4.1,A,F,
M,AU,368,0,,From 2 Aug 1990 onwards: cash rate target; from 23 Jan 1990 to 1 Aug 1990: middle of the cash rate target range; from 7 Apr 1976 to 22 Jan 1990: interbank overnight cash rate.,4,Reserve Bank of Australia,"This rate can be considered the official policy rate as from 23 Jan 1990. Australia had a managed exchange rate regime prior to 1983, in an environment of capital controls. The RBA did not have an explicit target interest rate prior to 23 Jan 1990. The BIS publishes a representative rate for that period. Between  23 Jan 1990 and 31 Jul the middle of the cash rate target corridor is used.", Central bank policy rates - Australia - Monthly - End of period,2023-09,4.1,A,F,
M,AU,368,0,,From 2 Aug 1990 onwards: cash rate target; from 23 Jan 1990 to 1 Aug 1990: middle of the cash rate target range; from 7 Apr 1976 to 22 Jan 1990: interbank overnight cash rate.,4,Reserve Bank of Australia,"This rate can be considered the official policy rate as from 23 Jan 1990. Australia had a managed exchange rate regime prior to 1983, in an environment of capital controls. The RBA did not have an explicit target interest rate prior to 23 Jan 1990. The BIS publishes a representative rate for that period. Between  23 Jan 1990 and 31 Jul the middle of the cash rate target corridor is used.", Central bank policy rates - Australia - Monthly - End of period,2023-10,4.1,A,F,
M,AU,368,0,,From 2 Aug 1990 onwards: cash rate target; from 23 Jan 1990 to 1 Aug 1990: middle of the cash rate target range; from 7 Apr 1976 to 22 Jan 1990: interbank overnight cash rate.,4,Reserve Bank of Australia,"This rate can be considered the official policy rate as from 23 Jan 1990. Australia had a managed exchange rate regime prior to 1983, in an environment of capital controls. The RBA did not have an explicit target interest rate prior to 23 Jan 1990. The BIS publishes a representative rate for that period. Between  23 Jan 1990 and 31 Jul the middle of the cash rate target corridor is used.", Central bank policy rates - Australia - Monthly - End of period,2023-11,4.35,A,F,
M,AU,368,0,,From 2 Aug 1990 onwards: cash rate target; from 23 Jan 1990 to 1 Aug 1990: middle of the cash rate target range; from 7 Apr 1976 to 22 Jan 1990: interbank overnight cash rate.,4,Reserve Bank of Australia,"This rate can be considered the official policy rate as from 23 Jan 1990. Australia had a managed exchange rate regime prior to 1983, in an environment of capital controls. The RBA did not have an explicit target interest rate prior to 23 Jan 1990. The BIS publishes a representative rate for that period. Between  23 Jan 1990 and 31 Jul the middle of the cash rate target corridor is used.", Central bank policy rates - Australia - Monthly - End of period,2023-12,4.35,A,F,
M,AU,368,0,,From 2 Aug 1990 onwards: cash rate target; from 23 Jan 1990 to 1 Aug 1990: middle of the cash rate target range; from 7 Apr 1976 to 22 Jan 1990: interbank overnight cash rate.,4,Reserve Bank of Australia,"This rate can be considered the official policy rate as from 23 Jan 1990. Australia had a managed exchange rate regime prior to 1983, in an environment of capital controls. The RBA did not have an explicit target interest rate prior to 23 Jan 1990. The BIS publishes a representative rate for that period. Between  23 Jan 1990 and 31 Jul the middle of the cash rate target corridor is used.", Central bank policy rates - Australia - Monthly - End of period,2024-01,4.35,A,F,
M,AU,368,0,,From 2 Aug 1990 onwards: cash rate target; from 23 Jan 1990 to 1 Aug 1990: middle of the cash rate target range; from 7 Apr 1976 to 22 Jan 1990: interbank overnight cash rate.,4,Reserve Bank of Australia,"This rate can be considered the official policy rate as from 23 Jan 1990. Australia had a managed exchange rate regime prior to 1983, in an environment of capital controls. The RBA did not have an explicit target interest rate prior to 23 Jan 1990. The BIS publishes a representative rate for that period. Between  23 Jan 1990 and 31 Jul the middle of the cash rate target corridor is used.", Central bank policy rates - Australia - Monthly - End of period,2024-02,4.35,A,F,
M,AU,368,0,,From 2 Aug 1990 onwards: cash rate target; from 23 Jan 1990 to 1 Aug 1990: middle of the cash rate target range; from 7 Apr 1976 to 22 Jan 1990: interbank overnight cash rate.,4,Reserve Bank of Australia,"This rate can be considered the official policy rate as from 23 Jan 1990. Australia had a managed exchange rate regime prior to 1983, in an environment of capital controls. The RBA did not have an explicit target interest rate prior to 23 Jan 1990. The BIS publishes a representative rate for that period. Between  23 Jan 1990 and 31 Jul the middle of the cash rate target corridor is used.", Central bank policy rates - Australia - Monthly - End of period,2024-03,4.35,A,F,
M,AU,368,0,,From 2 Aug 1990 onwards: cash rate target; from 23 Jan 1990 to 1 Aug 1990: middle of the cash rate target range; from 7 Apr 1976 to 22 Jan 1990: interbank overnight cash rate.,4,Reserve Bank of Australia,"This rate can be considered the official policy rate as from 23 Jan 1990. Australia had a managed exchange rate regime prior to 1983, in an environment of capital controls. The RBA did not have an explicit target interest rate prior to 23 Jan 1990. The BIS publishes a representative rate for that period. Between  23 Jan 1990 and 31 Jul the middle of the cash rate target corridor is used.", Central bank policy rates - Australia - Monthly - End of period,2024-04,4.35,A,F,
M,AU,368,0,,From 2 Aug 1990 onwards: cash rate target; from 23 Jan 1990 to 1 Aug 1990: middle of the cash rate target range; from 7 Apr 1976 to 22 Jan 1990: interbank overnight cash rate.,4,Reserve Bank of Australia,"This rate can be considered the official policy rate as from 23 Jan 1990. Australia had a managed exchange rate regime prior to 1983, in an environment of capital controls. The RBA did not have an explicit target interest rate prior to 23 Jan 1990. The BIS publishes a representative rate for that period. Between  23 Jan 1990 and 31 Jul the middle of the cash rate target corridor is used.", Central bank policy rates - Australia - Monthly - End of period,2024-05,4.35,A,F,
M,AU,368,0,,From 2 Aug 1990 onwards: cash rate target; from 23 Jan 1990 to 1 Aug 1990: middle of the cash rate target range; from 7 Apr 1976 to 22 Jan 1990: interbank overnight cash rate.,4,Reserve Bank of Australia,"This rate can be considered the official policy rate as from 23 Jan 1990. Australia had a managed exchange rate regime prior to 1983, in an environment of capital controls. The RBA did not have an explicit target interest rate prior to 23 Jan 1990. The BIS publishes a representative rate for that period. Between  23 Jan 1990 and 31 Jul the middle of the cash rate target corridor is used.", Central bank policy rates - Australia - Monthly - End of period,2024-06,4.35,A,F,
M,AU,368,0,,From 2 Aug 1990 onwards: cash rate target; from 23 Jan 1990 to 1 Aug 1990: middle of the cash rate target range; from 7 Apr 1976 to 22 Jan 1990: interbank overnight cash rate.,4,Reserve Bank of Australia,"This rate can be considered the official policy rate as from 23 Jan 1990. Australia had a managed exchange rate regime prior to 1983, in an environment of capital controls. The RBA did not have an explicit target interest rate prior to 23 Jan 1990. The BIS publishes a representative rate for that period. Between  23 Jan 1990 and 31 Jul the middle of the cash rate target corridor is used.", Central bank policy rates - Australia - Monthly - End of period,2024-07,4.35,A,F,
M,AU,368,0,,From 2 Aug 1990 onwards: cash rate target; from 23 Jan 1990 to 1 Aug 1990: middle of the cash rate target range; from 7 Apr 1976 to 22 Jan 1990: interbank overnight cash rate.,4,Reserve Bank of Australia,"This rate can be considered the official policy rate as from 23 Jan 1990. Australia had a managed exchange rate regime prior to 1983, in an environment of capital controls. The RBA did not have an explicit target interest rate prior to 23 Jan 1990. The BIS publishes a representative rate for that period. Between  23 Jan 1990 and 31 Jul the middle of the cash rate target corridor is used.", Central bank policy rates - Australia - Monthly - End of period,2024-08,4.35,A,F,
M,AU,368,0,,From 2 Aug 1990 onwards: cash rate target; from 23 Jan 1990 to 1 Aug 1990: middle of the cash rate target range; from 7 Apr 1976 to 22 Jan 1990: interbank overnight cash rate.,4,Reserve Bank of Australia,"This rate can be considered the official policy rate as from 23 Jan 1990. Australia had a managed exchange rate regime prior to 1983, in an environment of capital controls. The RBA did not have an explicit target interest rate prior to 23 Jan 1990. The BIS publishes a representative rate for that period. Between  23 Jan 1990 and 31 Jul the middle of the cash rate target corridor is used.", Central bank policy rates - Australia - Monthly - End of period,2024-09,4.35,A,F,
M,AU,368,0,,From 2 Aug 1990 onwards: cash rate target; from 23 Jan 1990 to 1 Aug 1990: middle of the cash rate target range; from 7 Apr 1976 to 22 Jan 1990: interbank overnight cash rate.,4,Reserve Bank of Australia,"This rate can be considered the official policy rate as from 23 Jan 1990. Australia had a managed exchange rate regime prior to 1983, in an environment of capital controls. The RBA did not have an explicit target interest rate prior to 23 Jan 1990. The BIS publishes a representative rate for that period. Between  23 Jan 1990 and 31 Jul the middle of the cash rate target corridor is used.", Central bank policy rates - Australia - Monthly - End of period,2024-10,4.35,A,F,
M,AU,368,0,,From 2 Aug 1990 onwards: cash rate target; from 23 Jan 1990 to 1 Aug 1990: middle of the cash rate target range; from 7 Apr 1976 to 22 Jan 1990: interbank overnight cash rate.,4,Reserve Bank of Australia,"This rate can be considered the official policy rate as from 23 Jan 1990. Australia had a managed exchange rate regime prior to 1983, in an environment of capital controls. The RBA did not have an explicit target interest rate prior to 23 Jan 1990. The BIS publishes a representative rate for that period. Between  23 Jan 1990 and 31 Jul the middle of the cash rate target corridor is used.", Central bank policy rates - Australia - Monthly - End of period,2024-11,4.35,A,F,
M,AU,368,0,,From 2 Aug 1990 onwards: cash rate target; from 23 Jan 1990 to 1 Aug 1990: middle of the cash rate target range; from 7 Apr 1976 to 22 Jan 1990: interbank overnight cash rate.,4,Reserve Bank of Australia,"This rate can be considered the official policy rate as from 23 Jan 1990. Australia had a managed exchange rate regime prior to 1983, in an environment of capital controls. The RBA did not have an explicit target interest rate prior to 23 Jan 1990. The BIS publishes a representative rate for that period. Between  23 Jan 1990 and 31 Jul the middle of the cash rate target corridor is used.", Central bank policy rates - Australia - Monthly - End of period,2024-12,4.35,A,F,
M,AU,368,0,,From 2 Aug 1990 onwards: cash rate target; from 23 Jan 1990 to 1 Aug 1990: middle of the cash rate target range; from 7 Apr 1976 to 22 Jan 1990: interbank overnight cash rate.,4,Reserve Bank of Australia,"This rate can be considered the official policy rate as from 23 Jan 1990. Australia had a managed exchange rate regime prior to 1983, in an environment of capital controls. The RBA did not have an explicit target interest rate prior to 23 Jan 1990. The BIS publishes a representative rate for that period. Between  23 Jan 1990 and 31 Jul the middle of the cash rate target corridor is used.", Central bank policy rates - Australia - Monthly - End of period,2025-01,4.35,A,F,
M,AU,368,0,,From 2 Aug 1990 onwards: cash rate target; from 23 Jan 1990 to 1 Aug 1990: middle of the cash rate target range; from 7 Apr 1976 to 22 Jan 1990: interbank overnight cash rate.,4,Reserve Bank of Australia,"This rate can be considered the official policy rate as from 23 Jan 1990. Australia had a managed exchange rate regime prior to 1983, in an environment of capital controls. The RBA did not have an explicit target interest rate prior to 23 Jan 1990. The BIS publishes a representative rate for that period. Between  23 Jan 1990 and 31 Jul the middle of the cash rate target corridor is used.", Central bank policy rates - Australia - Monthly - End of period,2025-02,4.1,A,F,
M,AU,368,0,,From 2 Aug 1990 onwards: cash rate target; from 23 Jan 1990 to 1 Aug 1990: middle of the cash rate target range; from 7 Apr 1976 to 22 Jan 1990: interbank overnight cash rate.,4,Reserve Bank of Australia,"This rate can be considered the official policy rate as from 23 Jan 1990. Australia had a managed exchange rate regime prior to 1983, in an environment of capital controls. The RBA did not have an explicit target interest rate prior to 23 Jan 1990. The BIS publishes a representative rate for that period. Between  23 Jan 1990 and 31 Jul the middle of the cash rate target corridor is used.", Central bank policy rates - Australia - Monthly - End of period,2025-03,4.1,A,F,
M,AU,368,0,,From 2 Aug 1990 onwards: cash rate target; from 23 Jan 1990 to 1 Aug 1990: middle of the cash rate target range; from 7 Apr 1976 to 22 Jan 1990: interbank overnight cash rate.,4,Reserve Bank of Australia,"This rate can be considered the official policy rate as from 23 Jan 1990. Australia had a managed exchange rate regime prior to 1983, in an environment of capital controls. The RBA did not have an explicit target interest rate prior to 23 Jan 1990. The BIS publishes a representative rate for that period. Between  23 Jan 1990 and 31 Jul the middle of the cash rate target corridor is used.", Central bank policy rates - Australia - Monthly - End of period,2025-04,4.1,A,F,
M,AU,368,0,,From 2 Aug 1990 onwards: cash rate target; from 23 Jan 1990 to 1 Aug 1990: middle of the cash rate target range; from 7 Apr 1976 to 22 Jan 1990: interbank overnight cash rate.,4,Reserve Bank of Australia,"This rate can be considered the official policy rate as from 23 Jan 1990. Australia had a managed exchange rate regime prior to 1983, in an environment of capital controls. The RBA did not have an explicit target interest rate prior to 23 Jan 1990. The BIS publishes a representative rate for that period. Between  23 Jan 1990 and 31 Jul the middle of the cash rate target corridor is used.", Central bank policy rates - Australia - Monthly - End of period,2025-05,3.85,A,F,
M,AU,368,0,,From 2 Aug 1990 onwards: cash rate target; from 23 Jan 1990 to 1 Aug 1990: middle of the cash rate target range; from 7 Apr 1976 to 22 Jan 1990: interbank overnight cash rate.,4,Reserve Bank of Australia,"This rate can be considered the official policy rate as from 23 Jan 1990. Australia had a managed exchange rate regime prior to 1983, in an environment of capital controls. The RBA did not have an explicit target interest rate prior to 23 Jan 1990. The BIS publishes a representative rate for that period. Between  23 Jan 1990 and 31 Jul the middle of the cash rate target corridor is used.", Central bank policy rates - Australia - Monthly - End of period,2025-06,3.85,A,F,
M,AU,368,0,,From 2 Aug 1990 onwards: cash rate target; from 23 Jan 1990 to 1 Aug 1990: middle of the cash rate target range; from 7 Apr 1976 to 22 Jan 1990: interbank overnight cash rate.,4,Reserve Bank of Australia,"This rate can be considered the official policy rate as from 23 Jan 1990. Australia had a managed exchange rate regime prior to 1983, in an environment of capital controls. The RBA did not have an explicit target interest rate prior to 23 Jan 1990. The BIS publishes a representative rate for that period. Between  23 Jan 1990 and 31 Jul the middle of the cash rate target corridor is used.", Central bank policy rates - Australia - Monthly - End of period,2025-07,3.85,A,F,
M,AU,368,0,,From 2 Aug 1990 onwards: cash rate target; from 23 Jan 1990 to 1 Aug 1990: middle of the cash rate target range; from 7 Apr 1976 to 22 Jan 1990: interbank overnight cash rate.,4,Reserve Bank of Australia,"This rate can be considered the official policy rate as from 23 Jan 1990. Australia had a managed exchange rate regime prior to 1983, in an environment of capital controls. The RBA did not have an explicit target interest rate prior to 23 Jan 1990. The BIS publishes a representative rate for that period. Between  23 Jan 1990 and 31 Jul the middle of the cash rate target corridor is used.", Central bank policy rates - Australia - Monthly - End of period,2025-08,3.6,A,F,
M,AU,368,0,,From 2 Aug 1990 onwards: cash rate target; from 23 Jan 1990 to 1 Aug 1990: middle of the cash rate target range; from 7 Apr 1976 to 22 Jan 1990: interbank overnight cash rate.,4,Reserve Bank of Australia,"This rate can be considered the official policy rate as from 23 Jan 1990. Australia had a managed exchange rate regime prior to 1983, in an environment of capital controls. The RBA did not have an explicit target interest rate prior to 23 Jan 1990. The BIS publishes a representative rate for that period. Between  23 Jan 1990 and 31 Jul the middle of the cash rate target corridor is used.", Central bank policy rates - Australia - Monthly - End of period,2025-09,3.6,A,F,
M,AU,368,0,,From 2 Aug 1990 onwards: cash rate target; from 23 Jan 1990 to 1 Aug 1990: middle of the cash rate target range; from 7 Apr 1976 to 22 Jan 1990: interbank overnight cash rate.,4,Reserve Bank of Australia,"This rate can be considered the official policy rate as from 23 Jan 1990. Australia had a managed exchange rate regime prior to 1983, in an environment of capital controls. The RBA did not have an explicit target interest rate prior to 23 Jan 1990. The BIS publishes a representative rate for that period. Between  23 Jan 1990 and 31 Jul the middle of the cash rate target corridor is used.", Central bank policy rates - Australia - Monthly - End of period,2025-10,3.6,A,F,
M,AU,368,0,,From 2 Aug 1990 onwards: cash rate target; from 23 Jan 1990 to 1 Aug 1990: middle of the cash rate target range; from 7 Apr 1976 to 22 Jan 1990: interbank overnight cash rate.,4,Reserve Bank of Australia,"This rate can be considered the official policy rate as from 23 Jan 1990. Australia had a managed exchange rate regime prior to 1983, in an environment of capital controls. The RBA did not have an explicit target interest rate prior to 23 Jan 1990. The BIS publishes a representative rate for that period. Between  23 Jan 1990 and 31 Jul the middle of the cash rate target corridor is used.", Central bank policy rates - Australia - Monthly - End of period,2025-11,3.6,A,F,
M,AU,368,0,,From 2 Aug 1990 onwards: cash rate target; from 23 Jan 1990 to 1 Aug 1990: middle of the cash rate target range; from 7 Apr 1976 to 22 Jan 1990: interbank overnight cash rate.,4,Reserve Bank of Australia,"This rate can be considered the official policy rate as from 23 Jan 1990. Australia had a managed exchange rate regime prior to 1983, in an environment of capital controls. The RBA did not have an explicit target interest rate prior to 23 Jan 1990. The BIS publishes a representative rate for that period. Between  23 Jan 1990 and 31 Jul the middle of the cash rate target corridor is used.", Central bank policy rates - Australia - Monthly - End of period,2025-12,3.6,A,F,
M,AU,368,0,,From 2 Aug 1990 onwards: cash rate target; from 23 Jan 1990 to 1 Aug 1990: middle of the cash rate target range; from 7 Apr 1976 to 22 Jan 1990: interbank overnight cash rate.,4,Reserve Bank of Australia,"This rate can be considered the official policy rate as from 23 Jan 1990. Australia had a managed exchange rate regime prior to 1983, in an environment of capital controls. The RBA did not have an explicit target interest rate prior to 23 Jan 1990. The BIS publishes a representative rate for that period. Between  23 Jan 1990 and 31 Jul the middle of the cash rate target corridor is used.", Central bank policy rates - Australia - Monthly - End of period,2026-01,3.6,A,F,
M,AU,368,0,,From 2 Aug 1990 onwards: cash rate target; from 23 Jan 1990 to 1 Aug 1990: middle of the cash rate target range; from 7 Apr 1976 to 22 Jan 1990: interbank overnight cash rate.,4,Reserve Bank of Australia,"This rate can be considered the official policy rate as from 23 Jan 1990. Australia had a managed exchange rate regime prior to 1983, in an environment of capital controls. The RBA did not have an explicit target interest rate prior to 23 Jan 1990. The BIS publishes a representative rate for that period. Between  23 Jan 1990 and 31 Jul the middle of the cash rate target corridor is used.", Central bank policy rates - Australia - Monthly - End of period,2026-02,3.85,A,F,
M,AU,368,0,,From 2 Aug 1990 onwards: cash rate target; from 23 Jan 1990 to 1 Aug 1990: middle of the cash rate target range; from 7 Apr 1976 to 22 Jan 1990: interbank overnight cash rate.,4,Reserve Bank of Australia,"This rate can be considered the official policy rate as from 23 Jan 1990. Australia had a managed exchange rate regime prior to 1983, in an environment of capital controls. The RBA did not have an explicit target interest rate prior to 23 Jan 1990. The BIS publishes a representative rate for that period. Between  23 Jan 1990 and 31 Jul the middle of the cash rate target corridor is used.", Central bank policy rates - Australia - Monthly - End of period,2026-03,4.1,A,F,
M,AU,368,0,,From 2 Aug 1990 onwards: cash rate target; from 23 Jan 1990 to 1 Aug 1990: middle of the cash rate target range; from 7 Apr 1976 to 22 Jan 1990: interbank overnight cash rate.,4,Reserve Bank of Australia,"This rate can be considered the official policy rate as from 23 Jan 1990. Australia had a managed exchange rate regime prior to 1983, in an environment of capital controls. The RBA did not have an explicit target interest rate prior to 23 Jan 1990. The BIS publishes a representative rate for that period. Between  23 Jan 1990 and 31 Jul the middle of the cash rate target corridor is used.", Central bank policy rates - Australia - Monthly - End of period,2026-04,4.1,A,F,
M,AU,368,0,,From 2 Aug 1990 onwards: cash rate target; from 23 Jan 1990 to 1 Aug 1990: middle of the cash rate target range; from 7 Apr 1976 to 22 Jan 1990: interbank overnight cash rate.,4,Reserve Bank of Australia,"This rate can be considered the official policy rate as from 23 Jan 1990. Australia had a managed exchange rate regime prior to 1983, in an environment of capital controls. The RBA did not have an explicit target interest rate prior to 23 Jan 1990. The BIS publishes a representative rate for that period. Between  23 Jan 1990 and 31 Jul the middle of the cash rate target corridor is used.", Central bank policy rates - Australia - Monthly - End of period,2026-05,4.35,A,F,
M,AU,368,0,,From 2 Aug 1990 onwards: cash rate target; from 23 Jan 1990 to 1 Aug 1990: middle of the cash rate target range; from 7 Apr 1976 to 22 Jan 1990: interbank overnight cash rate.,4,Reserve Bank of Australia,"This rate can be considered the official policy rate as from 23 Jan 1990. Australia had a managed exchange rate regime prior to 1983, in an environment of capital controls. The RBA did not have an explicit target interest rate prior to 23 Jan 1990. The BIS publishes a representative rate for that period. Between  23 Jan 1990 and 31 Jul the middle of the cash rate target corridor is used.", Central bank policy rates - Australia - Monthly - End of period,2026-06,4.35,A,F,
M,AU,368,0,,From 2 Aug 1990 onwards: cash rate target; from 23 Jan 1990 to 1 Aug 1990: middle of the cash rate target range; from 7 Apr 1976 to 22 Jan 1990: interbank overnight cash rate.,4,Reserve Bank of Australia,"This rate can be considered the official policy rate as from 23 Jan 1990. Australia had a managed exchange rate regime prior to 1983, in an environment of capital controls. The RBA did not have an explicit target interest rate prior to 23 Jan 1990. The BIS publishes a representative rate for that period. Between  23 Jan 1990 and 31 Jul the middle of the cash rate target corridor is used.", Central bank policy rates - Australia - Monthly - End of period,2026-07,4.35,A,F,
M,AU,368,0,,From 2 Aug 1990 onwards: cash rate target; from 23 Jan 1990 to 1 Aug 1990: middle of the cash rate target range; from 7 Apr 1976 to 22 Jan 1990: interbank overnight cash rate.,4,Reserve Bank of Australia,"This rate can be considered the official policy rate as from 23 Jan 1990. Australia had a managed exchange rate regime prior to 1983, in an environment of capital controls. The RBA did not have an explicit target interest rate prior to 23 Jan 1990. The BIS publishes a representative rate for that period. Between  23 Jan 1990 and 31 Jul the middle of the cash rate target corridor is used.", Central bank policy rates - Australia - Monthly - End of period,2026-08,4.35,A,F,
M,CN,368,0,,From 20 Aug 2019 onwards: Loan Prime Rate  (1 year): from 1 Jan 1996 till 19 Aug 2019: Official lending rate (1 year).,4,People's Bank of China,, Central bank policy rates - China - Monthly - End of period,2016-01,4.35,A,F,
M,CN,368,0,,From 20 Aug 2019 onwards: Loan Prime Rate  (1 year): from 1 Jan 1996 till 19 Aug 2019: Official lending rate (1 year).,4,People's Bank of China,, Central bank policy rates - China - Monthly - End of period,2016-02,4.35,A,F,
M,CN,368,0,,From 20 Aug 2019 onwards: Loan Prime Rate  (1 year): from 1 Jan 1996 till 19 Aug 2019: Official lending rate (1 year).,4,People's Bank of China,, Central bank policy rates - China - Monthly - End of period,2016-03,4.35,A,F,
M,CN,368,0,,From 20 Aug 2019 onwards: Loan Prime Rate  (1 year): from 1 Jan 1996 till 19 Aug 2019: Official lending rate (1 year).,4,People's Bank of China,, Central bank policy rates - China - Monthly - End of period,2016-04,4.35,A,F,
M,CN,368,0,,From 20 Aug 2019 onwards: Loan Prime Rate  (1 year): from 1 Jan 1996 till 19 Aug 2019: Official lending rate (1 year).,4,People's Bank of China,, Central bank policy rates - China - Monthly - End of period,2016-05,4.35,A,F,
M,CN,368,0,,From 20 Aug 2019 onwards: Loan Prime Rate  (1 year): from 1 Jan 1996 till 19 Aug 2019: Official lending rate (1 year).,4,People's Bank of China,, Central bank policy rates - China - Monthly - End of period,2016-06,4.35,A,F,
M,CN,368,0,,From 20 Aug 2019 onwards: Loan Prime Rate  (1 year): from 1 Jan 1996 till 19 Aug 2019: Official lending rate (1 year).,4,People's Bank of China,, Central bank policy rates - China - Monthly - End of period,2016-07,4.35,A,F,
M,CN,368,0,,From 20 Aug 2019 onwards: Loan Prime Rate  (1 year): from 1 Jan 1996 till 19 Aug 2019: Official lending rate (1 year).,4,People's Bank of China,, Central bank policy rates - China - Monthly - End of period,2016-08,4.35,A,F,
M,CN,368,0,,From 20 Aug 2019 onwards: Loan Prime Rate  (1 year): from 1 Jan 1996 till 19 Aug 2019: Official lending rate (1 year).,4,People's Bank of China,, Central bank policy rates - China - Monthly - End of period,2016-09,4.35,A,F,
M,CN,368,0,,From 20 Aug 2019 onwards: Loan Prime Rate  (1 year): from 1 Jan 1996 till 19 Aug 2019: Official lending rate (1 year).,4,People's Bank of China,, Central bank policy rates - China - Monthly - End of period,2016-10,4.35,A,F,
M,CN,368,0,,From 20 Aug 2019 onwards: Loan Prime Rate  (1 year): from 1 Jan 1996 till 19 Aug 2019: Official lending rate (1 year).,4,People's Bank of China,, Central bank policy rates - China - Monthly - End of period,2016-11,4.35,A,F,
M,CN,368,0,,From 20 Aug 2019 onwards: Loan Prime Rate  (1 year): from 1 Jan 1996 till 19 Aug 2019: Official lending rate (1 year).,4,People's Bank of China,, Central bank policy rates - China - Monthly - End of period,2016-12,4.35,A,F,
M,CN,368,0,,From 20 Aug 2019 onwards: Loan Prime Rate  (1 year): from 1 Jan 1996 till 19 Aug 2019: Official lending rate (1 year).,4,People's Bank of China,, Central bank policy rates - China - Monthly - End of period,2017-01,4.35,A,F,
M,CN,368,0,,From 20 Aug 2019 onwards: Loan Prime Rate  (1 year): from 1 Jan 1996 till 19 Aug 2019: Official lending rate (1 year).,4,People's Bank of China,, Central bank policy rates - China - Monthly - End of period,2017-02,4.35,A,F,
M,CN,368,0,,From 20 Aug 2019 onwards: Loan Prime Rate  (1 year): from 1 Jan 1996 till 19 Aug 2019: Official lending rate (1 year).,4,People's Bank of China,, Central bank policy rates - China - Monthly - End of period,2017-03,4.35,A,F,
M,CN,368,0,,From 20 Aug 2019 onwards: Loan Prime Rate  (1 year): from 1 Jan 1996 till 19 Aug 2019: Official lending rate (1 year).,4,People's Bank of China,, Central bank policy rates - China - Monthly - End of period,2017-04,4.35,A,F,
M,CN,368,0,,From 20 Aug 2019 onwards: Loan Prime Rate  (1 year): from 1 Jan 1996 till 19 Aug 2019: Official lending rate (1 year).,4,People's Bank of China,, Central bank policy rates - China - Monthly - End of period,2017-05,4.35,A,F,
M,CN,368,0,,From 20 Aug 2019 onwards: Loan Prime Rate  (1 year): from 1 Jan 1996 till 19 Aug 2019: Official lending rate (1 year).,4,People's Bank of China,, Central bank policy rates - China - Monthly - End of period,2017-06,4.35,A,F,
M,CN,368,0,,From 20 Aug 2019 onwards: Loan Prime Rate  (1 year): from 1 Jan 1996 till 19 Aug 2019: Official lending rate (1 year).,4,People's Bank of China,, Central bank policy rates - China - Monthly - End of period,2017-07,4.35,A,F,
M,CN,368,0,,From 20 Aug 2019 onwards: Loan Prime Rate  (1 year): from 1 Jan 1996 till 19 Aug 2019: Official lending rate (1 year).,4,People's Bank of China,, Central bank policy rates - China - Monthly - End of period,2017-08,4.35,A,F,
M,CN,368,0,,From 20 Aug 2019 onwards: Loan Prime Rate  (1 year): from 1 Jan 1996 till 19 Aug 2019: Official lending rate (1 year).,4,People's Bank of China,, Central bank policy rates - China - Monthly - End of period,2017-09,4.35,A,F,
M,CN,368,0,,From 20 Aug 2019 onwards: Loan Prime Rate  (1 year): from 1 Jan 1996 till 19 Aug 2019: Official lending rate (1 year).,4,People's Bank of China,, Central bank policy rates - China - Monthly - End of period,2017-10,4.35,A,F,
M,CN,368,0,,From 20 Aug 2019 onwards: Loan Prime Rate  (1 year): from 1 Jan 1996 till 19 Aug 2019: Official lending rate (1 year).,4,People's Bank of China,, Central bank policy rates - China - Monthly - End of period,2017-11,4.35,A,F,
M,CN,368,0,,From 20 Aug 2019 onwards: Loan Prime Rate  (1 year): from 1 Jan 1996 till 19 Aug 2019: Official lending rate (1 year).,4,People's Bank of China,, Central bank policy rates - China - Monthly - End of period,2017-12,4.35,A,F,
M,CN,368,0,,From 20 Aug 2019 onwards: Loan Prime Rate  (1 year): from 1 Jan 1996 till 19 Aug 2019: Official lending rate (1 year).,4,People's Bank of China,, Central bank policy rates - China - Monthly - End of period,2018-01,4.35,A,F,
M,CN,368,0,,From 20 Aug 2019 onwards: Loan Prime Rate  (1 year): from 1 Jan 1996 till 19 Aug 2019: Official lending rate (1 year).,4,People's Bank of China,, Central bank policy rates - China - Monthly - End of period,2018-02,4.35,A,F,
M,CN,368,0,,From 20 Aug 2019 onwards: Loan Prime Rate  (1 year): from 1 Jan 1996 till 19 Aug 2019: Official lending rate (1 year).,4,People's Bank of China,, Central bank policy rates - China - Monthly - End of period,2018-03,4.35,A,F,
M,CN,368,0,,From 20 Aug 2019 onwards: Loan Prime Rate  (1 year): from 1 Jan 1996 till 19 Aug 2019: Official lending rate (1 year).,4,People's Bank of China,, Central bank policy rates - China - Monthly - End of period,2018-04,4.35,A,F,
M,CN,368,0,,From 20 Aug 2019 onwards: Loan Prime Rate  (1 year): from 1 Jan 1996 till 19 Aug 2019: Official lending rate (1 year).,4,People's Bank of China,, Central bank policy rates - China - Monthly - End of period,2018-05,4.35,A,F,
M,CN,368,0,,From 20 Aug 2019 onwards: Loan Prime Rate  (1 year): from 1 Jan 1996 till 19 Aug 2019: Official lending rate (1 year).,4,People's Bank of China,, Central bank policy rates - China - Monthly - End of period,2018-06,4.35,A,F,
M,CN,368,0,,From 20 Aug 2019 onwards: Loan Prime Rate  (1 year): from 1 Jan 1996 till 19 Aug 2019: Official lending rate (1 year).,4,People's Bank of China,, Central bank policy rates - China - Monthly - End of period,2018-07,4.35,A,F,
M,CN,368,0,,From 20 Aug 2019 onwards: Loan Prime Rate  (1 year): from 1 Jan 1996 till 19 Aug 2019: Official lending rate (1 year).,4,People's Bank of China,, Central bank policy rates - China - Monthly - End of period,2018-08,4.35,A,F,
M,CN,368,0,,From 20 Aug 2019 onwards: Loan Prime Rate  (1 year): from 1 Jan 1996 till 19 Aug 2019: Official lending rate (1 year).,4,People's Bank of China,, Central bank policy rates - China - Monthly - End of period,2018-09,4.35,A,F,
M,CN,368,0,,From 20 Aug 2019 onwards: Loan Prime Rate  (1 year): from 1 Jan 1996 till 19 Aug 2019: Official lending rate (1 year).,4,People's Bank of China,, Central bank policy rates - China - Monthly - End of period,2018-10,4.35,A,F,
M,CN,368,0,,From 20 Aug 2019 onwards: Loan Prime Rate  (1 year): from 1 Jan 1996 till 19 Aug 2019: Official lending rate (1 year).,4,People's Bank of China,, Central bank policy rates - China - Monthly - End of period,2018-11,4.35,A,F,
M,CN,368,0,,From 20 Aug 2019 onwards: Loan Prime Rate  (1 year): from 1 Jan 1996 till 19 Aug 2019: Official lending rate (1 year).,4,People's Bank of China,, Central bank policy rates - China - Monthly - End of period,2018-12,4.35,A,F,
M,CN,368,0,,From 20 Aug 2019 onwards: Loan Prime Rate  (1 year): from 1 Jan 1996 till 19 Aug 2019: Official lending rate (1 year).,4,People's Bank of China,, Central bank policy rates - China - Monthly - End of period,2019-01,4.35,A,F,
M,CN,368,0,,From 20 Aug 2019 onwards: Loan Prime Rate  (1 year): from 1 Jan 1996 till 19 Aug 2019: Official lending rate (1 year).,4,People's Bank of China,, Central bank policy rates - China - Monthly - End of period,2019-02,4.35,A,F,
M,CN,368,0,,From 20 Aug 2019 onwards: Loan Prime Rate  (1 year): from 1 Jan 1996 till 19 Aug 2019: Official lending rate (1 year).,4,People's Bank of China,, Central bank policy rates - China - Monthly - End of period,2019-03,4.35,A,F,
M,CN,368,0,,From 20 Aug 2019 onwards: Loan Prime Rate  (1 year): from 1 Jan 1996 till 19 Aug 2019: Official lending rate (1 year).,4,People's Bank of China,, Central bank policy rates - China - Monthly - End of period,2019-04,4.35,A,F,
M,CN,368,0,,From 20 Aug 2019 onwards: Loan Prime Rate  (1 year): from 1 Jan 1996 till 19 Aug 2019: Official lending rate (1 year).,4,People's Bank of China,, Central bank policy rates - China - Monthly - End of period,2019-05,4.35,A,F,
M,CN,368,0,,From 20 Aug 2019 onwards: Loan Prime Rate  (1 year): from 1 Jan 1996 till 19 Aug 2019: Official lending rate (1 year).,4,People's Bank of China,, Central bank policy rates - China - Monthly - End of period,2019-06,4.35,A,F,
M,CN,368,0,,From 20 Aug 2019 onwards: Loan Prime Rate  (1 year): from 1 Jan 1996 till 19 Aug 2019: Official lending rate (1 year).,4,People's Bank of China,, Central bank policy rates - China - Monthly - End of period,2019-07,4.35,A,F,
M,CN,368,0,,From 20 Aug 2019 onwards: Loan Prime Rate  (1 year): from 1 Jan 1996 till 19 Aug 2019: Official lending rate (1 year).,4,People's Bank of China,, Central bank policy rates - China - Monthly - End of period,2019-08,4.25,A,F,
M,CN,368,0,,From 20 Aug 2019 onwards: Loan Prime Rate  (1 year): from 1 Jan 1996 till 19 Aug 2019: Official lending rate (1 year).,4,People's Bank of China,, Central bank policy rates - China - Monthly - End of period,2019-09,4.2,A,F,
M,CN,368,0,,From 20 Aug 2019 onwards: Loan Prime Rate  (1 year): from 1 Jan 1996 till 19 Aug 2019: Official lending rate (1 year).,4,People's Bank of China,, Central bank policy rates - China - Monthly - End of period,2019-10,4.2,A,F,
M,CN,368,0,,From 20 Aug 2019 onwards: Loan Prime Rate  (1 year): from 1 Jan 1996 till 19 Aug 2019: Official lending rate (1 year).,4,People's Bank of China,, Central bank policy rates - China - Monthly - End of period,2019-11,4.15,A,F,
M,CN,368,0,,From 20 Aug 2019 onwards: Loan Prime Rate  (1 year): from 1 Jan 1996 till 19 Aug 2019: Official lending rate (1 year).,4,People's Bank of China,, Central bank policy rates - China - Monthly - End of period,2019-12,4.15,A,F,
M,CN,368,0,,From 20 Aug 2019 onwards: Loan Prime Rate  (1 year): from 1 Jan 1996 till 19 Aug 2019: Official lending rate (1 year).,4,People's Bank of China,, Central bank policy rates - China - Monthly - End of period,2020-01,4.15,A,F,
M,CN,368,0,,From 20 Aug 2019 onwards: Loan Prime Rate  (1 year): from 1 Jan 1996 till 19 Aug 2019: Official lending rate (1 year).,4,People's Bank of China,, Central bank policy rates - China - Monthly - End of period,2020-02,4.05,A,F,
M,CN,368,0,,From 20 Aug 2019 onwards: Loan Prime Rate  (1 year): from 1 Jan 1996 till 19 Aug 2019: Official lending rate (1 year).,4,People's Bank of China,, Central bank policy rates - China - Monthly - End of period,2020-03,4.05,A,F,
M,CN,368,0,,From 20 Aug 2019 onwards: Loan Prime Rate  (1 year): from 1 Jan 1996 till 19 Aug 2019: Official lending rate (1 year).,4,People's Bank of China,, Central bank policy rates - China - Monthly - End of period,2020-04,3.85,A,F,
M,CN,368,0,,From 20 Aug 2019 onwards: Loan Prime Rate  (1 year): from 1 Jan 1996 till 19 Aug 2019: Official lending rate (1 year).,4,People's Bank of China,, Central bank policy rates - China - Monthly - End of period,2020-05,3.85,A,F,
M,CN,368,0,,From 20 Aug 2019 onwards: Loan Prime Rate  (1 year): from 1 Jan 1996 till 19 Aug 2019: Official lending rate (1 year).,4,People's Bank of China,, Central bank policy rates - China - Monthly - End of period,2020-06,3.85,A,F,
M,CN,368,0,,From 20 Aug 2019 onwards: Loan Prime Rate  (1 year): from 1 Jan 1996 till 19 Aug 2019: Official lending rate (1 year).,4,People's Bank of China,, Central bank policy rates - China - Monthly - End of period,2020-07,3.85,A,F,
M,CN,368,0,,From 20 Aug 2019 onwards: Loan Prime Rate  (1 year): from 1 Jan 1996 till 19 Aug 2019: Official lending rate (1 year).,4,People's Bank of China,, Central bank policy rates - China - Monthly - End of period,2020-08,3.85,A,F,
M,CN,368,0,,From 20 Aug 2019 onwards: Loan Prime Rate  (1 year): from 1 Jan 1996 till 19 Aug 2019: Official lending rate (1 year).,4,People's Bank of China,, Central bank policy rates - China - Monthly - End of period,2020-09,3.85,A,F,
M,CN,368,0,,From 20 Aug 2019 onwards: Loan Prime Rate  (1 year): from 1 Jan 1996 till 19 Aug 2019: Official lending rate (1 year).,4,People's Bank of China,, Central bank policy rates - China - Monthly - End of period,2020-10,3.85,A,F,
M,CN,368,0,,From 20 Aug 2019 onwards: Loan Prime Rate  (1 year): from 1 Jan 1996 till 19 Aug 2019: Official lending rate (1 year).,4,People's Bank of China,, Central bank policy rates - China - Monthly - End of period,2020-11,3.85,A,F,
M,CN,368,0,,From 20 Aug 2019 onwards: Loan Prime Rate  (1 year): from 1 Jan 1996 till 19 Aug 2019: Official lending rate (1 year).,4,People's Bank of China,, Central bank policy rates - China - Monthly - End of period,2020-12,3.85,A,F,
M,CN,368,0,,From 20 Aug 2019 onwards: Loan Prime Rate  (1 year): from 1 Jan 1996 till 19 Aug 2019: Official lending rate (1 year).,4,People's Bank of China,, Central bank policy rates - China - Monthly - End of period,2021-01,3.85,A,F,
M,CN,368,0,,From 20 Aug 2019 onwards: Loan Prime Rate  (1 year): from 1 Jan 1996 till 19 Aug 2019: Official lending rate (1 year).,4,People's Bank of China,, Central bank policy rates - China - Monthly - End of period,2021-02,3.85,A,F,
M,CN,368,0,,From 20 Aug 2019 onwards: Loan Prime Rate  (1 year): from 1 Jan 1996 till 19 Aug 2019: Official lending rate (1 year).,4,People's Bank of China,, Central bank policy rates - China - Monthly - End of period,2021-03,3.85,A,F,
M,CN,368,0,,From 20 Aug 2019 onwards: Loan Prime Rate  (1 year): from 1 Jan 1996 till 19 Aug 2019: Official lending rate (1 year).,4,People's Bank of China,, Central bank policy rates - China - Monthly - End of period,2021-04,3.85,A,F,
M,CN,368,0,,From 20 Aug 2019 onwards: Loan Prime Rate  (1 year): from 1 Jan 1996 till 19 Aug 2019: Official lending rate (1 year).,4,People's Bank of China,, Central bank policy rates - China - Monthly - End of period,2021-05,3.85,A,F,
M,CN,368,0,,From 20 Aug 2019 onwards: Loan Prime Rate  (1 year): from 1 Jan 1996 till 19 Aug 2019: Official lending rate (1 year).,4,People's Bank of China,, Central bank policy rates - China - Monthly - End of period,2021-06,3.85,A,F,
M,CN,368,0,,From 20 Aug 2019 onwards: Loan Prime Rate  (1 year): from 1 Jan 1996 till 19 Aug 2019: Official lending rate (1 year).,4,People's Bank of China,, Central bank policy rates - China - Monthly - End of period,2021-07,3.85,A,F,
M,CN,368,0,,From 20 Aug 2019 onwards: Loan Prime Rate  (1 year): from 1 Jan 1996 till 19 Aug 2019: Official lending rate (1 year).,4,People's Bank of China,, Central bank policy rates - China - Monthly - End of period,2021-08,3.85,A,F,
M,CN,368,0,,From 20 Aug 2019 onwards: Loan Prime Rate  (1 year): from 1 Jan 1996 till 19 Aug 2019: Official lending rate (1 year).,4,People's Bank of China,, Central bank policy rates - China - Monthly - End of period,2021-09,3.85,A,F,
M,CN,368,0,,From 20 Aug 2019 onwards: Loan Prime Rate  (1 year): from 1 Jan 1996 till 19 Aug 2019: Official lending rate (1 year).,4,People's Bank of China,, Central bank policy rates - China - Monthly - End of period,2021-10,3.85,A,F,
M,CN,368,0,,From 20 Aug 2019 onwards: Loan Prime Rate  (1 year): from 1 Jan 1996 till 19 Aug 2019: Official lending rate (1 year).,4,People's Bank of China,, Central bank policy rates - China - Monthly - End of period,2021-11,3.85,A,F,
M,CN,368,0,,From 20 Aug 2019 onwards: Loan Prime Rate  (1 year): from 1 Jan 1996 till 19 Aug 2019: Official lending rate (1 year).,4,People's Bank of China,, Central bank policy rates - China - Monthly - End of period,2021-12,3.8,A,F,
M,CN,368,0,,From 20 Aug 2019 onwards: Loan Prime Rate  (1 year): from 1 Jan 1996 till 19 Aug 2019: Official lending rate (1 year).,4,People's Bank of China,, Central bank policy rates - China - Monthly - End of period,2022-01,3.7,A,F,
M,CN,368,0,,From 20 Aug 2019 onwards: Loan Prime Rate  (1 year): from 1 Jan 1996 till 19 Aug 2019: Official lending rate (1 year).,4,People's Bank of China,, Central bank policy rates - China - Monthly - End of period,2022-02,3.7,A,F,
M,CN,368,0,,From 20 Aug 2019 onwards: Loan Prime Rate  (1 year): from 1 Jan 1996 till 19 Aug 2019: Official lending rate (1 year).,4,People's Bank of China,, Central bank policy rates - China - Monthly - End of period,2022-03,3.7,A,F,
M,CN,368,0,,From 20 Aug 2019 onwards: Loan Prime Rate  (1 year): from 1 Jan 1996 till 19 Aug 2019: Official lending rate (1 year).,4,People's Bank of China,, Central bank policy rates - China - Monthly - End of period,2022-04,3.7,A,F,
M,CN,368,0,,From 20 Aug 2019 onwards: Loan Prime Rate  (1 year): from 1 Jan 1996 till 19 Aug 2019: Official lending rate (1 year).,4,People's Bank of China,, Central bank policy rates - China - Monthly - End of period,2022-05,3.7,A,F,
M,CN,368,0,,From 20 Aug 2019 onwards: Loan Prime Rate  (1 year): from 1 Jan 1996 till 19 Aug 2019: Official lending rate (1 year).,4,People's Bank of China,, Central bank policy rates - China - Monthly - End of period,2022-06,3.7,A,F,
M,CN,368,0,,From 20 Aug 2019 onwards: Loan Prime Rate  (1 year): from 1 Jan 1996 till 19 Aug 2019: Official lending rate (1 year).,4,People's Bank of China,, Central bank policy rates - China - Monthly - End of period,2022-07,3.7,A,F,
M,CN,368,0,,From 20 Aug 2019 onwards: Loan Prime Rate  (1 year): from 1 Jan 1996 till 19 Aug 2019: Official lending rate (1 year).,4,People's Bank of China,, Central bank policy rates - China - Monthly - End of period,2022-08,3.65,A,F,
M,CN,368,0,,From 20 Aug 2019 onwards: Loan Prime Rate  (1 year): from 1 Jan 1996 till 19 Aug 2019: Official lending rate (1 year).,4,People's Bank of China,, Central bank policy rates - China - Monthly - End of period,2022-09,3.65,A,F,
M,CN,368,0,,From 20 Aug 2019 onwards: Loan Prime Rate  (1 year): from 1 Jan 1996 till 19 Aug 2019: Official lending rate (1 year).,4,People's Bank of China,, Central bank policy rates - China - Monthly - End of period,2022-10,3.65,A,F,
M,CN,368,0,,From 20 Aug 2019 onwards: Loan Prime Rate  (1 year): from 1 Jan 1996 till 19 Aug 2019: Official lending rate (1 year).,4,People's Bank of China,, Central bank policy rates - China - Monthly - End of period,2022-11,3.65,A,F,
M,CN,368,0,,From 20 Aug 2019 onwards: Loan Prime Rate  (1 year): from 1 Jan 1996 till 19 Aug 2019: Official lending rate (1 year).,4,People's Bank of China,, Central bank policy rates - China - Monthly - End of period,2022-12,3.65,A,F,
M,CN,368,0,,From 20 Aug 2019 onwards: Loan Prime Rate  (1 year): from 1 Jan 1996 till 19 Aug 2019: Official lending rate (1 year).,4,People's Bank of China,, Central bank policy rates - China - Monthly - End of period,2023-01,3.65,A,F,
M,CN,368,0,,From 20 Aug 2019 onwards: Loan Prime Rate  (1 year): from 1 Jan 1996 till 19 Aug 2019: Official lending rate (1 year).,4,People's Bank of China,, Central bank policy rates - China - Monthly - End of period,2023-02,3.65,A,F,
M,CN,368,0,,From 20 Aug 2019 onwards: Loan Prime Rate  (1 year): from 1 Jan 1996 till 19 Aug 2019: Official lending rate (1 year).,4,People's Bank of China,, Central bank policy rates - China - Monthly - End of period,2023-03,3.65,A,F,
M,CN,368,0,,From 20 Aug 2019 onwards: Loan Prime Rate  (1 year): from 1 Jan 1996 till 19 Aug 2019: Official lending rate (1 year).,4,People's Bank of China,, Central bank policy rates - China - Monthly - End of period,2023-04,3.65,A,F,
M,CN,368,0,,From 20 Aug 2019 onwards: Loan Prime Rate  (1 year): from 1 Jan 1996 till 19 Aug 2019: Official lending rate (1 year).,4,People's Bank of China,, Central bank policy rates - China - Monthly - End of period,2023-05,3.65,A,F,
M,CN,368,0,,From 20 Aug 2019 onwards: Loan Prime Rate  (1 year): from 1 Jan 1996 till 19 Aug 2019: Official lending rate (1 year).,4,People's Bank of China,, Central bank policy rates - China - Monthly - End of period,2023-06,3.55,A,F,
M,CN,368,0,,From 20 Aug 2019 onwards: Loan Prime Rate  (1 year): from 1 Jan 1996 till 19 Aug 2019: Official lending rate (1 year).,4,People's Bank of China,, Central bank policy rates - China - Monthly - End of period,2023-07,3.55,A,F,
M,CN,368,0,,From 20 Aug 2019 onwards: Loan Prime Rate  (1 year): from 1 Jan 1996 till 19 Aug 2019: Official lending rate (1 year).,4,People's Bank of China,, Central bank policy rates - China - Monthly - End of period,2023-08,3.45,A,F,
M,CN,368,0,,From 20 Aug 2019 onwards: Loan Prime Rate  (1 year): from 1 Jan 1996 till 19 Aug 2019: Official lending rate (1 year).,4,People's Bank of China,, Central bank policy rates - China - Monthly - End of period,2023-09,3.45,A,F,
M,CN,368,0,,From 20 Aug 2019 onwards: Loan Prime Rate  (1 year): from 1 Jan 1996 till 19 Aug 2019: Official lending rate (1 year).,4,People's Bank of China,, Central bank policy rates - China - Monthly - End of period,2023-10,3.45,A,F,
M,CN,368,0,,From 20 Aug 2019 onwards: Loan Prime Rate  (1 year): from 1 Jan 1996 till 19 Aug 2019: Official lending rate (1 year).,4,People's Bank of China,, Central bank policy rates - China - Monthly - End of period,2023-11,3.45,A,F,
M,CN,368,0,,From 20 Aug 2019 onwards: Loan Prime Rate  (1 year): from 1 Jan 1996 till 19 Aug 2019: Official lending rate (1 year).,4,People's Bank of China,, Central bank policy rates - China - Monthly - End of period,2023-12,3.45,A,F,
M,CN,368,0,,From 20 Aug 2019 onwards: Loan Prime Rate  (1 year): from 1 Jan 1996 till 19 Aug 2019: Official lending rate (1 year).,4,People's Bank of China,, Central bank policy rates - China - Monthly - End of period,2024-01,3.45,A,F,
M,CN,368,0,,From 20 Aug 2019 onwards: Loan Prime Rate  (1 year): from 1 Jan 1996 till 19 Aug 2019: Official lending rate (1 year).,4,People's Bank of China,, Central bank policy rates - China - Monthly - End of period,2024-02,3.45,A,F,
M,CN,368,0,,From 20 Aug 2019 onwards: Loan Prime Rate  (1 year): from 1 Jan 1996 till 19 Aug 2019: Official lending rate (1 year).,4,People's Bank of China,, Central bank policy rates - China - Monthly - End of period,2024-03,3.45,A,F,
M,CN,368,0,,From 20 Aug 2019 onwards: Loan Prime Rate  (1 year): from 1 Jan 1996 till 19 Aug 2019: Official lending rate (1 year).,4,People's Bank of China,, Central bank policy rates - China - Monthly - End of period,2024-04,3.45,A,F,
M,CN,368,0,,From 20 Aug 2019 onwards: Loan Prime Rate  (1 year): from 1 Jan 1996 till 19 Aug 2019: Official lending rate (1 year).,4,People's Bank of China,, Central bank policy rates - China - Monthly - End of period,2024-05,3.45,A,F,
M,CN,368,0,,From 20 Aug 2019 onwards: Loan Prime Rate  (1 year): from 1 Jan 1996 till 19 Aug 2019: Official lending rate (1 year).,4,People's Bank of China,, Central bank policy rates - China - Monthly - End of period,2024-06,3.45,A,F,
M,CN,368,0,,From 20 Aug 2019 onwards: Loan Prime Rate  (1 year): from 1 Jan 1996 till 19 Aug 2019: Official lending rate (1 year).,4,People's Bank of China,, Central bank policy rates - China - Monthly - End of period,2024-07,3.35,A,F,
M,CN,368,0,,From 20 Aug 2019 onwards: Loan Prime Rate  (1 year): from 1 Jan 1996 till 19 Aug 2019: Official lending rate (1 year).,4,People's Bank of China,, Central bank policy rates - China - Monthly - End of period,2024-08,3.35,A,F,
M,CN,368,0,,From 20 Aug 2019 onwards: Loan Prime Rate  (1 year): from 1 Jan 1996 till 19 Aug 2019: Official lending rate (1 year).,4,People's Bank of China,, Central bank policy rates - China - Monthly - End of period,2024-09,3.35,A,F,
M,CN,368,0,,From 20 Aug 2019 onwards: Loan Prime Rate  (1 year): from 1 Jan 1996 till 19 Aug 2019: Official lending rate (1 year).,4,People's Bank of China,, Central bank policy rates - China - Monthly - End of period,2024-10,3.1,A,F,
M,CN,368,0,,From 20 Aug 2019 onwards: Loan Prime Rate  (1 year): from 1 Jan 1996 till 19 Aug 2019: Official lending rate (1 year).,4,People's Bank of China,, Central bank policy rates - China - Monthly - End of period,2024-11,3.1,A,F,
M,CN,368,0,,From 20 Aug 2019 onwards: Loan Prime Rate  (1 year): from 1 Jan 1996 till 19 Aug 2019: Official lending rate (1 year).,4,People's Bank of China,, Central bank policy rates - China - Monthly - End of period,2024-12,3.1,A,F,
M,CN,368,0,,From 20 Aug 2019 onwards: Loan Prime Rate  (1 year): from 1 Jan 1996 till 19 Aug 2019: Official lending rate (1 year).,4,People's Bank of China,, Central bank policy rates - China - Monthly - End of period,2025-01,3.1,A,F,
M,CN,368,0,,From 20 Aug 2019 onwards: Loan Prime Rate  (1 year): from 1 Jan 1996 till 19 Aug 2019: Official lending rate (1 year).,4,People's Bank of China,, Central bank policy rates - China - Monthly - End of period,2025-02,3.1,A,F,
M,CN,368,0,,From 20 Aug 2019 onwards: Loan Prime Rate  (1 year): from 1 Jan 1996 till 19 Aug 2019: Official lending rate (1 year).,4,People's Bank of China,, Central bank policy rates - China - Monthly - End of period,2025-03,3.1,A,F,
M,CN,368,0,,From 20 Aug 2019 onwards: Loan Prime Rate  (1 year): from 1 Jan 1996 till 19 Aug 2019: Official lending rate (1 year).,4,People's Bank of China,, Central bank policy rates - China - Monthly - End of period,2025-04,3.1,A,F,
M,CN,368,0,,From 20 Aug 2019 onwards: Loan Prime Rate  (1 year): from 1 Jan 1996 till 19 Aug 2019: Official lending rate (1 year).,4,People's Bank of China,, Central bank policy rates - China - Monthly - End of period,2025-05,3,A,F,
M,CN,368,0,,From 20 Aug 2019 onwards: Loan Prime Rate  (1 year): from 1 Jan 1996 till 19 Aug 2019: Official lending rate (1 year).,4,People's Bank of China,, Central bank policy rates - China - Monthly - End of period,2025-06,3,A,F,
M,CN,368,0,,From 20 Aug 2019 onwards: Loan Prime Rate  (1 year): from 1 Jan 1996 till 19 Aug 2019: Official lending rate (1 year).,4,People's Bank of China,, Central bank policy rates - China - Monthly - End of period,2025-07,3,A,F,
M,CN,368,0,,From 20 Aug 2019 onwards: Loan Prime Rate  (1 year): from 1 Jan 1996 till 19 Aug 2019: Official lending rate (1 year).,4,People's Bank of China,, Central bank policy rates - China - Monthly - End of period,2025-08,3,A,F,
M,CN,368,0,,From 20 Aug 2019 onwards: Loan Prime Rate  (1 year): from 1 Jan 1996 till 19 Aug 2019: Official lending rate (1 year).,4,People's Bank of China,, Central bank policy rates - China - Monthly - End of period,2025-09,3,A,F,
M,CN,368,0,,From 20 Aug 2019 onwards: Loan Prime Rate  (1 year): from 1 Jan 1996 till 19 Aug 2019: Official lending rate (1 year).,4,People's Bank of China,, Central bank policy rates - China - Monthly - End of period,2025-10,3,A,F,
M,CN,368,0,,From 20 Aug 2019 onwards: Loan Prime Rate  (1 year): from 1 Jan 1996 till 19 Aug 2019: Official lending rate (1 year).,4,People's Bank of China,, Central bank policy rates - China - Monthly - End of period,2025-11,3,A,F,
M,CN,368,0,,From 20 Aug 2019 onwards: Loan Prime Rate  (1 year): from 1 Jan 1996 till 19 Aug 2019: Official lending rate (1 year).,4,People's Bank of China,, Central bank policy rates - China - Monthly - End of period,2025-12,3,A,F,
M,CN,368,0,,From 20 Aug 2019 onwards: Loan Prime Rate  (1 year): from 1 Jan 1996 till 19 Aug 2019: Official lending rate (1 year).,4,People's Bank of China,, Central bank policy rates - China - Monthly - End of period,2026-01,3,A,F,
M,CN,368,0,,From 20 Aug 2019 onwards: Loan Prime Rate  (1 year): from 1 Jan 1996 till 19 Aug 2019: Official lending rate (1 year).,4,People's Bank of China,, Central bank policy rates - China - Monthly - End of period,2026-02,3,A,F,
M,CN,368,0,,From 20 Aug 2019 onwards: Loan Prime Rate  (1 year): from 1 Jan 1996 till 19 Aug 2019: Official lending rate (1 year).,4,People's Bank of China,, Central bank policy rates - China - Monthly - End of period,2026-03,3,A,F,
M,CN,368,0,,From 20 Aug 2019 onwards: Loan Prime Rate  (1 year): from 1 Jan 1996 till 19 Aug 2019: Official lending rate (1 year).,4,People's Bank of China,, Central bank policy rates - China - Monthly - End of period,2026-04,3,A,F,
M,CN,368,0,,From 20 Aug 2019 onwards: Loan Prime Rate  (1 year): from 1 Jan 1996 till 19 Aug 2019: Official lending rate (1 year).,4,People's Bank of China,, Central bank policy rates - China - Monthly - End of period,2026-05,3,A,F,
M,CN,368,0,,From 20 Aug 2019 onwards: Loan Prime Rate  (1 year): from 1 Jan 1996 till 19 Aug 2019: Official lending rate (1 year).,4,People's Bank of China,, Central bank policy rates - China - Monthly - End of period,2026-06,3,A,F,
M,CN,368,0,,From 20 Aug 2019 onwards: Loan Prime Rate  (1 year): from 1 Jan 1996 till 19 Aug 2019: Official lending rate (1 year).,4,People's Bank of China,, Central bank policy rates - China - Monthly - End of period,2026-07,3,A,F,
M,CN,368,0,,From 20 Aug 2019 onwards: Loan Prime Rate  (1 year): from 1 Jan 1996 till 19 Aug 2019: Official lending rate (1 year).,4,People's Bank of China,, Central bank policy rates - China - Monthly - End of period,2026-08,3,A,F,
M,CA,368,0,,"From 1 Jun 1994 onwards: Central Bank target, overnight rate; from 27 Jul 1960 to 31 May 1994: official bank rate.",4,Bank of Canada,"In Jun 1994 the Bank of Canada (BoC) began shifting emphasis from the bank rate to the target for the overnight rate as its key monetary policy instrument. In Feb 1999 the target for the overnight rate was defined as the midpoint of the band, or 25 basis points below the bank rate. In May 2001 the BoC began emphasizing the target as its key interest rate in its communications with the public.", Central bank policy rates - Canada - Monthly - End of period,2016-01,0.5,A,F,
M,CA,368,0,,"From 1 Jun 1994 onwards: Central Bank target, overnight rate; from 27 Jul 1960 to 31 May 1994: official bank rate.",4,Bank of Canada,"In Jun 1994 the Bank of Canada (BoC) began shifting emphasis from the bank rate to the target for the overnight rate as its key monetary policy instrument. In Feb 1999 the target for the overnight rate was defined as the midpoint of the band, or 25 basis points below the bank rate. In May 2001 the BoC began emphasizing the target as its key interest rate in its communications with the public.", Central bank policy rates - Canada - Monthly - End of period,2016-02,0.5,A,F,
M,CA,368,0,,"From 1 Jun 1994 onwards: Central Bank target, overnight rate; from 27 Jul 1960 to 31 May 1994: official bank rate.",4,Bank of Canada,"In Jun 1994 the Bank of Canada (BoC) began shifting emphasis from the bank rate to the target for the overnight rate as its key monetary policy instrument. In Feb 1999 the target for the overnight rate was defined as the midpoint of the band, or 25 basis points below the bank rate. In May 2001 the BoC began emphasizing the target as its key interest rate in its communications with the public.", Central bank policy rates - Canada - Monthly - End of period,2016-03,0.5,A,F,
M,CA,368,0,,"From 1 Jun 1994 onwards: Central Bank target, overnight rate; from 27 Jul 1960 to 31 May 1994: official bank rate.",4,Bank of Canada,"In Jun 1994 the Bank of Canada (BoC) began shifting emphasis from the bank rate to the target for the overnight rate as its key monetary policy instrument. In Feb 1999 the target for the overnight rate was defined as the midpoint of the band, or 25 basis points below the bank rate. In May 2001 the BoC began emphasizing the target as its key interest rate in its communications with the public.", Central bank policy rates - Canada - Monthly - End of period,2016-04,0.5,A,F,
M,CA,368,0,,"From 1 Jun 1994 onwards: Central Bank target, overnight rate; from 27 Jul 1960 to 31 May 1994: official bank rate.",4,Bank of Canada,"In Jun 1994 the Bank of Canada (BoC) began shifting emphasis from the bank rate to the target for the overnight rate as its key monetary policy instrument. In Feb 1999 the target for the overnight rate was defined as the midpoint of the band, or 25 basis points below the bank rate. In May 2001 the BoC began emphasizing the target as its key interest rate in its communications with the public.", Central bank policy rates - Canada - Monthly - End of period,2016-05,0.5,A,F,
M,CA,368,0,,"From 1 Jun 1994 onwards: Central Bank target, overnight rate; from 27 Jul 1960 to 31 May 1994: official bank rate.",4,Bank of Canada,"In Jun 1994 the Bank of Canada (BoC) began shifting emphasis from the bank rate to the target for the overnight rate as its key monetary policy instrument. In Feb 1999 the target for the overnight rate was defined as the midpoint of the band, or 25 basis points below the bank rate. In May 2001 the BoC began emphasizing the target as its key interest rate in its communications with the public.", Central bank policy rates - Canada - Monthly - End of period,2016-06,0.5,A,F,
M,CA,368,0,,"From 1 Jun 1994 onwards: Central Bank target, overnight rate; from 27 Jul 1960 to 31 May 1994: official bank rate.",4,Bank of Canada,"In Jun 1994 the Bank of Canada (BoC) began shifting emphasis from the bank rate to the target for the overnight rate as its key monetary policy instrument. In Feb 1999 the target for the overnight rate was defined as the midpoint of the band, or 25 basis points below the bank rate. In May 2001 the BoC began emphasizing the target as its key interest rate in its communications with the public.", Central bank policy rates - Canada - Monthly - End of period,2016-07,0.5,A,F,
M,CA,368,0,,"From 1 Jun 1994 onwards: Central Bank target, overnight rate; from 27 Jul 1960 to 31 May 1994: official bank rate.",4,Bank of Canada,"In Jun 1994 the Bank of Canada (BoC) began shifting emphasis from the bank rate to the target for the overnight rate as its key monetary policy instrument. In Feb 1999 the target for the overnight rate was defined as the midpoint of the band, or 25 basis points below the bank rate. In May 2001 the BoC began emphasizing the target as its key interest rate in its communications with the public.", Central bank policy rates - Canada - Monthly - End of period,2016-08,0.5,A,F,
M,CA,368,0,,"From 1 Jun 1994 onwards: Central Bank target, overnight rate; from 27 Jul 1960 to 31 May 1994: official bank rate.",4,Bank of Canada,"In Jun 1994 the Bank of Canada (BoC) began shifting emphasis from the bank rate to the target for the overnight rate as its key monetary policy instrument. In Feb 1999 the target for the overnight rate was defined as the midpoint of the band, or 25 basis points below the bank rate. In May 2001 the BoC began emphasizing the target as its key interest rate in its communications with the public.", Central bank policy rates - Canada - Monthly - End of period,2016-09,0.5,A,F,
M,CA,368,0,,"From 1 Jun 1994 onwards: Central Bank target, overnight rate; from 27 Jul 1960 to 31 May 1994: official bank rate.",4,Bank of Canada,"In Jun 1994 the Bank of Canada (BoC) began shifting emphasis from the bank rate to the target for the overnight rate as its key monetary policy instrument. In Feb 1999 the target for the overnight rate was defined as the midpoint of the band, or 25 basis points below the bank rate. In May 2001 the BoC began emphasizing the target as its key interest rate in its communications with the public.", Central bank policy rates - Canada - Monthly - End of period,2016-10,0.5,A,F,
M,CA,368,0,,"From 1 Jun 1994 onwards: Central Bank target, overnight rate; from 27 Jul 1960 to 31 May 1994: official bank rate.",4,Bank of Canada,"In Jun 1994 the Bank of Canada (BoC) began shifting emphasis from the bank rate to the target for the overnight rate as its key monetary policy instrument. In Feb 1999 the target for the overnight rate was defined as the midpoint of the band, or 25 basis points below the bank rate. In May 2001 the BoC began emphasizing the target as its key interest rate in its communications with the public.", Central bank policy rates - Canada - Monthly - End of period,2016-11,0.5,A,F,
M,CA,368,0,,"From 1 Jun 1994 onwards: Central Bank target, overnight rate; from 27 Jul 1960 to 31 May 1994: official bank rate.",4,Bank of Canada,"In Jun 1994 the Bank of Canada (BoC) began shifting emphasis from the bank rate to the target for the overnight rate as its key monetary policy instrument. In Feb 1999 the target for the overnight rate was defined as the midpoint of the band, or 25 basis points below the bank rate. In May 2001 the BoC began emphasizing the target as its key interest rate in its communications with the public.", Central bank policy rates - Canada - Monthly - End of period,2016-12,0.5,A,F,
M,CA,368,0,,"From 1 Jun 1994 onwards: Central Bank target, overnight rate; from 27 Jul 1960 to 31 May 1994: official bank rate.",4,Bank of Canada,"In Jun 1994 the Bank of Canada (BoC) began shifting emphasis from the bank rate to the target for the overnight rate as its key monetary policy instrument. In Feb 1999 the target for the overnight rate was defined as the midpoint of the band, or 25 basis points below the bank rate. In May 2001 the BoC began emphasizing the target as its key interest rate in its communications with the public.", Central bank policy rates - Canada - Monthly - End of period,2017-01,0.5,A,F,
M,CA,368,0,,"From 1 Jun 1994 onwards: Central Bank target, overnight rate; from 27 Jul 1960 to 31 May 1994: official bank rate.",4,Bank of Canada,"In Jun 1994 the Bank of Canada (BoC) began shifting emphasis from the bank rate to the target for the overnight rate as its key monetary policy instrument. In Feb 1999 the target for the overnight rate was defined as the midpoint of the band, or 25 basis points below the bank rate. In May 2001 the BoC began emphasizing the target as its key interest rate in its communications with the public.", Central bank policy rates - Canada - Monthly - End of period,2017-02,0.5,A,F,
M,CA,368,0,,"From 1 Jun 1994 onwards: Central Bank target, overnight rate; from 27 Jul 1960 to 31 May 1994: official bank rate.",4,Bank of Canada,"In Jun 1994 the Bank of Canada (BoC) began shifting emphasis from the bank rate to the target for the overnight rate as its key monetary policy instrument. In Feb 1999 the target for the overnight rate was defined as the midpoint of the band, or 25 basis points below the bank rate. In May 2001 the BoC began emphasizing the target as its key interest rate in its communications with the public.", Central bank policy rates - Canada - Monthly - End of period,2017-03,0.5,A,F,
M,CA,368,0,,"From 1 Jun 1994 onwards: Central Bank target, overnight rate; from 27 Jul 1960 to 31 May 1994: official bank rate.",4,Bank of Canada,"In Jun 1994 the Bank of Canada (BoC) began shifting emphasis from the bank rate to the target for the overnight rate as its key monetary policy instrument. In Feb 1999 the target for the overnight rate was defined as the midpoint of the band, or 25 basis points below the bank rate. In May 2001 the BoC began emphasizing the target as its key interest rate in its communications with the public.", Central bank policy rates - Canada - Monthly - End of period,2017-04,0.5,A,F,
M,CA,368,0,,"From 1 Jun 1994 onwards: Central Bank target, overnight rate; from 27 Jul 1960 to 31 May 1994: official bank rate.",4,Bank of Canada,"In Jun 1994 the Bank of Canada (BoC) began shifting emphasis from the bank rate to the target for the overnight rate as its key monetary policy instrument. In Feb 1999 the target for the overnight rate was defined as the midpoint of the band, or 25 basis points below the bank rate. In May 2001 the BoC began emphasizing the target as its key interest rate in its communications with the public.", Central bank policy rates - Canada - Monthly - End of period,2017-05,0.5,A,F,
M,CA,368,0,,"From 1 Jun 1994 onwards: Central Bank target, overnight rate; from 27 Jul 1960 to 31 May 1994: official bank rate.",4,Bank of Canada,"In Jun 1994 the Bank of Canada (BoC) began shifting emphasis from the bank rate to the target for the overnight rate as its key monetary policy instrument. In Feb 1999 the target for the overnight rate was defined as the midpoint of the band, or 25 basis points below the bank rate. In May 2001 the BoC began emphasizing the target as its key interest rate in its communications with the public.", Central bank policy rates - Canada - Monthly - End of period,2017-06,0.5,A,F,
M,CA,368,0,,"From 1 Jun 1994 onwards: Central Bank target, overnight rate; from 27 Jul 1960 to 31 May 1994: official bank rate.",4,Bank of Canada,"In Jun 1994 the Bank of Canada (BoC) began shifting emphasis from the bank rate to the target for the overnight rate as its key monetary policy instrument. In Feb 1999 the target for the overnight rate was defined as the midpoint of the band, or 25 basis points below the bank rate. In May 2001 the BoC began emphasizing the target as its key interest rate in its communications with the public.", Central bank policy rates - Canada - Monthly - End of period,2017-07,0.75,A,F,
M,CA,368,0,,"From 1 Jun 1994 onwards: Central Bank target, overnight rate; from 27 Jul 1960 to 31 May 1994: official bank rate.",4,Bank of Canada,"In Jun 1994 the Bank of Canada (BoC) began shifting emphasis from the bank rate to the target for the overnight rate as its key monetary policy instrument. In Feb 1999 the target for the overnight rate was defined as the midpoint of the band, or 25 basis points below the bank rate. In May 2001 the BoC began emphasizing the target as its key interest rate in its communications with the public.", Central bank policy rates - Canada - Monthly - End of period,2017-08,0.75,A,F,
M,CA,368,0,,"From 1 Jun 1994 onwards: Central Bank target, overnight rate; from 27 Jul 1960 to 31 May 1994: official bank rate.",4,Bank of Canada,"In Jun 1994 the Bank of Canada (BoC) began shifting emphasis from the bank rate to the target for the overnight rate as its key monetary policy instrument. In Feb 1999 the target for the overnight rate was defined as the midpoint of the band, or 25 basis points below the bank rate. In May 2001 the BoC began emphasizing the target as its key interest rate in its communications with the public.", Central bank policy rates - Canada - Monthly - End of period,2017-09,1,A,F,
M,CA,368,0,,"From 1 Jun 1994 onwards: Central Bank target, overnight rate; from 27 Jul 1960 to 31 May 1994: official bank rate.",4,Bank of Canada,"In Jun 1994 the Bank of Canada (BoC) began shifting emphasis from the bank rate to the target for the overnight rate as its key monetary policy instrument. In Feb 1999 the target for the overnight rate was defined as the midpoint of the band, or 25 basis points below the bank rate. In May 2001 the BoC began emphasizing the target as its key interest rate in its communications with the public.", Central bank policy rates - Canada - Monthly - End of period,2017-10,1,A,F,
M,CA,368,0,,"From 1 Jun 1994 onwards: Central Bank target, overnight rate; from 27 Jul 1960 to 31 May 1994: official bank rate.",4,Bank of Canada,"In Jun 1994 the Bank of Canada (BoC) began shifting emphasis from the bank rate to the target for the overnight rate as its key monetary policy instrument. In Feb 1999 the target for the overnight rate was defined as the midpoint of the band, or 25 basis points below the bank rate. In May 2001 the BoC began emphasizing the target as its key interest rate in its communications with the public.", Central bank policy rates - Canada - Monthly - End of period,2017-11,1,A,F,
M,CA,368,0,,"From 1 Jun 1994 onwards: Central Bank target, overnight rate; from 27 Jul 1960 to 31 May 1994: official bank rate.",4,Bank of Canada,"In Jun 1994 the Bank of Canada (BoC) began shifting emphasis from the bank rate to the target for the overnight rate as its key monetary policy instrument. In Feb 1999 the target for the overnight rate was defined as the midpoint of the band, or 25 basis points below the bank rate. In May 2001 the BoC began emphasizing the target as its key interest rate in its communications with the public.", Central bank policy rates - Canada - Monthly - End of period,2017-12,1,A,F,
M,CA,368,0,,"From 1 Jun 1994 onwards: Central Bank target, overnight rate; from 27 Jul 1960 to 31 May 1994: official bank rate.",4,Bank of Canada,"In Jun 1994 the Bank of Canada (BoC) began shifting emphasis from the bank rate to the target for the overnight rate as its key monetary policy instrument. In Feb 1999 the target for the overnight rate was defined as the midpoint of the band, or 25 basis points below the bank rate. In May 2001 the BoC began emphasizing the target as its key interest rate in its communications with the public.", Central bank policy rates - Canada - Monthly - End of period,2018-01,1.25,A,F,
M,CA,368,0,,"From 1 Jun 1994 onwards: Central Bank target, overnight rate; from 27 Jul 1960 to 31 May 1994: official bank rate.",4,Bank of Canada,"In Jun 1994 the Bank of Canada (BoC) began shifting emphasis from the bank rate to the target for the overnight rate as its key monetary policy instrument. In Feb 1999 the target for the overnight rate was defined as the midpoint of the band, or 25 basis points below the bank rate. In May 2001 the BoC began emphasizing the target as its key interest rate in its communications with the public.", Central bank policy rates - Canada - Monthly - End of period,2018-02,1.25,A,F,
M,CA,368,0,,"From 1 Jun 1994 onwards: Central Bank target, overnight rate; from 27 Jul 1960 to 31 May 1994: official bank rate.",4,Bank of Canada,"In Jun 1994 the Bank of Canada (BoC) began shifting emphasis from the bank rate to the target for the overnight rate as its key monetary policy instrument. In Feb 1999 the target for the overnight rate was defined as the midpoint of the band, or 25 basis points below the bank rate. In May 2001 the BoC began emphasizing the target as its key interest rate in its communications with the public.", Central bank policy rates - Canada - Monthly - End of period,2018-03,1.25,A,F,
M,CA,368,0,,"From 1 Jun 1994 onwards: Central Bank target, overnight rate; from 27 Jul 1960 to 31 May 1994: official bank rate.",4,Bank of Canada,"In Jun 1994 the Bank of Canada (BoC) began shifting emphasis from the bank rate to the target for the overnight rate as its key monetary policy instrument. In Feb 1999 the target for the overnight rate was defined as the midpoint of the band, or 25 basis points below the bank rate. In May 2001 the BoC began emphasizing the target as its key interest rate in its communications with the public.", Central bank policy rates - Canada - Monthly - End of period,2018-04,1.25,A,F,
M,CA,368,0,,"From 1 Jun 1994 onwards: Central Bank target, overnight rate; from 27 Jul 1960 to 31 May 1994: official bank rate.",4,Bank of Canada,"In Jun 1994 the Bank of Canada (BoC) began shifting emphasis from the bank rate to the target for the overnight rate as its key monetary policy instrument. In Feb 1999 the target for the overnight rate was defined as the midpoint of the band, or 25 basis points below the bank rate. In May 2001 the BoC began emphasizing the target as its key interest rate in its communications with the public.", Central bank policy rates - Canada - Monthly - End of period,2018-05,1.25,A,F,
M,CA,368,0,,"From 1 Jun 1994 onwards: Central Bank target, overnight rate; from 27 Jul 1960 to 31 May 1994: official bank rate.",4,Bank of Canada,"In Jun 1994 the Bank of Canada (BoC) began shifting emphasis from the bank rate to the target for the overnight rate as its key monetary policy instrument. In Feb 1999 the target for the overnight rate was defined as the midpoint of the band, or 25 basis points below the bank rate. In May 2001 the BoC began emphasizing the target as its key interest rate in its communications with the public.", Central bank policy rates - Canada - Monthly - End of period,2018-06,1.25,A,F,
M,CA,368,0,,"From 1 Jun 1994 onwards: Central Bank target, overnight rate; from 27 Jul 1960 to 31 May 1994: official bank rate.",4,Bank of Canada,"In Jun 1994 the Bank of Canada (BoC) began shifting emphasis from the bank rate to the target for the overnight rate as its key monetary policy instrument. In Feb 1999 the target for the overnight rate was defined as the midpoint of the band, or 25 basis points below the bank rate. In May 2001 the BoC began emphasizing the target as its key interest rate in its communications with the public.", Central bank policy rates - Canada - Monthly - End of period,2018-07,1.5,A,F,
M,CA,368,0,,"From 1 Jun 1994 onwards: Central Bank target, overnight rate; from 27 Jul 1960 to 31 May 1994: official bank rate.",4,Bank of Canada,"In Jun 1994 the Bank of Canada (BoC) began shifting emphasis from the bank rate to the target for the overnight rate as its key monetary policy instrument. In Feb 1999 the target for the overnight rate was defined as the midpoint of the band, or 25 basis points below the bank rate. In May 2001 the BoC began emphasizing the target as its key interest rate in its communications with the public.", Central bank policy rates - Canada - Monthly - End of period,2018-08,1.5,A,F,
M,CA,368,0,,"From 1 Jun 1994 onwards: Central Bank target, overnight rate; from 27 Jul 1960 to 31 May 1994: official bank rate.",4,Bank of Canada,"In Jun 1994 the Bank of Canada (BoC) began shifting emphasis from the bank rate to the target for the overnight rate as its key monetary policy instrument. In Feb 1999 the target for the overnight rate was defined as the midpoint of the band, or 25 basis points below the bank rate. In May 2001 the BoC began emphasizing the target as its key interest rate in its communications with the public.", Central bank policy rates - Canada - Monthly - End of period,2018-09,1.5,A,F,
M,CA,368,0,,"From 1 Jun 1994 onwards: Central Bank target, overnight rate; from 27 Jul 1960 to 31 May 1994: official bank rate.",4,Bank of Canada,"In Jun 1994 the Bank of Canada (BoC) began shifting emphasis from the bank rate to the target for the overnight rate as its key monetary policy instrument. In Feb 1999 the target for the overnight rate was defined as the midpoint of the band, or 25 basis points below the bank rate. In May 2001 the BoC began emphasizing the target as its key interest rate in its communications with the public.", Central bank policy rates - Canada - Monthly - End of period,2018-10,1.75,A,F,
M,CA,368,0,,"From 1 Jun 1994 onwards: Central Bank target, overnight rate; from 27 Jul 1960 to 31 May 1994: official bank rate.",4,Bank of Canada,"In Jun 1994 the Bank of Canada (BoC) began shifting emphasis from the bank rate to the target for the overnight rate as its key monetary policy instrument. In Feb 1999 the target for the overnight rate was defined as the midpoint of the band, or 25 basis points below the bank rate. In May 2001 the BoC began emphasizing the target as its key interest rate in its communications with the public.", Central bank policy rates - Canada - Monthly - End of period,2018-11,1.75,A,F,
M,CA,368,0,,"From 1 Jun 1994 onwards: Central Bank target, overnight rate; from 27 Jul 1960 to 31 May 1994: official bank rate.",4,Bank of Canada,"In Jun 1994 the Bank of Canada (BoC) began shifting emphasis from the bank rate to the target for the overnight rate as its key monetary policy instrument. In Feb 1999 the target for the overnight rate was defined as the midpoint of the band, or 25 basis points below the bank rate. In May 2001 the BoC began emphasizing the target as its key interest rate in its communications with the public.", Central bank policy rates - Canada - Monthly - End of period,2018-12,1.75,A,F,
M,CA,368,0,,"From 1 Jun 1994 onwards: Central Bank target, overnight rate; from 27 Jul 1960 to 31 May 1994: official bank rate.",4,Bank of Canada,"In Jun 1994 the Bank of Canada (BoC) began shifting emphasis from the bank rate to the target for the overnight rate as its key monetary policy instrument. In Feb 1999 the target for the overnight rate was defined as the midpoint of the band, or 25 basis points below the bank rate. In May 2001 the BoC began emphasizing the target as its key interest rate in its communications with the public.", Central bank policy rates - Canada - Monthly - End of period,2019-01,1.75,A,F,
M,CA,368,0,,"From 1 Jun 1994 onwards: Central Bank target, overnight rate; from 27 Jul 1960 to 31 May 1994: official bank rate.",4,Bank of Canada,"In Jun 1994 the Bank of Canada (BoC) began shifting emphasis from the bank rate to the target for the overnight rate as its key monetary policy instrument. In Feb 1999 the target for the overnight rate was defined as the midpoint of the band, or 25 basis points below the bank rate. In May 2001 the BoC began emphasizing the target as its key interest rate in its communications with the public.", Central bank policy rates - Canada - Monthly - End of period,2019-02,1.75,A,F,
M,CA,368,0,,"From 1 Jun 1994 onwards: Central Bank target, overnight rate; from 27 Jul 1960 to 31 May 1994: official bank rate.",4,Bank of Canada,"In Jun 1994 the Bank of Canada (BoC) began shifting emphasis from the bank rate to the target for the overnight rate as its key monetary policy instrument. In Feb 1999 the target for the overnight rate was defined as the midpoint of the band, or 25 basis points below the bank rate. In May 2001 the BoC began emphasizing the target as its key interest rate in its communications with the public.", Central bank policy rates - Canada - Monthly - End of period,2019-03,1.75,A,F,
M,CA,368,0,,"From 1 Jun 1994 onwards: Central Bank target, overnight rate; from 27 Jul 1960 to 31 May 1994: official bank rate.",4,Bank of Canada,"In Jun 1994 the Bank of Canada (BoC) began shifting emphasis from the bank rate to the target for the overnight rate as its key monetary policy instrument. In Feb 1999 the target for the overnight rate was defined as the midpoint of the band, or 25 basis points below the bank rate. In May 2001 the BoC began emphasizing the target as its key interest rate in its communications with the public.", Central bank policy rates - Canada - Monthly - End of period,2019-04,1.75,A,F,
M,CA,368,0,,"From 1 Jun 1994 onwards: Central Bank target, overnight rate; from 27 Jul 1960 to 31 May 1994: official bank rate.",4,Bank of Canada,"In Jun 1994 the Bank of Canada (BoC) began shifting emphasis from the bank rate to the target for the overnight rate as its key monetary policy instrument. In Feb 1999 the target for the overnight rate was defined as the midpoint of the band, or 25 basis points below the bank rate. In May 2001 the BoC began emphasizing the target as its key interest rate in its communications with the public.", Central bank policy rates - Canada - Monthly - End of period,2019-05,1.75,A,F,
M,CA,368,0,,"From 1 Jun 1994 onwards: Central Bank target, overnight rate; from 27 Jul 1960 to 31 May 1994: official bank rate.",4,Bank of Canada,"In Jun 1994 the Bank of Canada (BoC) began shifting emphasis from the bank rate to the target for the overnight rate as its key monetary policy instrument. In Feb 1999 the target for the overnight rate was defined as the midpoint of the band, or 25 basis points below the bank rate. In May 2001 the BoC began emphasizing the target as its key interest rate in its communications with the public.", Central bank policy rates - Canada - Monthly - End of period,2019-06,1.75,A,F,
M,CA,368,0,,"From 1 Jun 1994 onwards: Central Bank target, overnight rate; from 27 Jul 1960 to 31 May 1994: official bank rate.",4,Bank of Canada,"In Jun 1994 the Bank of Canada (BoC) began shifting emphasis from the bank rate to the target for the overnight rate as its key monetary policy instrument. In Feb 1999 the target for the overnight rate was defined as the midpoint of the band, or 25 basis points below the bank rate. In May 2001 the BoC began emphasizing the target as its key interest rate in its communications with the public.", Central bank policy rates - Canada - Monthly - End of period,2019-07,1.75,A,F,
M,CA,368,0,,"From 1 Jun 1994 onwards: Central Bank target, overnight rate; from 27 Jul 1960 to 31 May 1994: official bank rate.",4,Bank of Canada,"In Jun 1994 the Bank of Canada (BoC) began shifting emphasis from the bank rate to the target for the overnight rate as its key monetary policy instrument. In Feb 1999 the target for the overnight rate was defined as the midpoint of the band, or 25 basis points below the bank rate. In May 2001 the BoC began emphasizing the target as its key interest rate in its communications with the public.", Central bank policy rates - Canada - Monthly - End of period,2019-08,1.75,A,F,
M,CA,368,0,,"From 1 Jun 1994 onwards: Central Bank target, overnight rate; from 27 Jul 1960 to 31 May 1994: official bank rate.",4,Bank of Canada,"In Jun 1994 the Bank of Canada (BoC) began shifting emphasis from the bank rate to the target for the overnight rate as its key monetary policy instrument. In Feb 1999 the target for the overnight rate was defined as the midpoint of the band, or 25 basis points below the bank rate. In May 2001 the BoC began emphasizing the target as its key interest rate in its communications with the public.", Central bank policy rates - Canada - Monthly - End of period,2019-09,1.75,A,F,
M,CA,368,0,,"From 1 Jun 1994 onwards: Central Bank target, overnight rate; from 27 Jul 1960 to 31 May 1994: official bank rate.",4,Bank of Canada,"In Jun 1994 the Bank of Canada (BoC) began shifting emphasis from the bank rate to the target for the overnight rate as its key monetary policy instrument. In Feb 1999 the target for the overnight rate was defined as the midpoint of the band, or 25 basis points below the bank rate. In May 2001 the BoC began emphasizing the target as its key interest rate in its communications with the public.", Central bank policy rates - Canada - Monthly - End of period,2019-10,1.75,A,F,
M,CA,368,0,,"From 1 Jun 1994 onwards: Central Bank target, overnight rate; from 27 Jul 1960 to 31 May 1994: official bank rate.",4,Bank of Canada,"In Jun 1994 the Bank of Canada (BoC) began shifting emphasis from the bank rate to the target for the overnight rate as its key monetary policy instrument. In Feb 1999 the target for the overnight rate was defined as the midpoint of the band, or 25 basis points below the bank rate. In May 2001 the BoC began emphasizing the target as its key interest rate in its communications with the public.", Central bank policy rates - Canada - Monthly - End of period,2019-11,1.75,A,F,
M,CA,368,0,,"From 1 Jun 1994 onwards: Central Bank target, overnight rate; from 27 Jul 1960 to 31 May 1994: official bank rate.",4,Bank of Canada,"In Jun 1994 the Bank of Canada (BoC) began shifting emphasis from the bank rate to the target for the overnight rate as its key monetary policy instrument. In Feb 1999 the target for the overnight rate was defined as the midpoint of the band, or 25 basis points below the bank rate. In May 2001 the BoC began emphasizing the target as its key interest rate in its communications with the public.", Central bank policy rates - Canada - Monthly - End of period,2019-12,1.75,A,F,
M,CA,368,0,,"From 1 Jun 1994 onwards: Central Bank target, overnight rate; from 27 Jul 1960 to 31 May 1994: official bank rate.",4,Bank of Canada,"In Jun 1994 the Bank of Canada (BoC) began shifting emphasis from the bank rate to the target for the overnight rate as its key monetary policy instrument. In Feb 1999 the target for the overnight rate was defined as the midpoint of the band, or 25 basis points below the bank rate. In May 2001 the BoC began emphasizing the target as its key interest rate in its communications with the public.", Central bank policy rates - Canada - Monthly - End of period,2020-01,1.75,A,F,
M,CA,368,0,,"From 1 Jun 1994 onwards: Central Bank target, overnight rate; from 27 Jul 1960 to 31 May 1994: official bank rate.",4,Bank of Canada,"In Jun 1994 the Bank of Canada (BoC) began shifting emphasis from the bank rate to the target for the overnight rate as its key monetary policy instrument. In Feb 1999 the target for the overnight rate was defined as the midpoint of the band, or 25 basis points below the bank rate. In May 2001 the BoC began emphasizing the target as its key interest rate in its communications with the public.", Central bank policy rates - Canada - Monthly - End of period,2020-02,1.75,A,F,
M,CA,368,0,,"From 1 Jun 1994 onwards: Central Bank target, overnight rate; from 27 Jul 1960 to 31 May 1994: official bank rate.",4,Bank of Canada,"In Jun 1994 the Bank of Canada (BoC) began shifting emphasis from the bank rate to the target for the overnight rate as its key monetary policy instrument. In Feb 1999 the target for the overnight rate was defined as the midpoint of the band, or 25 basis points below the bank rate. In May 2001 the BoC began emphasizing the target as its key interest rate in its communications with the public.", Central bank policy rates - Canada - Monthly - End of period,2020-03,0.25,A,F,
M,CA,368,0,,"From 1 Jun 1994 onwards: Central Bank target, overnight rate; from 27 Jul 1960 to 31 May 1994: official bank rate.",4,Bank of Canada,"In Jun 1994 the Bank of Canada (BoC) began shifting emphasis from the bank rate to the target for the overnight rate as its key monetary policy instrument. In Feb 1999 the target for the overnight rate was defined as the midpoint of the band, or 25 basis points below the bank rate. In May 2001 the BoC began emphasizing the target as its key interest rate in its communications with the public.", Central bank policy rates - Canada - Monthly - End of period,2020-04,0.25,A,F,
M,CA,368,0,,"From 1 Jun 1994 onwards: Central Bank target, overnight rate; from 27 Jul 1960 to 31 May 1994: official bank rate.",4,Bank of Canada,"In Jun 1994 the Bank of Canada (BoC) began shifting emphasis from the bank rate to the target for the overnight rate as its key monetary policy instrument. In Feb 1999 the target for the overnight rate was defined as the midpoint of the band, or 25 basis points below the bank rate. In May 2001 the BoC began emphasizing the target as its key interest rate in its communications with the public.", Central bank policy rates - Canada - Monthly - End of period,2020-05,0.25,A,F,
M,CA,368,0,,"From 1 Jun 1994 onwards: Central Bank target, overnight rate; from 27 Jul 1960 to 31 May 1994: official bank rate.",4,Bank of Canada,"In Jun 1994 the Bank of Canada (BoC) began shifting emphasis from the bank rate to the target for the overnight rate as its key monetary policy instrument. In Feb 1999 the target for the overnight rate was defined as the midpoint of the band, or 25 basis points below the bank rate. In May 2001 the BoC began emphasizing the target as its key interest rate in its communications with the public.", Central bank policy rates - Canada - Monthly - End of period,2020-06,0.25,A,F,
M,CA,368,0,,"From 1 Jun 1994 onwards: Central Bank target, overnight rate; from 27 Jul 1960 to 31 May 1994: official bank rate.",4,Bank of Canada,"In Jun 1994 the Bank of Canada (BoC) began shifting emphasis from the bank rate to the target for the overnight rate as its key monetary policy instrument. In Feb 1999 the target for the overnight rate was defined as the midpoint of the band, or 25 basis points below the bank rate. In May 2001 the BoC began emphasizing the target as its key interest rate in its communications with the public.", Central bank policy rates - Canada - Monthly - End of period,2020-07,0.25,A,F,
M,CA,368,0,,"From 1 Jun 1994 onwards: Central Bank target, overnight rate; from 27 Jul 1960 to 31 May 1994: official bank rate.",4,Bank of Canada,"In Jun 1994 the Bank of Canada (BoC) began shifting emphasis from the bank rate to the target for the overnight rate as its key monetary policy instrument. In Feb 1999 the target for the overnight rate was defined as the midpoint of the band, or 25 basis points below the bank rate. In May 2001 the BoC began emphasizing the target as its key interest rate in its communications with the public.", Central bank policy rates - Canada - Monthly - End of period,2020-08,0.25,A,F,
M,CA,368,0,,"From 1 Jun 1994 onwards: Central Bank target, overnight rate; from 27 Jul 1960 to 31 May 1994: official bank rate.",4,Bank of Canada,"In Jun 1994 the Bank of Canada (BoC) began shifting emphasis from the bank rate to the target for the overnight rate as its key monetary policy instrument. In Feb 1999 the target for the overnight rate was defined as the midpoint of the band, or 25 basis points below the bank rate. In May 2001 the BoC began emphasizing the target as its key interest rate in its communications with the public.", Central bank policy rates - Canada - Monthly - End of period,2020-09,0.25,A,F,
M,CA,368,0,,"From 1 Jun 1994 onwards: Central Bank target, overnight rate; from 27 Jul 1960 to 31 May 1994: official bank rate.",4,Bank of Canada,"In Jun 1994 the Bank of Canada (BoC) began shifting emphasis from the bank rate to the target for the overnight rate as its key monetary policy instrument. In Feb 1999 the target for the overnight rate was defined as the midpoint of the band, or 25 basis points below the bank rate. In May 2001 the BoC began emphasizing the target as its key interest rate in its communications with the public.", Central bank policy rates - Canada - Monthly - End of period,2020-10,0.25,A,F,
M,CA,368,0,,"From 1 Jun 1994 onwards: Central Bank target, overnight rate; from 27 Jul 1960 to 31 May 1994: official bank rate.",4,Bank of Canada,"In Jun 1994 the Bank of Canada (BoC) began shifting emphasis from the bank rate to the target for the overnight rate as its key monetary policy instrument. In Feb 1999 the target for the overnight rate was defined as the midpoint of the band, or 25 basis points below the bank rate. In May 2001 the BoC began emphasizing the target as its key interest rate in its communications with the public.", Central bank policy rates - Canada - Monthly - End of period,2020-11,0.25,A,F,
M,CA,368,0,,"From 1 Jun 1994 onwards: Central Bank target, overnight rate; from 27 Jul 1960 to 31 May 1994: official bank rate.",4,Bank of Canada,"In Jun 1994 the Bank of Canada (BoC) began shifting emphasis from the bank rate to the target for the overnight rate as its key monetary policy instrument. In Feb 1999 the target for the overnight rate was defined as the midpoint of the band, or 25 basis points below the bank rate. In May 2001 the BoC began emphasizing the target as its key interest rate in its communications with the public.", Central bank policy rates - Canada - Monthly - End of period,2020-12,0.25,A,F,
M,CA,368,0,,"From 1 Jun 1994 onwards: Central Bank target, overnight rate; from 27 Jul 1960 to 31 May 1994: official bank rate.",4,Bank of Canada,"In Jun 1994 the Bank of Canada (BoC) began shifting emphasis from the bank rate to the target for the overnight rate as its key monetary policy instrument. In Feb 1999 the target for the overnight rate was defined as the midpoint of the band, or 25 basis points below the bank rate. In May 2001 the BoC began emphasizing the target as its key interest rate in its communications with the public.", Central bank policy rates - Canada - Monthly - End of period,2021-01,0.25,A,F,
M,CA,368,0,,"From 1 Jun 1994 onwards: Central Bank target, overnight rate; from 27 Jul 1960 to 31 May 1994: official bank rate.",4,Bank of Canada,"In Jun 1994 the Bank of Canada (BoC) began shifting emphasis from the bank rate to the target for the overnight rate as its key monetary policy instrument. In Feb 1999 the target for the overnight rate was defined as the midpoint of the band, or 25 basis points below the bank rate. In May 2001 the BoC began emphasizing the target as its key interest rate in its communications with the public.", Central bank policy rates - Canada - Monthly - End of period,2021-02,0.25,A,F,
M,CA,368,0,,"From 1 Jun 1994 onwards: Central Bank target, overnight rate; from 27 Jul 1960 to 31 May 1994: official bank rate.",4,Bank of Canada,"In Jun 1994 the Bank of Canada (BoC) began shifting emphasis from the bank rate to the target for the overnight rate as its key monetary policy instrument. In Feb 1999 the target for the overnight rate was defined as the midpoint of the band, or 25 basis points below the bank rate. In May 2001 the BoC began emphasizing the target as its key interest rate in its communications with the public.", Central bank policy rates - Canada - Monthly - End of period,2021-03,0.25,A,F,
M,CA,368,0,,"From 1 Jun 1994 onwards: Central Bank target, overnight rate; from 27 Jul 1960 to 31 May 1994: official bank rate.",4,Bank of Canada,"In Jun 1994 the Bank of Canada (BoC) began shifting emphasis from the bank rate to the target for the overnight rate as its key monetary policy instrument. In Feb 1999 the target for the overnight rate was defined as the midpoint of the band, or 25 basis points below the bank rate. In May 2001 the BoC began emphasizing the target as its key interest rate in its communications with the public.", Central bank policy rates - Canada - Monthly - End of period,2021-04,0.25,A,F,
M,CA,368,0,,"From 1 Jun 1994 onwards: Central Bank target, overnight rate; from 27 Jul 1960 to 31 May 1994: official bank rate.",4,Bank of Canada,"In Jun 1994 the Bank of Canada (BoC) began shifting emphasis from the bank rate to the target for the overnight rate as its key monetary policy instrument. In Feb 1999 the target for the overnight rate was defined as the midpoint of the band, or 25 basis points below the bank rate. In May 2001 the BoC began emphasizing the target as its key interest rate in its communications with the public.", Central bank policy rates - Canada - Monthly - End of period,2021-05,0.25,A,F,
M,CA,368,0,,"From 1 Jun 1994 onwards: Central Bank target, overnight rate; from 27 Jul 1960 to 31 May 1994: official bank rate.",4,Bank of Canada,"In Jun 1994 the Bank of Canada (BoC) began shifting emphasis from the bank rate to the target for the overnight rate as its key monetary policy instrument. In Feb 1999 the target for the overnight rate was defined as the midpoint of the band, or 25 basis points below the bank rate. In May 2001 the BoC began emphasizing the target as its key interest rate in its communications with the public.", Central bank policy rates - Canada - Monthly - End of period,2021-06,0.25,A,F,
M,CA,368,0,,"From 1 Jun 1994 onwards: Central Bank target, overnight rate; from 27 Jul 1960 to 31 May 1994: official bank rate.",4,Bank of Canada,"In Jun 1994 the Bank of Canada (BoC) began shifting emphasis from the bank rate to the target for the overnight rate as its key monetary policy instrument. In Feb 1999 the target for the overnight rate was defined as the midpoint of the band, or 25 basis points below the bank rate. In May 2001 the BoC began emphasizing the target as its key interest rate in its communications with the public.", Central bank policy rates - Canada - Monthly - End of period,2021-07,0.25,A,F,
M,CA,368,0,,"From 1 Jun 1994 onwards: Central Bank target, overnight rate; from 27 Jul 1960 to 31 May 1994: official bank rate.",4,Bank of Canada,"In Jun 1994 the Bank of Canada (BoC) began shifting emphasis from the bank rate to the target for the overnight rate as its key monetary policy instrument. In Feb 1999 the target for the overnight rate was defined as the midpoint of the band, or 25 basis points below the bank rate. In May 2001 the BoC began emphasizing the target as its key interest rate in its communications with the public.", Central bank policy rates - Canada - Monthly - End of period,2021-08,0.25,A,F,
M,CA,368,0,,"From 1 Jun 1994 onwards: Central Bank target, overnight rate; from 27 Jul 1960 to 31 May 1994: official bank rate.",4,Bank of Canada,"In Jun 1994 the Bank of Canada (BoC) began shifting emphasis from the bank rate to the target for the overnight rate as its key monetary policy instrument. In Feb 1999 the target for the overnight rate was defined as the midpoint of the band, or 25 basis points below the bank rate. In May 2001 the BoC began emphasizing the target as its key interest rate in its communications with the public.", Central bank policy rates - Canada - Monthly - End of period,2021-09,0.25,A,F,
M,CA,368,0,,"From 1 Jun 1994 onwards: Central Bank target, overnight rate; from 27 Jul 1960 to 31 May 1994: official bank rate.",4,Bank of Canada,"In Jun 1994 the Bank of Canada (BoC) began shifting emphasis from the bank rate to the target for the overnight rate as its key monetary policy instrument. In Feb 1999 the target for the overnight rate was defined as the midpoint of the band, or 25 basis points below the bank rate. In May 2001 the BoC began emphasizing the target as its key interest rate in its communications with the public.", Central bank policy rates - Canada - Monthly - End of period,2021-10,0.25,A,F,
M,CA,368,0,,"From 1 Jun 1994 onwards: Central Bank target, overnight rate; from 27 Jul 1960 to 31 May 1994: official bank rate.",4,Bank of Canada,"In Jun 1994 the Bank of Canada (BoC) began shifting emphasis from the bank rate to the target for the overnight rate as its key monetary policy instrument. In Feb 1999 the target for the overnight rate was defined as the midpoint of the band, or 25 basis points below the bank rate. In May 2001 the BoC began emphasizing the target as its key interest rate in its communications with the public.", Central bank policy rates - Canada - Monthly - End of period,2021-11,0.25,A,F,
M,CA,368,0,,"From 1 Jun 1994 onwards: Central Bank target, overnight rate; from 27 Jul 1960 to 31 May 1994: official bank rate.",4,Bank of Canada,"In Jun 1994 the Bank of Canada (BoC) began shifting emphasis from the bank rate to the target for the overnight rate as its key monetary policy instrument. In Feb 1999 the target for the overnight rate was defined as the midpoint of the band, or 25 basis points below the bank rate. In May 2001 the BoC began emphasizing the target as its key interest rate in its communications with the public.", Central bank policy rates - Canada - Monthly - End of period,2021-12,0.25,A,F,
M,CA,368,0,,"From 1 Jun 1994 onwards: Central Bank target, overnight rate; from 27 Jul 1960 to 31 May 1994: official bank rate.",4,Bank of Canada,"In Jun 1994 the Bank of Canada (BoC) began shifting emphasis from the bank rate to the target for the overnight rate as its key monetary policy instrument. In Feb 1999 the target for the overnight rate was defined as the midpoint of the band, or 25 basis points below the bank rate. In May 2001 the BoC began emphasizing the target as its key interest rate in its communications with the public.", Central bank policy rates - Canada - Monthly - End of period,2022-01,0.25,A,F,
M,CA,368,0,,"From 1 Jun 1994 onwards: Central Bank target, overnight rate; from 27 Jul 1960 to 31 May 1994: official bank rate.",4,Bank of Canada,"In Jun 1994 the Bank of Canada (BoC) began shifting emphasis from the bank rate to the target for the overnight rate as its key monetary policy instrument. In Feb 1999 the target for the overnight rate was defined as the midpoint of the band, or 25 basis points below the bank rate. In May 2001 the BoC began emphasizing the target as its key interest rate in its communications with the public.", Central bank policy rates - Canada - Monthly - End of period,2022-02,0.25,A,F,
M,CA,368,0,,"From 1 Jun 1994 onwards: Central Bank target, overnight rate; from 27 Jul 1960 to 31 May 1994: official bank rate.",4,Bank of Canada,"In Jun 1994 the Bank of Canada (BoC) began shifting emphasis from the bank rate to the target for the overnight rate as its key monetary policy instrument. In Feb 1999 the target for the overnight rate was defined as the midpoint of the band, or 25 basis points below the bank rate. In May 2001 the BoC began emphasizing the target as its key interest rate in its communications with the public.", Central bank policy rates - Canada - Monthly - End of period,2022-03,0.5,A,F,
M,CA,368,0,,"From 1 Jun 1994 onwards: Central Bank target, overnight rate; from 27 Jul 1960 to 31 May 1994: official bank rate.",4,Bank of Canada,"In Jun 1994 the Bank of Canada (BoC) began shifting emphasis from the bank rate to the target for the overnight rate as its key monetary policy instrument. In Feb 1999 the target for the overnight rate was defined as the midpoint of the band, or 25 basis points below the bank rate. In May 2001 the BoC began emphasizing the target as its key interest rate in its communications with the public.", Central bank policy rates - Canada - Monthly - End of period,2022-04,1,A,F,
M,CA,368,0,,"From 1 Jun 1994 onwards: Central Bank target, overnight rate; from 27 Jul 1960 to 31 May 1994: official bank rate.",4,Bank of Canada,"In Jun 1994 the Bank of Canada (BoC) began shifting emphasis from the bank rate to the target for the overnight rate as its key monetary policy instrument. In Feb 1999 the target for the overnight rate was defined as the midpoint of the band, or 25 basis points below the bank rate. In May 2001 the BoC began emphasizing the target as its key interest rate in its communications with the public.", Central bank policy rates - Canada - Monthly - End of period,2022-05,1,A,F,
M,CA,368,0,,"From 1 Jun 1994 onwards: Central Bank target, overnight rate; from 27 Jul 1960 to 31 May 1994: official bank rate.",4,Bank of Canada,"In Jun 1994 the Bank of Canada (BoC) began shifting emphasis from the bank rate to the target for the overnight rate as its key monetary policy instrument. In Feb 1999 the target for the overnight rate was defined as the midpoint of the band, or 25 basis points below the bank rate. In May 2001 the BoC began emphasizing the target as its key interest rate in its communications with the public.", Central bank policy rates - Canada - Monthly - End of period,2022-06,1.5,A,F,
M,CA,368,0,,"From 1 Jun 1994 onwards: Central Bank target, overnight rate; from 27 Jul 1960 to 31 May 1994: official bank rate.",4,Bank of Canada,"In Jun 1994 the Bank of Canada (BoC) began shifting emphasis from the bank rate to the target for the overnight rate as its key monetary policy instrument. In Feb 1999 the target for the overnight rate was defined as the midpoint of the band, or 25 basis points below the bank rate. In May 2001 the BoC began emphasizing the target as its key interest rate in its communications with the public.", Central bank policy rates - Canada - Monthly - End of period,2022-07,2.5,A,F,
M,CA,368,0,,"From 1 Jun 1994 onwards: Central Bank target, overnight rate; from 27 Jul 1960 to 31 May 1994: official bank rate.",4,Bank of Canada,"In Jun 1994 the Bank of Canada (BoC) began shifting emphasis from the bank rate to the target for the overnight rate as its key monetary policy instrument. In Feb 1999 the target for the overnight rate was defined as the midpoint of the band, or 25 basis points below the bank rate. In May 2001 the BoC began emphasizing the target as its key interest rate in its communications with the public.", Central bank policy rates - Canada - Monthly - End of period,2022-08,2.5,A,F,
M,CA,368,0,,"From 1 Jun 1994 onwards: Central Bank target, overnight rate; from 27 Jul 1960 to 31 May 1994: official bank rate.",4,Bank of Canada,"In Jun 1994 the Bank of Canada (BoC) began shifting emphasis from the bank rate to the target for the overnight rate as its key monetary policy instrument. In Feb 1999 the target for the overnight rate was defined as the midpoint of the band, or 25 basis points below the bank rate. In May 2001 the BoC began emphasizing the target as its key interest rate in its communications with the public.", Central bank policy rates - Canada - Monthly - End of period,2022-09,3.25,A,F,
M,CA,368,0,,"From 1 Jun 1994 onwards: Central Bank target, overnight rate; from 27 Jul 1960 to 31 May 1994: official bank rate.",4,Bank of Canada,"In Jun 1994 the Bank of Canada (BoC) began shifting emphasis from the bank rate to the target for the overnight rate as its key monetary policy instrument. In Feb 1999 the target for the overnight rate was defined as the midpoint of the band, or 25 basis points below the bank rate. In May 2001 the BoC began emphasizing the target as its key interest rate in its communications with the public.", Central bank policy rates - Canada - Monthly - End of period,2022-10,3.75,A,F,
M,CA,368,0,,"From 1 Jun 1994 onwards: Central Bank target, overnight rate; from 27 Jul 1960 to 31 May 1994: official bank rate.",4,Bank of Canada,"In Jun 1994 the Bank of Canada (BoC) began shifting emphasis from the bank rate to the target for the overnight rate as its key monetary policy instrument. In Feb 1999 the target for the overnight rate was defined as the midpoint of the band, or 25 basis points below the bank rate. In May 2001 the BoC began emphasizing the target as its key interest rate in its communications with the public.", Central bank policy rates - Canada - Monthly - End of period,2022-11,3.75,A,F,
M,CA,368,0,,"From 1 Jun 1994 onwards: Central Bank target, overnight rate; from 27 Jul 1960 to 31 May 1994: official bank rate.",4,Bank of Canada,"In Jun 1994 the Bank of Canada (BoC) began shifting emphasis from the bank rate to the target for the overnight rate as its key monetary policy instrument. In Feb 1999 the target for the overnight rate was defined as the midpoint of the band, or 25 basis points below the bank rate. In May 2001 the BoC began emphasizing the target as its key interest rate in its communications with the public.", Central bank policy rates - Canada - Monthly - End of period,2022-12,4.25,A,F,
M,CA,368,0,,"From 1 Jun 1994 onwards: Central Bank target, overnight rate; from 27 Jul 1960 to 31 May 1994: official bank rate.",4,Bank of Canada,"In Jun 1994 the Bank of Canada (BoC) began shifting emphasis from the bank rate to the target for the overnight rate as its key monetary policy instrument. In Feb 1999 the target for the overnight rate was defined as the midpoint of the band, or 25 basis points below the bank rate. In May 2001 the BoC began emphasizing the target as its key interest rate in its communications with the public.", Central bank policy rates - Canada - Monthly - End of period,2023-01,4.5,A,F,
M,CA,368,0,,"From 1 Jun 1994 onwards: Central Bank target, overnight rate; from 27 Jul 1960 to 31 May 1994: official bank rate.",4,Bank of Canada,"In Jun 1994 the Bank of Canada (BoC) began shifting emphasis from the bank rate to the target for the overnight rate as its key monetary policy instrument. In Feb 1999 the target for the overnight rate was defined as the midpoint of the band, or 25 basis points below the bank rate. In May 2001 the BoC began emphasizing the target as its key interest rate in its communications with the public.", Central bank policy rates - Canada - Monthly - End of period,2023-02,4.5,A,F,
M,CA,368,0,,"From 1 Jun 1994 onwards: Central Bank target, overnight rate; from 27 Jul 1960 to 31 May 1994: official bank rate.",4,Bank of Canada,"In Jun 1994 the Bank of Canada (BoC) began shifting emphasis from the bank rate to the target for the overnight rate as its key monetary policy instrument. In Feb 1999 the target for the overnight rate was defined as the midpoint of the band, or 25 basis points below the bank rate. In May 2001 the BoC began emphasizing the target as its key interest rate in its communications with the public.", Central bank policy rates - Canada - Monthly - End of period,2023-03,4.5,A,F,
M,CA,368,0,,"From 1 Jun 1994 onwards: Central Bank target, overnight rate; from 27 Jul 1960 to 31 May 1994: official bank rate.",4,Bank of Canada,"In Jun 1994 the Bank of Canada (BoC) began shifting emphasis from the bank rate to the target for the overnight rate as its key monetary policy instrument. In Feb 1999 the target for the overnight rate was defined as the midpoint of the band, or 25 basis points below the bank rate. In May 2001 the BoC began emphasizing the target as its key interest rate in its communications with the public.", Central bank policy rates - Canada - Monthly - End of period,2023-04,4.5,A,F,
M,CA,368,0,,"From 1 Jun 1994 onwards: Central Bank target, overnight rate; from 27 Jul 1960 to 31 May 1994: official bank rate.",4,Bank of Canada,"In Jun 1994 the Bank of Canada (BoC) began shifting emphasis from the bank rate to the target for the overnight rate as its key monetary policy instrument. In Feb 1999 the target for the overnight rate was defined as the midpoint of the band, or 25 basis points below the bank rate. In May 2001 the BoC began emphasizing the target as its key interest rate in its communications with the public.", Central bank policy rates - Canada - Monthly - End of period,2023-05,4.5,A,F,
M,CA,368,0,,"From 1 Jun 1994 onwards: Central Bank target, overnight rate; from 27 Jul 1960 to 31 May 1994: official bank rate.",4,Bank of Canada,"In Jun 1994 the Bank of Canada (BoC) began shifting emphasis from the bank rate to the target for the overnight rate as its key monetary policy instrument. In Feb 1999 the target for the overnight rate was defined as the midpoint of the band, or 25 basis points below the bank rate. In May 2001 the BoC began emphasizing the target as its key interest rate in its communications with the public.", Central bank policy rates - Canada - Monthly - End of period,2023-06,4.75,A,F,
M,CA,368,0,,"From 1 Jun 1994 onwards: Central Bank target, overnight rate; from 27 Jul 1960 to 31 May 1994: official bank rate.",4,Bank of Canada,"In Jun 1994 the Bank of Canada (BoC) began shifting emphasis from the bank rate to the target for the overnight rate as its key monetary policy instrument. In Feb 1999 the target for the overnight rate was defined as the midpoint of the band, or 25 basis points below the bank rate. In May 2001 the BoC began emphasizing the target as its key interest rate in its communications with the public.", Central bank policy rates - Canada - Monthly - End of period,2023-07,5,A,F,
M,CA,368,0,,"From 1 Jun 1994 onwards: Central Bank target, overnight rate; from 27 Jul 1960 to 31 May 1994: official bank rate.",4,Bank of Canada,"In Jun 1994 the Bank of Canada (BoC) began shifting emphasis from the bank rate to the target for the overnight rate as its key monetary policy instrument. In Feb 1999 the target for the overnight rate was defined as the midpoint of the band, or 25 basis points below the bank rate. In May 2001 the BoC began emphasizing the target as its key interest rate in its communications with the public.", Central bank policy rates - Canada - Monthly - End of period,2023-08,5,A,F,
M,CA,368,0,,"From 1 Jun 1994 onwards: Central Bank target, overnight rate; from 27 Jul 1960 to 31 May 1994: official bank rate.",4,Bank of Canada,"In Jun 1994 the Bank of Canada (BoC) began shifting emphasis from the bank rate to the target for the overnight rate as its key monetary policy instrument. In Feb 1999 the target for the overnight rate was defined as the midpoint of the band, or 25 basis points below the bank rate. In May 2001 the BoC began emphasizing the target as its key interest rate in its communications with the public.", Central bank policy rates - Canada - Monthly - End of period,2023-09,5,A,F,
M,CA,368,0,,"From 1 Jun 1994 onwards: Central Bank target, overnight rate; from 27 Jul 1960 to 31 May 1994: official bank rate.",4,Bank of Canada,"In Jun 1994 the Bank of Canada (BoC) began shifting emphasis from the bank rate to the target for the overnight rate as its key monetary policy instrument. In Feb 1999 the target for the overnight rate was defined as the midpoint of the band, or 25 basis points below the bank rate. In May 2001 the BoC began emphasizing the target as its key interest rate in its communications with the public.", Central bank policy rates - Canada - Monthly - End of period,2023-10,5,A,F,
M,CA,368,0,,"From 1 Jun 1994 onwards: Central Bank target, overnight rate; from 27 Jul 1960 to 31 May 1994: official bank rate.",4,Bank of Canada,"In Jun 1994 the Bank of Canada (BoC) began shifting emphasis from the bank rate to the target for the overnight rate as its key monetary policy instrument. In Feb 1999 the target for the overnight rate was defined as the midpoint of the band, or 25 basis points below the bank rate. In May 2001 the BoC began emphasizing the target as its key interest rate in its communications with the public.", Central bank policy rates - Canada - Monthly - End of period,2023-11,5,A,F,
M,CA,368,0,,"From 1 Jun 1994 onwards: Central Bank target, overnight rate; from 27 Jul 1960 to 31 May 1994: official bank rate.",4,Bank of Canada,"In Jun 1994 the Bank of Canada (BoC) began shifting emphasis from the bank rate to the target for the overnight rate as its key monetary policy instrument. In Feb 1999 the target for the overnight rate was defined as the midpoint of the band, or 25 basis points below the bank rate. In May 2001 the BoC began emphasizing the target as its key interest rate in its communications with the public.", Central bank policy rates - Canada - Monthly - End of period,2023-12,5,A,F,
M,CA,368,0,,"From 1 Jun 1994 onwards: Central Bank target, overnight rate; from 27 Jul 1960 to 31 May 1994: official bank rate.",4,Bank of Canada,"In Jun 1994 the Bank of Canada (BoC) began shifting emphasis from the bank rate to the target for the overnight rate as its key monetary policy instrument. In Feb 1999 the target for the overnight rate was defined as the midpoint of the band, or 25 basis points below the bank rate. In May 2001 the BoC began emphasizing the target as its key interest rate in its communications with the public.", Central bank policy rates - Canada - Monthly - End of period,2024-01,5,A,F,
M,CA,368,0,,"From 1 Jun 1994 onwards: Central Bank target, overnight rate; from 27 Jul 1960 to 31 May 1994: official bank rate.",4,Bank of Canada,"In Jun 1994 the Bank of Canada (BoC) began shifting emphasis from the bank rate to the target for the overnight rate as its key monetary policy instrument. In Feb 1999 the target for the overnight rate was defined as the midpoint of the band, or 25 basis points below the bank rate. In May 2001 the BoC began emphasizing the target as its key interest rate in its communications with the public.", Central bank policy rates - Canada - Monthly - End of period,2024-02,5,A,F,
M,CA,368,0,,"From 1 Jun 1994 onwards: Central Bank target, overnight rate; from 27 Jul 1960 to 31 May 1994: official bank rate.",4,Bank of Canada,"In Jun 1994 the Bank of Canada (BoC) began shifting emphasis from the bank rate to the target for the overnight rate as its key monetary policy instrument. In Feb 1999 the target for the overnight rate was defined as the midpoint of the band, or 25 basis points below the bank rate. In May 2001 the BoC began emphasizing the target as its key interest rate in its communications with the public.", Central bank policy rates - Canada - Monthly - End of period,2024-03,5,A,F,
M,CA,368,0,,"From 1 Jun 1994 onwards: Central Bank target, overnight rate; from 27 Jul 1960 to 31 May 1994: official bank rate.",4,Bank of Canada,"In Jun 1994 the Bank of Canada (BoC) began shifting emphasis from the bank rate to the target for the overnight rate as its key monetary policy instrument. In Feb 1999 the target for the overnight rate was defined as the midpoint of the band, or 25 basis points below the bank rate. In May 2001 the BoC began emphasizing the target as its key interest rate in its communications with the public.", Central bank policy rates - Canada - Monthly - End of period,2024-04,5,A,F,
M,CA,368,0,,"From 1 Jun 1994 onwards: Central Bank target, overnight rate; from 27 Jul 1960 to 31 May 1994: official bank rate.",4,Bank of Canada,"In Jun 1994 the Bank of Canada (BoC) began shifting emphasis from the bank rate to the target for the overnight rate as its key monetary policy instrument. In Feb 1999 the target for the overnight rate was defined as the midpoint of the band, or 25 basis points below the bank rate. In May 2001 the BoC began emphasizing the target as its key interest rate in its communications with the public.", Central bank policy rates - Canada - Monthly - End of period,2024-05,5,A,F,
M,CA,368,0,,"From 1 Jun 1994 onwards: Central Bank target, overnight rate; from 27 Jul 1960 to 31 May 1994: official bank rate.",4,Bank of Canada,"In Jun 1994 the Bank of Canada (BoC) began shifting emphasis from the bank rate to the target for the overnight rate as its key monetary policy instrument. In Feb 1999 the target for the overnight rate was defined as the midpoint of the band, or 25 basis points below the bank rate. In May 2001 the BoC began emphasizing the target as its key interest rate in its communications with the public.", Central bank policy rates - Canada - Monthly - End of period,2024-06,4.75,A,F,
M,CA,368,0,,"From 1 Jun 1994 onwards: Central Bank target, overnight rate; from 27 Jul 1960 to 31 May 1994: official bank rate.",4,Bank of Canada,"In Jun 1994 the Bank of Canada (BoC) began shifting emphasis from the bank rate to the target for the overnight rate as its key monetary policy instrument. In Feb 1999 the target for the overnight rate was defined as the midpoint of the band, or 25 basis points below the bank rate. In May 2001 the BoC began emphasizing the target as its key interest rate in its communications with the public.", Central bank policy rates - Canada - Monthly - End of period,2024-07,4.5,A,F,
M,CA,368,0,,"From 1 Jun 1994 onwards: Central Bank target, overnight rate; from 27 Jul 1960 to 31 May 1994: official bank rate.",4,Bank of Canada,"In Jun 1994 the Bank of Canada (BoC) began shifting emphasis from the bank rate to the target for the overnight rate as its key monetary policy instrument. In Feb 1999 the target for the overnight rate was defined as the midpoint of the band, or 25 basis points below the bank rate. In May 2001 the BoC began emphasizing the target as its key interest rate in its communications with the public.", Central bank policy rates - Canada - Monthly - End of period,2024-08,4.5,A,F,
M,CA,368,0,,"From 1 Jun 1994 onwards: Central Bank target, overnight rate; from 27 Jul 1960 to 31 May 1994: official bank rate.",4,Bank of Canada,"In Jun 1994 the Bank of Canada (BoC) began shifting emphasis from the bank rate to the target for the overnight rate as its key monetary policy instrument. In Feb 1999 the target for the overnight rate was defined as the midpoint of the band, or 25 basis points below the bank rate. In May 2001 the BoC began emphasizing the target as its key interest rate in its communications with the public.", Central bank policy rates - Canada - Monthly - End of period,2024-09,4.25,A,F,
M,CA,368,0,,"From 1 Jun 1994 onwards: Central Bank target, overnight rate; from 27 Jul 1960 to 31 May 1994: official bank rate.",4,Bank of Canada,"In Jun 1994 the Bank of Canada (BoC) began shifting emphasis from the bank rate to the target for the overnight rate as its key monetary policy instrument. In Feb 1999 the target for the overnight rate was defined as the midpoint of the band, or 25 basis points below the bank rate. In May 2001 the BoC began emphasizing the target as its key interest rate in its communications with the public.", Central bank policy rates - Canada - Monthly - End of period,2024-10,3.75,A,F,
M,CA,368,0,,"From 1 Jun 1994 onwards: Central Bank target, overnight rate; from 27 Jul 1960 to 31 May 1994: official bank rate.",4,Bank of Canada,"In Jun 1994 the Bank of Canada (BoC) began shifting emphasis from the bank rate to the target for the overnight rate as its key monetary policy instrument. In Feb 1999 the target for the overnight rate was defined as the midpoint of the band, or 25 basis points below the bank rate. In May 2001 the BoC began emphasizing the target as its key interest rate in its communications with the public.", Central bank policy rates - Canada - Monthly - End of period,2024-11,3.75,A,F,
M,CA,368,0,,"From 1 Jun 1994 onwards: Central Bank target, overnight rate; from 27 Jul 1960 to 31 May 1994: official bank rate.",4,Bank of Canada,"In Jun 1994 the Bank of Canada (BoC) began shifting emphasis from the bank rate to the target for the overnight rate as its key monetary policy instrument. In Feb 1999 the target for the overnight rate was defined as the midpoint of the band, or 25 basis points below the bank rate. In May 2001 the BoC began emphasizing the target as its key interest rate in its communications with the public.", Central bank policy rates - Canada - Monthly - End of period,2024-12,3.25,A,F,
M,CA,368,0,,"From 1 Jun 1994 onwards: Central Bank target, overnight rate; from 27 Jul 1960 to 31 May 1994: official bank rate.",4,Bank of Canada,"In Jun 1994 the Bank of Canada (BoC) began shifting emphasis from the bank rate to the target for the overnight rate as its key monetary policy instrument. In Feb 1999 the target for the overnight rate was defined as the midpoint of the band, or 25 basis points below the bank rate. In May 2001 the BoC began emphasizing the target as its key interest rate in its communications with the public.", Central bank policy rates - Canada - Monthly - End of period,2025-01,3,A,F,
M,CA,368,0,,"From 1 Jun 1994 onwards: Central Bank target, overnight rate; from 27 Jul 1960 to 31 May 1994: official bank rate.",4,Bank of Canada,"In Jun 1994 the Bank of Canada (BoC) began shifting emphasis from the bank rate to the target for the overnight rate as its key monetary policy instrument. In Feb 1999 the target for the overnight rate was defined as the midpoint of the band, or 25 basis points below the bank rate. In May 2001 the BoC began emphasizing the target as its key interest rate in its communications with the public.", Central bank policy rates - Canada - Monthly - End of period,2025-02,3,A,F,
M,CA,368,0,,"From 1 Jun 1994 onwards: Central Bank target, overnight rate; from 27 Jul 1960 to 31 May 1994: official bank rate.",4,Bank of Canada,"In Jun 1994 the Bank of Canada (BoC) began shifting emphasis from the bank rate to the target for the overnight rate as its key monetary policy instrument. In Feb 1999 the target for the overnight rate was defined as the midpoint of the band, or 25 basis points below the bank rate. In May 2001 the BoC began emphasizing the target as its key interest rate in its communications with the public.", Central bank policy rates - Canada - Monthly - End of period,2025-03,2.75,A,F,
M,CA,368,0,,"From 1 Jun 1994 onwards: Central Bank target, overnight rate; from 27 Jul 1960 to 31 May 1994: official bank rate.",4,Bank of Canada,"In Jun 1994 the Bank of Canada (BoC) began shifting emphasis from the bank rate to the target for the overnight rate as its key monetary policy instrument. In Feb 1999 the target for the overnight rate was defined as the midpoint of the band, or 25 basis points below the bank rate. In May 2001 the BoC began emphasizing the target as its key interest rate in its communications with the public.", Central bank policy rates - Canada - Monthly - End of period,2025-04,2.75,A,F,
M,CA,368,0,,"From 1 Jun 1994 onwards: Central Bank target, overnight rate; from 27 Jul 1960 to 31 May 1994: official bank rate.",4,Bank of Canada,"In Jun 1994 the Bank of Canada (BoC) began shifting emphasis from the bank rate to the target for the overnight rate as its key monetary policy instrument. In Feb 1999 the target for the overnight rate was defined as the midpoint of the band, or 25 basis points below the bank rate. In May 2001 the BoC began emphasizing the target as its key interest rate in its communications with the public.", Central bank policy rates - Canada - Monthly - End of period,2025-05,2.75,A,F,
M,CA,368,0,,"From 1 Jun 1994 onwards: Central Bank target, overnight rate; from 27 Jul 1960 to 31 May 1994: official bank rate.",4,Bank of Canada,"In Jun 1994 the Bank of Canada (BoC) began shifting emphasis from the bank rate to the target for the overnight rate as its key monetary policy instrument. In Feb 1999 the target for the overnight rate was defined as the midpoint of the band, or 25 basis points below the bank rate. In May 2001 the BoC began emphasizing the target as its key interest rate in its communications with the public.", Central bank policy rates - Canada - Monthly - End of period,2025-06,2.75,A,F,
M,CA,368,0,,"From 1 Jun 1994 onwards: Central Bank target, overnight rate; from 27 Jul 1960 to 31 May 1994: official bank rate.",4,Bank of Canada,"In Jun 1994 the Bank of Canada (BoC) began shifting emphasis from the bank rate to the target for the overnight rate as its key monetary policy instrument. In Feb 1999 the target for the overnight rate was defined as the midpoint of the band, or 25 basis points below the bank rate. In May 2001 the BoC began emphasizing the target as its key interest rate in its communications with the public.", Central bank policy rates - Canada - Monthly - End of period,2025-07,2.75,A,F,
M,CA,368,0,,"From 1 Jun 1994 onwards: Central Bank target, overnight rate; from 27 Jul 1960 to 31 May 1994: official bank rate.",4,Bank of Canada,"In Jun 1994 the Bank of Canada (BoC) began shifting emphasis from the bank rate to the target for the overnight rate as its key monetary policy instrument. In Feb 1999 the target for the overnight rate was defined as the midpoint of the band, or 25 basis points below the bank rate. In May 2001 the BoC began emphasizing the target as its key interest rate in its communications with the public.", Central bank policy rates - Canada - Monthly - End of period,2025-08,2.75,A,F,
M,CA,368,0,,"From 1 Jun 1994 onwards: Central Bank target, overnight rate; from 27 Jul 1960 to 31 May 1994: official bank rate.",4,Bank of Canada,"In Jun 1994 the Bank of Canada (BoC) began shifting emphasis from the bank rate to the target for the overnight rate as its key monetary policy instrument. In Feb 1999 the target for the overnight rate was defined as the midpoint of the band, or 25 basis points below the bank rate. In May 2001 the BoC began emphasizing the target as its key interest rate in its communications with the public.", Central bank policy rates - Canada - Monthly - End of period,2025-09,2.5,A,F,
M,CA,368,0,,"From 1 Jun 1994 onwards: Central Bank target, overnight rate; from 27 Jul 1960 to 31 May 1994: official bank rate.",4,Bank of Canada,"In Jun 1994 the Bank of Canada (BoC) began shifting emphasis from the bank rate to the target for the overnight rate as its key monetary policy instrument. In Feb 1999 the target for the overnight rate was defined as the midpoint of the band, or 25 basis points below the bank rate. In May 2001 the BoC began emphasizing the target as its key interest rate in its communications with the public.", Central bank policy rates - Canada - Monthly - End of period,2025-10,2.25,A,F,
M,CA,368,0,,"From 1 Jun 1994 onwards: Central Bank target, overnight rate; from 27 Jul 1960 to 31 May 1994: official bank rate.",4,Bank of Canada,"In Jun 1994 the Bank of Canada (BoC) began shifting emphasis from the bank rate to the target for the overnight rate as its key monetary policy instrument. In Feb 1999 the target for the overnight rate was defined as the midpoint of the band, or 25 basis points below the bank rate. In May 2001 the BoC began emphasizing the target as its key interest rate in its communications with the public.", Central bank policy rates - Canada - Monthly - End of period,2025-11,2.25,A,F,
M,CA,368,0,,"From 1 Jun 1994 onwards: Central Bank target, overnight rate; from 27 Jul 1960 to 31 May 1994: official bank rate.",4,Bank of Canada,"In Jun 1994 the Bank of Canada (BoC) began shifting emphasis from the bank rate to the target for the overnight rate as its key monetary policy instrument. In Feb 1999 the target for the overnight rate was defined as the midpoint of the band, or 25 basis points below the bank rate. In May 2001 the BoC began emphasizing the target as its key interest rate in its communications with the public.", Central bank policy rates - Canada - Monthly - End of period,2025-12,2.25,A,F,
M,CA,368,0,,"From 1 Jun 1994 onwards: Central Bank target, overnight rate; from 27 Jul 1960 to 31 May 1994: official bank rate.",4,Bank of Canada,"In Jun 1994 the Bank of Canada (BoC) began shifting emphasis from the bank rate to the target for the overnight rate as its key monetary policy instrument. In Feb 1999 the target for the overnight rate was defined as the midpoint of the band, or 25 basis points below the bank rate. In May 2001 the BoC began emphasizing the target as its key interest rate in its communications with the public.", Central bank policy rates - Canada - Monthly - End of period,2026-01,2.25,A,F,
M,CA,368,0,,"From 1 Jun 1994 onwards: Central Bank target, overnight rate; from 27 Jul 1960 to 31 May 1994: official bank rate.",4,Bank of Canada,"In Jun 1994 the Bank of Canada (BoC) began shifting emphasis from the bank rate to the target for the overnight rate as its key monetary policy instrument. In Feb 1999 the target for the overnight rate was defined as the midpoint of the band, or 25 basis points below the bank rate. In May 2001 the BoC began emphasizing the target as its key interest rate in its communications with the public.", Central bank policy rates - Canada - Monthly - End of period,2026-02,2.25,A,F,
M,CA,368,0,,"From 1 Jun 1994 onwards: Central Bank target, overnight rate; from 27 Jul 1960 to 31 May 1994: official bank rate.",4,Bank of Canada,"In Jun 1994 the Bank of Canada (BoC) began shifting emphasis from the bank rate to the target for the overnight rate as its key monetary policy instrument. In Feb 1999 the target for the overnight rate was defined as the midpoint of the band, or 25 basis points below the bank rate. In May 2001 the BoC began emphasizing the target as its key interest rate in its communications with the public.", Central bank policy rates - Canada - Monthly - End of period,2026-03,2.25,A,F,
M,CA,368,0,,"From 1 Jun 1994 onwards: Central Bank target, overnight rate; from 27 Jul 1960 to 31 May 1994: official bank rate.",4,Bank of Canada,"In Jun 1994 the Bank of Canada (BoC) began shifting emphasis from the bank rate to the target for the overnight rate as its key monetary policy instrument. In Feb 1999 the target for the overnight rate was defined as the midpoint of the band, or 25 basis points below the bank rate. In May 2001 the BoC began emphasizing the target as its key interest rate in its communications with the public.", Central bank policy rates - Canada - Monthly - End of period,2026-04,2.25,A,F,
M,CA,368,0,,"From 1 Jun 1994 onwards: Central Bank target, overnight rate; from 27 Jul 1960 to 31 May 1994: official bank rate.",4,Bank of Canada,"In Jun 1994 the Bank of Canada (BoC) began shifting emphasis from the bank rate to the target for the overnight rate as its key monetary policy instrument. In Feb 1999 the target for the overnight rate was defined as the midpoint of the band, or 25 basis points below the bank rate. In May 2001 the BoC began emphasizing the target as its key interest rate in its communications with the public.", Central bank policy rates - Canada - Monthly - End of period,2026-05,2.25,A,F,
M,CA,368,0,,"From 1 Jun 1994 onwards: Central Bank target, overnight rate; from 27 Jul 1960 to 31 May 1994: official bank rate.",4,Bank of Canada,"In Jun 1994 the Bank of Canada (BoC) began shifting emphasis from the bank rate to the target for the overnight rate as its key monetary policy instrument. In Feb 1999 the target for the overnight rate was defined as the midpoint of the band, or 25 basis points below the bank rate. In May 2001 the BoC began emphasizing the target as its key interest rate in its communications with the public.", Central bank policy rates - Canada - Monthly - End of period,2026-06,2.25,A,F,
M,CA,368,0,,"From 1 Jun 1994 onwards: Central Bank target, overnight rate; from 27 Jul 1960 to 31 May 1994: official bank rate.",4,Bank of Canada,"In Jun 1994 the Bank of Canada (BoC) began shifting emphasis from the bank rate to the target for the overnight rate as its key monetary policy instrument. In Feb 1999 the target for the overnight rate was defined as the midpoint of the band, or 25 basis points below the bank rate. In May 2001 the BoC began emphasizing the target as its key interest rate in its communications with the public.", Central bank policy rates - Canada - Monthly - End of period,2026-07,2.25,A,F,
M,CA,368,0,,"From 1 Jun 1994 onwards: Central Bank target, overnight rate; from 27 Jul 1960 to 31 May 1994: official bank rate.",4,Bank of Canada,"In Jun 1994 the Bank of Canada (BoC) began shifting emphasis from the bank rate to the target for the overnight rate as its key monetary policy instrument. In Feb 1999 the target for the overnight rate was defined as the midpoint of the band, or 25 basis points below the bank rate. In May 2001 the BoC began emphasizing the target as its key interest rate in its communications with the public.", Central bank policy rates - Canada - Monthly - End of period,2026-08,2.25,A,F,
M,CH,368,0,,From 13 June 2019 onwards SNB Policy rate; From 1 Jan 2000 to 12 June 2019 mid-point of the SNB target range; from 1 Jan 1946 to 31 Dec 1999: discount rate.,4,Swiss National Bank,, Central bank policy rates - Switzerland - Monthly - End of period,2016-01,-0.75,A,F,
M,CH,368,0,,From 13 June 2019 onwards SNB Policy rate; From 1 Jan 2000 to 12 June 2019 mid-point of the SNB target range; from 1 Jan 1946 to 31 Dec 1999: discount rate.,4,Swiss National Bank,, Central bank policy rates - Switzerland - Monthly - End of period,2016-02,-0.75,A,F,
M,CH,368,0,,From 13 June 2019 onwards SNB Policy rate; From 1 Jan 2000 to 12 June 2019 mid-point of the SNB target range; from 1 Jan 1946 to 31 Dec 1999: discount rate.,4,Swiss National Bank,, Central bank policy rates - Switzerland - Monthly - End of period,2016-03,-0.75,A,F,
M,CH,368,0,,From 13 June 2019 onwards SNB Policy rate; From 1 Jan 2000 to 12 June 2019 mid-point of the SNB target range; from 1 Jan 1946 to 31 Dec 1999: discount rate.,4,Swiss National Bank,, Central bank policy rates - Switzerland - Monthly - End of period,2016-04,-0.75,A,F,
M,CH,368,0,,From 13 June 2019 onwards SNB Policy rate; From 1 Jan 2000 to 12 June 2019 mid-point of the SNB target range; from 1 Jan 1946 to 31 Dec 1999: discount rate.,4,Swiss National Bank,, Central bank policy rates - Switzerland - Monthly - End of period,2016-05,-0.75,A,F,
M,CH,368,0,,From 13 June 2019 onwards SNB Policy rate; From 1 Jan 2000 to 12 June 2019 mid-point of the SNB target range; from 1 Jan 1946 to 31 Dec 1999: discount rate.,4,Swiss National Bank,, Central bank policy rates - Switzerland - Monthly - End of period,2016-06,-0.75,A,F,
M,CH,368,0,,From 13 June 2019 onwards SNB Policy rate; From 1 Jan 2000 to 12 June 2019 mid-point of the SNB target range; from 1 Jan 1946 to 31 Dec 1999: discount rate.,4,Swiss National Bank,, Central bank policy rates - Switzerland - Monthly - End of period,2016-07,-0.75,A,F,
M,CH,368,0,,From 13 June 2019 onwards SNB Policy rate; From 1 Jan 2000 to 12 June 2019 mid-point of the SNB target range; from 1 Jan 1946 to 31 Dec 1999: discount rate.,4,Swiss National Bank,, Central bank policy rates - Switzerland - Monthly - End of period,2016-08,-0.75,A,F,
M,CH,368,0,,From 13 June 2019 onwards SNB Policy rate; From 1 Jan 2000 to 12 June 2019 mid-point of the SNB target range; from 1 Jan 1946 to 31 Dec 1999: discount rate.,4,Swiss National Bank,, Central bank policy rates - Switzerland - Monthly - End of period,2016-09,-0.75,A,F,
M,CH,368,0,,From 13 June 2019 onwards SNB Policy rate; From 1 Jan 2000 to 12 June 2019 mid-point of the SNB target range; from 1 Jan 1946 to 31 Dec 1999: discount rate.,4,Swiss National Bank,, Central bank policy rates - Switzerland - Monthly - End of period,2016-10,-0.75,A,F,
M,CH,368,0,,From 13 June 2019 onwards SNB Policy rate; From 1 Jan 2000 to 12 June 2019 mid-point of the SNB target range; from 1 Jan 1946 to 31 Dec 1999: discount rate.,4,Swiss National Bank,, Central bank policy rates - Switzerland - Monthly - End of period,2016-11,-0.75,A,F,
M,CH,368,0,,From 13 June 2019 onwards SNB Policy rate; From 1 Jan 2000 to 12 June 2019 mid-point of the SNB target range; from 1 Jan 1946 to 31 Dec 1999: discount rate.,4,Swiss National Bank,, Central bank policy rates - Switzerland - Monthly - End of period,2016-12,-0.75,A,F,
M,CH,368,0,,From 13 June 2019 onwards SNB Policy rate; From 1 Jan 2000 to 12 June 2019 mid-point of the SNB target range; from 1 Jan 1946 to 31 Dec 1999: discount rate.,4,Swiss National Bank,, Central bank policy rates - Switzerland - Monthly - End of period,2017-01,-0.75,A,F,
M,CH,368,0,,From 13 June 2019 onwards SNB Policy rate; From 1 Jan 2000 to 12 June 2019 mid-point of the SNB target range; from 1 Jan 1946 to 31 Dec 1999: discount rate.,4,Swiss National Bank,, Central bank policy rates - Switzerland - Monthly - End of period,2017-02,-0.75,A,F,
M,CH,368,0,,From 13 June 2019 onwards SNB Policy rate; From 1 Jan 2000 to 12 June 2019 mid-point of the SNB target range; from 1 Jan 1946 to 31 Dec 1999: discount rate.,4,Swiss National Bank,, Central bank policy rates - Switzerland - Monthly - End of period,2017-03,-0.75,A,F,
M,CH,368,0,,From 13 June 2019 onwards SNB Policy rate; From 1 Jan 2000 to 12 June 2019 mid-point of the SNB target range; from 1 Jan 1946 to 31 Dec 1999: discount rate.,4,Swiss National Bank,, Central bank policy rates - Switzerland - Monthly - End of period,2017-04,-0.75,A,F,
M,CH,368,0,,From 13 June 2019 onwards SNB Policy rate; From 1 Jan 2000 to 12 June 2019 mid-point of the SNB target range; from 1 Jan 1946 to 31 Dec 1999: discount rate.,4,Swiss National Bank,, Central bank policy rates - Switzerland - Monthly - End of period,2017-05,-0.75,A,F,
M,CH,368,0,,From 13 June 2019 onwards SNB Policy rate; From 1 Jan 2000 to 12 June 2019 mid-point of the SNB target range; from 1 Jan 1946 to 31 Dec 1999: discount rate.,4,Swiss National Bank,, Central bank policy rates - Switzerland - Monthly - End of period,2017-06,-0.75,A,F,
M,CH,368,0,,From 13 June 2019 onwards SNB Policy rate; From 1 Jan 2000 to 12 June 2019 mid-point of the SNB target range; from 1 Jan 1946 to 31 Dec 1999: discount rate.,4,Swiss National Bank,, Central bank policy rates - Switzerland - Monthly - End of period,2017-07,-0.75,A,F,
M,CH,368,0,,From 13 June 2019 onwards SNB Policy rate; From 1 Jan 2000 to 12 June 2019 mid-point of the SNB target range; from 1 Jan 1946 to 31 Dec 1999: discount rate.,4,Swiss National Bank,, Central bank policy rates - Switzerland - Monthly - End of period,2017-08,-0.75,A,F,
M,CH,368,0,,From 13 June 2019 onwards SNB Policy rate; From 1 Jan 2000 to 12 June 2019 mid-point of the SNB target range; from 1 Jan 1946 to 31 Dec 1999: discount rate.,4,Swiss National Bank,, Central bank policy rates - Switzerland - Monthly - End of period,2017-09,-0.75,A,F,
M,CH,368,0,,From 13 June 2019 onwards SNB Policy rate; From 1 Jan 2000 to 12 June 2019 mid-point of the SNB target range; from 1 Jan 1946 to 31 Dec 1999: discount rate.,4,Swiss National Bank,, Central bank policy rates - Switzerland - Monthly - End of period,2017-10,-0.75,A,F,
M,CH,368,0,,From 13 June 2019 onwards SNB Policy rate; From 1 Jan 2000 to 12 June 2019 mid-point of the SNB target range; from 1 Jan 1946 to 31 Dec 1999: discount rate.,4,Swiss National Bank,, Central bank policy rates - Switzerland - Monthly - End of period,2017-11,-0.75,A,F,
M,CH,368,0,,From 13 June 2019 onwards SNB Policy rate; From 1 Jan 2000 to 12 June 2019 mid-point of the SNB target range; from 1 Jan 1946 to 31 Dec 1999: discount rate.,4,Swiss National Bank,, Central bank policy rates - Switzerland - Monthly - End of period,2017-12,-0.75,A,F,
M,CH,368,0,,From 13 June 2019 onwards SNB Policy rate; From 1 Jan 2000 to 12 June 2019 mid-point of the SNB target range; from 1 Jan 1946 to 31 Dec 1999: discount rate.,4,Swiss National Bank,, Central bank policy rates - Switzerland - Monthly - End of period,2018-01,-0.75,A,F,
M,CH,368,0,,From 13 June 2019 onwards SNB Policy rate; From 1 Jan 2000 to 12 June 2019 mid-point of the SNB target range; from 1 Jan 1946 to 31 Dec 1999: discount rate.,4,Swiss National Bank,, Central bank policy rates - Switzerland - Monthly - End of period,2018-02,-0.75,A,F,
M,CH,368,0,,From 13 June 2019 onwards SNB Policy rate; From 1 Jan 2000 to 12 June 2019 mid-point of the SNB target range; from 1 Jan 1946 to 31 Dec 1999: discount rate.,4,Swiss National Bank,, Central bank policy rates - Switzerland - Monthly - End of period,2018-03,-0.75,A,F,
M,CH,368,0,,From 13 June 2019 onwards SNB Policy rate; From 1 Jan 2000 to 12 June 2019 mid-point of the SNB target range; from 1 Jan 1946 to 31 Dec 1999: discount rate.,4,Swiss National Bank,, Central bank policy rates - Switzerland - Monthly - End of period,2018-04,-0.75,A,F,
M,CH,368,0,,From 13 June 2019 onwards SNB Policy rate; From 1 Jan 2000 to 12 June 2019 mid-point of the SNB target range; from 1 Jan 1946 to 31 Dec 1999: discount rate.,4,Swiss National Bank,, Central bank policy rates - Switzerland - Monthly - End of period,2018-05,-0.75,A,F,
M,CH,368,0,,From 13 June 2019 onwards SNB Policy rate; From 1 Jan 2000 to 12 June 2019 mid-point of the SNB target range; from 1 Jan 1946 to 31 Dec 1999: discount rate.,4,Swiss National Bank,, Central bank policy rates - Switzerland - Monthly - End of period,2018-06,-0.75,A,F,
M,CH,368,0,,From 13 June 2019 onwards SNB Policy rate; From 1 Jan 2000 to 12 June 2019 mid-point of the SNB target range; from 1 Jan 1946 to 31 Dec 1999: discount rate.,4,Swiss National Bank,, Central bank policy rates - Switzerland - Monthly - End of period,2018-07,-0.75,A,F,
M,CH,368,0,,From 13 June 2019 onwards SNB Policy rate; From 1 Jan 2000 to 12 June 2019 mid-point of the SNB target range; from 1 Jan 1946 to 31 Dec 1999: discount rate.,4,Swiss National Bank,, Central bank policy rates - Switzerland - Monthly - End of period,2018-08,-0.75,A,F,
M,CH,368,0,,From 13 June 2019 onwards SNB Policy rate; From 1 Jan 2000 to 12 June 2019 mid-point of the SNB target range; from 1 Jan 1946 to 31 Dec 1999: discount rate.,4,Swiss National Bank,, Central bank policy rates - Switzerland - Monthly - End of period,2018-09,-0.75,A,F,
M,CH,368,0,,From 13 June 2019 onwards SNB Policy rate; From 1 Jan 2000 to 12 June 2019 mid-point of the SNB target range; from 1 Jan 1946 to 31 Dec 1999: discount rate.,4,Swiss National Bank,, Central bank policy rates - Switzerland - Monthly - End of period,2018-10,-0.75,A,F,
M,CH,368,0,,From 13 June 2019 onwards SNB Policy rate; From 1 Jan 2000 to 12 June 2019 mid-point of the SNB target range; from 1 Jan 1946 to 31 Dec 1999: discount rate.,4,Swiss National Bank,, Central bank policy rates - Switzerland - Monthly - End of period,2018-11,-0.75,A,F,
M,CH,368,0,,From 13 June 2019 onwards SNB Policy rate; From 1 Jan 2000 to 12 June 2019 mid-point of the SNB target range; from 1 Jan 1946 to 31 Dec 1999: discount rate.,4,Swiss National Bank,, Central bank policy rates - Switzerland - Monthly - End of period,2018-12,-0.75,A,F,
M,CH,368,0,,From 13 June 2019 onwards SNB Policy rate; From 1 Jan 2000 to 12 June 2019 mid-point of the SNB target range; from 1 Jan 1946 to 31 Dec 1999: discount rate.,4,Swiss National Bank,, Central bank policy rates - Switzerland - Monthly - End of period,2019-01,-0.75,A,F,
M,CH,368,0,,From 13 June 2019 onwards SNB Policy rate; From 1 Jan 2000 to 12 June 2019 mid-point of the SNB target range; from 1 Jan 1946 to 31 Dec 1999: discount rate.,4,Swiss National Bank,, Central bank policy rates - Switzerland - Monthly - End of period,2019-02,-0.75,A,F,
M,CH,368,0,,From 13 June 2019 onwards SNB Policy rate; From 1 Jan 2000 to 12 June 2019 mid-point of the SNB target range; from 1 Jan 1946 to 31 Dec 1999: discount rate.,4,Swiss National Bank,, Central bank policy rates - Switzerland - Monthly - End of period,2019-03,-0.75,A,F,
M,CH,368,0,,From 13 June 2019 onwards SNB Policy rate; From 1 Jan 2000 to 12 June 2019 mid-point of the SNB target range; from 1 Jan 1946 to 31 Dec 1999: discount rate.,4,Swiss National Bank,, Central bank policy rates - Switzerland - Monthly - End of period,2019-04,-0.75,A,F,
M,CH,368,0,,From 13 June 2019 onwards SNB Policy rate; From 1 Jan 2000 to 12 June 2019 mid-point of the SNB target range; from 1 Jan 1946 to 31 Dec 1999: discount rate.,4,Swiss National Bank,, Central bank policy rates - Switzerland - Monthly - End of period,2019-05,-0.75,A,F,
M,CH,368,0,,From 13 June 2019 onwards SNB Policy rate; From 1 Jan 2000 to 12 June 2019 mid-point of the SNB target range; from 1 Jan 1946 to 31 Dec 1999: discount rate.,4,Swiss National Bank,, Central bank policy rates - Switzerland - Monthly - End of period,2019-06,-0.75,A,F,
M,CH,368,0,,From 13 June 2019 onwards SNB Policy rate; From 1 Jan 2000 to 12 June 2019 mid-point of the SNB target range; from 1 Jan 1946 to 31 Dec 1999: discount rate.,4,Swiss National Bank,, Central bank policy rates - Switzerland - Monthly - End of period,2019-07,-0.75,A,F,
M,CH,368,0,,From 13 June 2019 onwards SNB Policy rate; From 1 Jan 2000 to 12 June 2019 mid-point of the SNB target range; from 1 Jan 1946 to 31 Dec 1999: discount rate.,4,Swiss National Bank,, Central bank policy rates - Switzerland - Monthly - End of period,2019-08,-0.75,A,F,
M,CH,368,0,,From 13 June 2019 onwards SNB Policy rate; From 1 Jan 2000 to 12 June 2019 mid-point of the SNB target range; from 1 Jan 1946 to 31 Dec 1999: discount rate.,4,Swiss National Bank,, Central bank policy rates - Switzerland - Monthly - End of period,2019-09,-0.75,A,F,
M,CH,368,0,,From 13 June 2019 onwards SNB Policy rate; From 1 Jan 2000 to 12 June 2019 mid-point of the SNB target range; from 1 Jan 1946 to 31 Dec 1999: discount rate.,4,Swiss National Bank,, Central bank policy rates - Switzerland - Monthly - End of period,2019-10,-0.75,A,F,
M,CH,368,0,,From 13 June 2019 onwards SNB Policy rate; From 1 Jan 2000 to 12 June 2019 mid-point of the SNB target range; from 1 Jan 1946 to 31 Dec 1999: discount rate.,4,Swiss National Bank,, Central bank policy rates - Switzerland - Monthly - End of period,2019-11,-0.75,A,F,
M,CH,368,0,,From 13 June 2019 onwards SNB Policy rate; From 1 Jan 2000 to 12 June 2019 mid-point of the SNB target range; from 1 Jan 1946 to 31 Dec 1999: discount rate.,4,Swiss National Bank,, Central bank policy rates - Switzerland - Monthly - End of period,2019-12,-0.75,A,F,
M,CH,368,0,,From 13 June 2019 onwards SNB Policy rate; From 1 Jan 2000 to 12 June 2019 mid-point of the SNB target range; from 1 Jan 1946 to 31 Dec 1999: discount rate.,4,Swiss National Bank,, Central bank policy rates - Switzerland - Monthly - End of period,2020-01,-0.75,A,F,
M,CH,368,0,,From 13 June 2019 onwards SNB Policy rate; From 1 Jan 2000 to 12 June 2019 mid-point of the SNB target range; from 1 Jan 1946 to 31 Dec 1999: discount rate.,4,Swiss National Bank,, Central bank policy rates - Switzerland - Monthly - End of period,2020-02,-0.75,A,F,
M,CH,368,0,,From 13 June 2019 onwards SNB Policy rate; From 1 Jan 2000 to 12 June 2019 mid-point of the SNB target range; from 1 Jan 1946 to 31 Dec 1999: discount rate.,4,Swiss National Bank,, Central bank policy rates - Switzerland - Monthly - End of period,2020-03,-0.75,A,F,
M,CH,368,0,,From 13 June 2019 onwards SNB Policy rate; From 1 Jan 2000 to 12 June 2019 mid-point of the SNB target range; from 1 Jan 1946 to 31 Dec 1999: discount rate.,4,Swiss National Bank,, Central bank policy rates - Switzerland - Monthly - End of period,2020-04,-0.75,A,F,
M,CH,368,0,,From 13 June 2019 onwards SNB Policy rate; From 1 Jan 2000 to 12 June 2019 mid-point of the SNB target range; from 1 Jan 1946 to 31 Dec 1999: discount rate.,4,Swiss National Bank,, Central bank policy rates - Switzerland - Monthly - End of period,2020-05,-0.75,A,F,
M,CH,368,0,,From 13 June 2019 onwards SNB Policy rate; From 1 Jan 2000 to 12 June 2019 mid-point of the SNB target range; from 1 Jan 1946 to 31 Dec 1999: discount rate.,4,Swiss National Bank,, Central bank policy rates - Switzerland - Monthly - End of period,2020-06,-0.75,A,F,
M,CH,368,0,,From 13 June 2019 onwards SNB Policy rate; From 1 Jan 2000 to 12 June 2019 mid-point of the SNB target range; from 1 Jan 1946 to 31 Dec 1999: discount rate.,4,Swiss National Bank,, Central bank policy rates - Switzerland - Monthly - End of period,2020-07,-0.75,A,F,
M,CH,368,0,,From 13 June 2019 onwards SNB Policy rate; From 1 Jan 2000 to 12 June 2019 mid-point of the SNB target range; from 1 Jan 1946 to 31 Dec 1999: discount rate.,4,Swiss National Bank,, Central bank policy rates - Switzerland - Monthly - End of period,2020-08,-0.75,A,F,
M,CH,368,0,,From 13 June 2019 onwards SNB Policy rate; From 1 Jan 2000 to 12 June 2019 mid-point of the SNB target range; from 1 Jan 1946 to 31 Dec 1999: discount rate.,4,Swiss National Bank,, Central bank policy rates - Switzerland - Monthly - End of period,2020-09,-0.75,A,F,
M,CH,368,0,,From 13 June 2019 onwards SNB Policy rate; From 1 Jan 2000 to 12 June 2019 mid-point of the SNB target range; from 1 Jan 1946 to 31 Dec 1999: discount rate.,4,Swiss National Bank,, Central bank policy rates - Switzerland - Monthly - End of period,2020-10,-0.75,A,F,
M,CH,368,0,,From 13 June 2019 onwards SNB Policy rate; From 1 Jan 2000 to 12 June 2019 mid-point of the SNB target range; from 1 Jan 1946 to 31 Dec 1999: discount rate.,4,Swiss National Bank,, Central bank policy rates - Switzerland - Monthly - End of period,2020-11,-0.75,A,F,
M,CH,368,0,,From 13 June 2019 onwards SNB Policy rate; From 1 Jan 2000 to 12 June 2019 mid-point of the SNB target range; from 1 Jan 1946 to 31 Dec 1999: discount rate.,4,Swiss National Bank,, Central bank policy rates - Switzerland - Monthly - End of period,2020-12,-0.75,A,F,
M,CH,368,0,,From 13 June 2019 onwards SNB Policy rate; From 1 Jan 2000 to 12 June 2019 mid-point of the SNB target range; from 1 Jan 1946 to 31 Dec 1999: discount rate.,4,Swiss National Bank,, Central bank policy rates - Switzerland - Monthly - End of period,2021-01,-0.75,A,F,
M,CH,368,0,,From 13 June 2019 onwards SNB Policy rate; From 1 Jan 2000 to 12 June 2019 mid-point of the SNB target range; from 1 Jan 1946 to 31 Dec 1999: discount rate.,4,Swiss National Bank,, Central bank policy rates - Switzerland - Monthly - End of period,2021-02,-0.75,A,F,
M,CH,368,0,,From 13 June 2019 onwards SNB Policy rate; From 1 Jan 2000 to 12 June 2019 mid-point of the SNB target range; from 1 Jan 1946 to 31 Dec 1999: discount rate.,4,Swiss National Bank,, Central bank policy rates - Switzerland - Monthly - End of period,2021-03,-0.75,A,F,
M,CH,368,0,,From 13 June 2019 onwards SNB Policy rate; From 1 Jan 2000 to 12 June 2019 mid-point of the SNB target range; from 1 Jan 1946 to 31 Dec 1999: discount rate.,4,Swiss National Bank,, Central bank policy rates - Switzerland - Monthly - End of period,2021-04,-0.75,A,F,
M,CH,368,0,,From 13 June 2019 onwards SNB Policy rate; From 1 Jan 2000 to 12 June 2019 mid-point of the SNB target range; from 1 Jan 1946 to 31 Dec 1999: discount rate.,4,Swiss National Bank,, Central bank policy rates - Switzerland - Monthly - End of period,2021-05,-0.75,A,F,
M,CH,368,0,,From 13 June 2019 onwards SNB Policy rate; From 1 Jan 2000 to 12 June 2019 mid-point of the SNB target range; from 1 Jan 1946 to 31 Dec 1999: discount rate.,4,Swiss National Bank,, Central bank policy rates - Switzerland - Monthly - End of period,2021-06,-0.75,A,F,
M,CH,368,0,,From 13 June 2019 onwards SNB Policy rate; From 1 Jan 2000 to 12 June 2019 mid-point of the SNB target range; from 1 Jan 1946 to 31 Dec 1999: discount rate.,4,Swiss National Bank,, Central bank policy rates - Switzerland - Monthly - End of period,2021-07,-0.75,A,F,
M,CH,368,0,,From 13 June 2019 onwards SNB Policy rate; From 1 Jan 2000 to 12 June 2019 mid-point of the SNB target range; from 1 Jan 1946 to 31 Dec 1999: discount rate.,4,Swiss National Bank,, Central bank policy rates - Switzerland - Monthly - End of period,2021-08,-0.75,A,F,
M,CH,368,0,,From 13 June 2019 onwards SNB Policy rate; From 1 Jan 2000 to 12 June 2019 mid-point of the SNB target range; from 1 Jan 1946 to 31 Dec 1999: discount rate.,4,Swiss National Bank,, Central bank policy rates - Switzerland - Monthly - End of period,2021-09,-0.75,A,F,
M,CH,368,0,,From 13 June 2019 onwards SNB Policy rate; From 1 Jan 2000 to 12 June 2019 mid-point of the SNB target range; from 1 Jan 1946 to 31 Dec 1999: discount rate.,4,Swiss National Bank,, Central bank policy rates - Switzerland - Monthly - End of period,2021-10,-0.75,A,F,
M,CH,368,0,,From 13 June 2019 onwards SNB Policy rate; From 1 Jan 2000 to 12 June 2019 mid-point of the SNB target range; from 1 Jan 1946 to 31 Dec 1999: discount rate.,4,Swiss National Bank,, Central bank policy rates - Switzerland - Monthly - End of period,2021-11,-0.75,A,F,
M,CH,368,0,,From 13 June 2019 onwards SNB Policy rate; From 1 Jan 2000 to 12 June 2019 mid-point of the SNB target range; from 1 Jan 1946 to 31 Dec 1999: discount rate.,4,Swiss National Bank,, Central bank policy rates - Switzerland - Monthly - End of period,2021-12,-0.75,A,F,
M,CH,368,0,,From 13 June 2019 onwards SNB Policy rate; From 1 Jan 2000 to 12 June 2019 mid-point of the SNB target range; from 1 Jan 1946 to 31 Dec 1999: discount rate.,4,Swiss National Bank,, Central bank policy rates - Switzerland - Monthly - End of period,2022-01,-0.75,A,F,
M,CH,368,0,,From 13 June 2019 onwards SNB Policy rate; From 1 Jan 2000 to 12 June 2019 mid-point of the SNB target range; from 1 Jan 1946 to 31 Dec 1999: discount rate.,4,Swiss National Bank,, Central bank policy rates - Switzerland - Monthly - End of period,2022-02,-0.75,A,F,
M,CH,368,0,,From 13 June 2019 onwards SNB Policy rate; From 1 Jan 2000 to 12 June 2019 mid-point of the SNB target range; from 1 Jan 1946 to 31 Dec 1999: discount rate.,4,Swiss National Bank,, Central bank policy rates - Switzerland - Monthly - End of period,2022-03,-0.75,A,F,
M,CH,368,0,,From 13 June 2019 onwards SNB Policy rate; From 1 Jan 2000 to 12 June 2019 mid-point of the SNB target range; from 1 Jan 1946 to 31 Dec 1999: discount rate.,4,Swiss National Bank,, Central bank policy rates - Switzerland - Monthly - End of period,2022-04,-0.75,A,F,
M,CH,368,0,,From 13 June 2019 onwards SNB Policy rate; From 1 Jan 2000 to 12 June 2019 mid-point of the SNB target range; from 1 Jan 1946 to 31 Dec 1999: discount rate.,4,Swiss National Bank,, Central bank policy rates - Switzerland - Monthly - End of period,2022-05,-0.75,A,F,
M,CH,368,0,,From 13 June 2019 onwards SNB Policy rate; From 1 Jan 2000 to 12 June 2019 mid-point of the SNB target range; from 1 Jan 1946 to 31 Dec 1999: discount rate.,4,Swiss National Bank,, Central bank policy rates - Switzerland - Monthly - End of period,2022-06,-0.25,A,F,
M,CH,368,0,,From 13 June 2019 onwards SNB Policy rate; From 1 Jan 2000 to 12 June 2019 mid-point of the SNB target range; from 1 Jan 1946 to 31 Dec 1999: discount rate.,4,Swiss National Bank,, Central bank policy rates - Switzerland - Monthly - End of period,2022-07,-0.25,A,F,
M,CH,368,0,,From 13 June 2019 onwards SNB Policy rate; From 1 Jan 2000 to 12 June 2019 mid-point of the SNB target range; from 1 Jan 1946 to 31 Dec 1999: discount rate.,4,Swiss National Bank,, Central bank policy rates - Switzerland - Monthly - End of period,2022-08,-0.25,A,F,
M,CH,368,0,,From 13 June 2019 onwards SNB Policy rate; From 1 Jan 2000 to 12 June 2019 mid-point of the SNB target range; from 1 Jan 1946 to 31 Dec 1999: discount rate.,4,Swiss National Bank,, Central bank policy rates - Switzerland - Monthly - End of period,2022-09,0.5,A,F,
M,CH,368,0,,From 13 June 2019 onwards SNB Policy rate; From 1 Jan 2000 to 12 June 2019 mid-point of the SNB target range; from 1 Jan 1946 to 31 Dec 1999: discount rate.,4,Swiss National Bank,, Central bank policy rates - Switzerland - Monthly - End of period,2022-10,0.5,A,F,
M,CH,368,0,,From 13 June 2019 onwards SNB Policy rate; From 1 Jan 2000 to 12 June 2019 mid-point of the SNB target range; from 1 Jan 1946 to 31 Dec 1999: discount rate.,4,Swiss National Bank,, Central bank policy rates - Switzerland - Monthly - End of period,2022-11,0.5,A,F,
M,CH,368,0,,From 13 June 2019 onwards SNB Policy rate; From 1 Jan 2000 to 12 June 2019 mid-point of the SNB target range; from 1 Jan 1946 to 31 Dec 1999: discount rate.,4,Swiss National Bank,, Central bank policy rates - Switzerland - Monthly - End of period,2022-12,1,A,F,
M,CH,368,0,,From 13 June 2019 onwards SNB Policy rate; From 1 Jan 2000 to 12 June 2019 mid-point of the SNB target range; from 1 Jan 1946 to 31 Dec 1999: discount rate.,4,Swiss National Bank,, Central bank policy rates - Switzerland - Monthly - End of period,2023-01,1,A,F,
M,CH,368,0,,From 13 June 2019 onwards SNB Policy rate; From 1 Jan 2000 to 12 June 2019 mid-point of the SNB target range; from 1 Jan 1946 to 31 Dec 1999: discount rate.,4,Swiss National Bank,, Central bank policy rates - Switzerland - Monthly - End of period,2023-02,1,A,F,
M,CH,368,0,,From 13 June 2019 onwards SNB Policy rate; From 1 Jan 2000 to 12 June 2019 mid-point of the SNB target range; from 1 Jan 1946 to 31 Dec 1999: discount rate.,4,Swiss National Bank,, Central bank policy rates - Switzerland - Monthly - End of period,2023-03,1.5,A,F,
M,CH,368,0,,From 13 June 2019 onwards SNB Policy rate; From 1 Jan 2000 to 12 June 2019 mid-point of the SNB target range; from 1 Jan 1946 to 31 Dec 1999: discount rate.,4,Swiss National Bank,, Central bank policy rates - Switzerland - Monthly - End of period,2023-04,1.5,A,F,
M,CH,368,0,,From 13 June 2019 onwards SNB Policy rate; From 1 Jan 2000 to 12 June 2019 mid-point of the SNB target range; from 1 Jan 1946 to 31 Dec 1999: discount rate.,4,Swiss National Bank,, Central bank policy rates - Switzerland - Monthly - End of period,2023-05,1.5,A,F,
M,CH,368,0,,From 13 June 2019 onwards SNB Policy rate; From 1 Jan 2000 to 12 June 2019 mid-point of the SNB target range; from 1 Jan 1946 to 31 Dec 1999: discount rate.,4,Swiss National Bank,, Central bank policy rates - Switzerland - Monthly - End of period,2023-06,1.75,A,F,
M,CH,368,0,,From 13 June 2019 onwards SNB Policy rate; From 1 Jan 2000 to 12 June 2019 mid-point of the SNB target range; from 1 Jan 1946 to 31 Dec 1999: discount rate.,4,Swiss National Bank,, Central bank policy rates - Switzerland - Monthly - End of period,2023-07,1.75,A,F,
M,CH,368,0,,From 13 June 2019 onwards SNB Policy rate; From 1 Jan 2000 to 12 June 2019 mid-point of the SNB target range; from 1 Jan 1946 to 31 Dec 1999: discount rate.,4,Swiss National Bank,, Central bank policy rates - Switzerland - Monthly - End of period,2023-08,1.75,A,F,
M,CH,368,0,,From 13 June 2019 onwards SNB Policy rate; From 1 Jan 2000 to 12 June 2019 mid-point of the SNB target range; from 1 Jan 1946 to 31 Dec 1999: discount rate.,4,Swiss National Bank,, Central bank policy rates - Switzerland - Monthly - End of period,2023-09,1.75,A,F,
M,CH,368,0,,From 13 June 2019 onwards SNB Policy rate; From 1 Jan 2000 to 12 June 2019 mid-point of the SNB target range; from 1 Jan 1946 to 31 Dec 1999: discount rate.,4,Swiss National Bank,, Central bank policy rates - Switzerland - Monthly - End of period,2023-10,1.75,A,F,
M,CH,368,0,,From 13 June 2019 onwards SNB Policy rate; From 1 Jan 2000 to 12 June 2019 mid-point of the SNB target range; from 1 Jan 1946 to 31 Dec 1999: discount rate.,4,Swiss National Bank,, Central bank policy rates - Switzerland - Monthly - End of period,2023-11,1.75,A,F,
M,CH,368,0,,From 13 June 2019 onwards SNB Policy rate; From 1 Jan 2000 to 12 June 2019 mid-point of the SNB target range; from 1 Jan 1946 to 31 Dec 1999: discount rate.,4,Swiss National Bank,, Central bank policy rates - Switzerland - Monthly - End of period,2023-12,1.75,A,F,
M,CH,368,0,,From 13 June 2019 onwards SNB Policy rate; From 1 Jan 2000 to 12 June 2019 mid-point of the SNB target range; from 1 Jan 1946 to 31 Dec 1999: discount rate.,4,Swiss National Bank,, Central bank policy rates - Switzerland - Monthly - End of period,2024-01,1.75,A,F,
M,CH,368,0,,From 13 June 2019 onwards SNB Policy rate; From 1 Jan 2000 to 12 June 2019 mid-point of the SNB target range; from 1 Jan 1946 to 31 Dec 1999: discount rate.,4,Swiss National Bank,, Central bank policy rates - Switzerland - Monthly - End of period,2024-02,1.75,A,F,
M,CH,368,0,,From 13 June 2019 onwards SNB Policy rate; From 1 Jan 2000 to 12 June 2019 mid-point of the SNB target range; from 1 Jan 1946 to 31 Dec 1999: discount rate.,4,Swiss National Bank,, Central bank policy rates - Switzerland - Monthly - End of period,2024-03,1.5,A,F,
M,CH,368,0,,From 13 June 2019 onwards SNB Policy rate; From 1 Jan 2000 to 12 June 2019 mid-point of the SNB target range; from 1 Jan 1946 to 31 Dec 1999: discount rate.,4,Swiss National Bank,, Central bank policy rates - Switzerland - Monthly - End of period,2024-04,1.5,A,F,
M,CH,368,0,,From 13 June 2019 onwards SNB Policy rate; From 1 Jan 2000 to 12 June 2019 mid-point of the SNB target range; from 1 Jan 1946 to 31 Dec 1999: discount rate.,4,Swiss National Bank,, Central bank policy rates - Switzerland - Monthly - End of period,2024-05,1.5,A,F,
M,CH,368,0,,From 13 June 2019 onwards SNB Policy rate; From 1 Jan 2000 to 12 June 2019 mid-point of the SNB target range; from 1 Jan 1946 to 31 Dec 1999: discount rate.,4,Swiss National Bank,, Central bank policy rates - Switzerland - Monthly - End of period,2024-06,1.25,A,F,
M,CH,368,0,,From 13 June 2019 onwards SNB Policy rate; From 1 Jan 2000 to 12 June 2019 mid-point of the SNB target range; from 1 Jan 1946 to 31 Dec 1999: discount rate.,4,Swiss National Bank,, Central bank policy rates - Switzerland - Monthly - End of period,2024-07,1.25,A,F,
M,CH,368,0,,From 13 June 2019 onwards SNB Policy rate; From 1 Jan 2000 to 12 June 2019 mid-point of the SNB target range; from 1 Jan 1946 to 31 Dec 1999: discount rate.,4,Swiss National Bank,, Central bank policy rates - Switzerland - Monthly - End of period,2024-08,1.25,A,F,
M,CH,368,0,,From 13 June 2019 onwards SNB Policy rate; From 1 Jan 2000 to 12 June 2019 mid-point of the SNB target range; from 1 Jan 1946 to 31 Dec 1999: discount rate.,4,Swiss National Bank,, Central bank policy rates - Switzerland - Monthly - End of period,2024-09,1,A,F,
M,CH,368,0,,From 13 June 2019 onwards SNB Policy rate; From 1 Jan 2000 to 12 June 2019 mid-point of the SNB target range; from 1 Jan 1946 to 31 Dec 1999: discount rate.,4,Swiss National Bank,, Central bank policy rates - Switzerland - Monthly - End of period,2024-10,1,A,F,
M,CH,368,0,,From 13 June 2019 onwards SNB Policy rate; From 1 Jan 2000 to 12 June 2019 mid-point of the SNB target range; from 1 Jan 1946 to 31 Dec 1999: discount rate.,4,Swiss National Bank,, Central bank policy rates - Switzerland - Monthly - End of period,2024-11,1,A,F,
M,CH,368,0,,From 13 June 2019 onwards SNB Policy rate; From 1 Jan 2000 to 12 June 2019 mid-point of the SNB target range; from 1 Jan 1946 to 31 Dec 1999: discount rate.,4,Swiss National Bank,, Central bank policy rates - Switzerland - Monthly - End of period,2024-12,0.5,A,F,
M,CH,368,0,,From 13 June 2019 onwards SNB Policy rate; From 1 Jan 2000 to 12 June 2019 mid-point of the SNB target range; from 1 Jan 1946 to 31 Dec 1999: discount rate.,4,Swiss National Bank,, Central bank policy rates - Switzerland - Monthly - End of period,2025-01,0.5,A,F,
M,CH,368,0,,From 13 June 2019 onwards SNB Policy rate; From 1 Jan 2000 to 12 June 2019 mid-point of the SNB target range; from 1 Jan 1946 to 31 Dec 1999: discount rate.,4,Swiss National Bank,, Central bank policy rates - Switzerland - Monthly - End of period,2025-02,0.5,A,F,
M,CH,368,0,,From 13 June 2019 onwards SNB Policy rate; From 1 Jan 2000 to 12 June 2019 mid-point of the SNB target range; from 1 Jan 1946 to 31 Dec 1999: discount rate.,4,Swiss National Bank,, Central bank policy rates - Switzerland - Monthly - End of period,2025-03,0.25,A,F,
M,CH,368,0,,From 13 June 2019 onwards SNB Policy rate; From 1 Jan 2000 to 12 June 2019 mid-point of the SNB target range; from 1 Jan 1946 to 31 Dec 1999: discount rate.,4,Swiss National Bank,, Central bank policy rates - Switzerland - Monthly - End of period,2025-04,0.25,A,F,
M,CH,368,0,,From 13 June 2019 onwards SNB Policy rate; From 1 Jan 2000 to 12 June 2019 mid-point of the SNB target range; from 1 Jan 1946 to 31 Dec 1999: discount rate.,4,Swiss National Bank,, Central bank policy rates - Switzerland - Monthly - End of period,2025-05,0.25,A,F,
M,CH,368,0,,From 13 June 2019 onwards SNB Policy rate; From 1 Jan 2000 to 12 June 2019 mid-point of the SNB target range; from 1 Jan 1946 to 31 Dec 1999: discount rate.,4,Swiss National Bank,, Central bank policy rates - Switzerland - Monthly - End of period,2025-06,0,A,F,
M,CH,368,0,,From 13 June 2019 onwards SNB Policy rate; From 1 Jan 2000 to 12 June 2019 mid-point of the SNB target range; from 1 Jan 1946 to 31 Dec 1999: discount rate.,4,Swiss National Bank,, Central bank policy rates - Switzerland - Monthly - End of period,2025-07,0,A,F,
M,CH,368,0,,From 13 June 2019 onwards SNB Policy rate; From 1 Jan 2000 to 12 June 2019 mid-point of the SNB target range; from 1 Jan 1946 to 31 Dec 1999: discount rate.,4,Swiss National Bank,, Central bank policy rates - Switzerland - Monthly - End of period,2025-08,0,A,F,
M,CH,368,0,,From 13 June 2019 onwards SNB Policy rate; From 1 Jan 2000 to 12 June 2019 mid-point of the SNB target range; from 1 Jan 1946 to 31 Dec 1999: discount rate.,4,Swiss National Bank,, Central bank policy rates - Switzerland - Monthly - End of period,2025-09,0,A,F,
M,CH,368,0,,From 13 June 2019 onwards SNB Policy rate; From 1 Jan 2000 to 12 June 2019 mid-point of the SNB target range; from 1 Jan 1946 to 31 Dec 1999: discount rate.,4,Swiss National Bank,, Central bank policy rates - Switzerland - Monthly - End of period,2025-10,0,A,F,
M,CH,368,0,,From 13 June 2019 onwards SNB Policy rate; From 1 Jan 2000 to 12 June 2019 mid-point of the SNB target range; from 1 Jan 1946 to 31 Dec 1999: discount rate.,4,Swiss National Bank,, Central bank policy rates - Switzerland - Monthly - End of period,2025-11,0,A,F,
M,CH,368,0,,From 13 June 2019 onwards SNB Policy rate; From 1 Jan 2000 to 12 June 2019 mid-point of the SNB target range; from 1 Jan 1946 to 31 Dec 1999: discount rate.,4,Swiss National Bank,, Central bank policy rates - Switzerland - Monthly - End of period,2025-12,0,A,F,
M,CH,368,0,,From 13 June 2019 onwards SNB Policy rate; From 1 Jan 2000 to 12 June 2019 mid-point of the SNB target range; from 1 Jan 1946 to 31 Dec 1999: discount rate.,4,Swiss National Bank,, Central bank policy rates - Switzerland - Monthly - End of period,2026-01,0,A,F,
M,CH,368,0,,From 13 June 2019 onwards SNB Policy rate; From 1 Jan 2000 to 12 June 2019 mid-point of the SNB target range; from 1 Jan 1946 to 31 Dec 1999: discount rate.,4,Swiss National Bank,, Central bank policy rates - Switzerland - Monthly - End of period,2026-02,0,A,F,
M,CH,368,0,,From 13 June 2019 onwards SNB Policy rate; From 1 Jan 2000 to 12 June 2019 mid-point of the SNB target range; from 1 Jan 1946 to 31 Dec 1999: discount rate.,4,Swiss National Bank,, Central bank policy rates - Switzerland - Monthly - End of period,2026-03,0,A,F,
M,CH,368,0,,From 13 June 2019 onwards SNB Policy rate; From 1 Jan 2000 to 12 June 2019 mid-point of the SNB target range; from 1 Jan 1946 to 31 Dec 1999: discount rate.,4,Swiss National Bank,, Central bank policy rates - Switzerland - Monthly - End of period,2026-04,0,A,F,
M,CH,368,0,,From 13 June 2019 onwards SNB Policy rate; From 1 Jan 2000 to 12 June 2019 mid-point of the SNB target range; from 1 Jan 1946 to 31 Dec 1999: discount rate.,4,Swiss National Bank,, Central bank policy rates - Switzerland - Monthly - End of period,2026-05,0,A,F,
M,CH,368,0,,From 13 June 2019 onwards SNB Policy rate; From 1 Jan 2000 to 12 June 2019 mid-point of the SNB target range; from 1 Jan 1946 to 31 Dec 1999: discount rate.,4,Swiss National Bank,, Central bank policy rates - Switzerland - Monthly - End of period,2026-06,0,A,F,
M,CH,368,0,,From 13 June 2019 onwards SNB Policy rate; From 1 Jan 2000 to 12 June 2019 mid-point of the SNB target range; from 1 Jan 1946 to 31 Dec 1999: discount rate.,4,Swiss National Bank,, Central bank policy rates - Switzerland - Monthly - End of period,2026-07,0,A,F,
M,CH,368,0,,From 13 June 2019 onwards SNB Policy rate; From 1 Jan 2000 to 12 June 2019 mid-point of the SNB target range; from 1 Jan 1946 to 31 Dec 1999: discount rate.,4,Swiss National Bank,, Central bank policy rates - Switzerland - Monthly - End of period,2026-08,0,A,F,
M,GB,368,0,,From 3 Aug 2006 onwards: official bank rate; from 6 May 1997 to 2 Aug 2006: repo rate; from 20 Aug 1981 to 5 May 1997: minimum Bank of England Band 1 dealing rate; from 16 Oct 1972 to 19 Aug 1981: minimum lending rate; from 1 Jan 1946 to 15 Oct 1972: bank rate.,4,Bank of England,, Central bank policy rates - United Kingdom - Monthly - End of period,2016-01,0.5,A,F,
M,GB,368,0,,From 3 Aug 2006 onwards: official bank rate; from 6 May 1997 to 2 Aug 2006: repo rate; from 20 Aug 1981 to 5 May 1997: minimum Bank of England Band 1 dealing rate; from 16 Oct 1972 to 19 Aug 1981: minimum lending rate; from 1 Jan 1946 to 15 Oct 1972: bank rate.,4,Bank of England,, Central bank policy rates - United Kingdom - Monthly - End of period,2016-02,0.5,A,F,
M,GB,368,0,,From 3 Aug 2006 onwards: official bank rate; from 6 May 1997 to 2 Aug 2006: repo rate; from 20 Aug 1981 to 5 May 1997: minimum Bank of England Band 1 dealing rate; from 16 Oct 1972 to 19 Aug 1981: minimum lending rate; from 1 Jan 1946 to 15 Oct 1972: bank rate.,4,Bank of England,, Central bank policy rates - United Kingdom - Monthly - End of period,2016-03,0.5,A,F,
M,GB,368,0,,From 3 Aug 2006 onwards: official bank rate; from 6 May 1997 to 2 Aug 2006: repo rate; from 20 Aug 1981 to 5 May 1997: minimum Bank of England Band 1 dealing rate; from 16 Oct 1972 to 19 Aug 1981: minimum lending rate; from 1 Jan 1946 to 15 Oct 1972: bank rate.,4,Bank of England,, Central bank policy rates - United Kingdom - Monthly - End of period,2016-04,0.5,A,F,
M,GB,368,0,,From 3 Aug 2006 onwards: official bank rate; from 6 May 1997 to 2 Aug 2006: repo rate; from 20 Aug 1981 to 5 May 1997: minimum Bank of England Band 1 dealing rate; from 16 Oct 1972 to 19 Aug 1981: minimum lending rate; from 1 Jan 1946 to 15 Oct 1972: bank rate.,4,Bank of England,, Central bank policy rates - United Kingdom - Monthly - End of period,2016-05,0.5,A,F,
M,GB,368,0,,From 3 Aug 2006 onwards: official bank rate; from 6 May 1997 to 2 Aug 2006: repo rate; from 20 Aug 1981 to 5 May 1997: minimum Bank of England Band 1 dealing rate; from 16 Oct 1972 to 19 Aug 1981: minimum lending rate; from 1 Jan 1946 to 15 Oct 1972: bank rate.,4,Bank of England,, Central bank policy rates - United Kingdom - Monthly - End of period,2016-06,0.5,A,F,
M,GB,368,0,,From 3 Aug 2006 onwards: official bank rate; from 6 May 1997 to 2 Aug 2006: repo rate; from 20 Aug 1981 to 5 May 1997: minimum Bank of England Band 1 dealing rate; from 16 Oct 1972 to 19 Aug 1981: minimum lending rate; from 1 Jan 1946 to 15 Oct 1972: bank rate.,4,Bank of England,, Central bank policy rates - United Kingdom - Monthly - End of period,2016-07,0.5,A,F,
M,GB,368,0,,From 3 Aug 2006 onwards: official bank rate; from 6 May 1997 to 2 Aug 2006: repo rate; from 20 Aug 1981 to 5 May 1997: minimum Bank of England Band 1 dealing rate; from 16 Oct 1972 to 19 Aug 1981: minimum lending rate; from 1 Jan 1946 to 15 Oct 1972: bank rate.,4,Bank of England,, Central bank policy rates - United Kingdom - Monthly - End of period,2016-08,0.25,A,F,
M,GB,368,0,,From 3 Aug 2006 onwards: official bank rate; from 6 May 1997 to 2 Aug 2006: repo rate; from 20 Aug 1981 to 5 May 1997: minimum Bank of England Band 1 dealing rate; from 16 Oct 1972 to 19 Aug 1981: minimum lending rate; from 1 Jan 1946 to 15 Oct 1972: bank rate.,4,Bank of England,, Central bank policy rates - United Kingdom - Monthly - End of period,2016-09,0.25,A,F,
M,GB,368,0,,From 3 Aug 2006 onwards: official bank rate; from 6 May 1997 to 2 Aug 2006: repo rate; from 20 Aug 1981 to 5 May 1997: minimum Bank of England Band 1 dealing rate; from 16 Oct 1972 to 19 Aug 1981: minimum lending rate; from 1 Jan 1946 to 15 Oct 1972: bank rate.,4,Bank of England,, Central bank policy rates - United Kingdom - Monthly - End of period,2016-10,0.25,A,F,
M,GB,368,0,,From 3 Aug 2006 onwards: official bank rate; from 6 May 1997 to 2 Aug 2006: repo rate; from 20 Aug 1981 to 5 May 1997: minimum Bank of England Band 1 dealing rate; from 16 Oct 1972 to 19 Aug 1981: minimum lending rate; from 1 Jan 1946 to 15 Oct 1972: bank rate.,4,Bank of England,, Central bank policy rates - United Kingdom - Monthly - End of period,2016-11,0.25,A,F,
M,GB,368,0,,From 3 Aug 2006 onwards: official bank rate; from 6 May 1997 to 2 Aug 2006: repo rate; from 20 Aug 1981 to 5 May 1997: minimum Bank of England Band 1 dealing rate; from 16 Oct 1972 to 19 Aug 1981: minimum lending rate; from 1 Jan 1946 to 15 Oct 1972: bank rate.,4,Bank of England,, Central bank policy rates - United Kingdom - Monthly - End of period,2016-12,0.25,A,F,
M,GB,368,0,,From 3 Aug 2006 onwards: official bank rate; from 6 May 1997 to 2 Aug 2006: repo rate; from 20 Aug 1981 to 5 May 1997: minimum Bank of England Band 1 dealing rate; from 16 Oct 1972 to 19 Aug 1981: minimum lending rate; from 1 Jan 1946 to 15 Oct 1972: bank rate.,4,Bank of England,, Central bank policy rates - United Kingdom - Monthly - End of period,2017-01,0.25,A,F,
M,GB,368,0,,From 3 Aug 2006 onwards: official bank rate; from 6 May 1997 to 2 Aug 2006: repo rate; from 20 Aug 1981 to 5 May 1997: minimum Bank of England Band 1 dealing rate; from 16 Oct 1972 to 19 Aug 1981: minimum lending rate; from 1 Jan 1946 to 15 Oct 1972: bank rate.,4,Bank of England,, Central bank policy rates - United Kingdom - Monthly - End of period,2017-02,0.25,A,F,
M,GB,368,0,,From 3 Aug 2006 onwards: official bank rate; from 6 May 1997 to 2 Aug 2006: repo rate; from 20 Aug 1981 to 5 May 1997: minimum Bank of England Band 1 dealing rate; from 16 Oct 1972 to 19 Aug 1981: minimum lending rate; from 1 Jan 1946 to 15 Oct 1972: bank rate.,4,Bank of England,, Central bank policy rates - United Kingdom - Monthly - End of period,2017-03,0.25,A,F,
M,GB,368,0,,From 3 Aug 2006 onwards: official bank rate; from 6 May 1997 to 2 Aug 2006: repo rate; from 20 Aug 1981 to 5 May 1997: minimum Bank of England Band 1 dealing rate; from 16 Oct 1972 to 19 Aug 1981: minimum lending rate; from 1 Jan 1946 to 15 Oct 1972: bank rate.,4,Bank of England,, Central bank policy rates - United Kingdom - Monthly - End of period,2017-04,0.25,A,F,
M,GB,368,0,,From 3 Aug 2006 onwards: official bank rate; from 6 May 1997 to 2 Aug 2006: repo rate; from 20 Aug 1981 to 5 May 1997: minimum Bank of England Band 1 dealing rate; from 16 Oct 1972 to 19 Aug 1981: minimum lending rate; from 1 Jan 1946 to 15 Oct 1972: bank rate.,4,Bank of England,, Central bank policy rates - United Kingdom - Monthly - End of period,2017-05,0.25,A,F,
M,GB,368,0,,From 3 Aug 2006 onwards: official bank rate; from 6 May 1997 to 2 Aug 2006: repo rate; from 20 Aug 1981 to 5 May 1997: minimum Bank of England Band 1 dealing rate; from 16 Oct 1972 to 19 Aug 1981: minimum lending rate; from 1 Jan 1946 to 15 Oct 1972: bank rate.,4,Bank of England,, Central bank policy rates - United Kingdom - Monthly - End of period,2017-06,0.25,A,F,
M,GB,368,0,,From 3 Aug 2006 onwards: official bank rate; from 6 May 1997 to 2 Aug 2006: repo rate; from 20 Aug 1981 to 5 May 1997: minimum Bank of England Band 1 dealing rate; from 16 Oct 1972 to 19 Aug 1981: minimum lending rate; from 1 Jan 1946 to 15 Oct 1972: bank rate.,4,Bank of England,, Central bank policy rates - United Kingdom - Monthly - End of period,2017-07,0.25,A,F,
M,GB,368,0,,From 3 Aug 2006 onwards: official bank rate; from 6 May 1997 to 2 Aug 2006: repo rate; from 20 Aug 1981 to 5 May 1997: minimum Bank of England Band 1 dealing rate; from 16 Oct 1972 to 19 Aug 1981: minimum lending rate; from 1 Jan 1946 to 15 Oct 1972: bank rate.,4,Bank of England,, Central bank policy rates - United Kingdom - Monthly - End of period,2017-08,0.25,A,F,
M,GB,368,0,,From 3 Aug 2006 onwards: official bank rate; from 6 May 1997 to 2 Aug 2006: repo rate; from 20 Aug 1981 to 5 May 1997: minimum Bank of England Band 1 dealing rate; from 16 Oct 1972 to 19 Aug 1981: minimum lending rate; from 1 Jan 1946 to 15 Oct 1972: bank rate.,4,Bank of England,, Central bank policy rates - United Kingdom - Monthly - End of period,2017-09,0.25,A,F,
M,GB,368,0,,From 3 Aug 2006 onwards: official bank rate; from 6 May 1997 to 2 Aug 2006: repo rate; from 20 Aug 1981 to 5 May 1997: minimum Bank of England Band 1 dealing rate; from 16 Oct 1972 to 19 Aug 1981: minimum lending rate; from 1 Jan 1946 to 15 Oct 1972: bank rate.,4,Bank of England,, Central bank policy rates - United Kingdom - Monthly - End of period,2017-10,0.25,A,F,
M,GB,368,0,,From 3 Aug 2006 onwards: official bank rate; from 6 May 1997 to 2 Aug 2006: repo rate; from 20 Aug 1981 to 5 May 1997: minimum Bank of England Band 1 dealing rate; from 16 Oct 1972 to 19 Aug 1981: minimum lending rate; from 1 Jan 1946 to 15 Oct 1972: bank rate.,4,Bank of England,, Central bank policy rates - United Kingdom - Monthly - End of period,2017-11,0.5,A,F,
M,GB,368,0,,From 3 Aug 2006 onwards: official bank rate; from 6 May 1997 to 2 Aug 2006: repo rate; from 20 Aug 1981 to 5 May 1997: minimum Bank of England Band 1 dealing rate; from 16 Oct 1972 to 19 Aug 1981: minimum lending rate; from 1 Jan 1946 to 15 Oct 1972: bank rate.,4,Bank of England,, Central bank policy rates - United Kingdom - Monthly - End of period,2017-12,0.5,A,F,
M,GB,368,0,,From 3 Aug 2006 onwards: official bank rate; from 6 May 1997 to 2 Aug 2006: repo rate; from 20 Aug 1981 to 5 May 1997: minimum Bank of England Band 1 dealing rate; from 16 Oct 1972 to 19 Aug 1981: minimum lending rate; from 1 Jan 1946 to 15 Oct 1972: bank rate.,4,Bank of England,, Central bank policy rates - United Kingdom - Monthly - End of period,2018-01,0.5,A,F,
M,GB,368,0,,From 3 Aug 2006 onwards: official bank rate; from 6 May 1997 to 2 Aug 2006: repo rate; from 20 Aug 1981 to 5 May 1997: minimum Bank of England Band 1 dealing rate; from 16 Oct 1972 to 19 Aug 1981: minimum lending rate; from 1 Jan 1946 to 15 Oct 1972: bank rate.,4,Bank of England,, Central bank policy rates - United Kingdom - Monthly - End of period,2018-02,0.5,A,F,
M,GB,368,0,,From 3 Aug 2006 onwards: official bank rate; from 6 May 1997 to 2 Aug 2006: repo rate; from 20 Aug 1981 to 5 May 1997: minimum Bank of England Band 1 dealing rate; from 16 Oct 1972 to 19 Aug 1981: minimum lending rate; from 1 Jan 1946 to 15 Oct 1972: bank rate.,4,Bank of England,, Central bank policy rates - United Kingdom - Monthly - End of period,2018-03,0.5,A,F,
M,GB,368,0,,From 3 Aug 2006 onwards: official bank rate; from 6 May 1997 to 2 Aug 2006: repo rate; from 20 Aug 1981 to 5 May 1997: minimum Bank of England Band 1 dealing rate; from 16 Oct 1972 to 19 Aug 1981: minimum lending rate; from 1 Jan 1946 to 15 Oct 1972: bank rate.,4,Bank of England,, Central bank policy rates - United Kingdom - Monthly - End of period,2018-04,0.5,A,F,
M,GB,368,0,,From 3 Aug 2006 onwards: official bank rate; from 6 May 1997 to 2 Aug 2006: repo rate; from 20 Aug 1981 to 5 May 1997: minimum Bank of England Band 1 dealing rate; from 16 Oct 1972 to 19 Aug 1981: minimum lending rate; from 1 Jan 1946 to 15 Oct 1972: bank rate.,4,Bank of England,, Central bank policy rates - United Kingdom - Monthly - End of period,2018-05,0.5,A,F,
M,GB,368,0,,From 3 Aug 2006 onwards: official bank rate; from 6 May 1997 to 2 Aug 2006: repo rate; from 20 Aug 1981 to 5 May 1997: minimum Bank of England Band 1 dealing rate; from 16 Oct 1972 to 19 Aug 1981: minimum lending rate; from 1 Jan 1946 to 15 Oct 1972: bank rate.,4,Bank of England,, Central bank policy rates - United Kingdom - Monthly - End of period,2018-06,0.5,A,F,
M,GB,368,0,,From 3 Aug 2006 onwards: official bank rate; from 6 May 1997 to 2 Aug 2006: repo rate; from 20 Aug 1981 to 5 May 1997: minimum Bank of England Band 1 dealing rate; from 16 Oct 1972 to 19 Aug 1981: minimum lending rate; from 1 Jan 1946 to 15 Oct 1972: bank rate.,4,Bank of England,, Central bank policy rates - United Kingdom - Monthly - End of period,2018-07,0.5,A,F,
M,GB,368,0,,From 3 Aug 2006 onwards: official bank rate; from 6 May 1997 to 2 Aug 2006: repo rate; from 20 Aug 1981 to 5 May 1997: minimum Bank of England Band 1 dealing rate; from 16 Oct 1972 to 19 Aug 1981: minimum lending rate; from 1 Jan 1946 to 15 Oct 1972: bank rate.,4,Bank of England,, Central bank policy rates - United Kingdom - Monthly - End of period,2018-08,0.75,A,F,
M,GB,368,0,,From 3 Aug 2006 onwards: official bank rate; from 6 May 1997 to 2 Aug 2006: repo rate; from 20 Aug 1981 to 5 May 1997: minimum Bank of England Band 1 dealing rate; from 16 Oct 1972 to 19 Aug 1981: minimum lending rate; from 1 Jan 1946 to 15 Oct 1972: bank rate.,4,Bank of England,, Central bank policy rates - United Kingdom - Monthly - End of period,2018-09,0.75,A,F,
M,GB,368,0,,From 3 Aug 2006 onwards: official bank rate; from 6 May 1997 to 2 Aug 2006: repo rate; from 20 Aug 1981 to 5 May 1997: minimum Bank of England Band 1 dealing rate; from 16 Oct 1972 to 19 Aug 1981: minimum lending rate; from 1 Jan 1946 to 15 Oct 1972: bank rate.,4,Bank of England,, Central bank policy rates - United Kingdom - Monthly - End of period,2018-10,0.75,A,F,
M,GB,368,0,,From 3 Aug 2006 onwards: official bank rate; from 6 May 1997 to 2 Aug 2006: repo rate; from 20 Aug 1981 to 5 May 1997: minimum Bank of England Band 1 dealing rate; from 16 Oct 1972 to 19 Aug 1981: minimum lending rate; from 1 Jan 1946 to 15 Oct 1972: bank rate.,4,Bank of England,, Central bank policy rates - United Kingdom - Monthly - End of period,2018-11,0.75,A,F,
M,GB,368,0,,From 3 Aug 2006 onwards: official bank rate; from 6 May 1997 to 2 Aug 2006: repo rate; from 20 Aug 1981 to 5 May 1997: minimum Bank of England Band 1 dealing rate; from 16 Oct 1972 to 19 Aug 1981: minimum lending rate; from 1 Jan 1946 to 15 Oct 1972: bank rate.,4,Bank of England,, Central bank policy rates - United Kingdom - Monthly - End of period,2018-12,0.75,A,F,
M,GB,368,0,,From 3 Aug 2006 onwards: official bank rate; from 6 May 1997 to 2 Aug 2006: repo rate; from 20 Aug 1981 to 5 May 1997: minimum Bank of England Band 1 dealing rate; from 16 Oct 1972 to 19 Aug 1981: minimum lending rate; from 1 Jan 1946 to 15 Oct 1972: bank rate.,4,Bank of England,, Central bank policy rates - United Kingdom - Monthly - End of period,2019-01,0.75,A,F,
M,GB,368,0,,From 3 Aug 2006 onwards: official bank rate; from 6 May 1997 to 2 Aug 2006: repo rate; from 20 Aug 1981 to 5 May 1997: minimum Bank of England Band 1 dealing rate; from 16 Oct 1972 to 19 Aug 1981: minimum lending rate; from 1 Jan 1946 to 15 Oct 1972: bank rate.,4,Bank of England,, Central bank policy rates - United Kingdom - Monthly - End of period,2019-02,0.75,A,F,
M,GB,368,0,,From 3 Aug 2006 onwards: official bank rate; from 6 May 1997 to 2 Aug 2006: repo rate; from 20 Aug 1981 to 5 May 1997: minimum Bank of England Band 1 dealing rate; from 16 Oct 1972 to 19 Aug 1981: minimum lending rate; from 1 Jan 1946 to 15 Oct 1972: bank rate.,4,Bank of England,, Central bank policy rates - United Kingdom - Monthly - End of period,2019-03,0.75,A,F,
M,GB,368,0,,From 3 Aug 2006 onwards: official bank rate; from 6 May 1997 to 2 Aug 2006: repo rate; from 20 Aug 1981 to 5 May 1997: minimum Bank of England Band 1 dealing rate; from 16 Oct 1972 to 19 Aug 1981: minimum lending rate; from 1 Jan 1946 to 15 Oct 1972: bank rate.,4,Bank of England,, Central bank policy rates - United Kingdom - Monthly - End of period,2019-04,0.75,A,F,
M,GB,368,0,,From 3 Aug 2006 onwards: official bank rate; from 6 May 1997 to 2 Aug 2006: repo rate; from 20 Aug 1981 to 5 May 1997: minimum Bank of England Band 1 dealing rate; from 16 Oct 1972 to 19 Aug 1981: minimum lending rate; from 1 Jan 1946 to 15 Oct 1972: bank rate.,4,Bank of England,, Central bank policy rates - United Kingdom - Monthly - End of period,2019-05,0.75,A,F,
M,GB,368,0,,From 3 Aug 2006 onwards: official bank rate; from 6 May 1997 to 2 Aug 2006: repo rate; from 20 Aug 1981 to 5 May 1997: minimum Bank of England Band 1 dealing rate; from 16 Oct 1972 to 19 Aug 1981: minimum lending rate; from 1 Jan 1946 to 15 Oct 1972: bank rate.,4,Bank of England,, Central bank policy rates - United Kingdom - Monthly - End of period,2019-06,0.75,A,F,
M,GB,368,0,,From 3 Aug 2006 onwards: official bank rate; from 6 May 1997 to 2 Aug 2006: repo rate; from 20 Aug 1981 to 5 May 1997: minimum Bank of England Band 1 dealing rate; from 16 Oct 1972 to 19 Aug 1981: minimum lending rate; from 1 Jan 1946 to 15 Oct 1972: bank rate.,4,Bank of England,, Central bank policy rates - United Kingdom - Monthly - End of period,2019-07,0.75,A,F,
M,GB,368,0,,From 3 Aug 2006 onwards: official bank rate; from 6 May 1997 to 2 Aug 2006: repo rate; from 20 Aug 1981 to 5 May 1997: minimum Bank of England Band 1 dealing rate; from 16 Oct 1972 to 19 Aug 1981: minimum lending rate; from 1 Jan 1946 to 15 Oct 1972: bank rate.,4,Bank of England,, Central bank policy rates - United Kingdom - Monthly - End of period,2019-08,0.75,A,F,
M,GB,368,0,,From 3 Aug 2006 onwards: official bank rate; from 6 May 1997 to 2 Aug 2006: repo rate; from 20 Aug 1981 to 5 May 1997: minimum Bank of England Band 1 dealing rate; from 16 Oct 1972 to 19 Aug 1981: minimum lending rate; from 1 Jan 1946 to 15 Oct 1972: bank rate.,4,Bank of England,, Central bank policy rates - United Kingdom - Monthly - End of period,2019-09,0.75,A,F,
M,GB,368,0,,From 3 Aug 2006 onwards: official bank rate; from 6 May 1997 to 2 Aug 2006: repo rate; from 20 Aug 1981 to 5 May 1997: minimum Bank of England Band 1 dealing rate; from 16 Oct 1972 to 19 Aug 1981: minimum lending rate; from 1 Jan 1946 to 15 Oct 1972: bank rate.,4,Bank of England,, Central bank policy rates - United Kingdom - Monthly - End of period,2019-10,0.75,A,F,
M,GB,368,0,,From 3 Aug 2006 onwards: official bank rate; from 6 May 1997 to 2 Aug 2006: repo rate; from 20 Aug 1981 to 5 May 1997: minimum Bank of England Band 1 dealing rate; from 16 Oct 1972 to 19 Aug 1981: minimum lending rate; from 1 Jan 1946 to 15 Oct 1972: bank rate.,4,Bank of England,, Central bank policy rates - United Kingdom - Monthly - End of period,2019-11,0.75,A,F,
M,GB,368,0,,From 3 Aug 2006 onwards: official bank rate; from 6 May 1997 to 2 Aug 2006: repo rate; from 20 Aug 1981 to 5 May 1997: minimum Bank of England Band 1 dealing rate; from 16 Oct 1972 to 19 Aug 1981: minimum lending rate; from 1 Jan 1946 to 15 Oct 1972: bank rate.,4,Bank of England,, Central bank policy rates - United Kingdom - Monthly - End of period,2019-12,0.75,A,F,
M,GB,368,0,,From 3 Aug 2006 onwards: official bank rate; from 6 May 1997 to 2 Aug 2006: repo rate; from 20 Aug 1981 to 5 May 1997: minimum Bank of England Band 1 dealing rate; from 16 Oct 1972 to 19 Aug 1981: minimum lending rate; from 1 Jan 1946 to 15 Oct 1972: bank rate.,4,Bank of England,, Central bank policy rates - United Kingdom - Monthly - End of period,2020-01,0.75,A,F,
M,GB,368,0,,From 3 Aug 2006 onwards: official bank rate; from 6 May 1997 to 2 Aug 2006: repo rate; from 20 Aug 1981 to 5 May 1997: minimum Bank of England Band 1 dealing rate; from 16 Oct 1972 to 19 Aug 1981: minimum lending rate; from 1 Jan 1946 to 15 Oct 1972: bank rate.,4,Bank of England,, Central bank policy rates - United Kingdom - Monthly - End of period,2020-02,0.75,A,F,
M,GB,368,0,,From 3 Aug 2006 onwards: official bank rate; from 6 May 1997 to 2 Aug 2006: repo rate; from 20 Aug 1981 to 5 May 1997: minimum Bank of England Band 1 dealing rate; from 16 Oct 1972 to 19 Aug 1981: minimum lending rate; from 1 Jan 1946 to 15 Oct 1972: bank rate.,4,Bank of England,, Central bank policy rates - United Kingdom - Monthly - End of period,2020-03,0.1,A,F,
M,GB,368,0,,From 3 Aug 2006 onwards: official bank rate; from 6 May 1997 to 2 Aug 2006: repo rate; from 20 Aug 1981 to 5 May 1997: minimum Bank of England Band 1 dealing rate; from 16 Oct 1972 to 19 Aug 1981: minimum lending rate; from 1 Jan 1946 to 15 Oct 1972: bank rate.,4,Bank of England,, Central bank policy rates - United Kingdom - Monthly - End of period,2020-04,0.1,A,F,
M,GB,368,0,,From 3 Aug 2006 onwards: official bank rate; from 6 May 1997 to 2 Aug 2006: repo rate; from 20 Aug 1981 to 5 May 1997: minimum Bank of England Band 1 dealing rate; from 16 Oct 1972 to 19 Aug 1981: minimum lending rate; from 1 Jan 1946 to 15 Oct 1972: bank rate.,4,Bank of England,, Central bank policy rates - United Kingdom - Monthly - End of period,2020-05,0.1,A,F,
M,GB,368,0,,From 3 Aug 2006 onwards: official bank rate; from 6 May 1997 to 2 Aug 2006: repo rate; from 20 Aug 1981 to 5 May 1997: minimum Bank of England Band 1 dealing rate; from 16 Oct 1972 to 19 Aug 1981: minimum lending rate; from 1 Jan 1946 to 15 Oct 1972: bank rate.,4,Bank of England,, Central bank policy rates - United Kingdom - Monthly - End of period,2020-06,0.1,A,F,
M,GB,368,0,,From 3 Aug 2006 onwards: official bank rate; from 6 May 1997 to 2 Aug 2006: repo rate; from 20 Aug 1981 to 5 May 1997: minimum Bank of England Band 1 dealing rate; from 16 Oct 1972 to 19 Aug 1981: minimum lending rate; from 1 Jan 1946 to 15 Oct 1972: bank rate.,4,Bank of England,, Central bank policy rates - United Kingdom - Monthly - End of period,2020-07,0.1,A,F,
M,GB,368,0,,From 3 Aug 2006 onwards: official bank rate; from 6 May 1997 to 2 Aug 2006: repo rate; from 20 Aug 1981 to 5 May 1997: minimum Bank of England Band 1 dealing rate; from 16 Oct 1972 to 19 Aug 1981: minimum lending rate; from 1 Jan 1946 to 15 Oct 1972: bank rate.,4,Bank of England,, Central bank policy rates - United Kingdom - Monthly - End of period,2020-08,0.1,A,F,
M,GB,368,0,,From 3 Aug 2006 onwards: official bank rate; from 6 May 1997 to 2 Aug 2006: repo rate; from 20 Aug 1981 to 5 May 1997: minimum Bank of England Band 1 dealing rate; from 16 Oct 1972 to 19 Aug 1981: minimum lending rate; from 1 Jan 1946 to 15 Oct 1972: bank rate.,4,Bank of England,, Central bank policy rates - United Kingdom - Monthly - End of period,2020-09,0.1,A,F,
M,GB,368,0,,From 3 Aug 2006 onwards: official bank rate; from 6 May 1997 to 2 Aug 2006: repo rate; from 20 Aug 1981 to 5 May 1997: minimum Bank of England Band 1 dealing rate; from 16 Oct 1972 to 19 Aug 1981: minimum lending rate; from 1 Jan 1946 to 15 Oct 1972: bank rate.,4,Bank of England,, Central bank policy rates - United Kingdom - Monthly - End of period,2020-10,0.1,A,F,
M,GB,368,0,,From 3 Aug 2006 onwards: official bank rate; from 6 May 1997 to 2 Aug 2006: repo rate; from 20 Aug 1981 to 5 May 1997: minimum Bank of England Band 1 dealing rate; from 16 Oct 1972 to 19 Aug 1981: minimum lending rate; from 1 Jan 1946 to 15 Oct 1972: bank rate.,4,Bank of England,, Central bank policy rates - United Kingdom - Monthly - End of period,2020-11,0.1,A,F,
M,GB,368,0,,From 3 Aug 2006 onwards: official bank rate; from 6 May 1997 to 2 Aug 2006: repo rate; from 20 Aug 1981 to 5 May 1997: minimum Bank of England Band 1 dealing rate; from 16 Oct 1972 to 19 Aug 1981: minimum lending rate; from 1 Jan 1946 to 15 Oct 1972: bank rate.,4,Bank of England,, Central bank policy rates - United Kingdom - Monthly - End of period,2020-12,0.1,A,F,
M,GB,368,0,,From 3 Aug 2006 onwards: official bank rate; from 6 May 1997 to 2 Aug 2006: repo rate; from 20 Aug 1981 to 5 May 1997: minimum Bank of England Band 1 dealing rate; from 16 Oct 1972 to 19 Aug 1981: minimum lending rate; from 1 Jan 1946 to 15 Oct 1972: bank rate.,4,Bank of England,, Central bank policy rates - United Kingdom - Monthly - End of period,2021-01,0.1,A,F,
M,GB,368,0,,From 3 Aug 2006 onwards: official bank rate; from 6 May 1997 to 2 Aug 2006: repo rate; from 20 Aug 1981 to 5 May 1997: minimum Bank of England Band 1 dealing rate; from 16 Oct 1972 to 19 Aug 1981: minimum lending rate; from 1 Jan 1946 to 15 Oct 1972: bank rate.,4,Bank of England,, Central bank policy rates - United Kingdom - Monthly - End of period,2021-02,0.1,A,F,
M,GB,368,0,,From 3 Aug 2006 onwards: official bank rate; from 6 May 1997 to 2 Aug 2006: repo rate; from 20 Aug 1981 to 5 May 1997: minimum Bank of England Band 1 dealing rate; from 16 Oct 1972 to 19 Aug 1981: minimum lending rate; from 1 Jan 1946 to 15 Oct 1972: bank rate.,4,Bank of England,, Central bank policy rates - United Kingdom - Monthly - End of period,2021-03,0.1,A,F,
M,GB,368,0,,From 3 Aug 2006 onwards: official bank rate; from 6 May 1997 to 2 Aug 2006: repo rate; from 20 Aug 1981 to 5 May 1997: minimum Bank of England Band 1 dealing rate; from 16 Oct 1972 to 19 Aug 1981: minimum lending rate; from 1 Jan 1946 to 15 Oct 1972: bank rate.,4,Bank of England,, Central bank policy rates - United Kingdom - Monthly - End of period,2021-04,0.1,A,F,
M,GB,368,0,,From 3 Aug 2006 onwards: official bank rate; from 6 May 1997 to 2 Aug 2006: repo rate; from 20 Aug 1981 to 5 May 1997: minimum Bank of England Band 1 dealing rate; from 16 Oct 1972 to 19 Aug 1981: minimum lending rate; from 1 Jan 1946 to 15 Oct 1972: bank rate.,4,Bank of England,, Central bank policy rates - United Kingdom - Monthly - End of period,2021-05,0.1,A,F,
M,GB,368,0,,From 3 Aug 2006 onwards: official bank rate; from 6 May 1997 to 2 Aug 2006: repo rate; from 20 Aug 1981 to 5 May 1997: minimum Bank of England Band 1 dealing rate; from 16 Oct 1972 to 19 Aug 1981: minimum lending rate; from 1 Jan 1946 to 15 Oct 1972: bank rate.,4,Bank of England,, Central bank policy rates - United Kingdom - Monthly - End of period,2021-06,0.1,A,F,
M,GB,368,0,,From 3 Aug 2006 onwards: official bank rate; from 6 May 1997 to 2 Aug 2006: repo rate; from 20 Aug 1981 to 5 May 1997: minimum Bank of England Band 1 dealing rate; from 16 Oct 1972 to 19 Aug 1981: minimum lending rate; from 1 Jan 1946 to 15 Oct 1972: bank rate.,4,Bank of England,, Central bank policy rates - United Kingdom - Monthly - End of period,2021-07,0.1,A,F,
M,GB,368,0,,From 3 Aug 2006 onwards: official bank rate; from 6 May 1997 to 2 Aug 2006: repo rate; from 20 Aug 1981 to 5 May 1997: minimum Bank of England Band 1 dealing rate; from 16 Oct 1972 to 19 Aug 1981: minimum lending rate; from 1 Jan 1946 to 15 Oct 1972: bank rate.,4,Bank of England,, Central bank policy rates - United Kingdom - Monthly - End of period,2021-08,0.1,A,F,
M,GB,368,0,,From 3 Aug 2006 onwards: official bank rate; from 6 May 1997 to 2 Aug 2006: repo rate; from 20 Aug 1981 to 5 May 1997: minimum Bank of England Band 1 dealing rate; from 16 Oct 1972 to 19 Aug 1981: minimum lending rate; from 1 Jan 1946 to 15 Oct 1972: bank rate.,4,Bank of England,, Central bank policy rates - United Kingdom - Monthly - End of period,2021-09,0.1,A,F,
M,GB,368,0,,From 3 Aug 2006 onwards: official bank rate; from 6 May 1997 to 2 Aug 2006: repo rate; from 20 Aug 1981 to 5 May 1997: minimum Bank of England Band 1 dealing rate; from 16 Oct 1972 to 19 Aug 1981: minimum lending rate; from 1 Jan 1946 to 15 Oct 1972: bank rate.,4,Bank of England,, Central bank policy rates - United Kingdom - Monthly - End of period,2021-10,0.1,A,F,
M,GB,368,0,,From 3 Aug 2006 onwards: official bank rate; from 6 May 1997 to 2 Aug 2006: repo rate; from 20 Aug 1981 to 5 May 1997: minimum Bank of England Band 1 dealing rate; from 16 Oct 1972 to 19 Aug 1981: minimum lending rate; from 1 Jan 1946 to 15 Oct 1972: bank rate.,4,Bank of England,, Central bank policy rates - United Kingdom - Monthly - End of period,2021-11,0.1,A,F,
M,GB,368,0,,From 3 Aug 2006 onwards: official bank rate; from 6 May 1997 to 2 Aug 2006: repo rate; from 20 Aug 1981 to 5 May 1997: minimum Bank of England Band 1 dealing rate; from 16 Oct 1972 to 19 Aug 1981: minimum lending rate; from 1 Jan 1946 to 15 Oct 1972: bank rate.,4,Bank of England,, Central bank policy rates - United Kingdom - Monthly - End of period,2021-12,0.25,A,F,
M,GB,368,0,,From 3 Aug 2006 onwards: official bank rate; from 6 May 1997 to 2 Aug 2006: repo rate; from 20 Aug 1981 to 5 May 1997: minimum Bank of England Band 1 dealing rate; from 16 Oct 1972 to 19 Aug 1981: minimum lending rate; from 1 Jan 1946 to 15 Oct 1972: bank rate.,4,Bank of England,, Central bank policy rates - United Kingdom - Monthly - End of period,2022-01,0.25,A,F,
M,GB,368,0,,From 3 Aug 2006 onwards: official bank rate; from 6 May 1997 to 2 Aug 2006: repo rate; from 20 Aug 1981 to 5 May 1997: minimum Bank of England Band 1 dealing rate; from 16 Oct 1972 to 19 Aug 1981: minimum lending rate; from 1 Jan 1946 to 15 Oct 1972: bank rate.,4,Bank of England,, Central bank policy rates - United Kingdom - Monthly - End of period,2022-02,0.5,A,F,
M,GB,368,0,,From 3 Aug 2006 onwards: official bank rate; from 6 May 1997 to 2 Aug 2006: repo rate; from 20 Aug 1981 to 5 May 1997: minimum Bank of England Band 1 dealing rate; from 16 Oct 1972 to 19 Aug 1981: minimum lending rate; from 1 Jan 1946 to 15 Oct 1972: bank rate.,4,Bank of England,, Central bank policy rates - United Kingdom - Monthly - End of period,2022-03,0.75,A,F,
M,GB,368,0,,From 3 Aug 2006 onwards: official bank rate; from 6 May 1997 to 2 Aug 2006: repo rate; from 20 Aug 1981 to 5 May 1997: minimum Bank of England Band 1 dealing rate; from 16 Oct 1972 to 19 Aug 1981: minimum lending rate; from 1 Jan 1946 to 15 Oct 1972: bank rate.,4,Bank of England,, Central bank policy rates - United Kingdom - Monthly - End of period,2022-04,0.75,A,F,
M,GB,368,0,,From 3 Aug 2006 onwards: official bank rate; from 6 May 1997 to 2 Aug 2006: repo rate; from 20 Aug 1981 to 5 May 1997: minimum Bank of England Band 1 dealing rate; from 16 Oct 1972 to 19 Aug 1981: minimum lending rate; from 1 Jan 1946 to 15 Oct 1972: bank rate.,4,Bank of England,, Central bank policy rates - United Kingdom - Monthly - End of period,2022-05,1,A,F,
M,GB,368,0,,From 3 Aug 2006 onwards: official bank rate; from 6 May 1997 to 2 Aug 2006: repo rate; from 20 Aug 1981 to 5 May 1997: minimum Bank of England Band 1 dealing rate; from 16 Oct 1972 to 19 Aug 1981: minimum lending rate; from 1 Jan 1946 to 15 Oct 1972: bank rate.,4,Bank of England,, Central bank policy rates - United Kingdom - Monthly - End of period,2022-06,1.25,A,F,
M,GB,368,0,,From 3 Aug 2006 onwards: official bank rate; from 6 May 1997 to 2 Aug 2006: repo rate; from 20 Aug 1981 to 5 May 1997: minimum Bank of England Band 1 dealing rate; from 16 Oct 1972 to 19 Aug 1981: minimum lending rate; from 1 Jan 1946 to 15 Oct 1972: bank rate.,4,Bank of England,, Central bank policy rates - United Kingdom - Monthly - End of period,2022-07,1.25,A,F,
M,GB,368,0,,From 3 Aug 2006 onwards: official bank rate; from 6 May 1997 to 2 Aug 2006: repo rate; from 20 Aug 1981 to 5 May 1997: minimum Bank of England Band 1 dealing rate; from 16 Oct 1972 to 19 Aug 1981: minimum lending rate; from 1 Jan 1946 to 15 Oct 1972: bank rate.,4,Bank of England,, Central bank policy rates - United Kingdom - Monthly - End of period,2022-08,1.75,A,F,
M,GB,368,0,,From 3 Aug 2006 onwards: official bank rate; from 6 May 1997 to 2 Aug 2006: repo rate; from 20 Aug 1981 to 5 May 1997: minimum Bank of England Band 1 dealing rate; from 16 Oct 1972 to 19 Aug 1981: minimum lending rate; from 1 Jan 1946 to 15 Oct 1972: bank rate.,4,Bank of England,, Central bank policy rates - United Kingdom - Monthly - End of period,2022-09,2.25,A,F,
M,GB,368,0,,From 3 Aug 2006 onwards: official bank rate; from 6 May 1997 to 2 Aug 2006: repo rate; from 20 Aug 1981 to 5 May 1997: minimum Bank of England Band 1 dealing rate; from 16 Oct 1972 to 19 Aug 1981: minimum lending rate; from 1 Jan 1946 to 15 Oct 1972: bank rate.,4,Bank of England,, Central bank policy rates - United Kingdom - Monthly - End of period,2022-10,2.25,A,F,
M,GB,368,0,,From 3 Aug 2006 onwards: official bank rate; from 6 May 1997 to 2 Aug 2006: repo rate; from 20 Aug 1981 to 5 May 1997: minimum Bank of England Band 1 dealing rate; from 16 Oct 1972 to 19 Aug 1981: minimum lending rate; from 1 Jan 1946 to 15 Oct 1972: bank rate.,4,Bank of England,, Central bank policy rates - United Kingdom - Monthly - End of period,2022-11,3,A,F,
M,GB,368,0,,From 3 Aug 2006 onwards: official bank rate; from 6 May 1997 to 2 Aug 2006: repo rate; from 20 Aug 1981 to 5 May 1997: minimum Bank of England Band 1 dealing rate; from 16 Oct 1972 to 19 Aug 1981: minimum lending rate; from 1 Jan 1946 to 15 Oct 1972: bank rate.,4,Bank of England,, Central bank policy rates - United Kingdom - Monthly - End of period,2022-12,3.5,A,F,
M,GB,368,0,,From 3 Aug 2006 onwards: official bank rate; from 6 May 1997 to 2 Aug 2006: repo rate; from 20 Aug 1981 to 5 May 1997: minimum Bank of England Band 1 dealing rate; from 16 Oct 1972 to 19 Aug 1981: minimum lending rate; from 1 Jan 1946 to 15 Oct 1972: bank rate.,4,Bank of England,, Central bank policy rates - United Kingdom - Monthly - End of period,2023-01,3.5,A,F,
M,GB,368,0,,From 3 Aug 2006 onwards: official bank rate; from 6 May 1997 to 2 Aug 2006: repo rate; from 20 Aug 1981 to 5 May 1997: minimum Bank of England Band 1 dealing rate; from 16 Oct 1972 to 19 Aug 1981: minimum lending rate; from 1 Jan 1946 to 15 Oct 1972: bank rate.,4,Bank of England,, Central bank policy rates - United Kingdom - Monthly - End of period,2023-02,4,A,F,
M,GB,368,0,,From 3 Aug 2006 onwards: official bank rate; from 6 May 1997 to 2 Aug 2006: repo rate; from 20 Aug 1981 to 5 May 1997: minimum Bank of England Band 1 dealing rate; from 16 Oct 1972 to 19 Aug 1981: minimum lending rate; from 1 Jan 1946 to 15 Oct 1972: bank rate.,4,Bank of England,, Central bank policy rates - United Kingdom - Monthly - End of period,2023-03,4.25,A,F,
M,GB,368,0,,From 3 Aug 2006 onwards: official bank rate; from 6 May 1997 to 2 Aug 2006: repo rate; from 20 Aug 1981 to 5 May 1997: minimum Bank of England Band 1 dealing rate; from 16 Oct 1972 to 19 Aug 1981: minimum lending rate; from 1 Jan 1946 to 15 Oct 1972: bank rate.,4,Bank of England,, Central bank policy rates - United Kingdom - Monthly - End of period,2023-04,4.25,A,F,
M,GB,368,0,,From 3 Aug 2006 onwards: official bank rate; from 6 May 1997 to 2 Aug 2006: repo rate; from 20 Aug 1981 to 5 May 1997: minimum Bank of England Band 1 dealing rate; from 16 Oct 1972 to 19 Aug 1981: minimum lending rate; from 1 Jan 1946 to 15 Oct 1972: bank rate.,4,Bank of England,, Central bank policy rates - United Kingdom - Monthly - End of period,2023-05,4.5,A,F,
M,GB,368,0,,From 3 Aug 2006 onwards: official bank rate; from 6 May 1997 to 2 Aug 2006: repo rate; from 20 Aug 1981 to 5 May 1997: minimum Bank of England Band 1 dealing rate; from 16 Oct 1972 to 19 Aug 1981: minimum lending rate; from 1 Jan 1946 to 15 Oct 1972: bank rate.,4,Bank of England,, Central bank policy rates - United Kingdom - Monthly - End of period,2023-06,5,A,F,
M,GB,368,0,,From 3 Aug 2006 onwards: official bank rate; from 6 May 1997 to 2 Aug 2006: repo rate; from 20 Aug 1981 to 5 May 1997: minimum Bank of England Band 1 dealing rate; from 16 Oct 1972 to 19 Aug 1981: minimum lending rate; from 1 Jan 1946 to 15 Oct 1972: bank rate.,4,Bank of England,, Central bank policy rates - United Kingdom - Monthly - End of period,2023-07,5,A,F,
M,GB,368,0,,From 3 Aug 2006 onwards: official bank rate; from 6 May 1997 to 2 Aug 2006: repo rate; from 20 Aug 1981 to 5 May 1997: minimum Bank of England Band 1 dealing rate; from 16 Oct 1972 to 19 Aug 1981: minimum lending rate; from 1 Jan 1946 to 15 Oct 1972: bank rate.,4,Bank of England,, Central bank policy rates - United Kingdom - Monthly - End of period,2023-08,5.25,A,F,
M,GB,368,0,,From 3 Aug 2006 onwards: official bank rate; from 6 May 1997 to 2 Aug 2006: repo rate; from 20 Aug 1981 to 5 May 1997: minimum Bank of England Band 1 dealing rate; from 16 Oct 1972 to 19 Aug 1981: minimum lending rate; from 1 Jan 1946 to 15 Oct 1972: bank rate.,4,Bank of England,, Central bank policy rates - United Kingdom - Monthly - End of period,2023-09,5.25,A,F,
M,GB,368,0,,From 3 Aug 2006 onwards: official bank rate; from 6 May 1997 to 2 Aug 2006: repo rate; from 20 Aug 1981 to 5 May 1997: minimum Bank of England Band 1 dealing rate; from 16 Oct 1972 to 19 Aug 1981: minimum lending rate; from 1 Jan 1946 to 15 Oct 1972: bank rate.,4,Bank of England,, Central bank policy rates - United Kingdom - Monthly - End of period,2023-10,5.25,A,F,
M,GB,368,0,,From 3 Aug 2006 onwards: official bank rate; from 6 May 1997 to 2 Aug 2006: repo rate; from 20 Aug 1981 to 5 May 1997: minimum Bank of England Band 1 dealing rate; from 16 Oct 1972 to 19 Aug 1981: minimum lending rate; from 1 Jan 1946 to 15 Oct 1972: bank rate.,4,Bank of England,, Central bank policy rates - United Kingdom - Monthly - End of period,2023-11,5.25,A,F,
M,GB,368,0,,From 3 Aug 2006 onwards: official bank rate; from 6 May 1997 to 2 Aug 2006: repo rate; from 20 Aug 1981 to 5 May 1997: minimum Bank of England Band 1 dealing rate; from 16 Oct 1972 to 19 Aug 1981: minimum lending rate; from 1 Jan 1946 to 15 Oct 1972: bank rate.,4,Bank of England,, Central bank policy rates - United Kingdom - Monthly - End of period,2023-12,5.25,A,F,
M,GB,368,0,,From 3 Aug 2006 onwards: official bank rate; from 6 May 1997 to 2 Aug 2006: repo rate; from 20 Aug 1981 to 5 May 1997: minimum Bank of England Band 1 dealing rate; from 16 Oct 1972 to 19 Aug 1981: minimum lending rate; from 1 Jan 1946 to 15 Oct 1972: bank rate.,4,Bank of England,, Central bank policy rates - United Kingdom - Monthly - End of period,2024-01,5.25,A,F,
M,GB,368,0,,From 3 Aug 2006 onwards: official bank rate; from 6 May 1997 to 2 Aug 2006: repo rate; from 20 Aug 1981 to 5 May 1997: minimum Bank of England Band 1 dealing rate; from 16 Oct 1972 to 19 Aug 1981: minimum lending rate; from 1 Jan 1946 to 15 Oct 1972: bank rate.,4,Bank of England,, Central bank policy rates - United Kingdom - Monthly - End of period,2024-02,5.25,A,F,
M,GB,368,0,,From 3 Aug 2006 onwards: official bank rate; from 6 May 1997 to 2 Aug 2006: repo rate; from 20 Aug 1981 to 5 May 1997: minimum Bank of England Band 1 dealing rate; from 16 Oct 1972 to 19 Aug 1981: minimum lending rate; from 1 Jan 1946 to 15 Oct 1972: bank rate.,4,Bank of England,, Central bank policy rates - United Kingdom - Monthly - End of period,2024-03,5.25,A,F,
M,GB,368,0,,From 3 Aug 2006 onwards: official bank rate; from 6 May 1997 to 2 Aug 2006: repo rate; from 20 Aug 1981 to 5 May 1997: minimum Bank of England Band 1 dealing rate; from 16 Oct 1972 to 19 Aug 1981: minimum lending rate; from 1 Jan 1946 to 15 Oct 1972: bank rate.,4,Bank of England,, Central bank policy rates - United Kingdom - Monthly - End of period,2024-04,5.25,A,F,
M,GB,368,0,,From 3 Aug 2006 onwards: official bank rate; from 6 May 1997 to 2 Aug 2006: repo rate; from 20 Aug 1981 to 5 May 1997: minimum Bank of England Band 1 dealing rate; from 16 Oct 1972 to 19 Aug 1981: minimum lending rate; from 1 Jan 1946 to 15 Oct 1972: bank rate.,4,Bank of England,, Central bank policy rates - United Kingdom - Monthly - End of period,2024-05,5.25,A,F,
M,GB,368,0,,From 3 Aug 2006 onwards: official bank rate; from 6 May 1997 to 2 Aug 2006: repo rate; from 20 Aug 1981 to 5 May 1997: minimum Bank of England Band 1 dealing rate; from 16 Oct 1972 to 19 Aug 1981: minimum lending rate; from 1 Jan 1946 to 15 Oct 1972: bank rate.,4,Bank of England,, Central bank policy rates - United Kingdom - Monthly - End of period,2024-06,5.25,A,F,
M,GB,368,0,,From 3 Aug 2006 onwards: official bank rate; from 6 May 1997 to 2 Aug 2006: repo rate; from 20 Aug 1981 to 5 May 1997: minimum Bank of England Band 1 dealing rate; from 16 Oct 1972 to 19 Aug 1981: minimum lending rate; from 1 Jan 1946 to 15 Oct 1972: bank rate.,4,Bank of England,, Central bank policy rates - United Kingdom - Monthly - End of period,2024-07,5.25,A,F,
M,GB,368,0,,From 3 Aug 2006 onwards: official bank rate; from 6 May 1997 to 2 Aug 2006: repo rate; from 20 Aug 1981 to 5 May 1997: minimum Bank of England Band 1 dealing rate; from 16 Oct 1972 to 19 Aug 1981: minimum lending rate; from 1 Jan 1946 to 15 Oct 1972: bank rate.,4,Bank of England,, Central bank policy rates - United Kingdom - Monthly - End of period,2024-08,5,A,F,
M,GB,368,0,,From 3 Aug 2006 onwards: official bank rate; from 6 May 1997 to 2 Aug 2006: repo rate; from 20 Aug 1981 to 5 May 1997: minimum Bank of England Band 1 dealing rate; from 16 Oct 1972 to 19 Aug 1981: minimum lending rate; from 1 Jan 1946 to 15 Oct 1972: bank rate.,4,Bank of England,, Central bank policy rates - United Kingdom - Monthly - End of period,2024-09,5,A,F,
M,GB,368,0,,From 3 Aug 2006 onwards: official bank rate; from 6 May 1997 to 2 Aug 2006: repo rate; from 20 Aug 1981 to 5 May 1997: minimum Bank of England Band 1 dealing rate; from 16 Oct 1972 to 19 Aug 1981: minimum lending rate; from 1 Jan 1946 to 15 Oct 1972: bank rate.,4,Bank of England,, Central bank policy rates - United Kingdom - Monthly - End of period,2024-10,5,A,F,
M,GB,368,0,,From 3 Aug 2006 onwards: official bank rate; from 6 May 1997 to 2 Aug 2006: repo rate; from 20 Aug 1981 to 5 May 1997: minimum Bank of England Band 1 dealing rate; from 16 Oct 1972 to 19 Aug 1981: minimum lending rate; from 1 Jan 1946 to 15 Oct 1972: bank rate.,4,Bank of England,, Central bank policy rates - United Kingdom - Monthly - End of period,2024-11,4.75,A,F,
M,GB,368,0,,From 3 Aug 2006 onwards: official bank rate; from 6 May 1997 to 2 Aug 2006: repo rate; from 20 Aug 1981 to 5 May 1997: minimum Bank of England Band 1 dealing rate; from 16 Oct 1972 to 19 Aug 1981: minimum lending rate; from 1 Jan 1946 to 15 Oct 1972: bank rate.,4,Bank of England,, Central bank policy rates - United Kingdom - Monthly - End of period,2024-12,4.75,A,F,
M,GB,368,0,,From 3 Aug 2006 onwards: official bank rate; from 6 May 1997 to 2 Aug 2006: repo rate; from 20 Aug 1981 to 5 May 1997: minimum Bank of England Band 1 dealing rate; from 16 Oct 1972 to 19 Aug 1981: minimum lending rate; from 1 Jan 1946 to 15 Oct 1972: bank rate.,4,Bank of England,, Central bank policy rates - United Kingdom - Monthly - End of period,2025-01,4.75,A,F,
M,GB,368,0,,From 3 Aug 2006 onwards: official bank rate; from 6 May 1997 to 2 Aug 2006: repo rate; from 20 Aug 1981 to 5 May 1997: minimum Bank of England Band 1 dealing rate; from 16 Oct 1972 to 19 Aug 1981: minimum lending rate; from 1 Jan 1946 to 15 Oct 1972: bank rate.,4,Bank of England,, Central bank policy rates - United Kingdom - Monthly - End of period,2025-02,4.5,A,F,
M,GB,368,0,,From 3 Aug 2006 onwards: official bank rate; from 6 May 1997 to 2 Aug 2006: repo rate; from 20 Aug 1981 to 5 May 1997: minimum Bank of England Band 1 dealing rate; from 16 Oct 1972 to 19 Aug 1981: minimum lending rate; from 1 Jan 1946 to 15 Oct 1972: bank rate.,4,Bank of England,, Central bank policy rates - United Kingdom - Monthly - End of period,2025-03,4.5,A,F,
M,GB,368,0,,From 3 Aug 2006 onwards: official bank rate; from 6 May 1997 to 2 Aug 2006: repo rate; from 20 Aug 1981 to 5 May 1997: minimum Bank of England Band 1 dealing rate; from 16 Oct 1972 to 19 Aug 1981: minimum lending rate; from 1 Jan 1946 to 15 Oct 1972: bank rate.,4,Bank of England,, Central bank policy rates - United Kingdom - Monthly - End of period,2025-04,4.5,A,F,
M,GB,368,0,,From 3 Aug 2006 onwards: official bank rate; from 6 May 1997 to 2 Aug 2006: repo rate; from 20 Aug 1981 to 5 May 1997: minimum Bank of England Band 1 dealing rate; from 16 Oct 1972 to 19 Aug 1981: minimum lending rate; from 1 Jan 1946 to 15 Oct 1972: bank rate.,4,Bank of England,, Central bank policy rates - United Kingdom - Monthly - End of period,2025-05,4.25,A,F,
M,GB,368,0,,From 3 Aug 2006 onwards: official bank rate; from 6 May 1997 to 2 Aug 2006: repo rate; from 20 Aug 1981 to 5 May 1997: minimum Bank of England Band 1 dealing rate; from 16 Oct 1972 to 19 Aug 1981: minimum lending rate; from 1 Jan 1946 to 15 Oct 1972: bank rate.,4,Bank of England,, Central bank policy rates - United Kingdom - Monthly - End of period,2025-06,4.25,A,F,
M,GB,368,0,,From 3 Aug 2006 onwards: official bank rate; from 6 May 1997 to 2 Aug 2006: repo rate; from 20 Aug 1981 to 5 May 1997: minimum Bank of England Band 1 dealing rate; from 16 Oct 1972 to 19 Aug 1981: minimum lending rate; from 1 Jan 1946 to 15 Oct 1972: bank rate.,4,Bank of England,, Central bank policy rates - United Kingdom - Monthly - End of period,2025-07,4.25,A,F,
M,GB,368,0,,From 3 Aug 2006 onwards: official bank rate; from 6 May 1997 to 2 Aug 2006: repo rate; from 20 Aug 1981 to 5 May 1997: minimum Bank of England Band 1 dealing rate; from 16 Oct 1972 to 19 Aug 1981: minimum lending rate; from 1 Jan 1946 to 15 Oct 1972: bank rate.,4,Bank of England,, Central bank policy rates - United Kingdom - Monthly - End of period,2025-08,4,A,F,
M,GB,368,0,,From 3 Aug 2006 onwards: official bank rate; from 6 May 1997 to 2 Aug 2006: repo rate; from 20 Aug 1981 to 5 May 1997: minimum Bank of England Band 1 dealing rate; from 16 Oct 1972 to 19 Aug 1981: minimum lending rate; from 1 Jan 1946 to 15 Oct 1972: bank rate.,4,Bank of England,, Central bank policy rates - United Kingdom - Monthly - End of period,2025-09,4,A,F,
M,GB,368,0,,From 3 Aug 2006 onwards: official bank rate; from 6 May 1997 to 2 Aug 2006: repo rate; from 20 Aug 1981 to 5 May 1997: minimum Bank of England Band 1 dealing rate; from 16 Oct 1972 to 19 Aug 1981: minimum lending rate; from 1 Jan 1946 to 15 Oct 1972: bank rate.,4,Bank of England,, Central bank policy rates - United Kingdom - Monthly - End of period,2025-10,4,A,F,
M,GB,368,0,,From 3 Aug 2006 onwards: official bank rate; from 6 May 1997 to 2 Aug 2006: repo rate; from 20 Aug 1981 to 5 May 1997: minimum Bank of England Band 1 dealing rate; from 16 Oct 1972 to 19 Aug 1981: minimum lending rate; from 1 Jan 1946 to 15 Oct 1972: bank rate.,4,Bank of England,, Central bank policy rates - United Kingdom - Monthly - End of period,2025-11,4,A,F,
M,GB,368,0,,From 3 Aug 2006 onwards: official bank rate; from 6 May 1997 to 2 Aug 2006: repo rate; from 20 Aug 1981 to 5 May 1997: minimum Bank of England Band 1 dealing rate; from 16 Oct 1972 to 19 Aug 1981: minimum lending rate; from 1 Jan 1946 to 15 Oct 1972: bank rate.,4,Bank of England,, Central bank policy rates - United Kingdom - Monthly - End of period,2025-12,3.75,A,F,
M,GB,368,0,,From 3 Aug 2006 onwards: official bank rate; from 6 May 1997 to 2 Aug 2006: repo rate; from 20 Aug 1981 to 5 May 1997: minimum Bank of England Band 1 dealing rate; from 16 Oct 1972 to 19 Aug 1981: minimum lending rate; from 1 Jan 1946 to 15 Oct 1972: bank rate.,4,Bank of England,, Central bank policy rates - United Kingdom - Monthly - End of period,2026-01,3.75,A,F,
M,GB,368,0,,From 3 Aug 2006 onwards: official bank rate; from 6 May 1997 to 2 Aug 2006: repo rate; from 20 Aug 1981 to 5 May 1997: minimum Bank of England Band 1 dealing rate; from 16 Oct 1972 to 19 Aug 1981: minimum lending rate; from 1 Jan 1946 to 15 Oct 1972: bank rate.,4,Bank of England,, Central bank policy rates - United Kingdom - Monthly - End of period,2026-02,3.75,A,F,
M,GB,368,0,,From 3 Aug 2006 onwards: official bank rate; from 6 May 1997 to 2 Aug 2006: repo rate; from 20 Aug 1981 to 5 May 1997: minimum Bank of England Band 1 dealing rate; from 16 Oct 1972 to 19 Aug 1981: minimum lending rate; from 1 Jan 1946 to 15 Oct 1972: bank rate.,4,Bank of England,, Central bank policy rates - United Kingdom - Monthly - End of period,2026-03,3.75,A,F,
M,GB,368,0,,From 3 Aug 2006 onwards: official bank rate; from 6 May 1997 to 2 Aug 2006: repo rate; from 20 Aug 1981 to 5 May 1997: minimum Bank of England Band 1 dealing rate; from 16 Oct 1972 to 19 Aug 1981: minimum lending rate; from 1 Jan 1946 to 15 Oct 1972: bank rate.,4,Bank of England,, Central bank policy rates - United Kingdom - Monthly - End of period,2026-04,3.75,A,F,
M,GB,368,0,,From 3 Aug 2006 onwards: official bank rate; from 6 May 1997 to 2 Aug 2006: repo rate; from 20 Aug 1981 to 5 May 1997: minimum Bank of England Band 1 dealing rate; from 16 Oct 1972 to 19 Aug 1981: minimum lending rate; from 1 Jan 1946 to 15 Oct 1972: bank rate.,4,Bank of England,, Central bank policy rates - United Kingdom - Monthly - End of period,2026-05,3.75,A,F,
M,GB,368,0,,From 3 Aug 2006 onwards: official bank rate; from 6 May 1997 to 2 Aug 2006: repo rate; from 20 Aug 1981 to 5 May 1997: minimum Bank of England Band 1 dealing rate; from 16 Oct 1972 to 19 Aug 1981: minimum lending rate; from 1 Jan 1946 to 15 Oct 1972: bank rate.,4,Bank of England,, Central bank policy rates - United Kingdom - Monthly - End of period,2026-06,3.75,A,F,
M,GB,368,0,,From 3 Aug 2006 onwards: official bank rate; from 6 May 1997 to 2 Aug 2006: repo rate; from 20 Aug 1981 to 5 May 1997: minimum Bank of England Band 1 dealing rate; from 16 Oct 1972 to 19 Aug 1981: minimum lending rate; from 1 Jan 1946 to 15 Oct 1972: bank rate.,4,Bank of England,, Central bank policy rates - United Kingdom - Monthly - End of period,2026-07,3.75,A,F,
M,GB,368,0,,From 3 Aug 2006 onwards: official bank rate; from 6 May 1997 to 2 Aug 2006: repo rate; from 20 Aug 1981 to 5 May 1997: minimum Bank of England Band 1 dealing rate; from 16 Oct 1972 to 19 Aug 1981: minimum lending rate; from 1 Jan 1946 to 15 Oct 1972: bank rate.,4,Bank of England,, Central bank policy rates - United Kingdom - Monthly - End of period,2026-08,3.75,A,F,
M,JP,368,0,,"From 24 Sep 2026: the BOJ encourages the uncollateralized overnight call rate to remain at around 1.25 percent; From 17 Jun 2026 to 23 Sep 2026: the BOJ encourages the uncollateralized overnight call rate to remain at around 1.00 percent; From 22 Dec 2025 to 16 Jun 2026: the BOJ encourages the uncollateralized overnight call rate to remain at around 0.75 percent; From 27 Jan 2025 to 21 Dec 2025: the BOJ encourages the uncollateralized overnight call rate to remain at around 0.50 percent; From 1 Aug 2024 to 26 Jan 2025: the BOJ encouraged the UOCR to remain at around 0.25% ; From 21 Mar 2024 to 31 July: the BOJ encouraged the UOCR to remain at around 0 to 0.1 %; from 21 Sep 2016 to 20 Mar 2024: the BOJ set the guideline for market operations which specifies a short-term policy interest rate at minus 0.1% and a target level of 10-year JGB yields at around 0%. Short-term policy interest rate; from 4 Apr 2013 to 20 Sep 2016: no policy rate; from 5 Oct 2010 to 3 Apr 2013: the BOJ encouraged the UOCR to remain at around 0 to 0.1%; from 19 Dec 2008 to 4 Oct 2010: the BOJ encouraged the UOCR to remain at around 0. %; from 31 Oct 2008 to 18 Dec 2008: the BOJ encouraged the UOCR to remain at around 0.3%; before 30 Oct 2008, refer to https://data.bis.org/topics/CBPOL",4,Bank of Japan,For details see: http://www.bis.org/statistics/cbpol/cbpol_doc.pdf  ; https://www.boj.or.jp/en/mopo/mpmdeci/mpr_1998/k980909c.htm ; https://www.boj.or.jp/en/mopo/mpmdeci/mpr_1999/k990212c.htm ; https://www.boj.or.jp/en/mopo/mpmdeci/mpr_2000/k000811.htm ; https://www.boj.or.jp/en/mopo/mpmdeci/mpr_2001/k010228a.htm ; https://www.boj.or.jp/en/mopo/mpmdeci/mpr_2006/k060309.htm ; https://www.boj.or.jp/en/mopo/mpmdeci/mpr_2006/k060714.pdf ; https://www.boj.or.jp/en/mopo/mpmdeci/mpr_2007/k070221.pdf ; https://www.boj.or.jp/en/mopo/mpmdeci/mpr_2008/k081031.pdf ; https://www.boj.or.jp/en/mopo/mpmdeci/mpr_2008/k081219.pdf ; https://www.boj.or.jp/en/mopo/mpmdeci/mpr_2010/k101005.pdf ; https://www.boj.or.jp/en/mopo/mpmdeci/mpr_2016/k160921a.pdf ; https://www.boj.or.jp/en/mopo/mpmdeci/mpr_2024/k240319a.pdf ; https://www.boj.or.jp/en/mopo/mpmdeci/mpr_2024/mpr240731c.pdf ; https://www.boj.or.jp/en/mopo/mpmdeci/mpr_2025/mpr250124a.pdf ; https://www.boj.or.jp/en/mopo/mpmdeci/mpr_2025/k251219a.pdf ; https://www.boj.or.jp/en/mopo/mpmdeci/mpr_2026/k260616a.pdf ; https://www.boj.or.jp/en/mopo/mpmdeci/mpr_2026/k260918a.pdf, Central bank policy rates - Japan - Monthly - End of period,2016-09,-0.1,A,F,
M,JP,368,0,,"From 24 Sep 2026: the BOJ encourages the uncollateralized overnight call rate to remain at around 1.25 percent; From 17 Jun 2026 to 23 Sep 2026: the BOJ encourages the uncollateralized overnight call rate to remain at around 1.00 percent; From 22 Dec 2025 to 16 Jun 2026: the BOJ encourages the uncollateralized overnight call rate to remain at around 0.75 percent; From 27 Jan 2025 to 21 Dec 2025: the BOJ encourages the uncollateralized overnight call rate to remain at around 0.50 percent; From 1 Aug 2024 to 26 Jan 2025: the BOJ encouraged the UOCR to remain at around 0.25% ; From 21 Mar 2024 to 31 July: the BOJ encouraged the UOCR to remain at around 0 to 0.1 %; from 21 Sep 2016 to 20 Mar 2024: the BOJ set the guideline for market operations which specifies a short-term policy interest rate at minus 0.1% and a target level of 10-year JGB yields at around 0%. Short-term policy interest rate; from 4 Apr 2013 to 20 Sep 2016: no policy rate; from 5 Oct 2010 to 3 Apr 2013: the BOJ encouraged the UOCR to remain at around 0 to 0.1%; from 19 Dec 2008 to 4 Oct 2010: the BOJ encouraged the UOCR to remain at around 0. %; from 31 Oct 2008 to 18 Dec 2008: the BOJ encouraged the UOCR to remain at around 0.3%; before 30 Oct 2008, refer to https://data.bis.org/topics/CBPOL",4,Bank of Japan,For details see: http://www.bis.org/statistics/cbpol/cbpol_doc.pdf  ; https://www.boj.or.jp/en/mopo/mpmdeci/mpr_1998/k980909c.htm ; https://www.boj.or.jp/en/mopo/mpmdeci/mpr_1999/k990212c.htm ; https://www.boj.or.jp/en/mopo/mpmdeci/mpr_2000/k000811.htm ; https://www.boj.or.jp/en/mopo/mpmdeci/mpr_2001/k010228a.htm ; https://www.boj.or.jp/en/mopo/mpmdeci/mpr_2006/k060309.htm ; https://www.boj.or.jp/en/mopo/mpmdeci/mpr_2006/k060714.pdf ; https://www.boj.or.jp/en/mopo/mpmdeci/mpr_2007/k070221.pdf ; https://www.boj.or.jp/en/mopo/mpmdeci/mpr_2008/k081031.pdf ; https://www.boj.or.jp/en/mopo/mpmdeci/mpr_2008/k081219.pdf ; https://www.boj.or.jp/en/mopo/mpmdeci/mpr_2010/k101005.pdf ; https://www.boj.or.jp/en/mopo/mpmdeci/mpr_2016/k160921a.pdf ; https://www.boj.or.jp/en/mopo/mpmdeci/mpr_2024/k240319a.pdf ; https://www.boj.or.jp/en/mopo/mpmdeci/mpr_2024/mpr240731c.pdf ; https://www.boj.or.jp/en/mopo/mpmdeci/mpr_2025/mpr250124a.pdf ; https://www.boj.or.jp/en/mopo/mpmdeci/mpr_2025/k251219a.pdf ; https://www.boj.or.jp/en/mopo/mpmdeci/mpr_2026/k260616a.pdf ; https://www.boj.or.jp/en/mopo/mpmdeci/mpr_2026/k260918a.pdf, Central bank policy rates - Japan - Monthly - End of period,2016-10,-0.1,A,F,
M,JP,368,0,,"From 24 Sep 2026: the BOJ encourages the uncollateralized overnight call rate to remain at around 1.25 percent; From 17 Jun 2026 to 23 Sep 2026: the BOJ encourages the uncollateralized overnight call rate to remain at around 1.00 percent; From 22 Dec 2025 to 16 Jun 2026: the BOJ encourages the uncollateralized overnight call rate to remain at around 0.75 percent; From 27 Jan 2025 to 21 Dec 2025: the BOJ encourages the uncollateralized overnight call rate to remain at around 0.50 percent; From 1 Aug 2024 to 26 Jan 2025: the BOJ encouraged the UOCR to remain at around 0.25% ; From 21 Mar 2024 to 31 July: the BOJ encouraged the UOCR to remain at around 0 to 0.1 %; from 21 Sep 2016 to 20 Mar 2024: the BOJ set the guideline for market operations which specifies a short-term policy interest rate at minus 0.1% and a target level of 10-year JGB yields at around 0%. Short-term policy interest rate; from 4 Apr 2013 to 20 Sep 2016: no policy rate; from 5 Oct 2010 to 3 Apr 2013: the BOJ encouraged the UOCR to remain at around 0 to 0.1%; from 19 Dec 2008 to 4 Oct 2010: the BOJ encouraged the UOCR to remain at around 0. %; from 31 Oct 2008 to 18 Dec 2008: the BOJ encouraged the UOCR to remain at around 0.3%; before 30 Oct 2008, refer to https://data.bis.org/topics/CBPOL",4,Bank of Japan,For details see: http://www.bis.org/statistics/cbpol/cbpol_doc.pdf  ; https://www.boj.or.jp/en/mopo/mpmdeci/mpr_1998/k980909c.htm ; https://www.boj.or.jp/en/mopo/mpmdeci/mpr_1999/k990212c.htm ; https://www.boj.or.jp/en/mopo/mpmdeci/mpr_2000/k000811.htm ; https://www.boj.or.jp/en/mopo/mpmdeci/mpr_2001/k010228a.htm ; https://www.boj.or.jp/en/mopo/mpmdeci/mpr_2006/k060309.htm ; https://www.boj.or.jp/en/mopo/mpmdeci/mpr_2006/k060714.pdf ; https://www.boj.or.jp/en/mopo/mpmdeci/mpr_2007/k070221.pdf ; https://www.boj.or.jp/en/mopo/mpmdeci/mpr_2008/k081031.pdf ; https://www.boj.or.jp/en/mopo/mpmdeci/mpr_2008/k081219.pdf ; https://www.boj.or.jp/en/mopo/mpmdeci/mpr_2010/k101005.pdf ; https://www.boj.or.jp/en/mopo/mpmdeci/mpr_2016/k160921a.pdf ; https://www.boj.or.jp/en/mopo/mpmdeci/mpr_2024/k240319a.pdf ; https://www.boj.or.jp/en/mopo/mpmdeci/mpr_2024/mpr240731c.pdf ; https://www.boj.or.jp/en/mopo/mpmdeci/mpr_2025/mpr250124a.pdf ; https://www.boj.or.jp/en/mopo/mpmdeci/mpr_2025/k251219a.pdf ; https://www.boj.or.jp/en/mopo/mpmdeci/mpr_2026/k260616a.pdf ; https://www.boj.or.jp/en/mopo/mpmdeci/mpr_2026/k260918a.pdf, Central bank policy rates - Japan - Monthly - End of period,2016-11,-0.1,A,F,
M,JP,368,0,,"From 24 Sep 2026: the BOJ encourages the uncollateralized overnight call rate to remain at around 1.25 percent; From 17 Jun 2026 to 23 Sep 2026: the BOJ encourages the uncollateralized overnight call rate to remain at around 1.00 percent; From 22 Dec 2025 to 16 Jun 2026: the BOJ encourages the uncollateralized overnight call rate to remain at around 0.75 percent; From 27 Jan 2025 to 21 Dec 2025: the BOJ encourages the uncollateralized overnight call rate to remain at around 0.50 percent; From 1 Aug 2024 to 26 Jan 2025: the BOJ encouraged the UOCR to remain at around 0.25% ; From 21 Mar 2024 to 31 July: the BOJ encouraged the UOCR to remain at around 0 to 0.1 %; from 21 Sep 2016 to 20 Mar 2024: the BOJ set the guideline for market operations which specifies a short-term policy interest rate at minus 0.1% and a target level of 10-year JGB yields at around 0%. Short-term policy interest rate; from 4 Apr 2013 to 20 Sep 2016: no policy rate; from 5 Oct 2010 to 3 Apr 2013: the BOJ encouraged the UOCR to remain at around 0 to 0.1%; from 19 Dec 2008 to 4 Oct 2010: the BOJ encouraged the UOCR to remain at around 0. %; from 31 Oct 2008 to 18 Dec 2008: the BOJ encouraged the UOCR to remain at around 0.3%; before 30 Oct 2008, refer to https://data.bis.org/topics/CBPOL",4,Bank of Japan,For details see: http://www.bis.org/statistics/cbpol/cbpol_doc.pdf  ; https://www.boj.or.jp/en/mopo/mpmdeci/mpr_1998/k980909c.htm ; https://www.boj.or.jp/en/mopo/mpmdeci/mpr_1999/k990212c.htm ; https://www.boj.or.jp/en/mopo/mpmdeci/mpr_2000/k000811.htm ; https://www.boj.or.jp/en/mopo/mpmdeci/mpr_2001/k010228a.htm ; https://www.boj.or.jp/en/mopo/mpmdeci/mpr_2006/k060309.htm ; https://www.boj.or.jp/en/mopo/mpmdeci/mpr_2006/k060714.pdf ; https://www.boj.or.jp/en/mopo/mpmdeci/mpr_2007/k070221.pdf ; https://www.boj.or.jp/en/mopo/mpmdeci/mpr_2008/k081031.pdf ; https://www.boj.or.jp/en/mopo/mpmdeci/mpr_2008/k081219.pdf ; https://www.boj.or.jp/en/mopo/mpmdeci/mpr_2010/k101005.pdf ; https://www.boj.or.jp/en/mopo/mpmdeci/mpr_2016/k160921a.pdf ; https://www.boj.or.jp/en/mopo/mpmdeci/mpr_2024/k240319a.pdf ; https://www.boj.or.jp/en/mopo/mpmdeci/mpr_2024/mpr240731c.pdf ; https://www.boj.or.jp/en/mopo/mpmdeci/mpr_2025/mpr250124a.pdf ; https://www.boj.or.jp/en/mopo/mpmdeci/mpr_2025/k251219a.pdf ; https://www.boj.or.jp/en/mopo/mpmdeci/mpr_2026/k260616a.pdf ; https://www.boj.or.jp/en/mopo/mpmdeci/mpr_2026/k260918a.pdf, Central bank policy rates - Japan - Monthly - End of period,2016-12,-0.1,A,F,
M,JP,368,0,,"From 24 Sep 2026: the BOJ encourages the uncollateralized overnight call rate to remain at around 1.25 percent; From 17 Jun 2026 to 23 Sep 2026: the BOJ encourages the uncollateralized overnight call rate to remain at around 1.00 percent; From 22 Dec 2025 to 16 Jun 2026: the BOJ encourages the uncollateralized overnight call rate to remain at around 0.75 percent; From 27 Jan 2025 to 21 Dec 2025: the BOJ encourages the uncollateralized overnight call rate to remain at around 0.50 percent; From 1 Aug 2024 to 26 Jan 2025: the BOJ encouraged the UOCR to remain at around 0.25% ; From 21 Mar 2024 to 31 July: the BOJ encouraged the UOCR to remain at around 0 to 0.1 %; from 21 Sep 2016 to 20 Mar 2024: the BOJ set the guideline for market operations which specifies a short-term policy interest rate at minus 0.1% and a target level of 10-year JGB yields at around 0%. Short-term policy interest rate; from 4 Apr 2013 to 20 Sep 2016: no policy rate; from 5 Oct 2010 to 3 Apr 2013: the BOJ encouraged the UOCR to remain at around 0 to 0.1%; from 19 Dec 2008 to 4 Oct 2010: the BOJ encouraged the UOCR to remain at around 0. %; from 31 Oct 2008 to 18 Dec 2008: the BOJ encouraged the UOCR to remain at around 0.3%; before 30 Oct 2008, refer to https://data.bis.org/topics/CBPOL",4,Bank of Japan,For details see: http://www.bis.org/statistics/cbpol/cbpol_doc.pdf  ; https://www.boj.or.jp/en/mopo/mpmdeci/mpr_1998/k980909c.htm ; https://www.boj.or.jp/en/mopo/mpmdeci/mpr_1999/k990212c.htm ; https://www.boj.or.jp/en/mopo/mpmdeci/mpr_2000/k000811.htm ; https://www.boj.or.jp/en/mopo/mpmdeci/mpr_2001/k010228a.htm ; https://www.boj.or.jp/en/mopo/mpmdeci/mpr_2006/k060309.htm ; https://www.boj.or.jp/en/mopo/mpmdeci/mpr_2006/k060714.pdf ; https://www.boj.or.jp/en/mopo/mpmdeci/mpr_2007/k070221.pdf ; https://www.boj.or.jp/en/mopo/mpmdeci/mpr_2008/k081031.pdf ; https://www.boj.or.jp/en/mopo/mpmdeci/mpr_2008/k081219.pdf ; https://www.boj.or.jp/en/mopo/mpmdeci/mpr_2010/k101005.pdf ; https://www.boj.or.jp/en/mopo/mpmdeci/mpr_2016/k160921a.pdf ; https://www.boj.or.jp/en/mopo/mpmdeci/mpr_2024/k240319a.pdf ; https://www.boj.or.jp/en/mopo/mpmdeci/mpr_2024/mpr240731c.pdf ; https://www.boj.or.jp/en/mopo/mpmdeci/mpr_2025/mpr250124a.pdf ; https://www.boj.or.jp/en/mopo/mpmdeci/mpr_2025/k251219a.pdf ; https://www.boj.or.jp/en/mopo/mpmdeci/mpr_2026/k260616a.pdf ; https://www.boj.or.jp/en/mopo/mpmdeci/mpr_2026/k260918a.pdf, Central bank policy rates - Japan - Monthly - End of period,2017-01,-0.1,A,F,
M,JP,368,0,,"From 24 Sep 2026: the BOJ encourages the uncollateralized overnight call rate to remain at around 1.25 percent; From 17 Jun 2026 to 23 Sep 2026: the BOJ encourages the uncollateralized overnight call rate to remain at around 1.00 percent; From 22 Dec 2025 to 16 Jun 2026: the BOJ encourages the uncollateralized overnight call rate to remain at around 0.75 percent; From 27 Jan 2025 to 21 Dec 2025: the BOJ encourages the uncollateralized overnight call rate to remain at around 0.50 percent; From 1 Aug 2024 to 26 Jan 2025: the BOJ encouraged the UOCR to remain at around 0.25% ; From 21 Mar 2024 to 31 July: the BOJ encouraged the UOCR to remain at around 0 to 0.1 %; from 21 Sep 2016 to 20 Mar 2024: the BOJ set the guideline for market operations which specifies a short-term policy interest rate at minus 0.1% and a target level of 10-year JGB yields at around 0%. Short-term policy interest rate; from 4 Apr 2013 to 20 Sep 2016: no policy rate; from 5 Oct 2010 to 3 Apr 2013: the BOJ encouraged the UOCR to remain at around 0 to 0.1%; from 19 Dec 2008 to 4 Oct 2010: the BOJ encouraged the UOCR to remain at around 0. %; from 31 Oct 2008 to 18 Dec 2008: the BOJ encouraged the UOCR to remain at around 0.3%; before 30 Oct 2008, refer to https://data.bis.org/topics/CBPOL",4,Bank of Japan,For details see: http://www.bis.org/statistics/cbpol/cbpol_doc.pdf  ; https://www.boj.or.jp/en/mopo/mpmdeci/mpr_1998/k980909c.htm ; https://www.boj.or.jp/en/mopo/mpmdeci/mpr_1999/k990212c.htm ; https://www.boj.or.jp/en/mopo/mpmdeci/mpr_2000/k000811.htm ; https://www.boj.or.jp/en/mopo/mpmdeci/mpr_2001/k010228a.htm ; https://www.boj.or.jp/en/mopo/mpmdeci/mpr_2006/k060309.htm ; https://www.boj.or.jp/en/mopo/mpmdeci/mpr_2006/k060714.pdf ; https://www.boj.or.jp/en/mopo/mpmdeci/mpr_2007/k070221.pdf ; https://www.boj.or.jp/en/mopo/mpmdeci/mpr_2008/k081031.pdf ; https://www.boj.or.jp/en/mopo/mpmdeci/mpr_2008/k081219.pdf ; https://www.boj.or.jp/en/mopo/mpmdeci/mpr_2010/k101005.pdf ; https://www.boj.or.jp/en/mopo/mpmdeci/mpr_2016/k160921a.pdf ; https://www.boj.or.jp/en/mopo/mpmdeci/mpr_2024/k240319a.pdf ; https://www.boj.or.jp/en/mopo/mpmdeci/mpr_2024/mpr240731c.pdf ; https://www.boj.or.jp/en/mopo/mpmdeci/mpr_2025/mpr250124a.pdf ; https://www.boj.or.jp/en/mopo/mpmdeci/mpr_2025/k251219a.pdf ; https://www.boj.or.jp/en/mopo/mpmdeci/mpr_2026/k260616a.pdf ; https://www.boj.or.jp/en/mopo/mpmdeci/mpr_2026/k260918a.pdf, Central bank policy rates - Japan - Monthly - End of period,2017-02,-0.1,A,F,
M,JP,368,0,,"From 24 Sep 2026: the BOJ encourages the uncollateralized overnight call rate to remain at around 1.25 percent; From 17 Jun 2026 to 23 Sep 2026: the BOJ encourages the uncollateralized overnight call rate to remain at around 1.00 percent; From 22 Dec 2025 to 16 Jun 2026: the BOJ encourages the uncollateralized overnight call rate to remain at around 0.75 percent; From 27 Jan 2025 to 21 Dec 2025: the BOJ encourages the uncollateralized overnight call rate to remain at around 0.50 percent; From 1 Aug 2024 to 26 Jan 2025: the BOJ encouraged the UOCR to remain at around 0.25% ; From 21 Mar 2024 to 31 July: the BOJ encouraged the UOCR to remain at around 0 to 0.1 %; from 21 Sep 2016 to 20 Mar 2024: the BOJ set the guideline for market operations which specifies a short-term policy interest rate at minus 0.1% and a target level of 10-year JGB yields at around 0%. Short-term policy interest rate; from 4 Apr 2013 to 20 Sep 2016: no policy rate; from 5 Oct 2010 to 3 Apr 2013: the BOJ encouraged the UOCR to remain at around 0 to 0.1%; from 19 Dec 2008 to 4 Oct 2010: the BOJ encouraged the UOCR to remain at around 0. %; from 31 Oct 2008 to 18 Dec 2008: the BOJ encouraged the UOCR to remain at around 0.3%; before 30 Oct 2008, refer to https://data.bis.org/topics/CBPOL",4,Bank of Japan,For details see: http://www.bis.org/statistics/cbpol/cbpol_doc.pdf  ; https://www.boj.or.jp/en/mopo/mpmdeci/mpr_1998/k980909c.htm ; https://www.boj.or.jp/en/mopo/mpmdeci/mpr_1999/k990212c.htm ; https://www.boj.or.jp/en/mopo/mpmdeci/mpr_2000/k000811.htm ; https://www.boj.or.jp/en/mopo/mpmdeci/mpr_2001/k010228a.htm ; https://www.boj.or.jp/en/mopo/mpmdeci/mpr_2006/k060309.htm ; https://www.boj.or.jp/en/mopo/mpmdeci/mpr_2006/k060714.pdf ; https://www.boj.or.jp/en/mopo/mpmdeci/mpr_2007/k070221.pdf ; https://www.boj.or.jp/en/mopo/mpmdeci/mpr_2008/k081031.pdf ; https://www.boj.or.jp/en/mopo/mpmdeci/mpr_2008/k081219.pdf ; https://www.boj.or.jp/en/mopo/mpmdeci/mpr_2010/k101005.pdf ; https://www.boj.or.jp/en/mopo/mpmdeci/mpr_2016/k160921a.pdf ; https://www.boj.or.jp/en/mopo/mpmdeci/mpr_2024/k240319a.pdf ; https://www.boj.or.jp/en/mopo/mpmdeci/mpr_2024/mpr240731c.pdf ; https://www.boj.or.jp/en/mopo/mpmdeci/mpr_2025/mpr250124a.pdf ; https://www.boj.or.jp/en/mopo/mpmdeci/mpr_2025/k251219a.pdf ; https://www.boj.or.jp/en/mopo/mpmdeci/mpr_2026/k260616a.pdf ; https://www.boj.or.jp/en/mopo/mpmdeci/mpr_2026/k260918a.pdf, Central bank policy rates - Japan - Monthly - End of period,2017-03,-0.1,A,F,
M,JP,368,0,,"From 24 Sep 2026: the BOJ encourages the uncollateralized overnight call rate to remain at around 1.25 percent; From 17 Jun 2026 to 23 Sep 2026: the BOJ encourages the uncollateralized overnight call rate to remain at around 1.00 percent; From 22 Dec 2025 to 16 Jun 2026: the BOJ encourages the uncollateralized overnight call rate to remain at around 0.75 percent; From 27 Jan 2025 to 21 Dec 2025: the BOJ encourages the uncollateralized overnight call rate to remain at around 0.50 percent; From 1 Aug 2024 to 26 Jan 2025: the BOJ encouraged the UOCR to remain at around 0.25% ; From 21 Mar 2024 to 31 July: the BOJ encouraged the UOCR to remain at around 0 to 0.1 %; from 21 Sep 2016 to 20 Mar 2024: the BOJ set the guideline for market operations which specifies a short-term policy interest rate at minus 0.1% and a target level of 10-year JGB yields at around 0%. Short-term policy interest rate; from 4 Apr 2013 to 20 Sep 2016: no policy rate; from 5 Oct 2010 to 3 Apr 2013: the BOJ encouraged the UOCR to remain at around 0 to 0.1%; from 19 Dec 2008 to 4 Oct 2010: the BOJ encouraged the UOCR to remain at around 0. %; from 31 Oct 2008 to 18 Dec 2008: the BOJ encouraged the UOCR to remain at around 0.3%; before 30 Oct 2008, refer to https://data.bis.org/topics/CBPOL",4,Bank of Japan,For details see: http://www.bis.org/statistics/cbpol/cbpol_doc.pdf  ; https://www.boj.or.jp/en/mopo/mpmdeci/mpr_1998/k980909c.htm ; https://www.boj.or.jp/en/mopo/mpmdeci/mpr_1999/k990212c.htm ; https://www.boj.or.jp/en/mopo/mpmdeci/mpr_2000/k000811.htm ; https://www.boj.or.jp/en/mopo/mpmdeci/mpr_2001/k010228a.htm ; https://www.boj.or.jp/en/mopo/mpmdeci/mpr_2006/k060309.htm ; https://www.boj.or.jp/en/mopo/mpmdeci/mpr_2006/k060714.pdf ; https://www.boj.or.jp/en/mopo/mpmdeci/mpr_2007/k070221.pdf ; https://www.boj.or.jp/en/mopo/mpmdeci/mpr_2008/k081031.pdf ; https://www.boj.or.jp/en/mopo/mpmdeci/mpr_2008/k081219.pdf ; https://www.boj.or.jp/en/mopo/mpmdeci/mpr_2010/k101005.pdf ; https://www.boj.or.jp/en/mopo/mpmdeci/mpr_2016/k160921a.pdf ; https://www.boj.or.jp/en/mopo/mpmdeci/mpr_2024/k240319a.pdf ; https://www.boj.or.jp/en/mopo/mpmdeci/mpr_2024/mpr240731c.pdf ; https://www.boj.or.jp/en/mopo/mpmdeci/mpr_2025/mpr250124a.pdf ; https://www.boj.or.jp/en/mopo/mpmdeci/mpr_2025/k251219a.pdf ; https://www.boj.or.jp/en/mopo/mpmdeci/mpr_2026/k260616a.pdf ; https://www.boj.or.jp/en/mopo/mpmdeci/mpr_2026/k260918a.pdf, Central bank policy rates - Japan - Monthly - End of period,2017-04,-0.1,A,F,
M,JP,368,0,,"From 24 Sep 2026: the BOJ encourages the uncollateralized overnight call rate to remain at around 1.25 percent; From 17 Jun 2026 to 23 Sep 2026: the BOJ encourages the uncollateralized overnight call rate to remain at around 1.00 percent; From 22 Dec 2025 to 16 Jun 2026: the BOJ encourages the uncollateralized overnight call rate to remain at around 0.75 percent; From 27 Jan 2025 to 21 Dec 2025: the BOJ encourages the uncollateralized overnight call rate to remain at around 0.50 percent; From 1 Aug 2024 to 26 Jan 2025: the BOJ encouraged the UOCR to remain at around 0.25% ; From 21 Mar 2024 to 31 July: the BOJ encouraged the UOCR to remain at around 0 to 0.1 %; from 21 Sep 2016 to 20 Mar 2024: the BOJ set the guideline for market operations which specifies a short-term policy interest rate at minus 0.1% and a target level of 10-year JGB yields at around 0%. Short-term policy interest rate; from 4 Apr 2013 to 20 Sep 2016: no policy rate; from 5 Oct 2010 to 3 Apr 2013: the BOJ encouraged the UOCR to remain at around 0 to 0.1%; from 19 Dec 2008 to 4 Oct 2010: the BOJ encouraged the UOCR to remain at around 0. %; from 31 Oct 2008 to 18 Dec 2008: the BOJ encouraged the UOCR to remain at around 0.3%; before 30 Oct 2008, refer to https://data.bis.org/topics/CBPOL",4,Bank of Japan,For details see: http://www.bis.org/statistics/cbpol/cbpol_doc.pdf  ; https://www.boj.or.jp/en/mopo/mpmdeci/mpr_1998/k980909c.htm ; https://www.boj.or.jp/en/mopo/mpmdeci/mpr_1999/k990212c.htm ; https://www.boj.or.jp/en/mopo/mpmdeci/mpr_2000/k000811.htm ; https://www.boj.or.jp/en/mopo/mpmdeci/mpr_2001/k010228a.htm ; https://www.boj.or.jp/en/mopo/mpmdeci/mpr_2006/k060309.htm ; https://www.boj.or.jp/en/mopo/mpmdeci/mpr_2006/k060714.pdf ; https://www.boj.or.jp/en/mopo/mpmdeci/mpr_2007/k070221.pdf ; https://www.boj.or.jp/en/mopo/mpmdeci/mpr_2008/k081031.pdf ; https://www.boj.or.jp/en/mopo/mpmdeci/mpr_2008/k081219.pdf ; https://www.boj.or.jp/en/mopo/mpmdeci/mpr_2010/k101005.pdf ; https://www.boj.or.jp/en/mopo/mpmdeci/mpr_2016/k160921a.pdf ; https://www.boj.or.jp/en/mopo/mpmdeci/mpr_2024/k240319a.pdf ; https://www.boj.or.jp/en/mopo/mpmdeci/mpr_2024/mpr240731c.pdf ; https://www.boj.or.jp/en/mopo/mpmdeci/mpr_2025/mpr250124a.pdf ; https://www.boj.or.jp/en/mopo/mpmdeci/mpr_2025/k251219a.pdf ; https://www.boj.or.jp/en/mopo/mpmdeci/mpr_2026/k260616a.pdf ; https://www.boj.or.jp/en/mopo/mpmdeci/mpr_2026/k260918a.pdf, Central bank policy rates - Japan - Monthly - End of period,2017-05,-0.1,A,F,
M,JP,368,0,,"From 24 Sep 2026: the BOJ encourages the uncollateralized overnight call rate to remain at around 1.25 percent; From 17 Jun 2026 to 23 Sep 2026: the BOJ encourages the uncollateralized overnight call rate to remain at around 1.00 percent; From 22 Dec 2025 to 16 Jun 2026: the BOJ encourages the uncollateralized overnight call rate to remain at around 0.75 percent; From 27 Jan 2025 to 21 Dec 2025: the BOJ encourages the uncollateralized overnight call rate to remain at around 0.50 percent; From 1 Aug 2024 to 26 Jan 2025: the BOJ encouraged the UOCR to remain at around 0.25% ; From 21 Mar 2024 to 31 July: the BOJ encouraged the UOCR to remain at around 0 to 0.1 %; from 21 Sep 2016 to 20 Mar 2024: the BOJ set the guideline for market operations which specifies a short-term policy interest rate at minus 0.1% and a target level of 10-year JGB yields at around 0%. Short-term policy interest rate; from 4 Apr 2013 to 20 Sep 2016: no policy rate; from 5 Oct 2010 to 3 Apr 2013: the BOJ encouraged the UOCR to remain at around 0 to 0.1%; from 19 Dec 2008 to 4 Oct 2010: the BOJ encouraged the UOCR to remain at around 0. %; from 31 Oct 2008 to 18 Dec 2008: the BOJ encouraged the UOCR to remain at around 0.3%; before 30 Oct 2008, refer to https://data.bis.org/topics/CBPOL",4,Bank of Japan,For details see: http://www.bis.org/statistics/cbpol/cbpol_doc.pdf  ; https://www.boj.or.jp/en/mopo/mpmdeci/mpr_1998/k980909c.htm ; https://www.boj.or.jp/en/mopo/mpmdeci/mpr_1999/k990212c.htm ; https://www.boj.or.jp/en/mopo/mpmdeci/mpr_2000/k000811.htm ; https://www.boj.or.jp/en/mopo/mpmdeci/mpr_2001/k010228a.htm ; https://www.boj.or.jp/en/mopo/mpmdeci/mpr_2006/k060309.htm ; https://www.boj.or.jp/en/mopo/mpmdeci/mpr_2006/k060714.pdf ; https://www.boj.or.jp/en/mopo/mpmdeci/mpr_2007/k070221.pdf ; https://www.boj.or.jp/en/mopo/mpmdeci/mpr_2008/k081031.pdf ; https://www.boj.or.jp/en/mopo/mpmdeci/mpr_2008/k081219.pdf ; https://www.boj.or.jp/en/mopo/mpmdeci/mpr_2010/k101005.pdf ; https://www.boj.or.jp/en/mopo/mpmdeci/mpr_2016/k160921a.pdf ; https://www.boj.or.jp/en/mopo/mpmdeci/mpr_2024/k240319a.pdf ; https://www.boj.or.jp/en/mopo/mpmdeci/mpr_2024/mpr240731c.pdf ; https://www.boj.or.jp/en/mopo/mpmdeci/mpr_2025/mpr250124a.pdf ; https://www.boj.or.jp/en/mopo/mpmdeci/mpr_2025/k251219a.pdf ; https://www.boj.or.jp/en/mopo/mpmdeci/mpr_2026/k260616a.pdf ; https://www.boj.or.jp/en/mopo/mpmdeci/mpr_2026/k260918a.pdf, Central bank policy rates - Japan - Monthly - End of period,2017-06,-0.1,A,F,
M,JP,368,0,,"From 24 Sep 2026: the BOJ encourages the uncollateralized overnight call rate to remain at around 1.25 percent; From 17 Jun 2026 to 23 Sep 2026: the BOJ encourages the uncollateralized overnight call rate to remain at around 1.00 percent; From 22 Dec 2025 to 16 Jun 2026: the BOJ encourages the uncollateralized overnight call rate to remain at around 0.75 percent; From 27 Jan 2025 to 21 Dec 2025: the BOJ encourages the uncollateralized overnight call rate to remain at around 0.50 percent; From 1 Aug 2024 to 26 Jan 2025: the BOJ encouraged the UOCR to remain at around 0.25% ; From 21 Mar 2024 to 31 July: the BOJ encouraged the UOCR to remain at around 0 to 0.1 %; from 21 Sep 2016 to 20 Mar 2024: the BOJ set the guideline for market operations which specifies a short-term policy interest rate at minus 0.1% and a target level of 10-year JGB yields at around 0%. Short-term policy interest rate; from 4 Apr 2013 to 20 Sep 2016: no policy rate; from 5 Oct 2010 to 3 Apr 2013: the BOJ encouraged the UOCR to remain at around 0 to 0.1%; from 19 Dec 2008 to 4 Oct 2010: the BOJ encouraged the UOCR to remain at around 0. %; from 31 Oct 2008 to 18 Dec 2008: the BOJ encouraged the UOCR to remain at around 0.3%; before 30 Oct 2008, refer to https://data.bis.org/topics/CBPOL",4,Bank of Japan,For details see: http://www.bis.org/statistics/cbpol/cbpol_doc.pdf  ; https://www.boj.or.jp/en/mopo/mpmdeci/mpr_1998/k980909c.htm ; https://www.boj.or.jp/en/mopo/mpmdeci/mpr_1999/k990212c.htm ; https://www.boj.or.jp/en/mopo/mpmdeci/mpr_2000/k000811.htm ; https://www.boj.or.jp/en/mopo/mpmdeci/mpr_2001/k010228a.htm ; https://www.boj.or.jp/en/mopo/mpmdeci/mpr_2006/k060309.htm ; https://www.boj.or.jp/en/mopo/mpmdeci/mpr_2006/k060714.pdf ; https://www.boj.or.jp/en/mopo/mpmdeci/mpr_2007/k070221.pdf ; https://www.boj.or.jp/en/mopo/mpmdeci/mpr_2008/k081031.pdf ; https://www.boj.or.jp/en/mopo/mpmdeci/mpr_2008/k081219.pdf ; https://www.boj.or.jp/en/mopo/mpmdeci/mpr_2010/k101005.pdf ; https://www.boj.or.jp/en/mopo/mpmdeci/mpr_2016/k160921a.pdf ; https://www.boj.or.jp/en/mopo/mpmdeci/mpr_2024/k240319a.pdf ; https://www.boj.or.jp/en/mopo/mpmdeci/mpr_2024/mpr240731c.pdf ; https://www.boj.or.jp/en/mopo/mpmdeci/mpr_2025/mpr250124a.pdf ; https://www.boj.or.jp/en/mopo/mpmdeci/mpr_2025/k251219a.pdf ; https://www.boj.or.jp/en/mopo/mpmdeci/mpr_2026/k260616a.pdf ; https://www.boj.or.jp/en/mopo/mpmdeci/mpr_2026/k260918a.pdf, Central bank policy rates - Japan - Monthly - End of period,2017-07,-0.1,A,F,
M,JP,368,0,,"From 24 Sep 2026: the BOJ encourages the uncollateralized overnight call rate to remain at around 1.25 percent; From 17 Jun 2026 to 23 Sep 2026: the BOJ encourages the uncollateralized overnight call rate to remain at around 1.00 percent; From 22 Dec 2025 to 16 Jun 2026: the BOJ encourages the uncollateralized overnight call rate to remain at around 0.75 percent; From 27 Jan 2025 to 21 Dec 2025: the BOJ encourages the uncollateralized overnight call rate to remain at around 0.50 percent; From 1 Aug 2024 to 26 Jan 2025: the BOJ encouraged the UOCR to remain at around 0.25% ; From 21 Mar 2024 to 31 July: the BOJ encouraged the UOCR to remain at around 0 to 0.1 %; from 21 Sep 2016 to 20 Mar 2024: the BOJ set the guideline for market operations which specifies a short-term policy interest rate at minus 0.1% and a target level of 10-year JGB yields at around 0%. Short-term policy interest rate; from 4 Apr 2013 to 20 Sep 2016: no policy rate; from 5 Oct 2010 to 3 Apr 2013: the BOJ encouraged the UOCR to remain at around 0 to 0.1%; from 19 Dec 2008 to 4 Oct 2010: the BOJ encouraged the UOCR to remain at around 0. %; from 31 Oct 2008 to 18 Dec 2008: the BOJ encouraged the UOCR to remain at around 0.3%; before 30 Oct 2008, refer to https://data.bis.org/topics/CBPOL",4,Bank of Japan,For details see: http://www.bis.org/statistics/cbpol/cbpol_doc.pdf  ; https://www.boj.or.jp/en/mopo/mpmdeci/mpr_1998/k980909c.htm ; https://www.boj.or.jp/en/mopo/mpmdeci/mpr_1999/k990212c.htm ; https://www.boj.or.jp/en/mopo/mpmdeci/mpr_2000/k000811.htm ; https://www.boj.or.jp/en/mopo/mpmdeci/mpr_2001/k010228a.htm ; https://www.boj.or.jp/en/mopo/mpmdeci/mpr_2006/k060309.htm ; https://www.boj.or.jp/en/mopo/mpmdeci/mpr_2006/k060714.pdf ; https://www.boj.or.jp/en/mopo/mpmdeci/mpr_2007/k070221.pdf ; https://www.boj.or.jp/en/mopo/mpmdeci/mpr_2008/k081031.pdf ; https://www.boj.or.jp/en/mopo/mpmdeci/mpr_2008/k081219.pdf ; https://www.boj.or.jp/en/mopo/mpmdeci/mpr_2010/k101005.pdf ; https://www.boj.or.jp/en/mopo/mpmdeci/mpr_2016/k160921a.pdf ; https://www.boj.or.jp/en/mopo/mpmdeci/mpr_2024/k240319a.pdf ; https://www.boj.or.jp/en/mopo/mpmdeci/mpr_2024/mpr240731c.pdf ; https://www.boj.or.jp/en/mopo/mpmdeci/mpr_2025/mpr250124a.pdf ; https://www.boj.or.jp/en/mopo/mpmdeci/mpr_2025/k251219a.pdf ; https://www.boj.or.jp/en/mopo/mpmdeci/mpr_2026/k260616a.pdf ; https://www.boj.or.jp/en/mopo/mpmdeci/mpr_2026/k260918a.pdf, Central bank policy rates - Japan - Monthly - End of period,2017-08,-0.1,A,F,
M,JP,368,0,,"From 24 Sep 2026: the BOJ encourages the uncollateralized overnight call rate to remain at around 1.25 percent; From 17 Jun 2026 to 23 Sep 2026: the BOJ encourages the uncollateralized overnight call rate to remain at around 1.00 percent; From 22 Dec 2025 to 16 Jun 2026: the BOJ encourages the uncollateralized overnight call rate to remain at around 0.75 percent; From 27 Jan 2025 to 21 Dec 2025: the BOJ encourages the uncollateralized overnight call rate to remain at around 0.50 percent; From 1 Aug 2024 to 26 Jan 2025: the BOJ encouraged the UOCR to remain at around 0.25% ; From 21 Mar 2024 to 31 July: the BOJ encouraged the UOCR to remain at around 0 to 0.1 %; from 21 Sep 2016 to 20 Mar 2024: the BOJ set the guideline for market operations which specifies a short-term policy interest rate at minus 0.1% and a target level of 10-year JGB yields at around 0%. Short-term policy interest rate; from 4 Apr 2013 to 20 Sep 2016: no policy rate; from 5 Oct 2010 to 3 Apr 2013: the BOJ encouraged the UOCR to remain at around 0 to 0.1%; from 19 Dec 2008 to 4 Oct 2010: the BOJ encouraged the UOCR to remain at around 0. %; from 31 Oct 2008 to 18 Dec 2008: the BOJ encouraged the UOCR to remain at around 0.3%; before 30 Oct 2008, refer to https://data.bis.org/topics/CBPOL",4,Bank of Japan,For details see: http://www.bis.org/statistics/cbpol/cbpol_doc.pdf  ; https://www.boj.or.jp/en/mopo/mpmdeci/mpr_1998/k980909c.htm ; https://www.boj.or.jp/en/mopo/mpmdeci/mpr_1999/k990212c.htm ; https://www.boj.or.jp/en/mopo/mpmdeci/mpr_2000/k000811.htm ; https://www.boj.or.jp/en/mopo/mpmdeci/mpr_2001/k010228a.htm ; https://www.boj.or.jp/en/mopo/mpmdeci/mpr_2006/k060309.htm ; https://www.boj.or.jp/en/mopo/mpmdeci/mpr_2006/k060714.pdf ; https://www.boj.or.jp/en/mopo/mpmdeci/mpr_2007/k070221.pdf ; https://www.boj.or.jp/en/mopo/mpmdeci/mpr_2008/k081031.pdf ; https://www.boj.or.jp/en/mopo/mpmdeci/mpr_2008/k081219.pdf ; https://www.boj.or.jp/en/mopo/mpmdeci/mpr_2010/k101005.pdf ; https://www.boj.or.jp/en/mopo/mpmdeci/mpr_2016/k160921a.pdf ; https://www.boj.or.jp/en/mopo/mpmdeci/mpr_2024/k240319a.pdf ; https://www.boj.or.jp/en/mopo/mpmdeci/mpr_2024/mpr240731c.pdf ; https://www.boj.or.jp/en/mopo/mpmdeci/mpr_2025/mpr250124a.pdf ; https://www.boj.or.jp/en/mopo/mpmdeci/mpr_2025/k251219a.pdf ; https://www.boj.or.jp/en/mopo/mpmdeci/mpr_2026/k260616a.pdf ; https://www.boj.or.jp/en/mopo/mpmdeci/mpr_2026/k260918a.pdf, Central bank policy rates - Japan - Monthly - End of period,2017-09,-0.1,A,F,
M,JP,368,0,,"From 24 Sep 2026: the BOJ encourages the uncollateralized overnight call rate to remain at around 1.25 percent; From 17 Jun 2026 to 23 Sep 2026: the BOJ encourages the uncollateralized overnight call rate to remain at around 1.00 percent; From 22 Dec 2025 to 16 Jun 2026: the BOJ encourages the uncollateralized overnight call rate to remain at around 0.75 percent; From 27 Jan 2025 to 21 Dec 2025: the BOJ encourages the uncollateralized overnight call rate to remain at around 0.50 percent; From 1 Aug 2024 to 26 Jan 2025: the BOJ encouraged the UOCR to remain at around 0.25% ; From 21 Mar 2024 to 31 July: the BOJ encouraged the UOCR to remain at around 0 to 0.1 %; from 21 Sep 2016 to 20 Mar 2024: the BOJ set the guideline for market operations which specifies a short-term policy interest rate at minus 0.1% and a target level of 10-year JGB yields at around 0%. Short-term policy interest rate; from 4 Apr 2013 to 20 Sep 2016: no policy rate; from 5 Oct 2010 to 3 Apr 2013: the BOJ encouraged the UOCR to remain at around 0 to 0.1%; from 19 Dec 2008 to 4 Oct 2010: the BOJ encouraged the UOCR to remain at around 0. %; from 31 Oct 2008 to 18 Dec 2008: the BOJ encouraged the UOCR to remain at around 0.3%; before 30 Oct 2008, refer to https://data.bis.org/topics/CBPOL",4,Bank of Japan,For details see: http://www.bis.org/statistics/cbpol/cbpol_doc.pdf  ; https://www.boj.or.jp/en/mopo/mpmdeci/mpr_1998/k980909c.htm ; https://www.boj.or.jp/en/mopo/mpmdeci/mpr_1999/k990212c.htm ; https://www.boj.or.jp/en/mopo/mpmdeci/mpr_2000/k000811.htm ; https://www.boj.or.jp/en/mopo/mpmdeci/mpr_2001/k010228a.htm ; https://www.boj.or.jp/en/mopo/mpmdeci/mpr_2006/k060309.htm ; https://www.boj.or.jp/en/mopo/mpmdeci/mpr_2006/k060714.pdf ; https://www.boj.or.jp/en/mopo/mpmdeci/mpr_2007/k070221.pdf ; https://www.boj.or.jp/en/mopo/mpmdeci/mpr_2008/k081031.pdf ; https://www.boj.or.jp/en/mopo/mpmdeci/mpr_2008/k081219.pdf ; https://www.boj.or.jp/en/mopo/mpmdeci/mpr_2010/k101005.pdf ; https://www.boj.or.jp/en/mopo/mpmdeci/mpr_2016/k160921a.pdf ; https://www.boj.or.jp/en/mopo/mpmdeci/mpr_2024/k240319a.pdf ; https://www.boj.or.jp/en/mopo/mpmdeci/mpr_2024/mpr240731c.pdf ; https://www.boj.or.jp/en/mopo/mpmdeci/mpr_2025/mpr250124a.pdf ; https://www.boj.or.jp/en/mopo/mpmdeci/mpr_2025/k251219a.pdf ; https://www.boj.or.jp/en/mopo/mpmdeci/mpr_2026/k260616a.pdf ; https://www.boj.or.jp/en/mopo/mpmdeci/mpr_2026/k260918a.pdf, Central bank policy rates - Japan - Monthly - End of period,2017-10,-0.1,A,F,
M,JP,368,0,,"From 24 Sep 2026: the BOJ encourages the uncollateralized overnight call rate to remain at around 1.25 percent; From 17 Jun 2026 to 23 Sep 2026: the BOJ encourages the uncollateralized overnight call rate to remain at around 1.00 percent; From 22 Dec 2025 to 16 Jun 2026: the BOJ encourages the uncollateralized overnight call rate to remain at around 0.75 percent; From 27 Jan 2025 to 21 Dec 2025: the BOJ encourages the uncollateralized overnight call rate to remain at around 0.50 percent; From 1 Aug 2024 to 26 Jan 2025: the BOJ encouraged the UOCR to remain at around 0.25% ; From 21 Mar 2024 to 31 July: the BOJ encouraged the UOCR to remain at around 0 to 0.1 %; from 21 Sep 2016 to 20 Mar 2024: the BOJ set the guideline for market operations which specifies a short-term policy interest rate at minus 0.1% and a target level of 10-year JGB yields at around 0%. Short-term policy interest rate; from 4 Apr 2013 to 20 Sep 2016: no policy rate; from 5 Oct 2010 to 3 Apr 2013: the BOJ encouraged the UOCR to remain at around 0 to 0.1%; from 19 Dec 2008 to 4 Oct 2010: the BOJ encouraged the UOCR to remain at around 0. %; from 31 Oct 2008 to 18 Dec 2008: the BOJ encouraged the UOCR to remain at around 0.3%; before 30 Oct 2008, refer to https://data.bis.org/topics/CBPOL",4,Bank of Japan,For details see: http://www.bis.org/statistics/cbpol/cbpol_doc.pdf  ; https://www.boj.or.jp/en/mopo/mpmdeci/mpr_1998/k980909c.htm ; https://www.boj.or.jp/en/mopo/mpmdeci/mpr_1999/k990212c.htm ; https://www.boj.or.jp/en/mopo/mpmdeci/mpr_2000/k000811.htm ; https://www.boj.or.jp/en/mopo/mpmdeci/mpr_2001/k010228a.htm ; https://www.boj.or.jp/en/mopo/mpmdeci/mpr_2006/k060309.htm ; https://www.boj.or.jp/en/mopo/mpmdeci/mpr_2006/k060714.pdf ; https://www.boj.or.jp/en/mopo/mpmdeci/mpr_2007/k070221.pdf ; https://www.boj.or.jp/en/mopo/mpmdeci/mpr_2008/k081031.pdf ; https://www.boj.or.jp/en/mopo/mpmdeci/mpr_2008/k081219.pdf ; https://www.boj.or.jp/en/mopo/mpmdeci/mpr_2010/k101005.pdf ; https://www.boj.or.jp/en/mopo/mpmdeci/mpr_2016/k160921a.pdf ; https://www.boj.or.jp/en/mopo/mpmdeci/mpr_2024/k240319a.pdf ; https://www.boj.or.jp/en/mopo/mpmdeci/mpr_2024/mpr240731c.pdf ; https://www.boj.or.jp/en/mopo/mpmdeci/mpr_2025/mpr250124a.pdf ; https://www.boj.or.jp/en/mopo/mpmdeci/mpr_2025/k251219a.pdf ; https://www.boj.or.jp/en/mopo/mpmdeci/mpr_2026/k260616a.pdf ; https://www.boj.or.jp/en/mopo/mpmdeci/mpr_2026/k260918a.pdf, Central bank policy rates - Japan - Monthly - End of period,2017-11,-0.1,A,F,
M,JP,368,0,,"From 24 Sep 2026: the BOJ encourages the uncollateralized overnight call rate to remain at around 1.25 percent; From 17 Jun 2026 to 23 Sep 2026: the BOJ encourages the uncollateralized overnight call rate to remain at around 1.00 percent; From 22 Dec 2025 to 16 Jun 2026: the BOJ encourages the uncollateralized overnight call rate to remain at around 0.75 percent; From 27 Jan 2025 to 21 Dec 2025: the BOJ encourages the uncollateralized overnight call rate to remain at around 0.50 percent; From 1 Aug 2024 to 26 Jan 2025: the BOJ encouraged the UOCR to remain at around 0.25% ; From 21 Mar 2024 to 31 July: the BOJ encouraged the UOCR to remain at around 0 to 0.1 %; from 21 Sep 2016 to 20 Mar 2024: the BOJ set the guideline for market operations which specifies a short-term policy interest rate at minus 0.1% and a target level of 10-year JGB yields at around 0%. Short-term policy interest rate; from 4 Apr 2013 to 20 Sep 2016: no policy rate; from 5 Oct 2010 to 3 Apr 2013: the BOJ encouraged the UOCR to remain at around 0 to 0.1%; from 19 Dec 2008 to 4 Oct 2010: the BOJ encouraged the UOCR to remain at around 0. %; from 31 Oct 2008 to 18 Dec 2008: the BOJ encouraged the UOCR to remain at around 0.3%; before 30 Oct 2008, refer to https://data.bis.org/topics/CBPOL",4,Bank of Japan,For details see: http://www.bis.org/statistics/cbpol/cbpol_doc.pdf  ; https://www.boj.or.jp/en/mopo/mpmdeci/mpr_1998/k980909c.htm ; https://www.boj.or.jp/en/mopo/mpmdeci/mpr_1999/k990212c.htm ; https://www.boj.or.jp/en/mopo/mpmdeci/mpr_2000/k000811.htm ; https://www.boj.or.jp/en/mopo/mpmdeci/mpr_2001/k010228a.htm ; https://www.boj.or.jp/en/mopo/mpmdeci/mpr_2006/k060309.htm ; https://www.boj.or.jp/en/mopo/mpmdeci/mpr_2006/k060714.pdf ; https://www.boj.or.jp/en/mopo/mpmdeci/mpr_2007/k070221.pdf ; https://www.boj.or.jp/en/mopo/mpmdeci/mpr_2008/k081031.pdf ; https://www.boj.or.jp/en/mopo/mpmdeci/mpr_2008/k081219.pdf ; https://www.boj.or.jp/en/mopo/mpmdeci/mpr_2010/k101005.pdf ; https://www.boj.or.jp/en/mopo/mpmdeci/mpr_2016/k160921a.pdf ; https://www.boj.or.jp/en/mopo/mpmdeci/mpr_2024/k240319a.pdf ; https://www.boj.or.jp/en/mopo/mpmdeci/mpr_2024/mpr240731c.pdf ; https://www.boj.or.jp/en/mopo/mpmdeci/mpr_2025/mpr250124a.pdf ; https://www.boj.or.jp/en/mopo/mpmdeci/mpr_2025/k251219a.pdf ; https://www.boj.or.jp/en/mopo/mpmdeci/mpr_2026/k260616a.pdf ; https://www.boj.or.jp/en/mopo/mpmdeci/mpr_2026/k260918a.pdf, Central bank policy rates - Japan - Monthly - End of period,2017-12,-0.1,A,F,
M,JP,368,0,,"From 24 Sep 2026: the BOJ encourages the uncollateralized overnight call rate to remain at around 1.25 percent; From 17 Jun 2026 to 23 Sep 2026: the BOJ encourages the uncollateralized overnight call rate to remain at around 1.00 percent; From 22 Dec 2025 to 16 Jun 2026: the BOJ encourages the uncollateralized overnight call rate to remain at around 0.75 percent; From 27 Jan 2025 to 21 Dec 2025: the BOJ encourages the uncollateralized overnight call rate to remain at around 0.50 percent; From 1 Aug 2024 to 26 Jan 2025: the BOJ encouraged the UOCR to remain at around 0.25% ; From 21 Mar 2024 to 31 July: the BOJ encouraged the UOCR to remain at around 0 to 0.1 %; from 21 Sep 2016 to 20 Mar 2024: the BOJ set the guideline for market operations which specifies a short-term policy interest rate at minus 0.1% and a target level of 10-year JGB yields at around 0%. Short-term policy interest rate; from 4 Apr 2013 to 20 Sep 2016: no policy rate; from 5 Oct 2010 to 3 Apr 2013: the BOJ encouraged the UOCR to remain at around 0 to 0.1%; from 19 Dec 2008 to 4 Oct 2010: the BOJ encouraged the UOCR to remain at around 0. %; from 31 Oct 2008 to 18 Dec 2008: the BOJ encouraged the UOCR to remain at around 0.3%; before 30 Oct 2008, refer to https://data.bis.org/topics/CBPOL",4,Bank of Japan,For details see: http://www.bis.org/statistics/cbpol/cbpol_doc.pdf  ; https://www.boj.or.jp/en/mopo/mpmdeci/mpr_1998/k980909c.htm ; https://www.boj.or.jp/en/mopo/mpmdeci/mpr_1999/k990212c.htm ; https://www.boj.or.jp/en/mopo/mpmdeci/mpr_2000/k000811.htm ; https://www.boj.or.jp/en/mopo/mpmdeci/mpr_2001/k010228a.htm ; https://www.boj.or.jp/en/mopo/mpmdeci/mpr_2006/k060309.htm ; https://www.boj.or.jp/en/mopo/mpmdeci/mpr_2006/k060714.pdf ; https://www.boj.or.jp/en/mopo/mpmdeci/mpr_2007/k070221.pdf ; https://www.boj.or.jp/en/mopo/mpmdeci/mpr_2008/k081031.pdf ; https://www.boj.or.jp/en/mopo/mpmdeci/mpr_2008/k081219.pdf ; https://www.boj.or.jp/en/mopo/mpmdeci/mpr_2010/k101005.pdf ; https://www.boj.or.jp/en/mopo/mpmdeci/mpr_2016/k160921a.pdf ; https://www.boj.or.jp/en/mopo/mpmdeci/mpr_2024/k240319a.pdf ; https://www.boj.or.jp/en/mopo/mpmdeci/mpr_2024/mpr240731c.pdf ; https://www.boj.or.jp/en/mopo/mpmdeci/mpr_2025/mpr250124a.pdf ; https://www.boj.or.jp/en/mopo/mpmdeci/mpr_2025/k251219a.pdf ; https://www.boj.or.jp/en/mopo/mpmdeci/mpr_2026/k260616a.pdf ; https://www.boj.or.jp/en/mopo/mpmdeci/mpr_2026/k260918a.pdf, Central bank policy rates - Japan - Monthly - End of period,2018-01,-0.1,A,F,
M,JP,368,0,,"From 24 Sep 2026: the BOJ encourages the uncollateralized overnight call rate to remain at around 1.25 percent; From 17 Jun 2026 to 23 Sep 2026: the BOJ encourages the uncollateralized overnight call rate to remain at around 1.00 percent; From 22 Dec 2025 to 16 Jun 2026: the BOJ encourages the uncollateralized overnight call rate to remain at around 0.75 percent; From 27 Jan 2025 to 21 Dec 2025: the BOJ encourages the uncollateralized overnight call rate to remain at around 0.50 percent; From 1 Aug 2024 to 26 Jan 2025: the BOJ encouraged the UOCR to remain at around 0.25% ; From 21 Mar 2024 to 31 July: the BOJ encouraged the UOCR to remain at around 0 to 0.1 %; from 21 Sep 2016 to 20 Mar 2024: the BOJ set the guideline for market operations which specifies a short-term policy interest rate at minus 0.1% and a target level of 10-year JGB yields at around 0%. Short-term policy interest rate; from 4 Apr 2013 to 20 Sep 2016: no policy rate; from 5 Oct 2010 to 3 Apr 2013: the BOJ encouraged the UOCR to remain at around 0 to 0.1%; from 19 Dec 2008 to 4 Oct 2010: the BOJ encouraged the UOCR to remain at around 0. %; from 31 Oct 2008 to 18 Dec 2008: the BOJ encouraged the UOCR to remain at around 0.3%; before 30 Oct 2008, refer to https://data.bis.org/topics/CBPOL",4,Bank of Japan,For details see: http://www.bis.org/statistics/cbpol/cbpol_doc.pdf  ; https://www.boj.or.jp/en/mopo/mpmdeci/mpr_1998/k980909c.htm ; https://www.boj.or.jp/en/mopo/mpmdeci/mpr_1999/k990212c.htm ; https://www.boj.or.jp/en/mopo/mpmdeci/mpr_2000/k000811.htm ; https://www.boj.or.jp/en/mopo/mpmdeci/mpr_2001/k010228a.htm ; https://www.boj.or.jp/en/mopo/mpmdeci/mpr_2006/k060309.htm ; https://www.boj.or.jp/en/mopo/mpmdeci/mpr_2006/k060714.pdf ; https://www.boj.or.jp/en/mopo/mpmdeci/mpr_2007/k070221.pdf ; https://www.boj.or.jp/en/mopo/mpmdeci/mpr_2008/k081031.pdf ; https://www.boj.or.jp/en/mopo/mpmdeci/mpr_2008/k081219.pdf ; https://www.boj.or.jp/en/mopo/mpmdeci/mpr_2010/k101005.pdf ; https://www.boj.or.jp/en/mopo/mpmdeci/mpr_2016/k160921a.pdf ; https://www.boj.or.jp/en/mopo/mpmdeci/mpr_2024/k240319a.pdf ; https://www.boj.or.jp/en/mopo/mpmdeci/mpr_2024/mpr240731c.pdf ; https://www.boj.or.jp/en/mopo/mpmdeci/mpr_2025/mpr250124a.pdf ; https://www.boj.or.jp/en/mopo/mpmdeci/mpr_2025/k251219a.pdf ; https://www.boj.or.jp/en/mopo/mpmdeci/mpr_2026/k260616a.pdf ; https://www.boj.or.jp/en/mopo/mpmdeci/mpr_2026/k260918a.pdf, Central bank policy rates - Japan - Monthly - End of period,2018-02,-0.1,A,F,
M,JP,368,0,,"From 24 Sep 2026: the BOJ encourages the uncollateralized overnight call rate to remain at around 1.25 percent; From 17 Jun 2026 to 23 Sep 2026: the BOJ encourages the uncollateralized overnight call rate to remain at around 1.00 percent; From 22 Dec 2025 to 16 Jun 2026: the BOJ encourages the uncollateralized overnight call rate to remain at around 0.75 percent; From 27 Jan 2025 to 21 Dec 2025: the BOJ encourages the uncollateralized overnight call rate to remain at around 0.50 percent; From 1 Aug 2024 to 26 Jan 2025: the BOJ encouraged the UOCR to remain at around 0.25% ; From 21 Mar 2024 to 31 July: the BOJ encouraged the UOCR to remain at around 0 to 0.1 %; from 21 Sep 2016 to 20 Mar 2024: the BOJ set the guideline for market operations which specifies a short-term policy interest rate at minus 0.1% and a target level of 10-year JGB yields at around 0%. Short-term policy interest rate; from 4 Apr 2013 to 20 Sep 2016: no policy rate; from 5 Oct 2010 to 3 Apr 2013: the BOJ encouraged the UOCR to remain at around 0 to 0.1%; from 19 Dec 2008 to 4 Oct 2010: the BOJ encouraged the UOCR to remain at around 0. %; from 31 Oct 2008 to 18 Dec 2008: the BOJ encouraged the UOCR to remain at around 0.3%; before 30 Oct 2008, refer to https://data.bis.org/topics/CBPOL",4,Bank of Japan,For details see: http://www.bis.org/statistics/cbpol/cbpol_doc.pdf  ; https://www.boj.or.jp/en/mopo/mpmdeci/mpr_1998/k980909c.htm ; https://www.boj.or.jp/en/mopo/mpmdeci/mpr_1999/k990212c.htm ; https://www.boj.or.jp/en/mopo/mpmdeci/mpr_2000/k000811.htm ; https://www.boj.or.jp/en/mopo/mpmdeci/mpr_2001/k010228a.htm ; https://www.boj.or.jp/en/mopo/mpmdeci/mpr_2006/k060309.htm ; https://www.boj.or.jp/en/mopo/mpmdeci/mpr_2006/k060714.pdf ; https://www.boj.or.jp/en/mopo/mpmdeci/mpr_2007/k070221.pdf ; https://www.boj.or.jp/en/mopo/mpmdeci/mpr_2008/k081031.pdf ; https://www.boj.or.jp/en/mopo/mpmdeci/mpr_2008/k081219.pdf ; https://www.boj.or.jp/en/mopo/mpmdeci/mpr_2010/k101005.pdf ; https://www.boj.or.jp/en/mopo/mpmdeci/mpr_2016/k160921a.pdf ; https://www.boj.or.jp/en/mopo/mpmdeci/mpr_2024/k240319a.pdf ; https://www.boj.or.jp/en/mopo/mpmdeci/mpr_2024/mpr240731c.pdf ; https://www.boj.or.jp/en/mopo/mpmdeci/mpr_2025/mpr250124a.pdf ; https://www.boj.or.jp/en/mopo/mpmdeci/mpr_2025/k251219a.pdf ; https://www.boj.or.jp/en/mopo/mpmdeci/mpr_2026/k260616a.pdf ; https://www.boj.or.jp/en/mopo/mpmdeci/mpr_2026/k260918a.pdf, Central bank policy rates - Japan - Monthly - End of period,2018-03,-0.1,A,F,
M,JP,368,0,,"From 24 Sep 2026: the BOJ encourages the uncollateralized overnight call rate to remain at around 1.25 percent; From 17 Jun 2026 to 23 Sep 2026: the BOJ encourages the uncollateralized overnight call rate to remain at around 1.00 percent; From 22 Dec 2025 to 16 Jun 2026: the BOJ encourages the uncollateralized overnight call rate to remain at around 0.75 percent; From 27 Jan 2025 to 21 Dec 2025: the BOJ encourages the uncollateralized overnight call rate to remain at around 0.50 percent; From 1 Aug 2024 to 26 Jan 2025: the BOJ encouraged the UOCR to remain at around 0.25% ; From 21 Mar 2024 to 31 July: the BOJ encouraged the UOCR to remain at around 0 to 0.1 %; from 21 Sep 2016 to 20 Mar 2024: the BOJ set the guideline for market operations which specifies a short-term policy interest rate at minus 0.1% and a target level of 10-year JGB yields at around 0%. Short-term policy interest rate; from 4 Apr 2013 to 20 Sep 2016: no policy rate; from 5 Oct 2010 to 3 Apr 2013: the BOJ encouraged the UOCR to remain at around 0 to 0.1%; from 19 Dec 2008 to 4 Oct 2010: the BOJ encouraged the UOCR to remain at around 0. %; from 31 Oct 2008 to 18 Dec 2008: the BOJ encouraged the UOCR to remain at around 0.3%; before 30 Oct 2008, refer to https://data.bis.org/topics/CBPOL",4,Bank of Japan,For details see: http://www.bis.org/statistics/cbpol/cbpol_doc.pdf  ; https://www.boj.or.jp/en/mopo/mpmdeci/mpr_1998/k980909c.htm ; https://www.boj.or.jp/en/mopo/mpmdeci/mpr_1999/k990212c.htm ; https://www.boj.or.jp/en/mopo/mpmdeci/mpr_2000/k000811.htm ; https://www.boj.or.jp/en/mopo/mpmdeci/mpr_2001/k010228a.htm ; https://www.boj.or.jp/en/mopo/mpmdeci/mpr_2006/k060309.htm ; https://www.boj.or.jp/en/mopo/mpmdeci/mpr_2006/k060714.pdf ; https://www.boj.or.jp/en/mopo/mpmdeci/mpr_2007/k070221.pdf ; https://www.boj.or.jp/en/mopo/mpmdeci/mpr_2008/k081031.pdf ; https://www.boj.or.jp/en/mopo/mpmdeci/mpr_2008/k081219.pdf ; https://www.boj.or.jp/en/mopo/mpmdeci/mpr_2010/k101005.pdf ; https://www.boj.or.jp/en/mopo/mpmdeci/mpr_2016/k160921a.pdf ; https://www.boj.or.jp/en/mopo/mpmdeci/mpr_2024/k240319a.pdf ; https://www.boj.or.jp/en/mopo/mpmdeci/mpr_2024/mpr240731c.pdf ; https://www.boj.or.jp/en/mopo/mpmdeci/mpr_2025/mpr250124a.pdf ; https://www.boj.or.jp/en/mopo/mpmdeci/mpr_2025/k251219a.pdf ; https://www.boj.or.jp/en/mopo/mpmdeci/mpr_2026/k260616a.pdf ; https://www.boj.or.jp/en/mopo/mpmdeci/mpr_2026/k260918a.pdf, Central bank policy rates - Japan - Monthly - End of period,2018-04,-0.1,A,F,
M,JP,368,0,,"From 24 Sep 2026: the BOJ encourages the uncollateralized overnight call rate to remain at around 1.25 percent; From 17 Jun 2026 to 23 Sep 2026: the BOJ encourages the uncollateralized overnight call rate to remain at around 1.00 percent; From 22 Dec 2025 to 16 Jun 2026: the BOJ encourages the uncollateralized overnight call rate to remain at around 0.75 percent; From 27 Jan 2025 to 21 Dec 2025: the BOJ encourages the uncollateralized overnight call rate to remain at around 0.50 percent; From 1 Aug 2024 to 26 Jan 2025: the BOJ encouraged the UOCR to remain at around 0.25% ; From 21 Mar 2024 to 31 July: the BOJ encouraged the UOCR to remain at around 0 to 0.1 %; from 21 Sep 2016 to 20 Mar 2024: the BOJ set the guideline for market operations which specifies a short-term policy interest rate at minus 0.1% and a target level of 10-year JGB yields at around 0%. Short-term policy interest rate; from 4 Apr 2013 to 20 Sep 2016: no policy rate; from 5 Oct 2010 to 3 Apr 2013: the BOJ encouraged the UOCR to remain at around 0 to 0.1%; from 19 Dec 2008 to 4 Oct 2010: the BOJ encouraged the UOCR to remain at around 0. %; from 31 Oct 2008 to 18 Dec 2008: the BOJ encouraged the UOCR to remain at around 0.3%; before 30 Oct 2008, refer to https://data.bis.org/topics/CBPOL",4,Bank of Japan,For details see: http://www.bis.org/statistics/cbpol/cbpol_doc.pdf  ; https://www.boj.or.jp/en/mopo/mpmdeci/mpr_1998/k980909c.htm ; https://www.boj.or.jp/en/mopo/mpmdeci/mpr_1999/k990212c.htm ; https://www.boj.or.jp/en/mopo/mpmdeci/mpr_2000/k000811.htm ; https://www.boj.or.jp/en/mopo/mpmdeci/mpr_2001/k010228a.htm ; https://www.boj.or.jp/en/mopo/mpmdeci/mpr_2006/k060309.htm ; https://www.boj.or.jp/en/mopo/mpmdeci/mpr_2006/k060714.pdf ; https://www.boj.or.jp/en/mopo/mpmdeci/mpr_2007/k070221.pdf ; https://www.boj.or.jp/en/mopo/mpmdeci/mpr_2008/k081031.pdf ; https://www.boj.or.jp/en/mopo/mpmdeci/mpr_2008/k081219.pdf ; https://www.boj.or.jp/en/mopo/mpmdeci/mpr_2010/k101005.pdf ; https://www.boj.or.jp/en/mopo/mpmdeci/mpr_2016/k160921a.pdf ; https://www.boj.or.jp/en/mopo/mpmdeci/mpr_2024/k240319a.pdf ; https://www.boj.or.jp/en/mopo/mpmdeci/mpr_2024/mpr240731c.pdf ; https://www.boj.or.jp/en/mopo/mpmdeci/mpr_2025/mpr250124a.pdf ; https://www.boj.or.jp/en/mopo/mpmdeci/mpr_2025/k251219a.pdf ; https://www.boj.or.jp/en/mopo/mpmdeci/mpr_2026/k260616a.pdf ; https://www.boj.or.jp/en/mopo/mpmdeci/mpr_2026/k260918a.pdf, Central bank policy rates - Japan - Monthly - End of period,2018-05,-0.1,A,F,
M,JP,368,0,,"From 24 Sep 2026: the BOJ encourages the uncollateralized overnight call rate to remain at around 1.25 percent; From 17 Jun 2026 to 23 Sep 2026: the BOJ encourages the uncollateralized overnight call rate to remain at around 1.00 percent; From 22 Dec 2025 to 16 Jun 2026: the BOJ encourages the uncollateralized overnight call rate to remain at around 0.75 percent; From 27 Jan 2025 to 21 Dec 2025: the BOJ encourages the uncollateralized overnight call rate to remain at around 0.50 percent; From 1 Aug 2024 to 26 Jan 2025: the BOJ encouraged the UOCR to remain at around 0.25% ; From 21 Mar 2024 to 31 July: the BOJ encouraged the UOCR to remain at around 0 to 0.1 %; from 21 Sep 2016 to 20 Mar 2024: the BOJ set the guideline for market operations which specifies a short-term policy interest rate at minus 0.1% and a target level of 10-year JGB yields at around 0%. Short-term policy interest rate; from 4 Apr 2013 to 20 Sep 2016: no policy rate; from 5 Oct 2010 to 3 Apr 2013: the BOJ encouraged the UOCR to remain at around 0 to 0.1%; from 19 Dec 2008 to 4 Oct 2010: the BOJ encouraged the UOCR to remain at around 0. %; from 31 Oct 2008 to 18 Dec 2008: the BOJ encouraged the UOCR to remain at around 0.3%; before 30 Oct 2008, refer to https://data.bis.org/topics/CBPOL",4,Bank of Japan,For details see: http://www.bis.org/statistics/cbpol/cbpol_doc.pdf  ; https://www.boj.or.jp/en/mopo/mpmdeci/mpr_1998/k980909c.htm ; https://www.boj.or.jp/en/mopo/mpmdeci/mpr_1999/k990212c.htm ; https://www.boj.or.jp/en/mopo/mpmdeci/mpr_2000/k000811.htm ; https://www.boj.or.jp/en/mopo/mpmdeci/mpr_2001/k010228a.htm ; https://www.boj.or.jp/en/mopo/mpmdeci/mpr_2006/k060309.htm ; https://www.boj.or.jp/en/mopo/mpmdeci/mpr_2006/k060714.pdf ; https://www.boj.or.jp/en/mopo/mpmdeci/mpr_2007/k070221.pdf ; https://www.boj.or.jp/en/mopo/mpmdeci/mpr_2008/k081031.pdf ; https://www.boj.or.jp/en/mopo/mpmdeci/mpr_2008/k081219.pdf ; https://www.boj.or.jp/en/mopo/mpmdeci/mpr_2010/k101005.pdf ; https://www.boj.or.jp/en/mopo/mpmdeci/mpr_2016/k160921a.pdf ; https://www.boj.or.jp/en/mopo/mpmdeci/mpr_2024/k240319a.pdf ; https://www.boj.or.jp/en/mopo/mpmdeci/mpr_2024/mpr240731c.pdf ; https://www.boj.or.jp/en/mopo/mpmdeci/mpr_2025/mpr250124a.pdf ; https://www.boj.or.jp/en/mopo/mpmdeci/mpr_2025/k251219a.pdf ; https://www.boj.or.jp/en/mopo/mpmdeci/mpr_2026/k260616a.pdf ; https://www.boj.or.jp/en/mopo/mpmdeci/mpr_2026/k260918a.pdf, Central bank policy rates - Japan - Monthly - End of period,2018-06,-0.1,A,F,
M,JP,368,0,,"From 24 Sep 2026: the BOJ encourages the uncollateralized overnight call rate to remain at around 1.25 percent; From 17 Jun 2026 to 23 Sep 2026: the BOJ encourages the uncollateralized overnight call rate to remain at around 1.00 percent; From 22 Dec 2025 to 16 Jun 2026: the BOJ encourages the uncollateralized overnight call rate to remain at around 0.75 percent; From 27 Jan 2025 to 21 Dec 2025: the BOJ encourages the uncollateralized overnight call rate to remain at around 0.50 percent; From 1 Aug 2024 to 26 Jan 2025: the BOJ encouraged the UOCR to remain at around 0.25% ; From 21 Mar 2024 to 31 July: the BOJ encouraged the UOCR to remain at around 0 to 0.1 %; from 21 Sep 2016 to 20 Mar 2024: the BOJ set the guideline for market operations which specifies a short-term policy interest rate at minus 0.1% and a target level of 10-year JGB yields at around 0%. Short-term policy interest rate; from 4 Apr 2013 to 20 Sep 2016: no policy rate; from 5 Oct 2010 to 3 Apr 2013: the BOJ encouraged the UOCR to remain at around 0 to 0.1%; from 19 Dec 2008 to 4 Oct 2010: the BOJ encouraged the UOCR to remain at around 0. %; from 31 Oct 2008 to 18 Dec 2008: the BOJ encouraged the UOCR to remain at around 0.3%; before 30 Oct 2008, refer to https://data.bis.org/topics/CBPOL",4,Bank of Japan,For details see: http://www.bis.org/statistics/cbpol/cbpol_doc.pdf  ; https://www.boj.or.jp/en/mopo/mpmdeci/mpr_1998/k980909c.htm ; https://www.boj.or.jp/en/mopo/mpmdeci/mpr_1999/k990212c.htm ; https://www.boj.or.jp/en/mopo/mpmdeci/mpr_2000/k000811.htm ; https://www.boj.or.jp/en/mopo/mpmdeci/mpr_2001/k010228a.htm ; https://www.boj.or.jp/en/mopo/mpmdeci/mpr_2006/k060309.htm ; https://www.boj.or.jp/en/mopo/mpmdeci/mpr_2006/k060714.pdf ; https://www.boj.or.jp/en/mopo/mpmdeci/mpr_2007/k070221.pdf ; https://www.boj.or.jp/en/mopo/mpmdeci/mpr_2008/k081031.pdf ; https://www.boj.or.jp/en/mopo/mpmdeci/mpr_2008/k081219.pdf ; https://www.boj.or.jp/en/mopo/mpmdeci/mpr_2010/k101005.pdf ; https://www.boj.or.jp/en/mopo/mpmdeci/mpr_2016/k160921a.pdf ; https://www.boj.or.jp/en/mopo/mpmdeci/mpr_2024/k240319a.pdf ; https://www.boj.or.jp/en/mopo/mpmdeci/mpr_2024/mpr240731c.pdf ; https://www.boj.or.jp/en/mopo/mpmdeci/mpr_2025/mpr250124a.pdf ; https://www.boj.or.jp/en/mopo/mpmdeci/mpr_2025/k251219a.pdf ; https://www.boj.or.jp/en/mopo/mpmdeci/mpr_2026/k260616a.pdf ; https://www.boj.or.jp/en/mopo/mpmdeci/mpr_2026/k260918a.pdf, Central bank policy rates - Japan - Monthly - End of period,2018-07,-0.1,A,F,
M,JP,368,0,,"From 24 Sep 2026: the BOJ encourages the uncollateralized overnight call rate to remain at around 1.25 percent; From 17 Jun 2026 to 23 Sep 2026: the BOJ encourages the uncollateralized overnight call rate to remain at around 1.00 percent; From 22 Dec 2025 to 16 Jun 2026: the BOJ encourages the uncollateralized overnight call rate to remain at around 0.75 percent; From 27 Jan 2025 to 21 Dec 2025: the BOJ encourages the uncollateralized overnight call rate to remain at around 0.50 percent; From 1 Aug 2024 to 26 Jan 2025: the BOJ encouraged the UOCR to remain at around 0.25% ; From 21 Mar 2024 to 31 July: the BOJ encouraged the UOCR to remain at around 0 to 0.1 %; from 21 Sep 2016 to 20 Mar 2024: the BOJ set the guideline for market operations which specifies a short-term policy interest rate at minus 0.1% and a target level of 10-year JGB yields at around 0%. Short-term policy interest rate; from 4 Apr 2013 to 20 Sep 2016: no policy rate; from 5 Oct 2010 to 3 Apr 2013: the BOJ encouraged the UOCR to remain at around 0 to 0.1%; from 19 Dec 2008 to 4 Oct 2010: the BOJ encouraged the UOCR to remain at around 0. %; from 31 Oct 2008 to 18 Dec 2008: the BOJ encouraged the UOCR to remain at around 0.3%; before 30 Oct 2008, refer to https://data.bis.org/topics/CBPOL",4,Bank of Japan,For details see: http://www.bis.org/statistics/cbpol/cbpol_doc.pdf  ; https://www.boj.or.jp/en/mopo/mpmdeci/mpr_1998/k980909c.htm ; https://www.boj.or.jp/en/mopo/mpmdeci/mpr_1999/k990212c.htm ; https://www.boj.or.jp/en/mopo/mpmdeci/mpr_2000/k000811.htm ; https://www.boj.or.jp/en/mopo/mpmdeci/mpr_2001/k010228a.htm ; https://www.boj.or.jp/en/mopo/mpmdeci/mpr_2006/k060309.htm ; https://www.boj.or.jp/en/mopo/mpmdeci/mpr_2006/k060714.pdf ; https://www.boj.or.jp/en/mopo/mpmdeci/mpr_2007/k070221.pdf ; https://www.boj.or.jp/en/mopo/mpmdeci/mpr_2008/k081031.pdf ; https://www.boj.or.jp/en/mopo/mpmdeci/mpr_2008/k081219.pdf ; https://www.boj.or.jp/en/mopo/mpmdeci/mpr_2010/k101005.pdf ; https://www.boj.or.jp/en/mopo/mpmdeci/mpr_2016/k160921a.pdf ; https://www.boj.or.jp/en/mopo/mpmdeci/mpr_2024/k240319a.pdf ; https://www.boj.or.jp/en/mopo/mpmdeci/mpr_2024/mpr240731c.pdf ; https://www.boj.or.jp/en/mopo/mpmdeci/mpr_2025/mpr250124a.pdf ; https://www.boj.or.jp/en/mopo/mpmdeci/mpr_2025/k251219a.pdf ; https://www.boj.or.jp/en/mopo/mpmdeci/mpr_2026/k260616a.pdf ; https://www.boj.or.jp/en/mopo/mpmdeci/mpr_2026/k260918a.pdf, Central bank policy rates - Japan - Monthly - End of period,2018-08,-0.1,A,F,
M,JP,368,0,,"From 24 Sep 2026: the BOJ encourages the uncollateralized overnight call rate to remain at around 1.25 percent; From 17 Jun 2026 to 23 Sep 2026: the BOJ encourages the uncollateralized overnight call rate to remain at around 1.00 percent; From 22 Dec 2025 to 16 Jun 2026: the BOJ encourages the uncollateralized overnight call rate to remain at around 0.75 percent; From 27 Jan 2025 to 21 Dec 2025: the BOJ encourages the uncollateralized overnight call rate to remain at around 0.50 percent; From 1 Aug 2024 to 26 Jan 2025: the BOJ encouraged the UOCR to remain at around 0.25% ; From 21 Mar 2024 to 31 July: the BOJ encouraged the UOCR to remain at around 0 to 0.1 %; from 21 Sep 2016 to 20 Mar 2024: the BOJ set the guideline for market operations which specifies a short-term policy interest rate at minus 0.1% and a target level of 10-year JGB yields at around 0%. Short-term policy interest rate; from 4 Apr 2013 to 20 Sep 2016: no policy rate; from 5 Oct 2010 to 3 Apr 2013: the BOJ encouraged the UOCR to remain at around 0 to 0.1%; from 19 Dec 2008 to 4 Oct 2010: the BOJ encouraged the UOCR to remain at around 0. %; from 31 Oct 2008 to 18 Dec 2008: the BOJ encouraged the UOCR to remain at around 0.3%; before 30 Oct 2008, refer to https://data.bis.org/topics/CBPOL",4,Bank of Japan,For details see: http://www.bis.org/statistics/cbpol/cbpol_doc.pdf  ; https://www.boj.or.jp/en/mopo/mpmdeci/mpr_1998/k980909c.htm ; https://www.boj.or.jp/en/mopo/mpmdeci/mpr_1999/k990212c.htm ; https://www.boj.or.jp/en/mopo/mpmdeci/mpr_2000/k000811.htm ; https://www.boj.or.jp/en/mopo/mpmdeci/mpr_2001/k010228a.htm ; https://www.boj.or.jp/en/mopo/mpmdeci/mpr_2006/k060309.htm ; https://www.boj.or.jp/en/mopo/mpmdeci/mpr_2006/k060714.pdf ; https://www.boj.or.jp/en/mopo/mpmdeci/mpr_2007/k070221.pdf ; https://www.boj.or.jp/en/mopo/mpmdeci/mpr_2008/k081031.pdf ; https://www.boj.or.jp/en/mopo/mpmdeci/mpr_2008/k081219.pdf ; https://www.boj.or.jp/en/mopo/mpmdeci/mpr_2010/k101005.pdf ; https://www.boj.or.jp/en/mopo/mpmdeci/mpr_2016/k160921a.pdf ; https://www.boj.or.jp/en/mopo/mpmdeci/mpr_2024/k240319a.pdf ; https://www.boj.or.jp/en/mopo/mpmdeci/mpr_2024/mpr240731c.pdf ; https://www.boj.or.jp/en/mopo/mpmdeci/mpr_2025/mpr250124a.pdf ; https://www.boj.or.jp/en/mopo/mpmdeci/mpr_2025/k251219a.pdf ; https://www.boj.or.jp/en/mopo/mpmdeci/mpr_2026/k260616a.pdf ; https://www.boj.or.jp/en/mopo/mpmdeci/mpr_2026/k260918a.pdf, Central bank policy rates - Japan - Monthly - End of period,2018-09,-0.1,A,F,
M,JP,368,0,,"From 24 Sep 2026: the BOJ encourages the uncollateralized overnight call rate to remain at around 1.25 percent; From 17 Jun 2026 to 23 Sep 2026: the BOJ encourages the uncollateralized overnight call rate to remain at around 1.00 percent; From 22 Dec 2025 to 16 Jun 2026: the BOJ encourages the uncollateralized overnight call rate to remain at around 0.75 percent; From 27 Jan 2025 to 21 Dec 2025: the BOJ encourages the uncollateralized overnight call rate to remain at around 0.50 percent; From 1 Aug 2024 to 26 Jan 2025: the BOJ encouraged the UOCR to remain at around 0.25% ; From 21 Mar 2024 to 31 July: the BOJ encouraged the UOCR to remain at around 0 to 0.1 %; from 21 Sep 2016 to 20 Mar 2024: the BOJ set the guideline for market operations which specifies a short-term policy interest rate at minus 0.1% and a target level of 10-year JGB yields at around 0%. Short-term policy interest rate; from 4 Apr 2013 to 20 Sep 2016: no policy rate; from 5 Oct 2010 to 3 Apr 2013: the BOJ encouraged the UOCR to remain at around 0 to 0.1%; from 19 Dec 2008 to 4 Oct 2010: the BOJ encouraged the UOCR to remain at around 0. %; from 31 Oct 2008 to 18 Dec 2008: the BOJ encouraged the UOCR to remain at around 0.3%; before 30 Oct 2008, refer to https://data.bis.org/topics/CBPOL",4,Bank of Japan,For details see: http://www.bis.org/statistics/cbpol/cbpol_doc.pdf  ; https://www.boj.or.jp/en/mopo/mpmdeci/mpr_1998/k980909c.htm ; https://www.boj.or.jp/en/mopo/mpmdeci/mpr_1999/k990212c.htm ; https://www.boj.or.jp/en/mopo/mpmdeci/mpr_2000/k000811.htm ; https://www.boj.or.jp/en/mopo/mpmdeci/mpr_2001/k010228a.htm ; https://www.boj.or.jp/en/mopo/mpmdeci/mpr_2006/k060309.htm ; https://www.boj.or.jp/en/mopo/mpmdeci/mpr_2006/k060714.pdf ; https://www.boj.or.jp/en/mopo/mpmdeci/mpr_2007/k070221.pdf ; https://www.boj.or.jp/en/mopo/mpmdeci/mpr_2008/k081031.pdf ; https://www.boj.or.jp/en/mopo/mpmdeci/mpr_2008/k081219.pdf ; https://www.boj.or.jp/en/mopo/mpmdeci/mpr_2010/k101005.pdf ; https://www.boj.or.jp/en/mopo/mpmdeci/mpr_2016/k160921a.pdf ; https://www.boj.or.jp/en/mopo/mpmdeci/mpr_2024/k240319a.pdf ; https://www.boj.or.jp/en/mopo/mpmdeci/mpr_2024/mpr240731c.pdf ; https://www.boj.or.jp/en/mopo/mpmdeci/mpr_2025/mpr250124a.pdf ; https://www.boj.or.jp/en/mopo/mpmdeci/mpr_2025/k251219a.pdf ; https://www.boj.or.jp/en/mopo/mpmdeci/mpr_2026/k260616a.pdf ; https://www.boj.or.jp/en/mopo/mpmdeci/mpr_2026/k260918a.pdf, Central bank policy rates - Japan - Monthly - End of period,2018-10,-0.1,A,F,
M,JP,368,0,,"From 24 Sep 2026: the BOJ encourages the uncollateralized overnight call rate to remain at around 1.25 percent; From 17 Jun 2026 to 23 Sep 2026: the BOJ encourages the uncollateralized overnight call rate to remain at around 1.00 percent; From 22 Dec 2025 to 16 Jun 2026: the BOJ encourages the uncollateralized overnight call rate to remain at around 0.75 percent; From 27 Jan 2025 to 21 Dec 2025: the BOJ encourages the uncollateralized overnight call rate to remain at around 0.50 percent; From 1 Aug 2024 to 26 Jan 2025: the BOJ encouraged the UOCR to remain at around 0.25% ; From 21 Mar 2024 to 31 July: the BOJ encouraged the UOCR to remain at around 0 to 0.1 %; from 21 Sep 2016 to 20 Mar 2024: the BOJ set the guideline for market operations which specifies a short-term policy interest rate at minus 0.1% and a target level of 10-year JGB yields at around 0%. Short-term policy interest rate; from 4 Apr 2013 to 20 Sep 2016: no policy rate; from 5 Oct 2010 to 3 Apr 2013: the BOJ encouraged the UOCR to remain at around 0 to 0.1%; from 19 Dec 2008 to 4 Oct 2010: the BOJ encouraged the UOCR to remain at around 0. %; from 31 Oct 2008 to 18 Dec 2008: the BOJ encouraged the UOCR to remain at around 0.3%; before 30 Oct 2008, refer to https://data.bis.org/topics/CBPOL",4,Bank of Japan,For details see: http://www.bis.org/statistics/cbpol/cbpol_doc.pdf  ; https://www.boj.or.jp/en/mopo/mpmdeci/mpr_1998/k980909c.htm ; https://www.boj.or.jp/en/mopo/mpmdeci/mpr_1999/k990212c.htm ; https://www.boj.or.jp/en/mopo/mpmdeci/mpr_2000/k000811.htm ; https://www.boj.or.jp/en/mopo/mpmdeci/mpr_2001/k010228a.htm ; https://www.boj.or.jp/en/mopo/mpmdeci/mpr_2006/k060309.htm ; https://www.boj.or.jp/en/mopo/mpmdeci/mpr_2006/k060714.pdf ; https://www.boj.or.jp/en/mopo/mpmdeci/mpr_2007/k070221.pdf ; https://www.boj.or.jp/en/mopo/mpmdeci/mpr_2008/k081031.pdf ; https://www.boj.or.jp/en/mopo/mpmdeci/mpr_2008/k081219.pdf ; https://www.boj.or.jp/en/mopo/mpmdeci/mpr_2010/k101005.pdf ; https://www.boj.or.jp/en/mopo/mpmdeci/mpr_2016/k160921a.pdf ; https://www.boj.or.jp/en/mopo/mpmdeci/mpr_2024/k240319a.pdf ; https://www.boj.or.jp/en/mopo/mpmdeci/mpr_2024/mpr240731c.pdf ; https://www.boj.or.jp/en/mopo/mpmdeci/mpr_2025/mpr250124a.pdf ; https://www.boj.or.jp/en/mopo/mpmdeci/mpr_2025/k251219a.pdf ; https://www.boj.or.jp/en/mopo/mpmdeci/mpr_2026/k260616a.pdf ; https://www.boj.or.jp/en/mopo/mpmdeci/mpr_2026/k260918a.pdf, Central bank policy rates - Japan - Monthly - End of period,2018-11,-0.1,A,F,
M,JP,368,0,,"From 24 Sep 2026: the BOJ encourages the uncollateralized overnight call rate to remain at around 1.25 percent; From 17 Jun 2026 to 23 Sep 2026: the BOJ encourages the uncollateralized overnight call rate to remain at around 1.00 percent; From 22 Dec 2025 to 16 Jun 2026: the BOJ encourages the uncollateralized overnight call rate to remain at around 0.75 percent; From 27 Jan 2025 to 21 Dec 2025: the BOJ encourages the uncollateralized overnight call rate to remain at around 0.50 percent; From 1 Aug 2024 to 26 Jan 2025: the BOJ encouraged the UOCR to remain at around 0.25% ; From 21 Mar 2024 to 31 July: the BOJ encouraged the UOCR to remain at around 0 to 0.1 %; from 21 Sep 2016 to 20 Mar 2024: the BOJ set the guideline for market operations which specifies a short-term policy interest rate at minus 0.1% and a target level of 10-year JGB yields at around 0%. Short-term policy interest rate; from 4 Apr 2013 to 20 Sep 2016: no policy rate; from 5 Oct 2010 to 3 Apr 2013: the BOJ encouraged the UOCR to remain at around 0 to 0.1%; from 19 Dec 2008 to 4 Oct 2010: the BOJ encouraged the UOCR to remain at around 0. %; from 31 Oct 2008 to 18 Dec 2008: the BOJ encouraged the UOCR to remain at around 0.3%; before 30 Oct 2008, refer to https://data.bis.org/topics/CBPOL",4,Bank of Japan,For details see: http://www.bis.org/statistics/cbpol/cbpol_doc.pdf  ; https://www.boj.or.jp/en/mopo/mpmdeci/mpr_1998/k980909c.htm ; https://www.boj.or.jp/en/mopo/mpmdeci/mpr_1999/k990212c.htm ; https://www.boj.or.jp/en/mopo/mpmdeci/mpr_2000/k000811.htm ; https://www.boj.or.jp/en/mopo/mpmdeci/mpr_2001/k010228a.htm ; https://www.boj.or.jp/en/mopo/mpmdeci/mpr_2006/k060309.htm ; https://www.boj.or.jp/en/mopo/mpmdeci/mpr_2006/k060714.pdf ; https://www.boj.or.jp/en/mopo/mpmdeci/mpr_2007/k070221.pdf ; https://www.boj.or.jp/en/mopo/mpmdeci/mpr_2008/k081031.pdf ; https://www.boj.or.jp/en/mopo/mpmdeci/mpr_2008/k081219.pdf ; https://www.boj.or.jp/en/mopo/mpmdeci/mpr_2010/k101005.pdf ; https://www.boj.or.jp/en/mopo/mpmdeci/mpr_2016/k160921a.pdf ; https://www.boj.or.jp/en/mopo/mpmdeci/mpr_2024/k240319a.pdf ; https://www.boj.or.jp/en/mopo/mpmdeci/mpr_2024/mpr240731c.pdf ; https://www.boj.or.jp/en/mopo/mpmdeci/mpr_2025/mpr250124a.pdf ; https://www.boj.or.jp/en/mopo/mpmdeci/mpr_2025/k251219a.pdf ; https://www.boj.or.jp/en/mopo/mpmdeci/mpr_2026/k260616a.pdf ; https://www.boj.or.jp/en/mopo/mpmdeci/mpr_2026/k260918a.pdf, Central bank policy rates - Japan - Monthly - End of period,2018-12,-0.1,A,F,
M,JP,368,0,,"From 24 Sep 2026: the BOJ encourages the uncollateralized overnight call rate to remain at around 1.25 percent; From 17 Jun 2026 to 23 Sep 2026: the BOJ encourages the uncollateralized overnight call rate to remain at around 1.00 percent; From 22 Dec 2025 to 16 Jun 2026: the BOJ encourages the uncollateralized overnight call rate to remain at around 0.75 percent; From 27 Jan 2025 to 21 Dec 2025: the BOJ encourages the uncollateralized overnight call rate to remain at around 0.50 percent; From 1 Aug 2024 to 26 Jan 2025: the BOJ encouraged the UOCR to remain at around 0.25% ; From 21 Mar 2024 to 31 July: the BOJ encouraged the UOCR to remain at around 0 to 0.1 %; from 21 Sep 2016 to 20 Mar 2024: the BOJ set the guideline for market operations which specifies a short-term policy interest rate at minus 0.1% and a target level of 10-year JGB yields at around 0%. Short-term policy interest rate; from 4 Apr 2013 to 20 Sep 2016: no policy rate; from 5 Oct 2010 to 3 Apr 2013: the BOJ encouraged the UOCR to remain at around 0 to 0.1%; from 19 Dec 2008 to 4 Oct 2010: the BOJ encouraged the UOCR to remain at around 0. %; from 31 Oct 2008 to 18 Dec 2008: the BOJ encouraged the UOCR to remain at around 0.3%; before 30 Oct 2008, refer to https://data.bis.org/topics/CBPOL",4,Bank of Japan,For details see: http://www.bis.org/statistics/cbpol/cbpol_doc.pdf  ; https://www.boj.or.jp/en/mopo/mpmdeci/mpr_1998/k980909c.htm ; https://www.boj.or.jp/en/mopo/mpmdeci/mpr_1999/k990212c.htm ; https://www.boj.or.jp/en/mopo/mpmdeci/mpr_2000/k000811.htm ; https://www.boj.or.jp/en/mopo/mpmdeci/mpr_2001/k010228a.htm ; https://www.boj.or.jp/en/mopo/mpmdeci/mpr_2006/k060309.htm ; https://www.boj.or.jp/en/mopo/mpmdeci/mpr_2006/k060714.pdf ; https://www.boj.or.jp/en/mopo/mpmdeci/mpr_2007/k070221.pdf ; https://www.boj.or.jp/en/mopo/mpmdeci/mpr_2008/k081031.pdf ; https://www.boj.or.jp/en/mopo/mpmdeci/mpr_2008/k081219.pdf ; https://www.boj.or.jp/en/mopo/mpmdeci/mpr_2010/k101005.pdf ; https://www.boj.or.jp/en/mopo/mpmdeci/mpr_2016/k160921a.pdf ; https://www.boj.or.jp/en/mopo/mpmdeci/mpr_2024/k240319a.pdf ; https://www.boj.or.jp/en/mopo/mpmdeci/mpr_2024/mpr240731c.pdf ; https://www.boj.or.jp/en/mopo/mpmdeci/mpr_2025/mpr250124a.pdf ; https://www.boj.or.jp/en/mopo/mpmdeci/mpr_2025/k251219a.pdf ; https://www.boj.or.jp/en/mopo/mpmdeci/mpr_2026/k260616a.pdf ; https://www.boj.or.jp/en/mopo/mpmdeci/mpr_2026/k260918a.pdf, Central bank policy rates - Japan - Monthly - End of period,2019-01,-0.1,A,F,
M,JP,368,0,,"From 24 Sep 2026: the BOJ encourages the uncollateralized overnight call rate to remain at around 1.25 percent; From 17 Jun 2026 to 23 Sep 2026: the BOJ encourages the uncollateralized overnight call rate to remain at around 1.00 percent; From 22 Dec 2025 to 16 Jun 2026: the BOJ encourages the uncollateralized overnight call rate to remain at around 0.75 percent; From 27 Jan 2025 to 21 Dec 2025: the BOJ encourages the uncollateralized overnight call rate to remain at around 0.50 percent; From 1 Aug 2024 to 26 Jan 2025: the BOJ encouraged the UOCR to remain at around 0.25% ; From 21 Mar 2024 to 31 July: the BOJ encouraged the UOCR to remain at around 0 to 0.1 %; from 21 Sep 2016 to 20 Mar 2024: the BOJ set the guideline for market operations which specifies a short-term policy interest rate at minus 0.1% and a target level of 10-year JGB yields at around 0%. Short-term policy interest rate; from 4 Apr 2013 to 20 Sep 2016: no policy rate; from 5 Oct 2010 to 3 Apr 2013: the BOJ encouraged the UOCR to remain at around 0 to 0.1%; from 19 Dec 2008 to 4 Oct 2010: the BOJ encouraged the UOCR to remain at around 0. %; from 31 Oct 2008 to 18 Dec 2008: the BOJ encouraged the UOCR to remain at around 0.3%; before 30 Oct 2008, refer to https://data.bis.org/topics/CBPOL",4,Bank of Japan,For details see: http://www.bis.org/statistics/cbpol/cbpol_doc.pdf  ; https://www.boj.or.jp/en/mopo/mpmdeci/mpr_1998/k980909c.htm ; https://www.boj.or.jp/en/mopo/mpmdeci/mpr_1999/k990212c.htm ; https://www.boj.or.jp/en/mopo/mpmdeci/mpr_2000/k000811.htm ; https://www.boj.or.jp/en/mopo/mpmdeci/mpr_2001/k010228a.htm ; https://www.boj.or.jp/en/mopo/mpmdeci/mpr_2006/k060309.htm ; https://www.boj.or.jp/en/mopo/mpmdeci/mpr_2006/k060714.pdf ; https://www.boj.or.jp/en/mopo/mpmdeci/mpr_2007/k070221.pdf ; https://www.boj.or.jp/en/mopo/mpmdeci/mpr_2008/k081031.pdf ; https://www.boj.or.jp/en/mopo/mpmdeci/mpr_2008/k081219.pdf ; https://www.boj.or.jp/en/mopo/mpmdeci/mpr_2010/k101005.pdf ; https://www.boj.or.jp/en/mopo/mpmdeci/mpr_2016/k160921a.pdf ; https://www.boj.or.jp/en/mopo/mpmdeci/mpr_2024/k240319a.pdf ; https://www.boj.or.jp/en/mopo/mpmdeci/mpr_2024/mpr240731c.pdf ; https://www.boj.or.jp/en/mopo/mpmdeci/mpr_2025/mpr250124a.pdf ; https://www.boj.or.jp/en/mopo/mpmdeci/mpr_2025/k251219a.pdf ; https://www.boj.or.jp/en/mopo/mpmdeci/mpr_2026/k260616a.pdf ; https://www.boj.or.jp/en/mopo/mpmdeci/mpr_2026/k260918a.pdf, Central bank policy rates - Japan - Monthly - End of period,2019-02,-0.1,A,F,
M,JP,368,0,,"From 24 Sep 2026: the BOJ encourages the uncollateralized overnight call rate to remain at around 1.25 percent; From 17 Jun 2026 to 23 Sep 2026: the BOJ encourages the uncollateralized overnight call rate to remain at around 1.00 percent; From 22 Dec 2025 to 16 Jun 2026: the BOJ encourages the uncollateralized overnight call rate to remain at around 0.75 percent; From 27 Jan 2025 to 21 Dec 2025: the BOJ encourages the uncollateralized overnight call rate to remain at around 0.50 percent; From 1 Aug 2024 to 26 Jan 2025: the BOJ encouraged the UOCR to remain at around 0.25% ; From 21 Mar 2024 to 31 July: the BOJ encouraged the UOCR to remain at around 0 to 0.1 %; from 21 Sep 2016 to 20 Mar 2024: the BOJ set the guideline for market operations which specifies a short-term policy interest rate at minus 0.1% and a target level of 10-year JGB yields at around 0%. Short-term policy interest rate; from 4 Apr 2013 to 20 Sep 2016: no policy rate; from 5 Oct 2010 to 3 Apr 2013: the BOJ encouraged the UOCR to remain at around 0 to 0.1%; from 19 Dec 2008 to 4 Oct 2010: the BOJ encouraged the UOCR to remain at around 0. %; from 31 Oct 2008 to 18 Dec 2008: the BOJ encouraged the UOCR to remain at around 0.3%; before 30 Oct 2008, refer to https://data.bis.org/topics/CBPOL",4,Bank of Japan,For details see: http://www.bis.org/statistics/cbpol/cbpol_doc.pdf  ; https://www.boj.or.jp/en/mopo/mpmdeci/mpr_1998/k980909c.htm ; https://www.boj.or.jp/en/mopo/mpmdeci/mpr_1999/k990212c.htm ; https://www.boj.or.jp/en/mopo/mpmdeci/mpr_2000/k000811.htm ; https://www.boj.or.jp/en/mopo/mpmdeci/mpr_2001/k010228a.htm ; https://www.boj.or.jp/en/mopo/mpmdeci/mpr_2006/k060309.htm ; https://www.boj.or.jp/en/mopo/mpmdeci/mpr_2006/k060714.pdf ; https://www.boj.or.jp/en/mopo/mpmdeci/mpr_2007/k070221.pdf ; https://www.boj.or.jp/en/mopo/mpmdeci/mpr_2008/k081031.pdf ; https://www.boj.or.jp/en/mopo/mpmdeci/mpr_2008/k081219.pdf ; https://www.boj.or.jp/en/mopo/mpmdeci/mpr_2010/k101005.pdf ; https://www.boj.or.jp/en/mopo/mpmdeci/mpr_2016/k160921a.pdf ; https://www.boj.or.jp/en/mopo/mpmdeci/mpr_2024/k240319a.pdf ; https://www.boj.or.jp/en/mopo/mpmdeci/mpr_2024/mpr240731c.pdf ; https://www.boj.or.jp/en/mopo/mpmdeci/mpr_2025/mpr250124a.pdf ; https://www.boj.or.jp/en/mopo/mpmdeci/mpr_2025/k251219a.pdf ; https://www.boj.or.jp/en/mopo/mpmdeci/mpr_2026/k260616a.pdf ; https://www.boj.or.jp/en/mopo/mpmdeci/mpr_2026/k260918a.pdf, Central bank policy rates - Japan - Monthly - End of period,2019-03,-0.1,A,F,
M,JP,368,0,,"From 24 Sep 2026: the BOJ encourages the uncollateralized overnight call rate to remain at around 1.25 percent; From 17 Jun 2026 to 23 Sep 2026: the BOJ encourages the uncollateralized overnight call rate to remain at around 1.00 percent; From 22 Dec 2025 to 16 Jun 2026: the BOJ encourages the uncollateralized overnight call rate to remain at around 0.75 percent; From 27 Jan 2025 to 21 Dec 2025: the BOJ encourages the uncollateralized overnight call rate to remain at around 0.50 percent; From 1 Aug 2024 to 26 Jan 2025: the BOJ encouraged the UOCR to remain at around 0.25% ; From 21 Mar 2024 to 31 July: the BOJ encouraged the UOCR to remain at around 0 to 0.1 %; from 21 Sep 2016 to 20 Mar 2024: the BOJ set the guideline for market operations which specifies a short-term policy interest rate at minus 0.1% and a target level of 10-year JGB yields at around 0%. Short-term policy interest rate; from 4 Apr 2013 to 20 Sep 2016: no policy rate; from 5 Oct 2010 to 3 Apr 2013: the BOJ encouraged the UOCR to remain at around 0 to 0.1%; from 19 Dec 2008 to 4 Oct 2010: the BOJ encouraged the UOCR to remain at around 0. %; from 31 Oct 2008 to 18 Dec 2008: the BOJ encouraged the UOCR to remain at around 0.3%; before 30 Oct 2008, refer to https://data.bis.org/topics/CBPOL",4,Bank of Japan,For details see: http://www.bis.org/statistics/cbpol/cbpol_doc.pdf  ; https://www.boj.or.jp/en/mopo/mpmdeci/mpr_1998/k980909c.htm ; https://www.boj.or.jp/en/mopo/mpmdeci/mpr_1999/k990212c.htm ; https://www.boj.or.jp/en/mopo/mpmdeci/mpr_2000/k000811.htm ; https://www.boj.or.jp/en/mopo/mpmdeci/mpr_2001/k010228a.htm ; https://www.boj.or.jp/en/mopo/mpmdeci/mpr_2006/k060309.htm ; https://www.boj.or.jp/en/mopo/mpmdeci/mpr_2006/k060714.pdf ; https://www.boj.or.jp/en/mopo/mpmdeci/mpr_2007/k070221.pdf ; https://www.boj.or.jp/en/mopo/mpmdeci/mpr_2008/k081031.pdf ; https://www.boj.or.jp/en/mopo/mpmdeci/mpr_2008/k081219.pdf ; https://www.boj.or.jp/en/mopo/mpmdeci/mpr_2010/k101005.pdf ; https://www.boj.or.jp/en/mopo/mpmdeci/mpr_2016/k160921a.pdf ; https://www.boj.or.jp/en/mopo/mpmdeci/mpr_2024/k240319a.pdf ; https://www.boj.or.jp/en/mopo/mpmdeci/mpr_2024/mpr240731c.pdf ; https://www.boj.or.jp/en/mopo/mpmdeci/mpr_2025/mpr250124a.pdf ; https://www.boj.or.jp/en/mopo/mpmdeci/mpr_2025/k251219a.pdf ; https://www.boj.or.jp/en/mopo/mpmdeci/mpr_2026/k260616a.pdf ; https://www.boj.or.jp/en/mopo/mpmdeci/mpr_2026/k260918a.pdf, Central bank policy rates - Japan - Monthly - End of period,2019-04,-0.1,A,F,
M,JP,368,0,,"From 24 Sep 2026: the BOJ encourages the uncollateralized overnight call rate to remain at around 1.25 percent; From 17 Jun 2026 to 23 Sep 2026: the BOJ encourages the uncollateralized overnight call rate to remain at around 1.00 percent; From 22 Dec 2025 to 16 Jun 2026: the BOJ encourages the uncollateralized overnight call rate to remain at around 0.75 percent; From 27 Jan 2025 to 21 Dec 2025: the BOJ encourages the uncollateralized overnight call rate to remain at around 0.50 percent; From 1 Aug 2024 to 26 Jan 2025: the BOJ encouraged the UOCR to remain at around 0.25% ; From 21 Mar 2024 to 31 July: the BOJ encouraged the UOCR to remain at around 0 to 0.1 %; from 21 Sep 2016 to 20 Mar 2024: the BOJ set the guideline for market operations which specifies a short-term policy interest rate at minus 0.1% and a target level of 10-year JGB yields at around 0%. Short-term policy interest rate; from 4 Apr 2013 to 20 Sep 2016: no policy rate; from 5 Oct 2010 to 3 Apr 2013: the BOJ encouraged the UOCR to remain at around 0 to 0.1%; from 19 Dec 2008 to 4 Oct 2010: the BOJ encouraged the UOCR to remain at around 0. %; from 31 Oct 2008 to 18 Dec 2008: the BOJ encouraged the UOCR to remain at around 0.3%; before 30 Oct 2008, refer to https://data.bis.org/topics/CBPOL",4,Bank of Japan,For details see: http://www.bis.org/statistics/cbpol/cbpol_doc.pdf  ; https://www.boj.or.jp/en/mopo/mpmdeci/mpr_1998/k980909c.htm ; https://www.boj.or.jp/en/mopo/mpmdeci/mpr_1999/k990212c.htm ; https://www.boj.or.jp/en/mopo/mpmdeci/mpr_2000/k000811.htm ; https://www.boj.or.jp/en/mopo/mpmdeci/mpr_2001/k010228a.htm ; https://www.boj.or.jp/en/mopo/mpmdeci/mpr_2006/k060309.htm ; https://www.boj.or.jp/en/mopo/mpmdeci/mpr_2006/k060714.pdf ; https://www.boj.or.jp/en/mopo/mpmdeci/mpr_2007/k070221.pdf ; https://www.boj.or.jp/en/mopo/mpmdeci/mpr_2008/k081031.pdf ; https://www.boj.or.jp/en/mopo/mpmdeci/mpr_2008/k081219.pdf ; https://www.boj.or.jp/en/mopo/mpmdeci/mpr_2010/k101005.pdf ; https://www.boj.or.jp/en/mopo/mpmdeci/mpr_2016/k160921a.pdf ; https://www.boj.or.jp/en/mopo/mpmdeci/mpr_2024/k240319a.pdf ; https://www.boj.or.jp/en/mopo/mpmdeci/mpr_2024/mpr240731c.pdf ; https://www.boj.or.jp/en/mopo/mpmdeci/mpr_2025/mpr250124a.pdf ; https://www.boj.or.jp/en/mopo/mpmdeci/mpr_2025/k251219a.pdf ; https://www.boj.or.jp/en/mopo/mpmdeci/mpr_2026/k260616a.pdf ; https://www.boj.or.jp/en/mopo/mpmdeci/mpr_2026/k260918a.pdf, Central bank policy rates - Japan - Monthly - End of period,2019-05,-0.1,A,F,
M,JP,368,0,,"From 24 Sep 2026: the BOJ encourages the uncollateralized overnight call rate to remain at around 1.25 percent; From 17 Jun 2026 to 23 Sep 2026: the BOJ encourages the uncollateralized overnight call rate to remain at around 1.00 percent; From 22 Dec 2025 to 16 Jun 2026: the BOJ encourages the uncollateralized overnight call rate to remain at around 0.75 percent; From 27 Jan 2025 to 21 Dec 2025: the BOJ encourages the uncollateralized overnight call rate to remain at around 0.50 percent; From 1 Aug 2024 to 26 Jan 2025: the BOJ encouraged the UOCR to remain at around 0.25% ; From 21 Mar 2024 to 31 July: the BOJ encouraged the UOCR to remain at around 0 to 0.1 %; from 21 Sep 2016 to 20 Mar 2024: the BOJ set the guideline for market operations which specifies a short-term policy interest rate at minus 0.1% and a target level of 10-year JGB yields at around 0%. Short-term policy interest rate; from 4 Apr 2013 to 20 Sep 2016: no policy rate; from 5 Oct 2010 to 3 Apr 2013: the BOJ encouraged the UOCR to remain at around 0 to 0.1%; from 19 Dec 2008 to 4 Oct 2010: the BOJ encouraged the UOCR to remain at around 0. %; from 31 Oct 2008 to 18 Dec 2008: the BOJ encouraged the UOCR to remain at around 0.3%; before 30 Oct 2008, refer to https://data.bis.org/topics/CBPOL",4,Bank of Japan,For details see: http://www.bis.org/statistics/cbpol/cbpol_doc.pdf  ; https://www.boj.or.jp/en/mopo/mpmdeci/mpr_1998/k980909c.htm ; https://www.boj.or.jp/en/mopo/mpmdeci/mpr_1999/k990212c.htm ; https://www.boj.or.jp/en/mopo/mpmdeci/mpr_2000/k000811.htm ; https://www.boj.or.jp/en/mopo/mpmdeci/mpr_2001/k010228a.htm ; https://www.boj.or.jp/en/mopo/mpmdeci/mpr_2006/k060309.htm ; https://www.boj.or.jp/en/mopo/mpmdeci/mpr_2006/k060714.pdf ; https://www.boj.or.jp/en/mopo/mpmdeci/mpr_2007/k070221.pdf ; https://www.boj.or.jp/en/mopo/mpmdeci/mpr_2008/k081031.pdf ; https://www.boj.or.jp/en/mopo/mpmdeci/mpr_2008/k081219.pdf ; https://www.boj.or.jp/en/mopo/mpmdeci/mpr_2010/k101005.pdf ; https://www.boj.or.jp/en/mopo/mpmdeci/mpr_2016/k160921a.pdf ; https://www.boj.or.jp/en/mopo/mpmdeci/mpr_2024/k240319a.pdf ; https://www.boj.or.jp/en/mopo/mpmdeci/mpr_2024/mpr240731c.pdf ; https://www.boj.or.jp/en/mopo/mpmdeci/mpr_2025/mpr250124a.pdf ; https://www.boj.or.jp/en/mopo/mpmdeci/mpr_2025/k251219a.pdf ; https://www.boj.or.jp/en/mopo/mpmdeci/mpr_2026/k260616a.pdf ; https://www.boj.or.jp/en/mopo/mpmdeci/mpr_2026/k260918a.pdf, Central bank policy rates - Japan - Monthly - End of period,2019-06,-0.1,A,F,
M,JP,368,0,,"From 24 Sep 2026: the BOJ encourages the uncollateralized overnight call rate to remain at around 1.25 percent; From 17 Jun 2026 to 23 Sep 2026: the BOJ encourages the uncollateralized overnight call rate to remain at around 1.00 percent; From 22 Dec 2025 to 16 Jun 2026: the BOJ encourages the uncollateralized overnight call rate to remain at around 0.75 percent; From 27 Jan 2025 to 21 Dec 2025: the BOJ encourages the uncollateralized overnight call rate to remain at around 0.50 percent; From 1 Aug 2024 to 26 Jan 2025: the BOJ encouraged the UOCR to remain at around 0.25% ; From 21 Mar 2024 to 31 July: the BOJ encouraged the UOCR to remain at around 0 to 0.1 %; from 21 Sep 2016 to 20 Mar 2024: the BOJ set the guideline for market operations which specifies a short-term policy interest rate at minus 0.1% and a target level of 10-year JGB yields at around 0%. Short-term policy interest rate; from 4 Apr 2013 to 20 Sep 2016: no policy rate; from 5 Oct 2010 to 3 Apr 2013: the BOJ encouraged the UOCR to remain at around 0 to 0.1%; from 19 Dec 2008 to 4 Oct 2010: the BOJ encouraged the UOCR to remain at around 0. %; from 31 Oct 2008 to 18 Dec 2008: the BOJ encouraged the UOCR to remain at around 0.3%; before 30 Oct 2008, refer to https://data.bis.org/topics/CBPOL",4,Bank of Japan,For details see: http://www.bis.org/statistics/cbpol/cbpol_doc.pdf  ; https://www.boj.or.jp/en/mopo/mpmdeci/mpr_1998/k980909c.htm ; https://www.boj.or.jp/en/mopo/mpmdeci/mpr_1999/k990212c.htm ; https://www.boj.or.jp/en/mopo/mpmdeci/mpr_2000/k000811.htm ; https://www.boj.or.jp/en/mopo/mpmdeci/mpr_2001/k010228a.htm ; https://www.boj.or.jp/en/mopo/mpmdeci/mpr_2006/k060309.htm ; https://www.boj.or.jp/en/mopo/mpmdeci/mpr_2006/k060714.pdf ; https://www.boj.or.jp/en/mopo/mpmdeci/mpr_2007/k070221.pdf ; https://www.boj.or.jp/en/mopo/mpmdeci/mpr_2008/k081031.pdf ; https://www.boj.or.jp/en/mopo/mpmdeci/mpr_2008/k081219.pdf ; https://www.boj.or.jp/en/mopo/mpmdeci/mpr_2010/k101005.pdf ; https://www.boj.or.jp/en/mopo/mpmdeci/mpr_2016/k160921a.pdf ; https://www.boj.or.jp/en/mopo/mpmdeci/mpr_2024/k240319a.pdf ; https://www.boj.or.jp/en/mopo/mpmdeci/mpr_2024/mpr240731c.pdf ; https://www.boj.or.jp/en/mopo/mpmdeci/mpr_2025/mpr250124a.pdf ; https://www.boj.or.jp/en/mopo/mpmdeci/mpr_2025/k251219a.pdf ; https://www.boj.or.jp/en/mopo/mpmdeci/mpr_2026/k260616a.pdf ; https://www.boj.or.jp/en/mopo/mpmdeci/mpr_2026/k260918a.pdf, Central bank policy rates - Japan - Monthly - End of period,2019-07,-0.1,A,F,
M,JP,368,0,,"From 24 Sep 2026: the BOJ encourages the uncollateralized overnight call rate to remain at around 1.25 percent; From 17 Jun 2026 to 23 Sep 2026: the BOJ encourages the uncollateralized overnight call rate to remain at around 1.00 percent; From 22 Dec 2025 to 16 Jun 2026: the BOJ encourages the uncollateralized overnight call rate to remain at around 0.75 percent; From 27 Jan 2025 to 21 Dec 2025: the BOJ encourages the uncollateralized overnight call rate to remain at around 0.50 percent; From 1 Aug 2024 to 26 Jan 2025: the BOJ encouraged the UOCR to remain at around 0.25% ; From 21 Mar 2024 to 31 July: the BOJ encouraged the UOCR to remain at around 0 to 0.1 %; from 21 Sep 2016 to 20 Mar 2024: the BOJ set the guideline for market operations which specifies a short-term policy interest rate at minus 0.1% and a target level of 10-year JGB yields at around 0%. Short-term policy interest rate; from 4 Apr 2013 to 20 Sep 2016: no policy rate; from 5 Oct 2010 to 3 Apr 2013: the BOJ encouraged the UOCR to remain at around 0 to 0.1%; from 19 Dec 2008 to 4 Oct 2010: the BOJ encouraged the UOCR to remain at around 0. %; from 31 Oct 2008 to 18 Dec 2008: the BOJ encouraged the UOCR to remain at around 0.3%; before 30 Oct 2008, refer to https://data.bis.org/topics/CBPOL",4,Bank of Japan,For details see: http://www.bis.org/statistics/cbpol/cbpol_doc.pdf  ; https://www.boj.or.jp/en/mopo/mpmdeci/mpr_1998/k980909c.htm ; https://www.boj.or.jp/en/mopo/mpmdeci/mpr_1999/k990212c.htm ; https://www.boj.or.jp/en/mopo/mpmdeci/mpr_2000/k000811.htm ; https://www.boj.or.jp/en/mopo/mpmdeci/mpr_2001/k010228a.htm ; https://www.boj.or.jp/en/mopo/mpmdeci/mpr_2006/k060309.htm ; https://www.boj.or.jp/en/mopo/mpmdeci/mpr_2006/k060714.pdf ; https://www.boj.or.jp/en/mopo/mpmdeci/mpr_2007/k070221.pdf ; https://www.boj.or.jp/en/mopo/mpmdeci/mpr_2008/k081031.pdf ; https://www.boj.or.jp/en/mopo/mpmdeci/mpr_2008/k081219.pdf ; https://www.boj.or.jp/en/mopo/mpmdeci/mpr_2010/k101005.pdf ; https://www.boj.or.jp/en/mopo/mpmdeci/mpr_2016/k160921a.pdf ; https://www.boj.or.jp/en/mopo/mpmdeci/mpr_2024/k240319a.pdf ; https://www.boj.or.jp/en/mopo/mpmdeci/mpr_2024/mpr240731c.pdf ; https://www.boj.or.jp/en/mopo/mpmdeci/mpr_2025/mpr250124a.pdf ; https://www.boj.or.jp/en/mopo/mpmdeci/mpr_2025/k251219a.pdf ; https://www.boj.or.jp/en/mopo/mpmdeci/mpr_2026/k260616a.pdf ; https://www.boj.or.jp/en/mopo/mpmdeci/mpr_2026/k260918a.pdf, Central bank policy rates - Japan - Monthly - End of period,2019-08,-0.1,A,F,
M,JP,368,0,,"From 24 Sep 2026: the BOJ encourages the uncollateralized overnight call rate to remain at around 1.25 percent; From 17 Jun 2026 to 23 Sep 2026: the BOJ encourages the uncollateralized overnight call rate to remain at around 1.00 percent; From 22 Dec 2025 to 16 Jun 2026: the BOJ encourages the uncollateralized overnight call rate to remain at around 0.75 percent; From 27 Jan 2025 to 21 Dec 2025: the BOJ encourages the uncollateralized overnight call rate to remain at around 0.50 percent; From 1 Aug 2024 to 26 Jan 2025: the BOJ encouraged the UOCR to remain at around 0.25% ; From 21 Mar 2024 to 31 July: the BOJ encouraged the UOCR to remain at around 0 to 0.1 %; from 21 Sep 2016 to 20 Mar 2024: the BOJ set the guideline for market operations which specifies a short-term policy interest rate at minus 0.1% and a target level of 10-year JGB yields at around 0%. Short-term policy interest rate; from 4 Apr 2013 to 20 Sep 2016: no policy rate; from 5 Oct 2010 to 3 Apr 2013: the BOJ encouraged the UOCR to remain at around 0 to 0.1%; from 19 Dec 2008 to 4 Oct 2010: the BOJ encouraged the UOCR to remain at around 0. %; from 31 Oct 2008 to 18 Dec 2008: the BOJ encouraged the UOCR to remain at around 0.3%; before 30 Oct 2008, refer to https://data.bis.org/topics/CBPOL",4,Bank of Japan,For details see: http://www.bis.org/statistics/cbpol/cbpol_doc.pdf  ; https://www.boj.or.jp/en/mopo/mpmdeci/mpr_1998/k980909c.htm ; https://www.boj.or.jp/en/mopo/mpmdeci/mpr_1999/k990212c.htm ; https://www.boj.or.jp/en/mopo/mpmdeci/mpr_2000/k000811.htm ; https://www.boj.or.jp/en/mopo/mpmdeci/mpr_2001/k010228a.htm ; https://www.boj.or.jp/en/mopo/mpmdeci/mpr_2006/k060309.htm ; https://www.boj.or.jp/en/mopo/mpmdeci/mpr_2006/k060714.pdf ; https://www.boj.or.jp/en/mopo/mpmdeci/mpr_2007/k070221.pdf ; https://www.boj.or.jp/en/mopo/mpmdeci/mpr_2008/k081031.pdf ; https://www.boj.or.jp/en/mopo/mpmdeci/mpr_2008/k081219.pdf ; https://www.boj.or.jp/en/mopo/mpmdeci/mpr_2010/k101005.pdf ; https://www.boj.or.jp/en/mopo/mpmdeci/mpr_2016/k160921a.pdf ; https://www.boj.or.jp/en/mopo/mpmdeci/mpr_2024/k240319a.pdf ; https://www.boj.or.jp/en/mopo/mpmdeci/mpr_2024/mpr240731c.pdf ; https://www.boj.or.jp/en/mopo/mpmdeci/mpr_2025/mpr250124a.pdf ; https://www.boj.or.jp/en/mopo/mpmdeci/mpr_2025/k251219a.pdf ; https://www.boj.or.jp/en/mopo/mpmdeci/mpr_2026/k260616a.pdf ; https://www.boj.or.jp/en/mopo/mpmdeci/mpr_2026/k260918a.pdf, Central bank policy rates - Japan - Monthly - End of period,2019-09,-0.1,A,F,
M,JP,368,0,,"From 24 Sep 2026: the BOJ encourages the uncollateralized overnight call rate to remain at around 1.25 percent; From 17 Jun 2026 to 23 Sep 2026: the BOJ encourages the uncollateralized overnight call rate to remain at around 1.00 percent; From 22 Dec 2025 to 16 Jun 2026: the BOJ encourages the uncollateralized overnight call rate to remain at around 0.75 percent; From 27 Jan 2025 to 21 Dec 2025: the BOJ encourages the uncollateralized overnight call rate to remain at around 0.50 percent; From 1 Aug 2024 to 26 Jan 2025: the BOJ encouraged the UOCR to remain at around 0.25% ; From 21 Mar 2024 to 31 July: the BOJ encouraged the UOCR to remain at around 0 to 0.1 %; from 21 Sep 2016 to 20 Mar 2024: the BOJ set the guideline for market operations which specifies a short-term policy interest rate at minus 0.1% and a target level of 10-year JGB yields at around 0%. Short-term policy interest rate; from 4 Apr 2013 to 20 Sep 2016: no policy rate; from 5 Oct 2010 to 3 Apr 2013: the BOJ encouraged the UOCR to remain at around 0 to 0.1%; from 19 Dec 2008 to 4 Oct 2010: the BOJ encouraged the UOCR to remain at around 0. %; from 31 Oct 2008 to 18 Dec 2008: the BOJ encouraged the UOCR to remain at around 0.3%; before 30 Oct 2008, refer to https://data.bis.org/topics/CBPOL",4,Bank of Japan,For details see: http://www.bis.org/statistics/cbpol/cbpol_doc.pdf  ; https://www.boj.or.jp/en/mopo/mpmdeci/mpr_1998/k980909c.htm ; https://www.boj.or.jp/en/mopo/mpmdeci/mpr_1999/k990212c.htm ; https://www.boj.or.jp/en/mopo/mpmdeci/mpr_2000/k000811.htm ; https://www.boj.or.jp/en/mopo/mpmdeci/mpr_2001/k010228a.htm ; https://www.boj.or.jp/en/mopo/mpmdeci/mpr_2006/k060309.htm ; https://www.boj.or.jp/en/mopo/mpmdeci/mpr_2006/k060714.pdf ; https://www.boj.or.jp/en/mopo/mpmdeci/mpr_2007/k070221.pdf ; https://www.boj.or.jp/en/mopo/mpmdeci/mpr_2008/k081031.pdf ; https://www.boj.or.jp/en/mopo/mpmdeci/mpr_2008/k081219.pdf ; https://www.boj.or.jp/en/mopo/mpmdeci/mpr_2010/k101005.pdf ; https://www.boj.or.jp/en/mopo/mpmdeci/mpr_2016/k160921a.pdf ; https://www.boj.or.jp/en/mopo/mpmdeci/mpr_2024/k240319a.pdf ; https://www.boj.or.jp/en/mopo/mpmdeci/mpr_2024/mpr240731c.pdf ; https://www.boj.or.jp/en/mopo/mpmdeci/mpr_2025/mpr250124a.pdf ; https://www.boj.or.jp/en/mopo/mpmdeci/mpr_2025/k251219a.pdf ; https://www.boj.or.jp/en/mopo/mpmdeci/mpr_2026/k260616a.pdf ; https://www.boj.or.jp/en/mopo/mpmdeci/mpr_2026/k260918a.pdf, Central bank policy rates - Japan - Monthly - End of period,2019-10,-0.1,A,F,
M,JP,368,0,,"From 24 Sep 2026: the BOJ encourages the uncollateralized overnight call rate to remain at around 1.25 percent; From 17 Jun 2026 to 23 Sep 2026: the BOJ encourages the uncollateralized overnight call rate to remain at around 1.00 percent; From 22 Dec 2025 to 16 Jun 2026: the BOJ encourages the uncollateralized overnight call rate to remain at around 0.75 percent; From 27 Jan 2025 to 21 Dec 2025: the BOJ encourages the uncollateralized overnight call rate to remain at around 0.50 percent; From 1 Aug 2024 to 26 Jan 2025: the BOJ encouraged the UOCR to remain at around 0.25% ; From 21 Mar 2024 to 31 July: the BOJ encouraged the UOCR to remain at around 0 to 0.1 %; from 21 Sep 2016 to 20 Mar 2024: the BOJ set the guideline for market operations which specifies a short-term policy interest rate at minus 0.1% and a target level of 10-year JGB yields at around 0%. Short-term policy interest rate; from 4 Apr 2013 to 20 Sep 2016: no policy rate; from 5 Oct 2010 to 3 Apr 2013: the BOJ encouraged the UOCR to remain at around 0 to 0.1%; from 19 Dec 2008 to 4 Oct 2010: the BOJ encouraged the UOCR to remain at around 0. %; from 31 Oct 2008 to 18 Dec 2008: the BOJ encouraged the UOCR to remain at around 0.3%; before 30 Oct 2008, refer to https://data.bis.org/topics/CBPOL",4,Bank of Japan,For details see: http://www.bis.org/statistics/cbpol/cbpol_doc.pdf  ; https://www.boj.or.jp/en/mopo/mpmdeci/mpr_1998/k980909c.htm ; https://www.boj.or.jp/en/mopo/mpmdeci/mpr_1999/k990212c.htm ; https://www.boj.or.jp/en/mopo/mpmdeci/mpr_2000/k000811.htm ; https://www.boj.or.jp/en/mopo/mpmdeci/mpr_2001/k010228a.htm ; https://www.boj.or.jp/en/mopo/mpmdeci/mpr_2006/k060309.htm ; https://www.boj.or.jp/en/mopo/mpmdeci/mpr_2006/k060714.pdf ; https://www.boj.or.jp/en/mopo/mpmdeci/mpr_2007/k070221.pdf ; https://www.boj.or.jp/en/mopo/mpmdeci/mpr_2008/k081031.pdf ; https://www.boj.or.jp/en/mopo/mpmdeci/mpr_2008/k081219.pdf ; https://www.boj.or.jp/en/mopo/mpmdeci/mpr_2010/k101005.pdf ; https://www.boj.or.jp/en/mopo/mpmdeci/mpr_2016/k160921a.pdf ; https://www.boj.or.jp/en/mopo/mpmdeci/mpr_2024/k240319a.pdf ; https://www.boj.or.jp/en/mopo/mpmdeci/mpr_2024/mpr240731c.pdf ; https://www.boj.or.jp/en/mopo/mpmdeci/mpr_2025/mpr250124a.pdf ; https://www.boj.or.jp/en/mopo/mpmdeci/mpr_2025/k251219a.pdf ; https://www.boj.or.jp/en/mopo/mpmdeci/mpr_2026/k260616a.pdf ; https://www.boj.or.jp/en/mopo/mpmdeci/mpr_2026/k260918a.pdf, Central bank policy rates - Japan - Monthly - End of period,2019-11,-0.1,A,F,
M,JP,368,0,,"From 24 Sep 2026: the BOJ encourages the uncollateralized overnight call rate to remain at around 1.25 percent; From 17 Jun 2026 to 23 Sep 2026: the BOJ encourages the uncollateralized overnight call rate to remain at around 1.00 percent; From 22 Dec 2025 to 16 Jun 2026: the BOJ encourages the uncollateralized overnight call rate to remain at around 0.75 percent; From 27 Jan 2025 to 21 Dec 2025: the BOJ encourages the uncollateralized overnight call rate to remain at around 0.50 percent; From 1 Aug 2024 to 26 Jan 2025: the BOJ encouraged the UOCR to remain at around 0.25% ; From 21 Mar 2024 to 31 July: the BOJ encouraged the UOCR to remain at around 0 to 0.1 %; from 21 Sep 2016 to 20 Mar 2024: the BOJ set the guideline for market operations which specifies a short-term policy interest rate at minus 0.1% and a target level of 10-year JGB yields at around 0%. Short-term policy interest rate; from 4 Apr 2013 to 20 Sep 2016: no policy rate; from 5 Oct 2010 to 3 Apr 2013: the BOJ encouraged the UOCR to remain at around 0 to 0.1%; from 19 Dec 2008 to 4 Oct 2010: the BOJ encouraged the UOCR to remain at around 0. %; from 31 Oct 2008 to 18 Dec 2008: the BOJ encouraged the UOCR to remain at around 0.3%; before 30 Oct 2008, refer to https://data.bis.org/topics/CBPOL",4,Bank of Japan,For details see: http://www.bis.org/statistics/cbpol/cbpol_doc.pdf  ; https://www.boj.or.jp/en/mopo/mpmdeci/mpr_1998/k980909c.htm ; https://www.boj.or.jp/en/mopo/mpmdeci/mpr_1999/k990212c.htm ; https://www.boj.or.jp/en/mopo/mpmdeci/mpr_2000/k000811.htm ; https://www.boj.or.jp/en/mopo/mpmdeci/mpr_2001/k010228a.htm ; https://www.boj.or.jp/en/mopo/mpmdeci/mpr_2006/k060309.htm ; https://www.boj.or.jp/en/mopo/mpmdeci/mpr_2006/k060714.pdf ; https://www.boj.or.jp/en/mopo/mpmdeci/mpr_2007/k070221.pdf ; https://www.boj.or.jp/en/mopo/mpmdeci/mpr_2008/k081031.pdf ; https://www.boj.or.jp/en/mopo/mpmdeci/mpr_2008/k081219.pdf ; https://www.boj.or.jp/en/mopo/mpmdeci/mpr_2010/k101005.pdf ; https://www.boj.or.jp/en/mopo/mpmdeci/mpr_2016/k160921a.pdf ; https://www.boj.or.jp/en/mopo/mpmdeci/mpr_2024/k240319a.pdf ; https://www.boj.or.jp/en/mopo/mpmdeci/mpr_2024/mpr240731c.pdf ; https://www.boj.or.jp/en/mopo/mpmdeci/mpr_2025/mpr250124a.pdf ; https://www.boj.or.jp/en/mopo/mpmdeci/mpr_2025/k251219a.pdf ; https://www.boj.or.jp/en/mopo/mpmdeci/mpr_2026/k260616a.pdf ; https://www.boj.or.jp/en/mopo/mpmdeci/mpr_2026/k260918a.pdf, Central bank policy rates - Japan - Monthly - End of period,2019-12,-0.1,A,F,
M,JP,368,0,,"From 24 Sep 2026: the BOJ encourages the uncollateralized overnight call rate to remain at around 1.25 percent; From 17 Jun 2026 to 23 Sep 2026: the BOJ encourages the uncollateralized overnight call rate to remain at around 1.00 percent; From 22 Dec 2025 to 16 Jun 2026: the BOJ encourages the uncollateralized overnight call rate to remain at around 0.75 percent; From 27 Jan 2025 to 21 Dec 2025: the BOJ encourages the uncollateralized overnight call rate to remain at around 0.50 percent; From 1 Aug 2024 to 26 Jan 2025: the BOJ encouraged the UOCR to remain at around 0.25% ; From 21 Mar 2024 to 31 July: the BOJ encouraged the UOCR to remain at around 0 to 0.1 %; from 21 Sep 2016 to 20 Mar 2024: the BOJ set the guideline for market operations which specifies a short-term policy interest rate at minus 0.1% and a target level of 10-year JGB yields at around 0%. Short-term policy interest rate; from 4 Apr 2013 to 20 Sep 2016: no policy rate; from 5 Oct 2010 to 3 Apr 2013: the BOJ encouraged the UOCR to remain at around 0 to 0.1%; from 19 Dec 2008 to 4 Oct 2010: the BOJ encouraged the UOCR to remain at around 0. %; from 31 Oct 2008 to 18 Dec 2008: the BOJ encouraged the UOCR to remain at around 0.3%; before 30 Oct 2008, refer to https://data.bis.org/topics/CBPOL",4,Bank of Japan,For details see: http://www.bis.org/statistics/cbpol/cbpol_doc.pdf  ; https://www.boj.or.jp/en/mopo/mpmdeci/mpr_1998/k980909c.htm ; https://www.boj.or.jp/en/mopo/mpmdeci/mpr_1999/k990212c.htm ; https://www.boj.or.jp/en/mopo/mpmdeci/mpr_2000/k000811.htm ; https://www.boj.or.jp/en/mopo/mpmdeci/mpr_2001/k010228a.htm ; https://www.boj.or.jp/en/mopo/mpmdeci/mpr_2006/k060309.htm ; https://www.boj.or.jp/en/mopo/mpmdeci/mpr_2006/k060714.pdf ; https://www.boj.or.jp/en/mopo/mpmdeci/mpr_2007/k070221.pdf ; https://www.boj.or.jp/en/mopo/mpmdeci/mpr_2008/k081031.pdf ; https://www.boj.or.jp/en/mopo/mpmdeci/mpr_2008/k081219.pdf ; https://www.boj.or.jp/en/mopo/mpmdeci/mpr_2010/k101005.pdf ; https://www.boj.or.jp/en/mopo/mpmdeci/mpr_2016/k160921a.pdf ; https://www.boj.or.jp/en/mopo/mpmdeci/mpr_2024/k240319a.pdf ; https://www.boj.or.jp/en/mopo/mpmdeci/mpr_2024/mpr240731c.pdf ; https://www.boj.or.jp/en/mopo/mpmdeci/mpr_2025/mpr250124a.pdf ; https://www.boj.or.jp/en/mopo/mpmdeci/mpr_2025/k251219a.pdf ; https://www.boj.or.jp/en/mopo/mpmdeci/mpr_2026/k260616a.pdf ; https://www.boj.or.jp/en/mopo/mpmdeci/mpr_2026/k260918a.pdf, Central bank policy rates - Japan - Monthly - End of period,2020-01,-0.1,A,F,
M,JP,368,0,,"From 24 Sep 2026: the BOJ encourages the uncollateralized overnight call rate to remain at around 1.25 percent; From 17 Jun 2026 to 23 Sep 2026: the BOJ encourages the uncollateralized overnight call rate to remain at around 1.00 percent; From 22 Dec 2025 to 16 Jun 2026: the BOJ encourages the uncollateralized overnight call rate to remain at around 0.75 percent; From 27 Jan 2025 to 21 Dec 2025: the BOJ encourages the uncollateralized overnight call rate to remain at around 0.50 percent; From 1 Aug 2024 to 26 Jan 2025: the BOJ encouraged the UOCR to remain at around 0.25% ; From 21 Mar 2024 to 31 July: the BOJ encouraged the UOCR to remain at around 0 to 0.1 %; from 21 Sep 2016 to 20 Mar 2024: the BOJ set the guideline for market operations which specifies a short-term policy interest rate at minus 0.1% and a target level of 10-year JGB yields at around 0%. Short-term policy interest rate; from 4 Apr 2013 to 20 Sep 2016: no policy rate; from 5 Oct 2010 to 3 Apr 2013: the BOJ encouraged the UOCR to remain at around 0 to 0.1%; from 19 Dec 2008 to 4 Oct 2010: the BOJ encouraged the UOCR to remain at around 0. %; from 31 Oct 2008 to 18 Dec 2008: the BOJ encouraged the UOCR to remain at around 0.3%; before 30 Oct 2008, refer to https://data.bis.org/topics/CBPOL",4,Bank of Japan,For details see: http://www.bis.org/statistics/cbpol/cbpol_doc.pdf  ; https://www.boj.or.jp/en/mopo/mpmdeci/mpr_1998/k980909c.htm ; https://www.boj.or.jp/en/mopo/mpmdeci/mpr_1999/k990212c.htm ; https://www.boj.or.jp/en/mopo/mpmdeci/mpr_2000/k000811.htm ; https://www.boj.or.jp/en/mopo/mpmdeci/mpr_2001/k010228a.htm ; https://www.boj.or.jp/en/mopo/mpmdeci/mpr_2006/k060309.htm ; https://www.boj.or.jp/en/mopo/mpmdeci/mpr_2006/k060714.pdf ; https://www.boj.or.jp/en/mopo/mpmdeci/mpr_2007/k070221.pdf ; https://www.boj.or.jp/en/mopo/mpmdeci/mpr_2008/k081031.pdf ; https://www.boj.or.jp/en/mopo/mpmdeci/mpr_2008/k081219.pdf ; https://www.boj.or.jp/en/mopo/mpmdeci/mpr_2010/k101005.pdf ; https://www.boj.or.jp/en/mopo/mpmdeci/mpr_2016/k160921a.pdf ; https://www.boj.or.jp/en/mopo/mpmdeci/mpr_2024/k240319a.pdf ; https://www.boj.or.jp/en/mopo/mpmdeci/mpr_2024/mpr240731c.pdf ; https://www.boj.or.jp/en/mopo/mpmdeci/mpr_2025/mpr250124a.pdf ; https://www.boj.or.jp/en/mopo/mpmdeci/mpr_2025/k251219a.pdf ; https://www.boj.or.jp/en/mopo/mpmdeci/mpr_2026/k260616a.pdf ; https://www.boj.or.jp/en/mopo/mpmdeci/mpr_2026/k260918a.pdf, Central bank policy rates - Japan - Monthly - End of period,2020-02,-0.1,A,F,
M,JP,368,0,,"From 24 Sep 2026: the BOJ encourages the uncollateralized overnight call rate to remain at around 1.25 percent; From 17 Jun 2026 to 23 Sep 2026: the BOJ encourages the uncollateralized overnight call rate to remain at around 1.00 percent; From 22 Dec 2025 to 16 Jun 2026: the BOJ encourages the uncollateralized overnight call rate to remain at around 0.75 percent; From 27 Jan 2025 to 21 Dec 2025: the BOJ encourages the uncollateralized overnight call rate to remain at around 0.50 percent; From 1 Aug 2024 to 26 Jan 2025: the BOJ encouraged the UOCR to remain at around 0.25% ; From 21 Mar 2024 to 31 July: the BOJ encouraged the UOCR to remain at around 0 to 0.1 %; from 21 Sep 2016 to 20 Mar 2024: the BOJ set the guideline for market operations which specifies a short-term policy interest rate at minus 0.1% and a target level of 10-year JGB yields at around 0%. Short-term policy interest rate; from 4 Apr 2013 to 20 Sep 2016: no policy rate; from 5 Oct 2010 to 3 Apr 2013: the BOJ encouraged the UOCR to remain at around 0 to 0.1%; from 19 Dec 2008 to 4 Oct 2010: the BOJ encouraged the UOCR to remain at around 0. %; from 31 Oct 2008 to 18 Dec 2008: the BOJ encouraged the UOCR to remain at around 0.3%; before 30 Oct 2008, refer to https://data.bis.org/topics/CBPOL",4,Bank of Japan,For details see: http://www.bis.org/statistics/cbpol/cbpol_doc.pdf  ; https://www.boj.or.jp/en/mopo/mpmdeci/mpr_1998/k980909c.htm ; https://www.boj.or.jp/en/mopo/mpmdeci/mpr_1999/k990212c.htm ; https://www.boj.or.jp/en/mopo/mpmdeci/mpr_2000/k000811.htm ; https://www.boj.or.jp/en/mopo/mpmdeci/mpr_2001/k010228a.htm ; https://www.boj.or.jp/en/mopo/mpmdeci/mpr_2006/k060309.htm ; https://www.boj.or.jp/en/mopo/mpmdeci/mpr_2006/k060714.pdf ; https://www.boj.or.jp/en/mopo/mpmdeci/mpr_2007/k070221.pdf ; https://www.boj.or.jp/en/mopo/mpmdeci/mpr_2008/k081031.pdf ; https://www.boj.or.jp/en/mopo/mpmdeci/mpr_2008/k081219.pdf ; https://www.boj.or.jp/en/mopo/mpmdeci/mpr_2010/k101005.pdf ; https://www.boj.or.jp/en/mopo/mpmdeci/mpr_2016/k160921a.pdf ; https://www.boj.or.jp/en/mopo/mpmdeci/mpr_2024/k240319a.pdf ; https://www.boj.or.jp/en/mopo/mpmdeci/mpr_2024/mpr240731c.pdf ; https://www.boj.or.jp/en/mopo/mpmdeci/mpr_2025/mpr250124a.pdf ; https://www.boj.or.jp/en/mopo/mpmdeci/mpr_2025/k251219a.pdf ; https://www.boj.or.jp/en/mopo/mpmdeci/mpr_2026/k260616a.pdf ; https://www.boj.or.jp/en/mopo/mpmdeci/mpr_2026/k260918a.pdf, Central bank policy rates - Japan - Monthly - End of period,2020-03,-0.1,A,F,
M,JP,368,0,,"From 24 Sep 2026: the BOJ encourages the uncollateralized overnight call rate to remain at around 1.25 percent; From 17 Jun 2026 to 23 Sep 2026: the BOJ encourages the uncollateralized overnight call rate to remain at around 1.00 percent; From 22 Dec 2025 to 16 Jun 2026: the BOJ encourages the uncollateralized overnight call rate to remain at around 0.75 percent; From 27 Jan 2025 to 21 Dec 2025: the BOJ encourages the uncollateralized overnight call rate to remain at around 0.50 percent; From 1 Aug 2024 to 26 Jan 2025: the BOJ encouraged the UOCR to remain at around 0.25% ; From 21 Mar 2024 to 31 July: the BOJ encouraged the UOCR to remain at around 0 to 0.1 %; from 21 Sep 2016 to 20 Mar 2024: the BOJ set the guideline for market operations which specifies a short-term policy interest rate at minus 0.1% and a target level of 10-year JGB yields at around 0%. Short-term policy interest rate; from 4 Apr 2013 to 20 Sep 2016: no policy rate; from 5 Oct 2010 to 3 Apr 2013: the BOJ encouraged the UOCR to remain at around 0 to 0.1%; from 19 Dec 2008 to 4 Oct 2010: the BOJ encouraged the UOCR to remain at around 0. %; from 31 Oct 2008 to 18 Dec 2008: the BOJ encouraged the UOCR to remain at around 0.3%; before 30 Oct 2008, refer to https://data.bis.org/topics/CBPOL",4,Bank of Japan,For details see: http://www.bis.org/statistics/cbpol/cbpol_doc.pdf  ; https://www.boj.or.jp/en/mopo/mpmdeci/mpr_1998/k980909c.htm ; https://www.boj.or.jp/en/mopo/mpmdeci/mpr_1999/k990212c.htm ; https://www.boj.or.jp/en/mopo/mpmdeci/mpr_2000/k000811.htm ; https://www.boj.or.jp/en/mopo/mpmdeci/mpr_2001/k010228a.htm ; https://www.boj.or.jp/en/mopo/mpmdeci/mpr_2006/k060309.htm ; https://www.boj.or.jp/en/mopo/mpmdeci/mpr_2006/k060714.pdf ; https://www.boj.or.jp/en/mopo/mpmdeci/mpr_2007/k070221.pdf ; https://www.boj.or.jp/en/mopo/mpmdeci/mpr_2008/k081031.pdf ; https://www.boj.or.jp/en/mopo/mpmdeci/mpr_2008/k081219.pdf ; https://www.boj.or.jp/en/mopo/mpmdeci/mpr_2010/k101005.pdf ; https://www.boj.or.jp/en/mopo/mpmdeci/mpr_2016/k160921a.pdf ; https://www.boj.or.jp/en/mopo/mpmdeci/mpr_2024/k240319a.pdf ; https://www.boj.or.jp/en/mopo/mpmdeci/mpr_2024/mpr240731c.pdf ; https://www.boj.or.jp/en/mopo/mpmdeci/mpr_2025/mpr250124a.pdf ; https://www.boj.or.jp/en/mopo/mpmdeci/mpr_2025/k251219a.pdf ; https://www.boj.or.jp/en/mopo/mpmdeci/mpr_2026/k260616a.pdf ; https://www.boj.or.jp/en/mopo/mpmdeci/mpr_2026/k260918a.pdf, Central bank policy rates - Japan - Monthly - End of period,2020-04,-0.1,A,F,
M,JP,368,0,,"From 24 Sep 2026: the BOJ encourages the uncollateralized overnight call rate to remain at around 1.25 percent; From 17 Jun 2026 to 23 Sep 2026: the BOJ encourages the uncollateralized overnight call rate to remain at around 1.00 percent; From 22 Dec 2025 to 16 Jun 2026: the BOJ encourages the uncollateralized overnight call rate to remain at around 0.75 percent; From 27 Jan 2025 to 21 Dec 2025: the BOJ encourages the uncollateralized overnight call rate to remain at around 0.50 percent; From 1 Aug 2024 to 26 Jan 2025: the BOJ encouraged the UOCR to remain at around 0.25% ; From 21 Mar 2024 to 31 July: the BOJ encouraged the UOCR to remain at around 0 to 0.1 %; from 21 Sep 2016 to 20 Mar 2024: the BOJ set the guideline for market operations which specifies a short-term policy interest rate at minus 0.1% and a target level of 10-year JGB yields at around 0%. Short-term policy interest rate; from 4 Apr 2013 to 20 Sep 2016: no policy rate; from 5 Oct 2010 to 3 Apr 2013: the BOJ encouraged the UOCR to remain at around 0 to 0.1%; from 19 Dec 2008 to 4 Oct 2010: the BOJ encouraged the UOCR to remain at around 0. %; from 31 Oct 2008 to 18 Dec 2008: the BOJ encouraged the UOCR to remain at around 0.3%; before 30 Oct 2008, refer to https://data.bis.org/topics/CBPOL",4,Bank of Japan,For details see: http://www.bis.org/statistics/cbpol/cbpol_doc.pdf  ; https://www.boj.or.jp/en/mopo/mpmdeci/mpr_1998/k980909c.htm ; https://www.boj.or.jp/en/mopo/mpmdeci/mpr_1999/k990212c.htm ; https://www.boj.or.jp/en/mopo/mpmdeci/mpr_2000/k000811.htm ; https://www.boj.or.jp/en/mopo/mpmdeci/mpr_2001/k010228a.htm ; https://www.boj.or.jp/en/mopo/mpmdeci/mpr_2006/k060309.htm ; https://www.boj.or.jp/en/mopo/mpmdeci/mpr_2006/k060714.pdf ; https://www.boj.or.jp/en/mopo/mpmdeci/mpr_2007/k070221.pdf ; https://www.boj.or.jp/en/mopo/mpmdeci/mpr_2008/k081031.pdf ; https://www.boj.or.jp/en/mopo/mpmdeci/mpr_2008/k081219.pdf ; https://www.boj.or.jp/en/mopo/mpmdeci/mpr_2010/k101005.pdf ; https://www.boj.or.jp/en/mopo/mpmdeci/mpr_2016/k160921a.pdf ; https://www.boj.or.jp/en/mopo/mpmdeci/mpr_2024/k240319a.pdf ; https://www.boj.or.jp/en/mopo/mpmdeci/mpr_2024/mpr240731c.pdf ; https://www.boj.or.jp/en/mopo/mpmdeci/mpr_2025/mpr250124a.pdf ; https://www.boj.or.jp/en/mopo/mpmdeci/mpr_2025/k251219a.pdf ; https://www.boj.or.jp/en/mopo/mpmdeci/mpr_2026/k260616a.pdf ; https://www.boj.or.jp/en/mopo/mpmdeci/mpr_2026/k260918a.pdf, Central bank policy rates - Japan - Monthly - End of period,2020-05,-0.1,A,F,
M,JP,368,0,,"From 24 Sep 2026: the BOJ encourages the uncollateralized overnight call rate to remain at around 1.25 percent; From 17 Jun 2026 to 23 Sep 2026: the BOJ encourages the uncollateralized overnight call rate to remain at around 1.00 percent; From 22 Dec 2025 to 16 Jun 2026: the BOJ encourages the uncollateralized overnight call rate to remain at around 0.75 percent; From 27 Jan 2025 to 21 Dec 2025: the BOJ encourages the uncollateralized overnight call rate to remain at around 0.50 percent; From 1 Aug 2024 to 26 Jan 2025: the BOJ encouraged the UOCR to remain at around 0.25% ; From 21 Mar 2024 to 31 July: the BOJ encouraged the UOCR to remain at around 0 to 0.1 %; from 21 Sep 2016 to 20 Mar 2024: the BOJ set the guideline for market operations which specifies a short-term policy interest rate at minus 0.1% and a target level of 10-year JGB yields at around 0%. Short-term policy interest rate; from 4 Apr 2013 to 20 Sep 2016: no policy rate; from 5 Oct 2010 to 3 Apr 2013: the BOJ encouraged the UOCR to remain at around 0 to 0.1%; from 19 Dec 2008 to 4 Oct 2010: the BOJ encouraged the UOCR to remain at around 0. %; from 31 Oct 2008 to 18 Dec 2008: the BOJ encouraged the UOCR to remain at around 0.3%; before 30 Oct 2008, refer to https://data.bis.org/topics/CBPOL",4,Bank of Japan,For details see: http://www.bis.org/statistics/cbpol/cbpol_doc.pdf  ; https://www.boj.or.jp/en/mopo/mpmdeci/mpr_1998/k980909c.htm ; https://www.boj.or.jp/en/mopo/mpmdeci/mpr_1999/k990212c.htm ; https://www.boj.or.jp/en/mopo/mpmdeci/mpr_2000/k000811.htm ; https://www.boj.or.jp/en/mopo/mpmdeci/mpr_2001/k010228a.htm ; https://www.boj.or.jp/en/mopo/mpmdeci/mpr_2006/k060309.htm ; https://www.boj.or.jp/en/mopo/mpmdeci/mpr_2006/k060714.pdf ; https://www.boj.or.jp/en/mopo/mpmdeci/mpr_2007/k070221.pdf ; https://www.boj.or.jp/en/mopo/mpmdeci/mpr_2008/k081031.pdf ; https://www.boj.or.jp/en/mopo/mpmdeci/mpr_2008/k081219.pdf ; https://www.boj.or.jp/en/mopo/mpmdeci/mpr_2010/k101005.pdf ; https://www.boj.or.jp/en/mopo/mpmdeci/mpr_2016/k160921a.pdf ; https://www.boj.or.jp/en/mopo/mpmdeci/mpr_2024/k240319a.pdf ; https://www.boj.or.jp/en/mopo/mpmdeci/mpr_2024/mpr240731c.pdf ; https://www.boj.or.jp/en/mopo/mpmdeci/mpr_2025/mpr250124a.pdf ; https://www.boj.or.jp/en/mopo/mpmdeci/mpr_2025/k251219a.pdf ; https://www.boj.or.jp/en/mopo/mpmdeci/mpr_2026/k260616a.pdf ; https://www.boj.or.jp/en/mopo/mpmdeci/mpr_2026/k260918a.pdf, Central bank policy rates - Japan - Monthly - End of period,2020-06,-0.1,A,F,
M,JP,368,0,,"From 24 Sep 2026: the BOJ encourages the uncollateralized overnight call rate to remain at around 1.25 percent; From 17 Jun 2026 to 23 Sep 2026: the BOJ encourages the uncollateralized overnight call rate to remain at around 1.00 percent; From 22 Dec 2025 to 16 Jun 2026: the BOJ encourages the uncollateralized overnight call rate to remain at around 0.75 percent; From 27 Jan 2025 to 21 Dec 2025: the BOJ encourages the uncollateralized overnight call rate to remain at around 0.50 percent; From 1 Aug 2024 to 26 Jan 2025: the BOJ encouraged the UOCR to remain at around 0.25% ; From 21 Mar 2024 to 31 July: the BOJ encouraged the UOCR to remain at around 0 to 0.1 %; from 21 Sep 2016 to 20 Mar 2024: the BOJ set the guideline for market operations which specifies a short-term policy interest rate at minus 0.1% and a target level of 10-year JGB yields at around 0%. Short-term policy interest rate; from 4 Apr 2013 to 20 Sep 2016: no policy rate; from 5 Oct 2010 to 3 Apr 2013: the BOJ encouraged the UOCR to remain at around 0 to 0.1%; from 19 Dec 2008 to 4 Oct 2010: the BOJ encouraged the UOCR to remain at around 0. %; from 31 Oct 2008 to 18 Dec 2008: the BOJ encouraged the UOCR to remain at around 0.3%; before 30 Oct 2008, refer to https://data.bis.org/topics/CBPOL",4,Bank of Japan,For details see: http://www.bis.org/statistics/cbpol/cbpol_doc.pdf  ; https://www.boj.or.jp/en/mopo/mpmdeci/mpr_1998/k980909c.htm ; https://www.boj.or.jp/en/mopo/mpmdeci/mpr_1999/k990212c.htm ; https://www.boj.or.jp/en/mopo/mpmdeci/mpr_2000/k000811.htm ; https://www.boj.or.jp/en/mopo/mpmdeci/mpr_2001/k010228a.htm ; https://www.boj.or.jp/en/mopo/mpmdeci/mpr_2006/k060309.htm ; https://www.boj.or.jp/en/mopo/mpmdeci/mpr_2006/k060714.pdf ; https://www.boj.or.jp/en/mopo/mpmdeci/mpr_2007/k070221.pdf ; https://www.boj.or.jp/en/mopo/mpmdeci/mpr_2008/k081031.pdf ; https://www.boj.or.jp/en/mopo/mpmdeci/mpr_2008/k081219.pdf ; https://www.boj.or.jp/en/mopo/mpmdeci/mpr_2010/k101005.pdf ; https://www.boj.or.jp/en/mopo/mpmdeci/mpr_2016/k160921a.pdf ; https://www.boj.or.jp/en/mopo/mpmdeci/mpr_2024/k240319a.pdf ; https://www.boj.or.jp/en/mopo/mpmdeci/mpr_2024/mpr240731c.pdf ; https://www.boj.or.jp/en/mopo/mpmdeci/mpr_2025/mpr250124a.pdf ; https://www.boj.or.jp/en/mopo/mpmdeci/mpr_2025/k251219a.pdf ; https://www.boj.or.jp/en/mopo/mpmdeci/mpr_2026/k260616a.pdf ; https://www.boj.or.jp/en/mopo/mpmdeci/mpr_2026/k260918a.pdf, Central bank policy rates - Japan - Monthly - End of period,2020-07,-0.1,A,F,
M,JP,368,0,,"From 24 Sep 2026: the BOJ encourages the uncollateralized overnight call rate to remain at around 1.25 percent; From 17 Jun 2026 to 23 Sep 2026: the BOJ encourages the uncollateralized overnight call rate to remain at around 1.00 percent; From 22 Dec 2025 to 16 Jun 2026: the BOJ encourages the uncollateralized overnight call rate to remain at around 0.75 percent; From 27 Jan 2025 to 21 Dec 2025: the BOJ encourages the uncollateralized overnight call rate to remain at around 0.50 percent; From 1 Aug 2024 to 26 Jan 2025: the BOJ encouraged the UOCR to remain at around 0.25% ; From 21 Mar 2024 to 31 July: the BOJ encouraged the UOCR to remain at around 0 to 0.1 %; from 21 Sep 2016 to 20 Mar 2024: the BOJ set the guideline for market operations which specifies a short-term policy interest rate at minus 0.1% and a target level of 10-year JGB yields at around 0%. Short-term policy interest rate; from 4 Apr 2013 to 20 Sep 2016: no policy rate; from 5 Oct 2010 to 3 Apr 2013: the BOJ encouraged the UOCR to remain at around 0 to 0.1%; from 19 Dec 2008 to 4 Oct 2010: the BOJ encouraged the UOCR to remain at around 0. %; from 31 Oct 2008 to 18 Dec 2008: the BOJ encouraged the UOCR to remain at around 0.3%; before 30 Oct 2008, refer to https://data.bis.org/topics/CBPOL",4,Bank of Japan,For details see: http://www.bis.org/statistics/cbpol/cbpol_doc.pdf  ; https://www.boj.or.jp/en/mopo/mpmdeci/mpr_1998/k980909c.htm ; https://www.boj.or.jp/en/mopo/mpmdeci/mpr_1999/k990212c.htm ; https://www.boj.or.jp/en/mopo/mpmdeci/mpr_2000/k000811.htm ; https://www.boj.or.jp/en/mopo/mpmdeci/mpr_2001/k010228a.htm ; https://www.boj.or.jp/en/mopo/mpmdeci/mpr_2006/k060309.htm ; https://www.boj.or.jp/en/mopo/mpmdeci/mpr_2006/k060714.pdf ; https://www.boj.or.jp/en/mopo/mpmdeci/mpr_2007/k070221.pdf ; https://www.boj.or.jp/en/mopo/mpmdeci/mpr_2008/k081031.pdf ; https://www.boj.or.jp/en/mopo/mpmdeci/mpr_2008/k081219.pdf ; https://www.boj.or.jp/en/mopo/mpmdeci/mpr_2010/k101005.pdf ; https://www.boj.or.jp/en/mopo/mpmdeci/mpr_2016/k160921a.pdf ; https://www.boj.or.jp/en/mopo/mpmdeci/mpr_2024/k240319a.pdf ; https://www.boj.or.jp/en/mopo/mpmdeci/mpr_2024/mpr240731c.pdf ; https://www.boj.or.jp/en/mopo/mpmdeci/mpr_2025/mpr250124a.pdf ; https://www.boj.or.jp/en/mopo/mpmdeci/mpr_2025/k251219a.pdf ; https://www.boj.or.jp/en/mopo/mpmdeci/mpr_2026/k260616a.pdf ; https://www.boj.or.jp/en/mopo/mpmdeci/mpr_2026/k260918a.pdf, Central bank policy rates - Japan - Monthly - End of period,2020-08,-0.1,A,F,
M,JP,368,0,,"From 24 Sep 2026: the BOJ encourages the uncollateralized overnight call rate to remain at around 1.25 percent; From 17 Jun 2026 to 23 Sep 2026: the BOJ encourages the uncollateralized overnight call rate to remain at around 1.00 percent; From 22 Dec 2025 to 16 Jun 2026: the BOJ encourages the uncollateralized overnight call rate to remain at around 0.75 percent; From 27 Jan 2025 to 21 Dec 2025: the BOJ encourages the uncollateralized overnight call rate to remain at around 0.50 percent; From 1 Aug 2024 to 26 Jan 2025: the BOJ encouraged the UOCR to remain at around 0.25% ; From 21 Mar 2024 to 31 July: the BOJ encouraged the UOCR to remain at around 0 to 0.1 %; from 21 Sep 2016 to 20 Mar 2024: the BOJ set the guideline for market operations which specifies a short-term policy interest rate at minus 0.1% and a target level of 10-year JGB yields at around 0%. Short-term policy interest rate; from 4 Apr 2013 to 20 Sep 2016: no policy rate; from 5 Oct 2010 to 3 Apr 2013: the BOJ encouraged the UOCR to remain at around 0 to 0.1%; from 19 Dec 2008 to 4 Oct 2010: the BOJ encouraged the UOCR to remain at around 0. %; from 31 Oct 2008 to 18 Dec 2008: the BOJ encouraged the UOCR to remain at around 0.3%; before 30 Oct 2008, refer to https://data.bis.org/topics/CBPOL",4,Bank of Japan,For details see: http://www.bis.org/statistics/cbpol/cbpol_doc.pdf  ; https://www.boj.or.jp/en/mopo/mpmdeci/mpr_1998/k980909c.htm ; https://www.boj.or.jp/en/mopo/mpmdeci/mpr_1999/k990212c.htm ; https://www.boj.or.jp/en/mopo/mpmdeci/mpr_2000/k000811.htm ; https://www.boj.or.jp/en/mopo/mpmdeci/mpr_2001/k010228a.htm ; https://www.boj.or.jp/en/mopo/mpmdeci/mpr_2006/k060309.htm ; https://www.boj.or.jp/en/mopo/mpmdeci/mpr_2006/k060714.pdf ; https://www.boj.or.jp/en/mopo/mpmdeci/mpr_2007/k070221.pdf ; https://www.boj.or.jp/en/mopo/mpmdeci/mpr_2008/k081031.pdf ; https://www.boj.or.jp/en/mopo/mpmdeci/mpr_2008/k081219.pdf ; https://www.boj.or.jp/en/mopo/mpmdeci/mpr_2010/k101005.pdf ; https://www.boj.or.jp/en/mopo/mpmdeci/mpr_2016/k160921a.pdf ; https://www.boj.or.jp/en/mopo/mpmdeci/mpr_2024/k240319a.pdf ; https://www.boj.or.jp/en/mopo/mpmdeci/mpr_2024/mpr240731c.pdf ; https://www.boj.or.jp/en/mopo/mpmdeci/mpr_2025/mpr250124a.pdf ; https://www.boj.or.jp/en/mopo/mpmdeci/mpr_2025/k251219a.pdf ; https://www.boj.or.jp/en/mopo/mpmdeci/mpr_2026/k260616a.pdf ; https://www.boj.or.jp/en/mopo/mpmdeci/mpr_2026/k260918a.pdf, Central bank policy rates - Japan - Monthly - End of period,2020-09,-0.1,A,F,
M,JP,368,0,,"From 24 Sep 2026: the BOJ encourages the uncollateralized overnight call rate to remain at around 1.25 percent; From 17 Jun 2026 to 23 Sep 2026: the BOJ encourages the uncollateralized overnight call rate to remain at around 1.00 percent; From 22 Dec 2025 to 16 Jun 2026: the BOJ encourages the uncollateralized overnight call rate to remain at around 0.75 percent; From 27 Jan 2025 to 21 Dec 2025: the BOJ encourages the uncollateralized overnight call rate to remain at around 0.50 percent; From 1 Aug 2024 to 26 Jan 2025: the BOJ encouraged the UOCR to remain at around 0.25% ; From 21 Mar 2024 to 31 July: the BOJ encouraged the UOCR to remain at around 0 to 0.1 %; from 21 Sep 2016 to 20 Mar 2024: the BOJ set the guideline for market operations which specifies a short-term policy interest rate at minus 0.1% and a target level of 10-year JGB yields at around 0%. Short-term policy interest rate; from 4 Apr 2013 to 20 Sep 2016: no policy rate; from 5 Oct 2010 to 3 Apr 2013: the BOJ encouraged the UOCR to remain at around 0 to 0.1%; from 19 Dec 2008 to 4 Oct 2010: the BOJ encouraged the UOCR to remain at around 0. %; from 31 Oct 2008 to 18 Dec 2008: the BOJ encouraged the UOCR to remain at around 0.3%; before 30 Oct 2008, refer to https://data.bis.org/topics/CBPOL",4,Bank of Japan,For details see: http://www.bis.org/statistics/cbpol/cbpol_doc.pdf  ; https://www.boj.or.jp/en/mopo/mpmdeci/mpr_1998/k980909c.htm ; https://www.boj.or.jp/en/mopo/mpmdeci/mpr_1999/k990212c.htm ; https://www.boj.or.jp/en/mopo/mpmdeci/mpr_2000/k000811.htm ; https://www.boj.or.jp/en/mopo/mpmdeci/mpr_2001/k010228a.htm ; https://www.boj.or.jp/en/mopo/mpmdeci/mpr_2006/k060309.htm ; https://www.boj.or.jp/en/mopo/mpmdeci/mpr_2006/k060714.pdf ; https://www.boj.or.jp/en/mopo/mpmdeci/mpr_2007/k070221.pdf ; https://www.boj.or.jp/en/mopo/mpmdeci/mpr_2008/k081031.pdf ; https://www.boj.or.jp/en/mopo/mpmdeci/mpr_2008/k081219.pdf ; https://www.boj.or.jp/en/mopo/mpmdeci/mpr_2010/k101005.pdf ; https://www.boj.or.jp/en/mopo/mpmdeci/mpr_2016/k160921a.pdf ; https://www.boj.or.jp/en/mopo/mpmdeci/mpr_2024/k240319a.pdf ; https://www.boj.or.jp/en/mopo/mpmdeci/mpr_2024/mpr240731c.pdf ; https://www.boj.or.jp/en/mopo/mpmdeci/mpr_2025/mpr250124a.pdf ; https://www.boj.or.jp/en/mopo/mpmdeci/mpr_2025/k251219a.pdf ; https://www.boj.or.jp/en/mopo/mpmdeci/mpr_2026/k260616a.pdf ; https://www.boj.or.jp/en/mopo/mpmdeci/mpr_2026/k260918a.pdf, Central bank policy rates - Japan - Monthly - End of period,2020-10,-0.1,A,F,
M,JP,368,0,,"From 24 Sep 2026: the BOJ encourages the uncollateralized overnight call rate to remain at around 1.25 percent; From 17 Jun 2026 to 23 Sep 2026: the BOJ encourages the uncollateralized overnight call rate to remain at around 1.00 percent; From 22 Dec 2025 to 16 Jun 2026: the BOJ encourages the uncollateralized overnight call rate to remain at around 0.75 percent; From 27 Jan 2025 to 21 Dec 2025: the BOJ encourages the uncollateralized overnight call rate to remain at around 0.50 percent; From 1 Aug 2024 to 26 Jan 2025: the BOJ encouraged the UOCR to remain at around 0.25% ; From 21 Mar 2024 to 31 July: the BOJ encouraged the UOCR to remain at around 0 to 0.1 %; from 21 Sep 2016 to 20 Mar 2024: the BOJ set the guideline for market operations which specifies a short-term policy interest rate at minus 0.1% and a target level of 10-year JGB yields at around 0%. Short-term policy interest rate; from 4 Apr 2013 to 20 Sep 2016: no policy rate; from 5 Oct 2010 to 3 Apr 2013: the BOJ encouraged the UOCR to remain at around 0 to 0.1%; from 19 Dec 2008 to 4 Oct 2010: the BOJ encouraged the UOCR to remain at around 0. %; from 31 Oct 2008 to 18 Dec 2008: the BOJ encouraged the UOCR to remain at around 0.3%; before 30 Oct 2008, refer to https://data.bis.org/topics/CBPOL",4,Bank of Japan,For details see: http://www.bis.org/statistics/cbpol/cbpol_doc.pdf  ; https://www.boj.or.jp/en/mopo/mpmdeci/mpr_1998/k980909c.htm ; https://www.boj.or.jp/en/mopo/mpmdeci/mpr_1999/k990212c.htm ; https://www.boj.or.jp/en/mopo/mpmdeci/mpr_2000/k000811.htm ; https://www.boj.or.jp/en/mopo/mpmdeci/mpr_2001/k010228a.htm ; https://www.boj.or.jp/en/mopo/mpmdeci/mpr_2006/k060309.htm ; https://www.boj.or.jp/en/mopo/mpmdeci/mpr_2006/k060714.pdf ; https://www.boj.or.jp/en/mopo/mpmdeci/mpr_2007/k070221.pdf ; https://www.boj.or.jp/en/mopo/mpmdeci/mpr_2008/k081031.pdf ; https://www.boj.or.jp/en/mopo/mpmdeci/mpr_2008/k081219.pdf ; https://www.boj.or.jp/en/mopo/mpmdeci/mpr_2010/k101005.pdf ; https://www.boj.or.jp/en/mopo/mpmdeci/mpr_2016/k160921a.pdf ; https://www.boj.or.jp/en/mopo/mpmdeci/mpr_2024/k240319a.pdf ; https://www.boj.or.jp/en/mopo/mpmdeci/mpr_2024/mpr240731c.pdf ; https://www.boj.or.jp/en/mopo/mpmdeci/mpr_2025/mpr250124a.pdf ; https://www.boj.or.jp/en/mopo/mpmdeci/mpr_2025/k251219a.pdf ; https://www.boj.or.jp/en/mopo/mpmdeci/mpr_2026/k260616a.pdf ; https://www.boj.or.jp/en/mopo/mpmdeci/mpr_2026/k260918a.pdf, Central bank policy rates - Japan - Monthly - End of period,2020-11,-0.1,A,F,
M,JP,368,0,,"From 24 Sep 2026: the BOJ encourages the uncollateralized overnight call rate to remain at around 1.25 percent; From 17 Jun 2026 to 23 Sep 2026: the BOJ encourages the uncollateralized overnight call rate to remain at around 1.00 percent; From 22 Dec 2025 to 16 Jun 2026: the BOJ encourages the uncollateralized overnight call rate to remain at around 0.75 percent; From 27 Jan 2025 to 21 Dec 2025: the BOJ encourages the uncollateralized overnight call rate to remain at around 0.50 percent; From 1 Aug 2024 to 26 Jan 2025: the BOJ encouraged the UOCR to remain at around 0.25% ; From 21 Mar 2024 to 31 July: the BOJ encouraged the UOCR to remain at around 0 to 0.1 %; from 21 Sep 2016 to 20 Mar 2024: the BOJ set the guideline for market operations which specifies a short-term policy interest rate at minus 0.1% and a target level of 10-year JGB yields at around 0%. Short-term policy interest rate; from 4 Apr 2013 to 20 Sep 2016: no policy rate; from 5 Oct 2010 to 3 Apr 2013: the BOJ encouraged the UOCR to remain at around 0 to 0.1%; from 19 Dec 2008 to 4 Oct 2010: the BOJ encouraged the UOCR to remain at around 0. %; from 31 Oct 2008 to 18 Dec 2008: the BOJ encouraged the UOCR to remain at around 0.3%; before 30 Oct 2008, refer to https://data.bis.org/topics/CBPOL",4,Bank of Japan,For details see: http://www.bis.org/statistics/cbpol/cbpol_doc.pdf  ; https://www.boj.or.jp/en/mopo/mpmdeci/mpr_1998/k980909c.htm ; https://www.boj.or.jp/en/mopo/mpmdeci/mpr_1999/k990212c.htm ; https://www.boj.or.jp/en/mopo/mpmdeci/mpr_2000/k000811.htm ; https://www.boj.or.jp/en/mopo/mpmdeci/mpr_2001/k010228a.htm ; https://www.boj.or.jp/en/mopo/mpmdeci/mpr_2006/k060309.htm ; https://www.boj.or.jp/en/mopo/mpmdeci/mpr_2006/k060714.pdf ; https://www.boj.or.jp/en/mopo/mpmdeci/mpr_2007/k070221.pdf ; https://www.boj.or.jp/en/mopo/mpmdeci/mpr_2008/k081031.pdf ; https://www.boj.or.jp/en/mopo/mpmdeci/mpr_2008/k081219.pdf ; https://www.boj.or.jp/en/mopo/mpmdeci/mpr_2010/k101005.pdf ; https://www.boj.or.jp/en/mopo/mpmdeci/mpr_2016/k160921a.pdf ; https://www.boj.or.jp/en/mopo/mpmdeci/mpr_2024/k240319a.pdf ; https://www.boj.or.jp/en/mopo/mpmdeci/mpr_2024/mpr240731c.pdf ; https://www.boj.or.jp/en/mopo/mpmdeci/mpr_2025/mpr250124a.pdf ; https://www.boj.or.jp/en/mopo/mpmdeci/mpr_2025/k251219a.pdf ; https://www.boj.or.jp/en/mopo/mpmdeci/mpr_2026/k260616a.pdf ; https://www.boj.or.jp/en/mopo/mpmdeci/mpr_2026/k260918a.pdf, Central bank policy rates - Japan - Monthly - End of period,2020-12,-0.1,A,F,
M,JP,368,0,,"From 24 Sep 2026: the BOJ encourages the uncollateralized overnight call rate to remain at around 1.25 percent; From 17 Jun 2026 to 23 Sep 2026: the BOJ encourages the uncollateralized overnight call rate to remain at around 1.00 percent; From 22 Dec 2025 to 16 Jun 2026: the BOJ encourages the uncollateralized overnight call rate to remain at around 0.75 percent; From 27 Jan 2025 to 21 Dec 2025: the BOJ encourages the uncollateralized overnight call rate to remain at around 0.50 percent; From 1 Aug 2024 to 26 Jan 2025: the BOJ encouraged the UOCR to remain at around 0.25% ; From 21 Mar 2024 to 31 July: the BOJ encouraged the UOCR to remain at around 0 to 0.1 %; from 21 Sep 2016 to 20 Mar 2024: the BOJ set the guideline for market operations which specifies a short-term policy interest rate at minus 0.1% and a target level of 10-year JGB yields at around 0%. Short-term policy interest rate; from 4 Apr 2013 to 20 Sep 2016: no policy rate; from 5 Oct 2010 to 3 Apr 2013: the BOJ encouraged the UOCR to remain at around 0 to 0.1%; from 19 Dec 2008 to 4 Oct 2010: the BOJ encouraged the UOCR to remain at around 0. %; from 31 Oct 2008 to 18 Dec 2008: the BOJ encouraged the UOCR to remain at around 0.3%; before 30 Oct 2008, refer to https://data.bis.org/topics/CBPOL",4,Bank of Japan,For details see: http://www.bis.org/statistics/cbpol/cbpol_doc.pdf  ; https://www.boj.or.jp/en/mopo/mpmdeci/mpr_1998/k980909c.htm ; https://www.boj.or.jp/en/mopo/mpmdeci/mpr_1999/k990212c.htm ; https://www.boj.or.jp/en/mopo/mpmdeci/mpr_2000/k000811.htm ; https://www.boj.or.jp/en/mopo/mpmdeci/mpr_2001/k010228a.htm ; https://www.boj.or.jp/en/mopo/mpmdeci/mpr_2006/k060309.htm ; https://www.boj.or.jp/en/mopo/mpmdeci/mpr_2006/k060714.pdf ; https://www.boj.or.jp/en/mopo/mpmdeci/mpr_2007/k070221.pdf ; https://www.boj.or.jp/en/mopo/mpmdeci/mpr_2008/k081031.pdf ; https://www.boj.or.jp/en/mopo/mpmdeci/mpr_2008/k081219.pdf ; https://www.boj.or.jp/en/mopo/mpmdeci/mpr_2010/k101005.pdf ; https://www.boj.or.jp/en/mopo/mpmdeci/mpr_2016/k160921a.pdf ; https://www.boj.or.jp/en/mopo/mpmdeci/mpr_2024/k240319a.pdf ; https://www.boj.or.jp/en/mopo/mpmdeci/mpr_2024/mpr240731c.pdf ; https://www.boj.or.jp/en/mopo/mpmdeci/mpr_2025/mpr250124a.pdf ; https://www.boj.or.jp/en/mopo/mpmdeci/mpr_2025/k251219a.pdf ; https://www.boj.or.jp/en/mopo/mpmdeci/mpr_2026/k260616a.pdf ; https://www.boj.or.jp/en/mopo/mpmdeci/mpr_2026/k260918a.pdf, Central bank policy rates - Japan - Monthly - End of period,2021-01,-0.1,A,F,
M,JP,368,0,,"From 24 Sep 2026: the BOJ encourages the uncollateralized overnight call rate to remain at around 1.25 percent; From 17 Jun 2026 to 23 Sep 2026: the BOJ encourages the uncollateralized overnight call rate to remain at around 1.00 percent; From 22 Dec 2025 to 16 Jun 2026: the BOJ encourages the uncollateralized overnight call rate to remain at around 0.75 percent; From 27 Jan 2025 to 21 Dec 2025: the BOJ encourages the uncollateralized overnight call rate to remain at around 0.50 percent; From 1 Aug 2024 to 26 Jan 2025: the BOJ encouraged the UOCR to remain at around 0.25% ; From 21 Mar 2024 to 31 July: the BOJ encouraged the UOCR to remain at around 0 to 0.1 %; from 21 Sep 2016 to 20 Mar 2024: the BOJ set the guideline for market operations which specifies a short-term policy interest rate at minus 0.1% and a target level of 10-year JGB yields at around 0%. Short-term policy interest rate; from 4 Apr 2013 to 20 Sep 2016: no policy rate; from 5 Oct 2010 to 3 Apr 2013: the BOJ encouraged the UOCR to remain at around 0 to 0.1%; from 19 Dec 2008 to 4 Oct 2010: the BOJ encouraged the UOCR to remain at around 0. %; from 31 Oct 2008 to 18 Dec 2008: the BOJ encouraged the UOCR to remain at around 0.3%; before 30 Oct 2008, refer to https://data.bis.org/topics/CBPOL",4,Bank of Japan,For details see: http://www.bis.org/statistics/cbpol/cbpol_doc.pdf  ; https://www.boj.or.jp/en/mopo/mpmdeci/mpr_1998/k980909c.htm ; https://www.boj.or.jp/en/mopo/mpmdeci/mpr_1999/k990212c.htm ; https://www.boj.or.jp/en/mopo/mpmdeci/mpr_2000/k000811.htm ; https://www.boj.or.jp/en/mopo/mpmdeci/mpr_2001/k010228a.htm ; https://www.boj.or.jp/en/mopo/mpmdeci/mpr_2006/k060309.htm ; https://www.boj.or.jp/en/mopo/mpmdeci/mpr_2006/k060714.pdf ; https://www.boj.or.jp/en/mopo/mpmdeci/mpr_2007/k070221.pdf ; https://www.boj.or.jp/en/mopo/mpmdeci/mpr_2008/k081031.pdf ; https://www.boj.or.jp/en/mopo/mpmdeci/mpr_2008/k081219.pdf ; https://www.boj.or.jp/en/mopo/mpmdeci/mpr_2010/k101005.pdf ; https://www.boj.or.jp/en/mopo/mpmdeci/mpr_2016/k160921a.pdf ; https://www.boj.or.jp/en/mopo/mpmdeci/mpr_2024/k240319a.pdf ; https://www.boj.or.jp/en/mopo/mpmdeci/mpr_2024/mpr240731c.pdf ; https://www.boj.or.jp/en/mopo/mpmdeci/mpr_2025/mpr250124a.pdf ; https://www.boj.or.jp/en/mopo/mpmdeci/mpr_2025/k251219a.pdf ; https://www.boj.or.jp/en/mopo/mpmdeci/mpr_2026/k260616a.pdf ; https://www.boj.or.jp/en/mopo/mpmdeci/mpr_2026/k260918a.pdf, Central bank policy rates - Japan - Monthly - End of period,2021-02,-0.1,A,F,
M,JP,368,0,,"From 24 Sep 2026: the BOJ encourages the uncollateralized overnight call rate to remain at around 1.25 percent; From 17 Jun 2026 to 23 Sep 2026: the BOJ encourages the uncollateralized overnight call rate to remain at around 1.00 percent; From 22 Dec 2025 to 16 Jun 2026: the BOJ encourages the uncollateralized overnight call rate to remain at around 0.75 percent; From 27 Jan 2025 to 21 Dec 2025: the BOJ encourages the uncollateralized overnight call rate to remain at around 0.50 percent; From 1 Aug 2024 to 26 Jan 2025: the BOJ encouraged the UOCR to remain at around 0.25% ; From 21 Mar 2024 to 31 July: the BOJ encouraged the UOCR to remain at around 0 to 0.1 %; from 21 Sep 2016 to 20 Mar 2024: the BOJ set the guideline for market operations which specifies a short-term policy interest rate at minus 0.1% and a target level of 10-year JGB yields at around 0%. Short-term policy interest rate; from 4 Apr 2013 to 20 Sep 2016: no policy rate; from 5 Oct 2010 to 3 Apr 2013: the BOJ encouraged the UOCR to remain at around 0 to 0.1%; from 19 Dec 2008 to 4 Oct 2010: the BOJ encouraged the UOCR to remain at around 0. %; from 31 Oct 2008 to 18 Dec 2008: the BOJ encouraged the UOCR to remain at around 0.3%; before 30 Oct 2008, refer to https://data.bis.org/topics/CBPOL",4,Bank of Japan,For details see: http://www.bis.org/statistics/cbpol/cbpol_doc.pdf  ; https://www.boj.or.jp/en/mopo/mpmdeci/mpr_1998/k980909c.htm ; https://www.boj.or.jp/en/mopo/mpmdeci/mpr_1999/k990212c.htm ; https://www.boj.or.jp/en/mopo/mpmdeci/mpr_2000/k000811.htm ; https://www.boj.or.jp/en/mopo/mpmdeci/mpr_2001/k010228a.htm ; https://www.boj.or.jp/en/mopo/mpmdeci/mpr_2006/k060309.htm ; https://www.boj.or.jp/en/mopo/mpmdeci/mpr_2006/k060714.pdf ; https://www.boj.or.jp/en/mopo/mpmdeci/mpr_2007/k070221.pdf ; https://www.boj.or.jp/en/mopo/mpmdeci/mpr_2008/k081031.pdf ; https://www.boj.or.jp/en/mopo/mpmdeci/mpr_2008/k081219.pdf ; https://www.boj.or.jp/en/mopo/mpmdeci/mpr_2010/k101005.pdf ; https://www.boj.or.jp/en/mopo/mpmdeci/mpr_2016/k160921a.pdf ; https://www.boj.or.jp/en/mopo/mpmdeci/mpr_2024/k240319a.pdf ; https://www.boj.or.jp/en/mopo/mpmdeci/mpr_2024/mpr240731c.pdf ; https://www.boj.or.jp/en/mopo/mpmdeci/mpr_2025/mpr250124a.pdf ; https://www.boj.or.jp/en/mopo/mpmdeci/mpr_2025/k251219a.pdf ; https://www.boj.or.jp/en/mopo/mpmdeci/mpr_2026/k260616a.pdf ; https://www.boj.or.jp/en/mopo/mpmdeci/mpr_2026/k260918a.pdf, Central bank policy rates - Japan - Monthly - End of period,2021-03,-0.1,A,F,
M,JP,368,0,,"From 24 Sep 2026: the BOJ encourages the uncollateralized overnight call rate to remain at around 1.25 percent; From 17 Jun 2026 to 23 Sep 2026: the BOJ encourages the uncollateralized overnight call rate to remain at around 1.00 percent; From 22 Dec 2025 to 16 Jun 2026: the BOJ encourages the uncollateralized overnight call rate to remain at around 0.75 percent; From 27 Jan 2025 to 21 Dec 2025: the BOJ encourages the uncollateralized overnight call rate to remain at around 0.50 percent; From 1 Aug 2024 to 26 Jan 2025: the BOJ encouraged the UOCR to remain at around 0.25% ; From 21 Mar 2024 to 31 July: the BOJ encouraged the UOCR to remain at around 0 to 0.1 %; from 21 Sep 2016 to 20 Mar 2024: the BOJ set the guideline for market operations which specifies a short-term policy interest rate at minus 0.1% and a target level of 10-year JGB yields at around 0%. Short-term policy interest rate; from 4 Apr 2013 to 20 Sep 2016: no policy rate; from 5 Oct 2010 to 3 Apr 2013: the BOJ encouraged the UOCR to remain at around 0 to 0.1%; from 19 Dec 2008 to 4 Oct 2010: the BOJ encouraged the UOCR to remain at around 0. %; from 31 Oct 2008 to 18 Dec 2008: the BOJ encouraged the UOCR to remain at around 0.3%; before 30 Oct 2008, refer to https://data.bis.org/topics/CBPOL",4,Bank of Japan,For details see: http://www.bis.org/statistics/cbpol/cbpol_doc.pdf  ; https://www.boj.or.jp/en/mopo/mpmdeci/mpr_1998/k980909c.htm ; https://www.boj.or.jp/en/mopo/mpmdeci/mpr_1999/k990212c.htm ; https://www.boj.or.jp/en/mopo/mpmdeci/mpr_2000/k000811.htm ; https://www.boj.or.jp/en/mopo/mpmdeci/mpr_2001/k010228a.htm ; https://www.boj.or.jp/en/mopo/mpmdeci/mpr_2006/k060309.htm ; https://www.boj.or.jp/en/mopo/mpmdeci/mpr_2006/k060714.pdf ; https://www.boj.or.jp/en/mopo/mpmdeci/mpr_2007/k070221.pdf ; https://www.boj.or.jp/en/mopo/mpmdeci/mpr_2008/k081031.pdf ; https://www.boj.or.jp/en/mopo/mpmdeci/mpr_2008/k081219.pdf ; https://www.boj.or.jp/en/mopo/mpmdeci/mpr_2010/k101005.pdf ; https://www.boj.or.jp/en/mopo/mpmdeci/mpr_2016/k160921a.pdf ; https://www.boj.or.jp/en/mopo/mpmdeci/mpr_2024/k240319a.pdf ; https://www.boj.or.jp/en/mopo/mpmdeci/mpr_2024/mpr240731c.pdf ; https://www.boj.or.jp/en/mopo/mpmdeci/mpr_2025/mpr250124a.pdf ; https://www.boj.or.jp/en/mopo/mpmdeci/mpr_2025/k251219a.pdf ; https://www.boj.or.jp/en/mopo/mpmdeci/mpr_2026/k260616a.pdf ; https://www.boj.or.jp/en/mopo/mpmdeci/mpr_2026/k260918a.pdf, Central bank policy rates - Japan - Monthly - End of period,2021-04,-0.1,A,F,
M,JP,368,0,,"From 24 Sep 2026: the BOJ encourages the uncollateralized overnight call rate to remain at around 1.25 percent; From 17 Jun 2026 to 23 Sep 2026: the BOJ encourages the uncollateralized overnight call rate to remain at around 1.00 percent; From 22 Dec 2025 to 16 Jun 2026: the BOJ encourages the uncollateralized overnight call rate to remain at around 0.75 percent; From 27 Jan 2025 to 21 Dec 2025: the BOJ encourages the uncollateralized overnight call rate to remain at around 0.50 percent; From 1 Aug 2024 to 26 Jan 2025: the BOJ encouraged the UOCR to remain at around 0.25% ; From 21 Mar 2024 to 31 July: the BOJ encouraged the UOCR to remain at around 0 to 0.1 %; from 21 Sep 2016 to 20 Mar 2024: the BOJ set the guideline for market operations which specifies a short-term policy interest rate at minus 0.1% and a target level of 10-year JGB yields at around 0%. Short-term policy interest rate; from 4 Apr 2013 to 20 Sep 2016: no policy rate; from 5 Oct 2010 to 3 Apr 2013: the BOJ encouraged the UOCR to remain at around 0 to 0.1%; from 19 Dec 2008 to 4 Oct 2010: the BOJ encouraged the UOCR to remain at around 0. %; from 31 Oct 2008 to 18 Dec 2008: the BOJ encouraged the UOCR to remain at around 0.3%; before 30 Oct 2008, refer to https://data.bis.org/topics/CBPOL",4,Bank of Japan,For details see: http://www.bis.org/statistics/cbpol/cbpol_doc.pdf  ; https://www.boj.or.jp/en/mopo/mpmdeci/mpr_1998/k980909c.htm ; https://www.boj.or.jp/en/mopo/mpmdeci/mpr_1999/k990212c.htm ; https://www.boj.or.jp/en/mopo/mpmdeci/mpr_2000/k000811.htm ; https://www.boj.or.jp/en/mopo/mpmdeci/mpr_2001/k010228a.htm ; https://www.boj.or.jp/en/mopo/mpmdeci/mpr_2006/k060309.htm ; https://www.boj.or.jp/en/mopo/mpmdeci/mpr_2006/k060714.pdf ; https://www.boj.or.jp/en/mopo/mpmdeci/mpr_2007/k070221.pdf ; https://www.boj.or.jp/en/mopo/mpmdeci/mpr_2008/k081031.pdf ; https://www.boj.or.jp/en/mopo/mpmdeci/mpr_2008/k081219.pdf ; https://www.boj.or.jp/en/mopo/mpmdeci/mpr_2010/k101005.pdf ; https://www.boj.or.jp/en/mopo/mpmdeci/mpr_2016/k160921a.pdf ; https://www.boj.or.jp/en/mopo/mpmdeci/mpr_2024/k240319a.pdf ; https://www.boj.or.jp/en/mopo/mpmdeci/mpr_2024/mpr240731c.pdf ; https://www.boj.or.jp/en/mopo/mpmdeci/mpr_2025/mpr250124a.pdf ; https://www.boj.or.jp/en/mopo/mpmdeci/mpr_2025/k251219a.pdf ; https://www.boj.or.jp/en/mopo/mpmdeci/mpr_2026/k260616a.pdf ; https://www.boj.or.jp/en/mopo/mpmdeci/mpr_2026/k260918a.pdf, Central bank policy rates - Japan - Monthly - End of period,2021-05,-0.1,A,F,
M,JP,368,0,,"From 24 Sep 2026: the BOJ encourages the uncollateralized overnight call rate to remain at around 1.25 percent; From 17 Jun 2026 to 23 Sep 2026: the BOJ encourages the uncollateralized overnight call rate to remain at around 1.00 percent; From 22 Dec 2025 to 16 Jun 2026: the BOJ encourages the uncollateralized overnight call rate to remain at around 0.75 percent; From 27 Jan 2025 to 21 Dec 2025: the BOJ encourages the uncollateralized overnight call rate to remain at around 0.50 percent; From 1 Aug 2024 to 26 Jan 2025: the BOJ encouraged the UOCR to remain at around 0.25% ; From 21 Mar 2024 to 31 July: the BOJ encouraged the UOCR to remain at around 0 to 0.1 %; from 21 Sep 2016 to 20 Mar 2024: the BOJ set the guideline for market operations which specifies a short-term policy interest rate at minus 0.1% and a target level of 10-year JGB yields at around 0%. Short-term policy interest rate; from 4 Apr 2013 to 20 Sep 2016: no policy rate; from 5 Oct 2010 to 3 Apr 2013: the BOJ encouraged the UOCR to remain at around 0 to 0.1%; from 19 Dec 2008 to 4 Oct 2010: the BOJ encouraged the UOCR to remain at around 0. %; from 31 Oct 2008 to 18 Dec 2008: the BOJ encouraged the UOCR to remain at around 0.3%; before 30 Oct 2008, refer to https://data.bis.org/topics/CBPOL",4,Bank of Japan,For details see: http://www.bis.org/statistics/cbpol/cbpol_doc.pdf  ; https://www.boj.or.jp/en/mopo/mpmdeci/mpr_1998/k980909c.htm ; https://www.boj.or.jp/en/mopo/mpmdeci/mpr_1999/k990212c.htm ; https://www.boj.or.jp/en/mopo/mpmdeci/mpr_2000/k000811.htm ; https://www.boj.or.jp/en/mopo/mpmdeci/mpr_2001/k010228a.htm ; https://www.boj.or.jp/en/mopo/mpmdeci/mpr_2006/k060309.htm ; https://www.boj.or.jp/en/mopo/mpmdeci/mpr_2006/k060714.pdf ; https://www.boj.or.jp/en/mopo/mpmdeci/mpr_2007/k070221.pdf ; https://www.boj.or.jp/en/mopo/mpmdeci/mpr_2008/k081031.pdf ; https://www.boj.or.jp/en/mopo/mpmdeci/mpr_2008/k081219.pdf ; https://www.boj.or.jp/en/mopo/mpmdeci/mpr_2010/k101005.pdf ; https://www.boj.or.jp/en/mopo/mpmdeci/mpr_2016/k160921a.pdf ; https://www.boj.or.jp/en/mopo/mpmdeci/mpr_2024/k240319a.pdf ; https://www.boj.or.jp/en/mopo/mpmdeci/mpr_2024/mpr240731c.pdf ; https://www.boj.or.jp/en/mopo/mpmdeci/mpr_2025/mpr250124a.pdf ; https://www.boj.or.jp/en/mopo/mpmdeci/mpr_2025/k251219a.pdf ; https://www.boj.or.jp/en/mopo/mpmdeci/mpr_2026/k260616a.pdf ; https://www.boj.or.jp/en/mopo/mpmdeci/mpr_2026/k260918a.pdf, Central bank policy rates - Japan - Monthly - End of period,2021-06,-0.1,A,F,
M,JP,368,0,,"From 24 Sep 2026: the BOJ encourages the uncollateralized overnight call rate to remain at around 1.25 percent; From 17 Jun 2026 to 23 Sep 2026: the BOJ encourages the uncollateralized overnight call rate to remain at around 1.00 percent; From 22 Dec 2025 to 16 Jun 2026: the BOJ encourages the uncollateralized overnight call rate to remain at around 0.75 percent; From 27 Jan 2025 to 21 Dec 2025: the BOJ encourages the uncollateralized overnight call rate to remain at around 0.50 percent; From 1 Aug 2024 to 26 Jan 2025: the BOJ encouraged the UOCR to remain at around 0.25% ; From 21 Mar 2024 to 31 July: the BOJ encouraged the UOCR to remain at around 0 to 0.1 %; from 21 Sep 2016 to 20 Mar 2024: the BOJ set the guideline for market operations which specifies a short-term policy interest rate at minus 0.1% and a target level of 10-year JGB yields at around 0%. Short-term policy interest rate; from 4 Apr 2013 to 20 Sep 2016: no policy rate; from 5 Oct 2010 to 3 Apr 2013: the BOJ encouraged the UOCR to remain at around 0 to 0.1%; from 19 Dec 2008 to 4 Oct 2010: the BOJ encouraged the UOCR to remain at around 0. %; from 31 Oct 2008 to 18 Dec 2008: the BOJ encouraged the UOCR to remain at around 0.3%; before 30 Oct 2008, refer to https://data.bis.org/topics/CBPOL",4,Bank of Japan,For details see: http://www.bis.org/statistics/cbpol/cbpol_doc.pdf  ; https://www.boj.or.jp/en/mopo/mpmdeci/mpr_1998/k980909c.htm ; https://www.boj.or.jp/en/mopo/mpmdeci/mpr_1999/k990212c.htm ; https://www.boj.or.jp/en/mopo/mpmdeci/mpr_2000/k000811.htm ; https://www.boj.or.jp/en/mopo/mpmdeci/mpr_2001/k010228a.htm ; https://www.boj.or.jp/en/mopo/mpmdeci/mpr_2006/k060309.htm ; https://www.boj.or.jp/en/mopo/mpmdeci/mpr_2006/k060714.pdf ; https://www.boj.or.jp/en/mopo/mpmdeci/mpr_2007/k070221.pdf ; https://www.boj.or.jp/en/mopo/mpmdeci/mpr_2008/k081031.pdf ; https://www.boj.or.jp/en/mopo/mpmdeci/mpr_2008/k081219.pdf ; https://www.boj.or.jp/en/mopo/mpmdeci/mpr_2010/k101005.pdf ; https://www.boj.or.jp/en/mopo/mpmdeci/mpr_2016/k160921a.pdf ; https://www.boj.or.jp/en/mopo/mpmdeci/mpr_2024/k240319a.pdf ; https://www.boj.or.jp/en/mopo/mpmdeci/mpr_2024/mpr240731c.pdf ; https://www.boj.or.jp/en/mopo/mpmdeci/mpr_2025/mpr250124a.pdf ; https://www.boj.or.jp/en/mopo/mpmdeci/mpr_2025/k251219a.pdf ; https://www.boj.or.jp/en/mopo/mpmdeci/mpr_2026/k260616a.pdf ; https://www.boj.or.jp/en/mopo/mpmdeci/mpr_2026/k260918a.pdf, Central bank policy rates - Japan - Monthly - End of period,2021-07,-0.1,A,F,
M,JP,368,0,,"From 24 Sep 2026: the BOJ encourages the uncollateralized overnight call rate to remain at around 1.25 percent; From 17 Jun 2026 to 23 Sep 2026: the BOJ encourages the uncollateralized overnight call rate to remain at around 1.00 percent; From 22 Dec 2025 to 16 Jun 2026: the BOJ encourages the uncollateralized overnight call rate to remain at around 0.75 percent; From 27 Jan 2025 to 21 Dec 2025: the BOJ encourages the uncollateralized overnight call rate to remain at around 0.50 percent; From 1 Aug 2024 to 26 Jan 2025: the BOJ encouraged the UOCR to remain at around 0.25% ; From 21 Mar 2024 to 31 July: the BOJ encouraged the UOCR to remain at around 0 to 0.1 %; from 21 Sep 2016 to 20 Mar 2024: the BOJ set the guideline for market operations which specifies a short-term policy interest rate at minus 0.1% and a target level of 10-year JGB yields at around 0%. Short-term policy interest rate; from 4 Apr 2013 to 20 Sep 2016: no policy rate; from 5 Oct 2010 to 3 Apr 2013: the BOJ encouraged the UOCR to remain at around 0 to 0.1%; from 19 Dec 2008 to 4 Oct 2010: the BOJ encouraged the UOCR to remain at around 0. %; from 31 Oct 2008 to 18 Dec 2008: the BOJ encouraged the UOCR to remain at around 0.3%; before 30 Oct 2008, refer to https://data.bis.org/topics/CBPOL",4,Bank of Japan,For details see: http://www.bis.org/statistics/cbpol/cbpol_doc.pdf  ; https://www.boj.or.jp/en/mopo/mpmdeci/mpr_1998/k980909c.htm ; https://www.boj.or.jp/en/mopo/mpmdeci/mpr_1999/k990212c.htm ; https://www.boj.or.jp/en/mopo/mpmdeci/mpr_2000/k000811.htm ; https://www.boj.or.jp/en/mopo/mpmdeci/mpr_2001/k010228a.htm ; https://www.boj.or.jp/en/mopo/mpmdeci/mpr_2006/k060309.htm ; https://www.boj.or.jp/en/mopo/mpmdeci/mpr_2006/k060714.pdf ; https://www.boj.or.jp/en/mopo/mpmdeci/mpr_2007/k070221.pdf ; https://www.boj.or.jp/en/mopo/mpmdeci/mpr_2008/k081031.pdf ; https://www.boj.or.jp/en/mopo/mpmdeci/mpr_2008/k081219.pdf ; https://www.boj.or.jp/en/mopo/mpmdeci/mpr_2010/k101005.pdf ; https://www.boj.or.jp/en/mopo/mpmdeci/mpr_2016/k160921a.pdf ; https://www.boj.or.jp/en/mopo/mpmdeci/mpr_2024/k240319a.pdf ; https://www.boj.or.jp/en/mopo/mpmdeci/mpr_2024/mpr240731c.pdf ; https://www.boj.or.jp/en/mopo/mpmdeci/mpr_2025/mpr250124a.pdf ; https://www.boj.or.jp/en/mopo/mpmdeci/mpr_2025/k251219a.pdf ; https://www.boj.or.jp/en/mopo/mpmdeci/mpr_2026/k260616a.pdf ; https://www.boj.or.jp/en/mopo/mpmdeci/mpr_2026/k260918a.pdf, Central bank policy rates - Japan - Monthly - End of period,2021-08,-0.1,A,F,
M,JP,368,0,,"From 24 Sep 2026: the BOJ encourages the uncollateralized overnight call rate to remain at around 1.25 percent; From 17 Jun 2026 to 23 Sep 2026: the BOJ encourages the uncollateralized overnight call rate to remain at around 1.00 percent; From 22 Dec 2025 to 16 Jun 2026: the BOJ encourages the uncollateralized overnight call rate to remain at around 0.75 percent; From 27 Jan 2025 to 21 Dec 2025: the BOJ encourages the uncollateralized overnight call rate to remain at around 0.50 percent; From 1 Aug 2024 to 26 Jan 2025: the BOJ encouraged the UOCR to remain at around 0.25% ; From 21 Mar 2024 to 31 July: the BOJ encouraged the UOCR to remain at around 0 to 0.1 %; from 21 Sep 2016 to 20 Mar 2024: the BOJ set the guideline for market operations which specifies a short-term policy interest rate at minus 0.1% and a target level of 10-year JGB yields at around 0%. Short-term policy interest rate; from 4 Apr 2013 to 20 Sep 2016: no policy rate; from 5 Oct 2010 to 3 Apr 2013: the BOJ encouraged the UOCR to remain at around 0 to 0.1%; from 19 Dec 2008 to 4 Oct 2010: the BOJ encouraged the UOCR to remain at around 0. %; from 31 Oct 2008 to 18 Dec 2008: the BOJ encouraged the UOCR to remain at around 0.3%; before 30 Oct 2008, refer to https://data.bis.org/topics/CBPOL",4,Bank of Japan,For details see: http://www.bis.org/statistics/cbpol/cbpol_doc.pdf  ; https://www.boj.or.jp/en/mopo/mpmdeci/mpr_1998/k980909c.htm ; https://www.boj.or.jp/en/mopo/mpmdeci/mpr_1999/k990212c.htm ; https://www.boj.or.jp/en/mopo/mpmdeci/mpr_2000/k000811.htm ; https://www.boj.or.jp/en/mopo/mpmdeci/mpr_2001/k010228a.htm ; https://www.boj.or.jp/en/mopo/mpmdeci/mpr_2006/k060309.htm ; https://www.boj.or.jp/en/mopo/mpmdeci/mpr_2006/k060714.pdf ; https://www.boj.or.jp/en/mopo/mpmdeci/mpr_2007/k070221.pdf ; https://www.boj.or.jp/en/mopo/mpmdeci/mpr_2008/k081031.pdf ; https://www.boj.or.jp/en/mopo/mpmdeci/mpr_2008/k081219.pdf ; https://www.boj.or.jp/en/mopo/mpmdeci/mpr_2010/k101005.pdf ; https://www.boj.or.jp/en/mopo/mpmdeci/mpr_2016/k160921a.pdf ; https://www.boj.or.jp/en/mopo/mpmdeci/mpr_2024/k240319a.pdf ; https://www.boj.or.jp/en/mopo/mpmdeci/mpr_2024/mpr240731c.pdf ; https://www.boj.or.jp/en/mopo/mpmdeci/mpr_2025/mpr250124a.pdf ; https://www.boj.or.jp/en/mopo/mpmdeci/mpr_2025/k251219a.pdf ; https://www.boj.or.jp/en/mopo/mpmdeci/mpr_2026/k260616a.pdf ; https://www.boj.or.jp/en/mopo/mpmdeci/mpr_2026/k260918a.pdf, Central bank policy rates - Japan - Monthly - End of period,2021-09,-0.1,A,F,
M,JP,368,0,,"From 24 Sep 2026: the BOJ encourages the uncollateralized overnight call rate to remain at around 1.25 percent; From 17 Jun 2026 to 23 Sep 2026: the BOJ encourages the uncollateralized overnight call rate to remain at around 1.00 percent; From 22 Dec 2025 to 16 Jun 2026: the BOJ encourages the uncollateralized overnight call rate to remain at around 0.75 percent; From 27 Jan 2025 to 21 Dec 2025: the BOJ encourages the uncollateralized overnight call rate to remain at around 0.50 percent; From 1 Aug 2024 to 26 Jan 2025: the BOJ encouraged the UOCR to remain at around 0.25% ; From 21 Mar 2024 to 31 July: the BOJ encouraged the UOCR to remain at around 0 to 0.1 %; from 21 Sep 2016 to 20 Mar 2024: the BOJ set the guideline for market operations which specifies a short-term policy interest rate at minus 0.1% and a target level of 10-year JGB yields at around 0%. Short-term policy interest rate; from 4 Apr 2013 to 20 Sep 2016: no policy rate; from 5 Oct 2010 to 3 Apr 2013: the BOJ encouraged the UOCR to remain at around 0 to 0.1%; from 19 Dec 2008 to 4 Oct 2010: the BOJ encouraged the UOCR to remain at around 0. %; from 31 Oct 2008 to 18 Dec 2008: the BOJ encouraged the UOCR to remain at around 0.3%; before 30 Oct 2008, refer to https://data.bis.org/topics/CBPOL",4,Bank of Japan,For details see: http://www.bis.org/statistics/cbpol/cbpol_doc.pdf  ; https://www.boj.or.jp/en/mopo/mpmdeci/mpr_1998/k980909c.htm ; https://www.boj.or.jp/en/mopo/mpmdeci/mpr_1999/k990212c.htm ; https://www.boj.or.jp/en/mopo/mpmdeci/mpr_2000/k000811.htm ; https://www.boj.or.jp/en/mopo/mpmdeci/mpr_2001/k010228a.htm ; https://www.boj.or.jp/en/mopo/mpmdeci/mpr_2006/k060309.htm ; https://www.boj.or.jp/en/mopo/mpmdeci/mpr_2006/k060714.pdf ; https://www.boj.or.jp/en/mopo/mpmdeci/mpr_2007/k070221.pdf ; https://www.boj.or.jp/en/mopo/mpmdeci/mpr_2008/k081031.pdf ; https://www.boj.or.jp/en/mopo/mpmdeci/mpr_2008/k081219.pdf ; https://www.boj.or.jp/en/mopo/mpmdeci/mpr_2010/k101005.pdf ; https://www.boj.or.jp/en/mopo/mpmdeci/mpr_2016/k160921a.pdf ; https://www.boj.or.jp/en/mopo/mpmdeci/mpr_2024/k240319a.pdf ; https://www.boj.or.jp/en/mopo/mpmdeci/mpr_2024/mpr240731c.pdf ; https://www.boj.or.jp/en/mopo/mpmdeci/mpr_2025/mpr250124a.pdf ; https://www.boj.or.jp/en/mopo/mpmdeci/mpr_2025/k251219a.pdf ; https://www.boj.or.jp/en/mopo/mpmdeci/mpr_2026/k260616a.pdf ; https://www.boj.or.jp/en/mopo/mpmdeci/mpr_2026/k260918a.pdf, Central bank policy rates - Japan - Monthly - End of period,2021-10,-0.1,A,F,
M,JP,368,0,,"From 24 Sep 2026: the BOJ encourages the uncollateralized overnight call rate to remain at around 1.25 percent; From 17 Jun 2026 to 23 Sep 2026: the BOJ encourages the uncollateralized overnight call rate to remain at around 1.00 percent; From 22 Dec 2025 to 16 Jun 2026: the BOJ encourages the uncollateralized overnight call rate to remain at around 0.75 percent; From 27 Jan 2025 to 21 Dec 2025: the BOJ encourages the uncollateralized overnight call rate to remain at around 0.50 percent; From 1 Aug 2024 to 26 Jan 2025: the BOJ encouraged the UOCR to remain at around 0.25% ; From 21 Mar 2024 to 31 July: the BOJ encouraged the UOCR to remain at around 0 to 0.1 %; from 21 Sep 2016 to 20 Mar 2024: the BOJ set the guideline for market operations which specifies a short-term policy interest rate at minus 0.1% and a target level of 10-year JGB yields at around 0%. Short-term policy interest rate; from 4 Apr 2013 to 20 Sep 2016: no policy rate; from 5 Oct 2010 to 3 Apr 2013: the BOJ encouraged the UOCR to remain at around 0 to 0.1%; from 19 Dec 2008 to 4 Oct 2010: the BOJ encouraged the UOCR to remain at around 0. %; from 31 Oct 2008 to 18 Dec 2008: the BOJ encouraged the UOCR to remain at around 0.3%; before 30 Oct 2008, refer to https://data.bis.org/topics/CBPOL",4,Bank of Japan,For details see: http://www.bis.org/statistics/cbpol/cbpol_doc.pdf  ; https://www.boj.or.jp/en/mopo/mpmdeci/mpr_1998/k980909c.htm ; https://www.boj.or.jp/en/mopo/mpmdeci/mpr_1999/k990212c.htm ; https://www.boj.or.jp/en/mopo/mpmdeci/mpr_2000/k000811.htm ; https://www.boj.or.jp/en/mopo/mpmdeci/mpr_2001/k010228a.htm ; https://www.boj.or.jp/en/mopo/mpmdeci/mpr_2006/k060309.htm ; https://www.boj.or.jp/en/mopo/mpmdeci/mpr_2006/k060714.pdf ; https://www.boj.or.jp/en/mopo/mpmdeci/mpr_2007/k070221.pdf ; https://www.boj.or.jp/en/mopo/mpmdeci/mpr_2008/k081031.pdf ; https://www.boj.or.jp/en/mopo/mpmdeci/mpr_2008/k081219.pdf ; https://www.boj.or.jp/en/mopo/mpmdeci/mpr_2010/k101005.pdf ; https://www.boj.or.jp/en/mopo/mpmdeci/mpr_2016/k160921a.pdf ; https://www.boj.or.jp/en/mopo/mpmdeci/mpr_2024/k240319a.pdf ; https://www.boj.or.jp/en/mopo/mpmdeci/mpr_2024/mpr240731c.pdf ; https://www.boj.or.jp/en/mopo/mpmdeci/mpr_2025/mpr250124a.pdf ; https://www.boj.or.jp/en/mopo/mpmdeci/mpr_2025/k251219a.pdf ; https://www.boj.or.jp/en/mopo/mpmdeci/mpr_2026/k260616a.pdf ; https://www.boj.or.jp/en/mopo/mpmdeci/mpr_2026/k260918a.pdf, Central bank policy rates - Japan - Monthly - End of period,2021-11,-0.1,A,F,
M,JP,368,0,,"From 24 Sep 2026: the BOJ encourages the uncollateralized overnight call rate to remain at around 1.25 percent; From 17 Jun 2026 to 23 Sep 2026: the BOJ encourages the uncollateralized overnight call rate to remain at around 1.00 percent; From 22 Dec 2025 to 16 Jun 2026: the BOJ encourages the uncollateralized overnight call rate to remain at around 0.75 percent; From 27 Jan 2025 to 21 Dec 2025: the BOJ encourages the uncollateralized overnight call rate to remain at around 0.50 percent; From 1 Aug 2024 to 26 Jan 2025: the BOJ encouraged the UOCR to remain at around 0.25% ; From 21 Mar 2024 to 31 July: the BOJ encouraged the UOCR to remain at around 0 to 0.1 %; from 21 Sep 2016 to 20 Mar 2024: the BOJ set the guideline for market operations which specifies a short-term policy interest rate at minus 0.1% and a target level of 10-year JGB yields at around 0%. Short-term policy interest rate; from 4 Apr 2013 to 20 Sep 2016: no policy rate; from 5 Oct 2010 to 3 Apr 2013: the BOJ encouraged the UOCR to remain at around 0 to 0.1%; from 19 Dec 2008 to 4 Oct 2010: the BOJ encouraged the UOCR to remain at around 0. %; from 31 Oct 2008 to 18 Dec 2008: the BOJ encouraged the UOCR to remain at around 0.3%; before 30 Oct 2008, refer to https://data.bis.org/topics/CBPOL",4,Bank of Japan,For details see: http://www.bis.org/statistics/cbpol/cbpol_doc.pdf  ; https://www.boj.or.jp/en/mopo/mpmdeci/mpr_1998/k980909c.htm ; https://www.boj.or.jp/en/mopo/mpmdeci/mpr_1999/k990212c.htm ; https://www.boj.or.jp/en/mopo/mpmdeci/mpr_2000/k000811.htm ; https://www.boj.or.jp/en/mopo/mpmdeci/mpr_2001/k010228a.htm ; https://www.boj.or.jp/en/mopo/mpmdeci/mpr_2006/k060309.htm ; https://www.boj.or.jp/en/mopo/mpmdeci/mpr_2006/k060714.pdf ; https://www.boj.or.jp/en/mopo/mpmdeci/mpr_2007/k070221.pdf ; https://www.boj.or.jp/en/mopo/mpmdeci/mpr_2008/k081031.pdf ; https://www.boj.or.jp/en/mopo/mpmdeci/mpr_2008/k081219.pdf ; https://www.boj.or.jp/en/mopo/mpmdeci/mpr_2010/k101005.pdf ; https://www.boj.or.jp/en/mopo/mpmdeci/mpr_2016/k160921a.pdf ; https://www.boj.or.jp/en/mopo/mpmdeci/mpr_2024/k240319a.pdf ; https://www.boj.or.jp/en/mopo/mpmdeci/mpr_2024/mpr240731c.pdf ; https://www.boj.or.jp/en/mopo/mpmdeci/mpr_2025/mpr250124a.pdf ; https://www.boj.or.jp/en/mopo/mpmdeci/mpr_2025/k251219a.pdf ; https://www.boj.or.jp/en/mopo/mpmdeci/mpr_2026/k260616a.pdf ; https://www.boj.or.jp/en/mopo/mpmdeci/mpr_2026/k260918a.pdf, Central bank policy rates - Japan - Monthly - End of period,2021-12,-0.1,A,F,
M,JP,368,0,,"From 24 Sep 2026: the BOJ encourages the uncollateralized overnight call rate to remain at around 1.25 percent; From 17 Jun 2026 to 23 Sep 2026: the BOJ encourages the uncollateralized overnight call rate to remain at around 1.00 percent; From 22 Dec 2025 to 16 Jun 2026: the BOJ encourages the uncollateralized overnight call rate to remain at around 0.75 percent; From 27 Jan 2025 to 21 Dec 2025: the BOJ encourages the uncollateralized overnight call rate to remain at around 0.50 percent; From 1 Aug 2024 to 26 Jan 2025: the BOJ encouraged the UOCR to remain at around 0.25% ; From 21 Mar 2024 to 31 July: the BOJ encouraged the UOCR to remain at around 0 to 0.1 %; from 21 Sep 2016 to 20 Mar 2024: the BOJ set the guideline for market operations which specifies a short-term policy interest rate at minus 0.1% and a target level of 10-year JGB yields at around 0%. Short-term policy interest rate; from 4 Apr 2013 to 20 Sep 2016: no policy rate; from 5 Oct 2010 to 3 Apr 2013: the BOJ encouraged the UOCR to remain at around 0 to 0.1%; from 19 Dec 2008 to 4 Oct 2010: the BOJ encouraged the UOCR to remain at around 0. %; from 31 Oct 2008 to 18 Dec 2008: the BOJ encouraged the UOCR to remain at around 0.3%; before 30 Oct 2008, refer to https://data.bis.org/topics/CBPOL",4,Bank of Japan,For details see: http://www.bis.org/statistics/cbpol/cbpol_doc.pdf  ; https://www.boj.or.jp/en/mopo/mpmdeci/mpr_1998/k980909c.htm ; https://www.boj.or.jp/en/mopo/mpmdeci/mpr_1999/k990212c.htm ; https://www.boj.or.jp/en/mopo/mpmdeci/mpr_2000/k000811.htm ; https://www.boj.or.jp/en/mopo/mpmdeci/mpr_2001/k010228a.htm ; https://www.boj.or.jp/en/mopo/mpmdeci/mpr_2006/k060309.htm ; https://www.boj.or.jp/en/mopo/mpmdeci/mpr_2006/k060714.pdf ; https://www.boj.or.jp/en/mopo/mpmdeci/mpr_2007/k070221.pdf ; https://www.boj.or.jp/en/mopo/mpmdeci/mpr_2008/k081031.pdf ; https://www.boj.or.jp/en/mopo/mpmdeci/mpr_2008/k081219.pdf ; https://www.boj.or.jp/en/mopo/mpmdeci/mpr_2010/k101005.pdf ; https://www.boj.or.jp/en/mopo/mpmdeci/mpr_2016/k160921a.pdf ; https://www.boj.or.jp/en/mopo/mpmdeci/mpr_2024/k240319a.pdf ; https://www.boj.or.jp/en/mopo/mpmdeci/mpr_2024/mpr240731c.pdf ; https://www.boj.or.jp/en/mopo/mpmdeci/mpr_2025/mpr250124a.pdf ; https://www.boj.or.jp/en/mopo/mpmdeci/mpr_2025/k251219a.pdf ; https://www.boj.or.jp/en/mopo/mpmdeci/mpr_2026/k260616a.pdf ; https://www.boj.or.jp/en/mopo/mpmdeci/mpr_2026/k260918a.pdf, Central bank policy rates - Japan - Monthly - End of period,2022-01,-0.1,A,F,
M,JP,368,0,,"From 24 Sep 2026: the BOJ encourages the uncollateralized overnight call rate to remain at around 1.25 percent; From 17 Jun 2026 to 23 Sep 2026: the BOJ encourages the uncollateralized overnight call rate to remain at around 1.00 percent; From 22 Dec 2025 to 16 Jun 2026: the BOJ encourages the uncollateralized overnight call rate to remain at around 0.75 percent; From 27 Jan 2025 to 21 Dec 2025: the BOJ encourages the uncollateralized overnight call rate to remain at around 0.50 percent; From 1 Aug 2024 to 26 Jan 2025: the BOJ encouraged the UOCR to remain at around 0.25% ; From 21 Mar 2024 to 31 July: the BOJ encouraged the UOCR to remain at around 0 to 0.1 %; from 21 Sep 2016 to 20 Mar 2024: the BOJ set the guideline for market operations which specifies a short-term policy interest rate at minus 0.1% and a target level of 10-year JGB yields at around 0%. Short-term policy interest rate; from 4 Apr 2013 to 20 Sep 2016: no policy rate; from 5 Oct 2010 to 3 Apr 2013: the BOJ encouraged the UOCR to remain at around 0 to 0.1%; from 19 Dec 2008 to 4 Oct 2010: the BOJ encouraged the UOCR to remain at around 0. %; from 31 Oct 2008 to 18 Dec 2008: the BOJ encouraged the UOCR to remain at around 0.3%; before 30 Oct 2008, refer to https://data.bis.org/topics/CBPOL",4,Bank of Japan,For details see: http://www.bis.org/statistics/cbpol/cbpol_doc.pdf  ; https://www.boj.or.jp/en/mopo/mpmdeci/mpr_1998/k980909c.htm ; https://www.boj.or.jp/en/mopo/mpmdeci/mpr_1999/k990212c.htm ; https://www.boj.or.jp/en/mopo/mpmdeci/mpr_2000/k000811.htm ; https://www.boj.or.jp/en/mopo/mpmdeci/mpr_2001/k010228a.htm ; https://www.boj.or.jp/en/mopo/mpmdeci/mpr_2006/k060309.htm ; https://www.boj.or.jp/en/mopo/mpmdeci/mpr_2006/k060714.pdf ; https://www.boj.or.jp/en/mopo/mpmdeci/mpr_2007/k070221.pdf ; https://www.boj.or.jp/en/mopo/mpmdeci/mpr_2008/k081031.pdf ; https://www.boj.or.jp/en/mopo/mpmdeci/mpr_2008/k081219.pdf ; https://www.boj.or.jp/en/mopo/mpmdeci/mpr_2010/k101005.pdf ; https://www.boj.or.jp/en/mopo/mpmdeci/mpr_2016/k160921a.pdf ; https://www.boj.or.jp/en/mopo/mpmdeci/mpr_2024/k240319a.pdf ; https://www.boj.or.jp/en/mopo/mpmdeci/mpr_2024/mpr240731c.pdf ; https://www.boj.or.jp/en/mopo/mpmdeci/mpr_2025/mpr250124a.pdf ; https://www.boj.or.jp/en/mopo/mpmdeci/mpr_2025/k251219a.pdf ; https://www.boj.or.jp/en/mopo/mpmdeci/mpr_2026/k260616a.pdf ; https://www.boj.or.jp/en/mopo/mpmdeci/mpr_2026/k260918a.pdf, Central bank policy rates - Japan - Monthly - End of period,2022-02,-0.1,A,F,
M,JP,368,0,,"From 24 Sep 2026: the BOJ encourages the uncollateralized overnight call rate to remain at around 1.25 percent; From 17 Jun 2026 to 23 Sep 2026: the BOJ encourages the uncollateralized overnight call rate to remain at around 1.00 percent; From 22 Dec 2025 to 16 Jun 2026: the BOJ encourages the uncollateralized overnight call rate to remain at around 0.75 percent; From 27 Jan 2025 to 21 Dec 2025: the BOJ encourages the uncollateralized overnight call rate to remain at around 0.50 percent; From 1 Aug 2024 to 26 Jan 2025: the BOJ encouraged the UOCR to remain at around 0.25% ; From 21 Mar 2024 to 31 July: the BOJ encouraged the UOCR to remain at around 0 to 0.1 %; from 21 Sep 2016 to 20 Mar 2024: the BOJ set the guideline for market operations which specifies a short-term policy interest rate at minus 0.1% and a target level of 10-year JGB yields at around 0%. Short-term policy interest rate; from 4 Apr 2013 to 20 Sep 2016: no policy rate; from 5 Oct 2010 to 3 Apr 2013: the BOJ encouraged the UOCR to remain at around 0 to 0.1%; from 19 Dec 2008 to 4 Oct 2010: the BOJ encouraged the UOCR to remain at around 0. %; from 31 Oct 2008 to 18 Dec 2008: the BOJ encouraged the UOCR to remain at around 0.3%; before 30 Oct 2008, refer to https://data.bis.org/topics/CBPOL",4,Bank of Japan,For details see: http://www.bis.org/statistics/cbpol/cbpol_doc.pdf  ; https://www.boj.or.jp/en/mopo/mpmdeci/mpr_1998/k980909c.htm ; https://www.boj.or.jp/en/mopo/mpmdeci/mpr_1999/k990212c.htm ; https://www.boj.or.jp/en/mopo/mpmdeci/mpr_2000/k000811.htm ; https://www.boj.or.jp/en/mopo/mpmdeci/mpr_2001/k010228a.htm ; https://www.boj.or.jp/en/mopo/mpmdeci/mpr_2006/k060309.htm ; https://www.boj.or.jp/en/mopo/mpmdeci/mpr_2006/k060714.pdf ; https://www.boj.or.jp/en/mopo/mpmdeci/mpr_2007/k070221.pdf ; https://www.boj.or.jp/en/mopo/mpmdeci/mpr_2008/k081031.pdf ; https://www.boj.or.jp/en/mopo/mpmdeci/mpr_2008/k081219.pdf ; https://www.boj.or.jp/en/mopo/mpmdeci/mpr_2010/k101005.pdf ; https://www.boj.or.jp/en/mopo/mpmdeci/mpr_2016/k160921a.pdf ; https://www.boj.or.jp/en/mopo/mpmdeci/mpr_2024/k240319a.pdf ; https://www.boj.or.jp/en/mopo/mpmdeci/mpr_2024/mpr240731c.pdf ; https://www.boj.or.jp/en/mopo/mpmdeci/mpr_2025/mpr250124a.pdf ; https://www.boj.or.jp/en/mopo/mpmdeci/mpr_2025/k251219a.pdf ; https://www.boj.or.jp/en/mopo/mpmdeci/mpr_2026/k260616a.pdf ; https://www.boj.or.jp/en/mopo/mpmdeci/mpr_2026/k260918a.pdf, Central bank policy rates - Japan - Monthly - End of period,2022-03,-0.1,A,F,
M,JP,368,0,,"From 24 Sep 2026: the BOJ encourages the uncollateralized overnight call rate to remain at around 1.25 percent; From 17 Jun 2026 to 23 Sep 2026: the BOJ encourages the uncollateralized overnight call rate to remain at around 1.00 percent; From 22 Dec 2025 to 16 Jun 2026: the BOJ encourages the uncollateralized overnight call rate to remain at around 0.75 percent; From 27 Jan 2025 to 21 Dec 2025: the BOJ encourages the uncollateralized overnight call rate to remain at around 0.50 percent; From 1 Aug 2024 to 26 Jan 2025: the BOJ encouraged the UOCR to remain at around 0.25% ; From 21 Mar 2024 to 31 July: the BOJ encouraged the UOCR to remain at around 0 to 0.1 %; from 21 Sep 2016 to 20 Mar 2024: the BOJ set the guideline for market operations which specifies a short-term policy interest rate at minus 0.1% and a target level of 10-year JGB yields at around 0%. Short-term policy interest rate; from 4 Apr 2013 to 20 Sep 2016: no policy rate; from 5 Oct 2010 to 3 Apr 2013: the BOJ encouraged the UOCR to remain at around 0 to 0.1%; from 19 Dec 2008 to 4 Oct 2010: the BOJ encouraged the UOCR to remain at around 0. %; from 31 Oct 2008 to 18 Dec 2008: the BOJ encouraged the UOCR to remain at around 0.3%; before 30 Oct 2008, refer to https://data.bis.org/topics/CBPOL",4,Bank of Japan,For details see: http://www.bis.org/statistics/cbpol/cbpol_doc.pdf  ; https://www.boj.or.jp/en/mopo/mpmdeci/mpr_1998/k980909c.htm ; https://www.boj.or.jp/en/mopo/mpmdeci/mpr_1999/k990212c.htm ; https://www.boj.or.jp/en/mopo/mpmdeci/mpr_2000/k000811.htm ; https://www.boj.or.jp/en/mopo/mpmdeci/mpr_2001/k010228a.htm ; https://www.boj.or.jp/en/mopo/mpmdeci/mpr_2006/k060309.htm ; https://www.boj.or.jp/en/mopo/mpmdeci/mpr_2006/k060714.pdf ; https://www.boj.or.jp/en/mopo/mpmdeci/mpr_2007/k070221.pdf ; https://www.boj.or.jp/en/mopo/mpmdeci/mpr_2008/k081031.pdf ; https://www.boj.or.jp/en/mopo/mpmdeci/mpr_2008/k081219.pdf ; https://www.boj.or.jp/en/mopo/mpmdeci/mpr_2010/k101005.pdf ; https://www.boj.or.jp/en/mopo/mpmdeci/mpr_2016/k160921a.pdf ; https://www.boj.or.jp/en/mopo/mpmdeci/mpr_2024/k240319a.pdf ; https://www.boj.or.jp/en/mopo/mpmdeci/mpr_2024/mpr240731c.pdf ; https://www.boj.or.jp/en/mopo/mpmdeci/mpr_2025/mpr250124a.pdf ; https://www.boj.or.jp/en/mopo/mpmdeci/mpr_2025/k251219a.pdf ; https://www.boj.or.jp/en/mopo/mpmdeci/mpr_2026/k260616a.pdf ; https://www.boj.or.jp/en/mopo/mpmdeci/mpr_2026/k260918a.pdf, Central bank policy rates - Japan - Monthly - End of period,2022-04,-0.1,A,F,
M,JP,368,0,,"From 24 Sep 2026: the BOJ encourages the uncollateralized overnight call rate to remain at around 1.25 percent; From 17 Jun 2026 to 23 Sep 2026: the BOJ encourages the uncollateralized overnight call rate to remain at around 1.00 percent; From 22 Dec 2025 to 16 Jun 2026: the BOJ encourages the uncollateralized overnight call rate to remain at around 0.75 percent; From 27 Jan 2025 to 21 Dec 2025: the BOJ encourages the uncollateralized overnight call rate to remain at around 0.50 percent; From 1 Aug 2024 to 26 Jan 2025: the BOJ encouraged the UOCR to remain at around 0.25% ; From 21 Mar 2024 to 31 July: the BOJ encouraged the UOCR to remain at around 0 to 0.1 %; from 21 Sep 2016 to 20 Mar 2024: the BOJ set the guideline for market operations which specifies a short-term policy interest rate at minus 0.1% and a target level of 10-year JGB yields at around 0%. Short-term policy interest rate; from 4 Apr 2013 to 20 Sep 2016: no policy rate; from 5 Oct 2010 to 3 Apr 2013: the BOJ encouraged the UOCR to remain at around 0 to 0.1%; from 19 Dec 2008 to 4 Oct 2010: the BOJ encouraged the UOCR to remain at around 0. %; from 31 Oct 2008 to 18 Dec 2008: the BOJ encouraged the UOCR to remain at around 0.3%; before 30 Oct 2008, refer to https://data.bis.org/topics/CBPOL",4,Bank of Japan,For details see: http://www.bis.org/statistics/cbpol/cbpol_doc.pdf  ; https://www.boj.or.jp/en/mopo/mpmdeci/mpr_1998/k980909c.htm ; https://www.boj.or.jp/en/mopo/mpmdeci/mpr_1999/k990212c.htm ; https://www.boj.or.jp/en/mopo/mpmdeci/mpr_2000/k000811.htm ; https://www.boj.or.jp/en/mopo/mpmdeci/mpr_2001/k010228a.htm ; https://www.boj.or.jp/en/mopo/mpmdeci/mpr_2006/k060309.htm ; https://www.boj.or.jp/en/mopo/mpmdeci/mpr_2006/k060714.pdf ; https://www.boj.or.jp/en/mopo/mpmdeci/mpr_2007/k070221.pdf ; https://www.boj.or.jp/en/mopo/mpmdeci/mpr_2008/k081031.pdf ; https://www.boj.or.jp/en/mopo/mpmdeci/mpr_2008/k081219.pdf ; https://www.boj.or.jp/en/mopo/mpmdeci/mpr_2010/k101005.pdf ; https://www.boj.or.jp/en/mopo/mpmdeci/mpr_2016/k160921a.pdf ; https://www.boj.or.jp/en/mopo/mpmdeci/mpr_2024/k240319a.pdf ; https://www.boj.or.jp/en/mopo/mpmdeci/mpr_2024/mpr240731c.pdf ; https://www.boj.or.jp/en/mopo/mpmdeci/mpr_2025/mpr250124a.pdf ; https://www.boj.or.jp/en/mopo/mpmdeci/mpr_2025/k251219a.pdf ; https://www.boj.or.jp/en/mopo/mpmdeci/mpr_2026/k260616a.pdf ; https://www.boj.or.jp/en/mopo/mpmdeci/mpr_2026/k260918a.pdf, Central bank policy rates - Japan - Monthly - End of period,2022-05,-0.1,A,F,
M,JP,368,0,,"From 24 Sep 2026: the BOJ encourages the uncollateralized overnight call rate to remain at around 1.25 percent; From 17 Jun 2026 to 23 Sep 2026: the BOJ encourages the uncollateralized overnight call rate to remain at around 1.00 percent; From 22 Dec 2025 to 16 Jun 2026: the BOJ encourages the uncollateralized overnight call rate to remain at around 0.75 percent; From 27 Jan 2025 to 21 Dec 2025: the BOJ encourages the uncollateralized overnight call rate to remain at around 0.50 percent; From 1 Aug 2024 to 26 Jan 2025: the BOJ encouraged the UOCR to remain at around 0.25% ; From 21 Mar 2024 to 31 July: the BOJ encouraged the UOCR to remain at around 0 to 0.1 %; from 21 Sep 2016 to 20 Mar 2024: the BOJ set the guideline for market operations which specifies a short-term policy interest rate at minus 0.1% and a target level of 10-year JGB yields at around 0%. Short-term policy interest rate; from 4 Apr 2013 to 20 Sep 2016: no policy rate; from 5 Oct 2010 to 3 Apr 2013: the BOJ encouraged the UOCR to remain at around 0 to 0.1%; from 19 Dec 2008 to 4 Oct 2010: the BOJ encouraged the UOCR to remain at around 0. %; from 31 Oct 2008 to 18 Dec 2008: the BOJ encouraged the UOCR to remain at around 0.3%; before 30 Oct 2008, refer to https://data.bis.org/topics/CBPOL",4,Bank of Japan,For details see: http://www.bis.org/statistics/cbpol/cbpol_doc.pdf  ; https://www.boj.or.jp/en/mopo/mpmdeci/mpr_1998/k980909c.htm ; https://www.boj.or.jp/en/mopo/mpmdeci/mpr_1999/k990212c.htm ; https://www.boj.or.jp/en/mopo/mpmdeci/mpr_2000/k000811.htm ; https://www.boj.or.jp/en/mopo/mpmdeci/mpr_2001/k010228a.htm ; https://www.boj.or.jp/en/mopo/mpmdeci/mpr_2006/k060309.htm ; https://www.boj.or.jp/en/mopo/mpmdeci/mpr_2006/k060714.pdf ; https://www.boj.or.jp/en/mopo/mpmdeci/mpr_2007/k070221.pdf ; https://www.boj.or.jp/en/mopo/mpmdeci/mpr_2008/k081031.pdf ; https://www.boj.or.jp/en/mopo/mpmdeci/mpr_2008/k081219.pdf ; https://www.boj.or.jp/en/mopo/mpmdeci/mpr_2010/k101005.pdf ; https://www.boj.or.jp/en/mopo/mpmdeci/mpr_2016/k160921a.pdf ; https://www.boj.or.jp/en/mopo/mpmdeci/mpr_2024/k240319a.pdf ; https://www.boj.or.jp/en/mopo/mpmdeci/mpr_2024/mpr240731c.pdf ; https://www.boj.or.jp/en/mopo/mpmdeci/mpr_2025/mpr250124a.pdf ; https://www.boj.or.jp/en/mopo/mpmdeci/mpr_2025/k251219a.pdf ; https://www.boj.or.jp/en/mopo/mpmdeci/mpr_2026/k260616a.pdf ; https://www.boj.or.jp/en/mopo/mpmdeci/mpr_2026/k260918a.pdf, Central bank policy rates - Japan - Monthly - End of period,2022-06,-0.1,A,F,
M,JP,368,0,,"From 24 Sep 2026: the BOJ encourages the uncollateralized overnight call rate to remain at around 1.25 percent; From 17 Jun 2026 to 23 Sep 2026: the BOJ encourages the uncollateralized overnight call rate to remain at around 1.00 percent; From 22 Dec 2025 to 16 Jun 2026: the BOJ encourages the uncollateralized overnight call rate to remain at around 0.75 percent; From 27 Jan 2025 to 21 Dec 2025: the BOJ encourages the uncollateralized overnight call rate to remain at around 0.50 percent; From 1 Aug 2024 to 26 Jan 2025: the BOJ encouraged the UOCR to remain at around 0.25% ; From 21 Mar 2024 to 31 July: the BOJ encouraged the UOCR to remain at around 0 to 0.1 %; from 21 Sep 2016 to 20 Mar 2024: the BOJ set the guideline for market operations which specifies a short-term policy interest rate at minus 0.1% and a target level of 10-year JGB yields at around 0%. Short-term policy interest rate; from 4 Apr 2013 to 20 Sep 2016: no policy rate; from 5 Oct 2010 to 3 Apr 2013: the BOJ encouraged the UOCR to remain at around 0 to 0.1%; from 19 Dec 2008 to 4 Oct 2010: the BOJ encouraged the UOCR to remain at around 0. %; from 31 Oct 2008 to 18 Dec 2008: the BOJ encouraged the UOCR to remain at around 0.3%; before 30 Oct 2008, refer to https://data.bis.org/topics/CBPOL",4,Bank of Japan,For details see: http://www.bis.org/statistics/cbpol/cbpol_doc.pdf  ; https://www.boj.or.jp/en/mopo/mpmdeci/mpr_1998/k980909c.htm ; https://www.boj.or.jp/en/mopo/mpmdeci/mpr_1999/k990212c.htm ; https://www.boj.or.jp/en/mopo/mpmdeci/mpr_2000/k000811.htm ; https://www.boj.or.jp/en/mopo/mpmdeci/mpr_2001/k010228a.htm ; https://www.boj.or.jp/en/mopo/mpmdeci/mpr_2006/k060309.htm ; https://www.boj.or.jp/en/mopo/mpmdeci/mpr_2006/k060714.pdf ; https://www.boj.or.jp/en/mopo/mpmdeci/mpr_2007/k070221.pdf ; https://www.boj.or.jp/en/mopo/mpmdeci/mpr_2008/k081031.pdf ; https://www.boj.or.jp/en/mopo/mpmdeci/mpr_2008/k081219.pdf ; https://www.boj.or.jp/en/mopo/mpmdeci/mpr_2010/k101005.pdf ; https://www.boj.or.jp/en/mopo/mpmdeci/mpr_2016/k160921a.pdf ; https://www.boj.or.jp/en/mopo/mpmdeci/mpr_2024/k240319a.pdf ; https://www.boj.or.jp/en/mopo/mpmdeci/mpr_2024/mpr240731c.pdf ; https://www.boj.or.jp/en/mopo/mpmdeci/mpr_2025/mpr250124a.pdf ; https://www.boj.or.jp/en/mopo/mpmdeci/mpr_2025/k251219a.pdf ; https://www.boj.or.jp/en/mopo/mpmdeci/mpr_2026/k260616a.pdf ; https://www.boj.or.jp/en/mopo/mpmdeci/mpr_2026/k260918a.pdf, Central bank policy rates - Japan - Monthly - End of period,2022-07,-0.1,A,F,
M,JP,368,0,,"From 24 Sep 2026: the BOJ encourages the uncollateralized overnight call rate to remain at around 1.25 percent; From 17 Jun 2026 to 23 Sep 2026: the BOJ encourages the uncollateralized overnight call rate to remain at around 1.00 percent; From 22 Dec 2025 to 16 Jun 2026: the BOJ encourages the uncollateralized overnight call rate to remain at around 0.75 percent; From 27 Jan 2025 to 21 Dec 2025: the BOJ encourages the uncollateralized overnight call rate to remain at around 0.50 percent; From 1 Aug 2024 to 26 Jan 2025: the BOJ encouraged the UOCR to remain at around 0.25% ; From 21 Mar 2024 to 31 July: the BOJ encouraged the UOCR to remain at around 0 to 0.1 %; from 21 Sep 2016 to 20 Mar 2024: the BOJ set the guideline for market operations which specifies a short-term policy interest rate at minus 0.1% and a target level of 10-year JGB yields at around 0%. Short-term policy interest rate; from 4 Apr 2013 to 20 Sep 2016: no policy rate; from 5 Oct 2010 to 3 Apr 2013: the BOJ encouraged the UOCR to remain at around 0 to 0.1%; from 19 Dec 2008 to 4 Oct 2010: the BOJ encouraged the UOCR to remain at around 0. %; from 31 Oct 2008 to 18 Dec 2008: the BOJ encouraged the UOCR to remain at around 0.3%; before 30 Oct 2008, refer to https://data.bis.org/topics/CBPOL",4,Bank of Japan,For details see: http://www.bis.org/statistics/cbpol/cbpol_doc.pdf  ; https://www.boj.or.jp/en/mopo/mpmdeci/mpr_1998/k980909c.htm ; https://www.boj.or.jp/en/mopo/mpmdeci/mpr_1999/k990212c.htm ; https://www.boj.or.jp/en/mopo/mpmdeci/mpr_2000/k000811.htm ; https://www.boj.or.jp/en/mopo/mpmdeci/mpr_2001/k010228a.htm ; https://www.boj.or.jp/en/mopo/mpmdeci/mpr_2006/k060309.htm ; https://www.boj.or.jp/en/mopo/mpmdeci/mpr_2006/k060714.pdf ; https://www.boj.or.jp/en/mopo/mpmdeci/mpr_2007/k070221.pdf ; https://www.boj.or.jp/en/mopo/mpmdeci/mpr_2008/k081031.pdf ; https://www.boj.or.jp/en/mopo/mpmdeci/mpr_2008/k081219.pdf ; https://www.boj.or.jp/en/mopo/mpmdeci/mpr_2010/k101005.pdf ; https://www.boj.or.jp/en/mopo/mpmdeci/mpr_2016/k160921a.pdf ; https://www.boj.or.jp/en/mopo/mpmdeci/mpr_2024/k240319a.pdf ; https://www.boj.or.jp/en/mopo/mpmdeci/mpr_2024/mpr240731c.pdf ; https://www.boj.or.jp/en/mopo/mpmdeci/mpr_2025/mpr250124a.pdf ; https://www.boj.or.jp/en/mopo/mpmdeci/mpr_2025/k251219a.pdf ; https://www.boj.or.jp/en/mopo/mpmdeci/mpr_2026/k260616a.pdf ; https://www.boj.or.jp/en/mopo/mpmdeci/mpr_2026/k260918a.pdf, Central bank policy rates - Japan - Monthly - End of period,2022-08,-0.1,A,F,
M,JP,368,0,,"From 24 Sep 2026: the BOJ encourages the uncollateralized overnight call rate to remain at around 1.25 percent; From 17 Jun 2026 to 23 Sep 2026: the BOJ encourages the uncollateralized overnight call rate to remain at around 1.00 percent; From 22 Dec 2025 to 16 Jun 2026: the BOJ encourages the uncollateralized overnight call rate to remain at around 0.75 percent; From 27 Jan 2025 to 21 Dec 2025: the BOJ encourages the uncollateralized overnight call rate to remain at around 0.50 percent; From 1 Aug 2024 to 26 Jan 2025: the BOJ encouraged the UOCR to remain at around 0.25% ; From 21 Mar 2024 to 31 July: the BOJ encouraged the UOCR to remain at around 0 to 0.1 %; from 21 Sep 2016 to 20 Mar 2024: the BOJ set the guideline for market operations which specifies a short-term policy interest rate at minus 0.1% and a target level of 10-year JGB yields at around 0%. Short-term policy interest rate; from 4 Apr 2013 to 20 Sep 2016: no policy rate; from 5 Oct 2010 to 3 Apr 2013: the BOJ encouraged the UOCR to remain at around 0 to 0.1%; from 19 Dec 2008 to 4 Oct 2010: the BOJ encouraged the UOCR to remain at around 0. %; from 31 Oct 2008 to 18 Dec 2008: the BOJ encouraged the UOCR to remain at around 0.3%; before 30 Oct 2008, refer to https://data.bis.org/topics/CBPOL",4,Bank of Japan,For details see: http://www.bis.org/statistics/cbpol/cbpol_doc.pdf  ; https://www.boj.or.jp/en/mopo/mpmdeci/mpr_1998/k980909c.htm ; https://www.boj.or.jp/en/mopo/mpmdeci/mpr_1999/k990212c.htm ; https://www.boj.or.jp/en/mopo/mpmdeci/mpr_2000/k000811.htm ; https://www.boj.or.jp/en/mopo/mpmdeci/mpr_2001/k010228a.htm ; https://www.boj.or.jp/en/mopo/mpmdeci/mpr_2006/k060309.htm ; https://www.boj.or.jp/en/mopo/mpmdeci/mpr_2006/k060714.pdf ; https://www.boj.or.jp/en/mopo/mpmdeci/mpr_2007/k070221.pdf ; https://www.boj.or.jp/en/mopo/mpmdeci/mpr_2008/k081031.pdf ; https://www.boj.or.jp/en/mopo/mpmdeci/mpr_2008/k081219.pdf ; https://www.boj.or.jp/en/mopo/mpmdeci/mpr_2010/k101005.pdf ; https://www.boj.or.jp/en/mopo/mpmdeci/mpr_2016/k160921a.pdf ; https://www.boj.or.jp/en/mopo/mpmdeci/mpr_2024/k240319a.pdf ; https://www.boj.or.jp/en/mopo/mpmdeci/mpr_2024/mpr240731c.pdf ; https://www.boj.or.jp/en/mopo/mpmdeci/mpr_2025/mpr250124a.pdf ; https://www.boj.or.jp/en/mopo/mpmdeci/mpr_2025/k251219a.pdf ; https://www.boj.or.jp/en/mopo/mpmdeci/mpr_2026/k260616a.pdf ; https://www.boj.or.jp/en/mopo/mpmdeci/mpr_2026/k260918a.pdf, Central bank policy rates - Japan - Monthly - End of period,2022-09,-0.1,A,F,
M,JP,368,0,,"From 24 Sep 2026: the BOJ encourages the uncollateralized overnight call rate to remain at around 1.25 percent; From 17 Jun 2026 to 23 Sep 2026: the BOJ encourages the uncollateralized overnight call rate to remain at around 1.00 percent; From 22 Dec 2025 to 16 Jun 2026: the BOJ encourages the uncollateralized overnight call rate to remain at around 0.75 percent; From 27 Jan 2025 to 21 Dec 2025: the BOJ encourages the uncollateralized overnight call rate to remain at around 0.50 percent; From 1 Aug 2024 to 26 Jan 2025: the BOJ encouraged the UOCR to remain at around 0.25% ; From 21 Mar 2024 to 31 July: the BOJ encouraged the UOCR to remain at around 0 to 0.1 %; from 21 Sep 2016 to 20 Mar 2024: the BOJ set the guideline for market operations which specifies a short-term policy interest rate at minus 0.1% and a target level of 10-year JGB yields at around 0%. Short-term policy interest rate; from 4 Apr 2013 to 20 Sep 2016: no policy rate; from 5 Oct 2010 to 3 Apr 2013: the BOJ encouraged the UOCR to remain at around 0 to 0.1%; from 19 Dec 2008 to 4 Oct 2010: the BOJ encouraged the UOCR to remain at around 0. %; from 31 Oct 2008 to 18 Dec 2008: the BOJ encouraged the UOCR to remain at around 0.3%; before 30 Oct 2008, refer to https://data.bis.org/topics/CBPOL",4,Bank of Japan,For details see: http://www.bis.org/statistics/cbpol/cbpol_doc.pdf  ; https://www.boj.or.jp/en/mopo/mpmdeci/mpr_1998/k980909c.htm ; https://www.boj.or.jp/en/mopo/mpmdeci/mpr_1999/k990212c.htm ; https://www.boj.or.jp/en/mopo/mpmdeci/mpr_2000/k000811.htm ; https://www.boj.or.jp/en/mopo/mpmdeci/mpr_2001/k010228a.htm ; https://www.boj.or.jp/en/mopo/mpmdeci/mpr_2006/k060309.htm ; https://www.boj.or.jp/en/mopo/mpmdeci/mpr_2006/k060714.pdf ; https://www.boj.or.jp/en/mopo/mpmdeci/mpr_2007/k070221.pdf ; https://www.boj.or.jp/en/mopo/mpmdeci/mpr_2008/k081031.pdf ; https://www.boj.or.jp/en/mopo/mpmdeci/mpr_2008/k081219.pdf ; https://www.boj.or.jp/en/mopo/mpmdeci/mpr_2010/k101005.pdf ; https://www.boj.or.jp/en/mopo/mpmdeci/mpr_2016/k160921a.pdf ; https://www.boj.or.jp/en/mopo/mpmdeci/mpr_2024/k240319a.pdf ; https://www.boj.or.jp/en/mopo/mpmdeci/mpr_2024/mpr240731c.pdf ; https://www.boj.or.jp/en/mopo/mpmdeci/mpr_2025/mpr250124a.pdf ; https://www.boj.or.jp/en/mopo/mpmdeci/mpr_2025/k251219a.pdf ; https://www.boj.or.jp/en/mopo/mpmdeci/mpr_2026/k260616a.pdf ; https://www.boj.or.jp/en/mopo/mpmdeci/mpr_2026/k260918a.pdf, Central bank policy rates - Japan - Monthly - End of period,2022-10,-0.1,A,F,
M,JP,368,0,,"From 24 Sep 2026: the BOJ encourages the uncollateralized overnight call rate to remain at around 1.25 percent; From 17 Jun 2026 to 23 Sep 2026: the BOJ encourages the uncollateralized overnight call rate to remain at around 1.00 percent; From 22 Dec 2025 to 16 Jun 2026: the BOJ encourages the uncollateralized overnight call rate to remain at around 0.75 percent; From 27 Jan 2025 to 21 Dec 2025: the BOJ encourages the uncollateralized overnight call rate to remain at around 0.50 percent; From 1 Aug 2024 to 26 Jan 2025: the BOJ encouraged the UOCR to remain at around 0.25% ; From 21 Mar 2024 to 31 July: the BOJ encouraged the UOCR to remain at around 0 to 0.1 %; from 21 Sep 2016 to 20 Mar 2024: the BOJ set the guideline for market operations which specifies a short-term policy interest rate at minus 0.1% and a target level of 10-year JGB yields at around 0%. Short-term policy interest rate; from 4 Apr 2013 to 20 Sep 2016: no policy rate; from 5 Oct 2010 to 3 Apr 2013: the BOJ encouraged the UOCR to remain at around 0 to 0.1%; from 19 Dec 2008 to 4 Oct 2010: the BOJ encouraged the UOCR to remain at around 0. %; from 31 Oct 2008 to 18 Dec 2008: the BOJ encouraged the UOCR to remain at around 0.3%; before 30 Oct 2008, refer to https://data.bis.org/topics/CBPOL",4,Bank of Japan,For details see: http://www.bis.org/statistics/cbpol/cbpol_doc.pdf  ; https://www.boj.or.jp/en/mopo/mpmdeci/mpr_1998/k980909c.htm ; https://www.boj.or.jp/en/mopo/mpmdeci/mpr_1999/k990212c.htm ; https://www.boj.or.jp/en/mopo/mpmdeci/mpr_2000/k000811.htm ; https://www.boj.or.jp/en/mopo/mpmdeci/mpr_2001/k010228a.htm ; https://www.boj.or.jp/en/mopo/mpmdeci/mpr_2006/k060309.htm ; https://www.boj.or.jp/en/mopo/mpmdeci/mpr_2006/k060714.pdf ; https://www.boj.or.jp/en/mopo/mpmdeci/mpr_2007/k070221.pdf ; https://www.boj.or.jp/en/mopo/mpmdeci/mpr_2008/k081031.pdf ; https://www.boj.or.jp/en/mopo/mpmdeci/mpr_2008/k081219.pdf ; https://www.boj.or.jp/en/mopo/mpmdeci/mpr_2010/k101005.pdf ; https://www.boj.or.jp/en/mopo/mpmdeci/mpr_2016/k160921a.pdf ; https://www.boj.or.jp/en/mopo/mpmdeci/mpr_2024/k240319a.pdf ; https://www.boj.or.jp/en/mopo/mpmdeci/mpr_2024/mpr240731c.pdf ; https://www.boj.or.jp/en/mopo/mpmdeci/mpr_2025/mpr250124a.pdf ; https://www.boj.or.jp/en/mopo/mpmdeci/mpr_2025/k251219a.pdf ; https://www.boj.or.jp/en/mopo/mpmdeci/mpr_2026/k260616a.pdf ; https://www.boj.or.jp/en/mopo/mpmdeci/mpr_2026/k260918a.pdf, Central bank policy rates - Japan - Monthly - End of period,2022-11,-0.1,A,F,
M,JP,368,0,,"From 24 Sep 2026: the BOJ encourages the uncollateralized overnight call rate to remain at around 1.25 percent; From 17 Jun 2026 to 23 Sep 2026: the BOJ encourages the uncollateralized overnight call rate to remain at around 1.00 percent; From 22 Dec 2025 to 16 Jun 2026: the BOJ encourages the uncollateralized overnight call rate to remain at around 0.75 percent; From 27 Jan 2025 to 21 Dec 2025: the BOJ encourages the uncollateralized overnight call rate to remain at around 0.50 percent; From 1 Aug 2024 to 26 Jan 2025: the BOJ encouraged the UOCR to remain at around 0.25% ; From 21 Mar 2024 to 31 July: the BOJ encouraged the UOCR to remain at around 0 to 0.1 %; from 21 Sep 2016 to 20 Mar 2024: the BOJ set the guideline for market operations which specifies a short-term policy interest rate at minus 0.1% and a target level of 10-year JGB yields at around 0%. Short-term policy interest rate; from 4 Apr 2013 to 20 Sep 2016: no policy rate; from 5 Oct 2010 to 3 Apr 2013: the BOJ encouraged the UOCR to remain at around 0 to 0.1%; from 19 Dec 2008 to 4 Oct 2010: the BOJ encouraged the UOCR to remain at around 0. %; from 31 Oct 2008 to 18 Dec 2008: the BOJ encouraged the UOCR to remain at around 0.3%; before 30 Oct 2008, refer to https://data.bis.org/topics/CBPOL",4,Bank of Japan,For details see: http://www.bis.org/statistics/cbpol/cbpol_doc.pdf  ; https://www.boj.or.jp/en/mopo/mpmdeci/mpr_1998/k980909c.htm ; https://www.boj.or.jp/en/mopo/mpmdeci/mpr_1999/k990212c.htm ; https://www.boj.or.jp/en/mopo/mpmdeci/mpr_2000/k000811.htm ; https://www.boj.or.jp/en/mopo/mpmdeci/mpr_2001/k010228a.htm ; https://www.boj.or.jp/en/mopo/mpmdeci/mpr_2006/k060309.htm ; https://www.boj.or.jp/en/mopo/mpmdeci/mpr_2006/k060714.pdf ; https://www.boj.or.jp/en/mopo/mpmdeci/mpr_2007/k070221.pdf ; https://www.boj.or.jp/en/mopo/mpmdeci/mpr_2008/k081031.pdf ; https://www.boj.or.jp/en/mopo/mpmdeci/mpr_2008/k081219.pdf ; https://www.boj.or.jp/en/mopo/mpmdeci/mpr_2010/k101005.pdf ; https://www.boj.or.jp/en/mopo/mpmdeci/mpr_2016/k160921a.pdf ; https://www.boj.or.jp/en/mopo/mpmdeci/mpr_2024/k240319a.pdf ; https://www.boj.or.jp/en/mopo/mpmdeci/mpr_2024/mpr240731c.pdf ; https://www.boj.or.jp/en/mopo/mpmdeci/mpr_2025/mpr250124a.pdf ; https://www.boj.or.jp/en/mopo/mpmdeci/mpr_2025/k251219a.pdf ; https://www.boj.or.jp/en/mopo/mpmdeci/mpr_2026/k260616a.pdf ; https://www.boj.or.jp/en/mopo/mpmdeci/mpr_2026/k260918a.pdf, Central bank policy rates - Japan - Monthly - End of period,2022-12,-0.1,A,F,
M,JP,368,0,,"From 24 Sep 2026: the BOJ encourages the uncollateralized overnight call rate to remain at around 1.25 percent; From 17 Jun 2026 to 23 Sep 2026: the BOJ encourages the uncollateralized overnight call rate to remain at around 1.00 percent; From 22 Dec 2025 to 16 Jun 2026: the BOJ encourages the uncollateralized overnight call rate to remain at around 0.75 percent; From 27 Jan 2025 to 21 Dec 2025: the BOJ encourages the uncollateralized overnight call rate to remain at around 0.50 percent; From 1 Aug 2024 to 26 Jan 2025: the BOJ encouraged the UOCR to remain at around 0.25% ; From 21 Mar 2024 to 31 July: the BOJ encouraged the UOCR to remain at around 0 to 0.1 %; from 21 Sep 2016 to 20 Mar 2024: the BOJ set the guideline for market operations which specifies a short-term policy interest rate at minus 0.1% and a target level of 10-year JGB yields at around 0%. Short-term policy interest rate; from 4 Apr 2013 to 20 Sep 2016: no policy rate; from 5 Oct 2010 to 3 Apr 2013: the BOJ encouraged the UOCR to remain at around 0 to 0.1%; from 19 Dec 2008 to 4 Oct 2010: the BOJ encouraged the UOCR to remain at around 0. %; from 31 Oct 2008 to 18 Dec 2008: the BOJ encouraged the UOCR to remain at around 0.3%; before 30 Oct 2008, refer to https://data.bis.org/topics/CBPOL",4,Bank of Japan,For details see: http://www.bis.org/statistics/cbpol/cbpol_doc.pdf  ; https://www.boj.or.jp/en/mopo/mpmdeci/mpr_1998/k980909c.htm ; https://www.boj.or.jp/en/mopo/mpmdeci/mpr_1999/k990212c.htm ; https://www.boj.or.jp/en/mopo/mpmdeci/mpr_2000/k000811.htm ; https://www.boj.or.jp/en/mopo/mpmdeci/mpr_2001/k010228a.htm ; https://www.boj.or.jp/en/mopo/mpmdeci/mpr_2006/k060309.htm ; https://www.boj.or.jp/en/mopo/mpmdeci/mpr_2006/k060714.pdf ; https://www.boj.or.jp/en/mopo/mpmdeci/mpr_2007/k070221.pdf ; https://www.boj.or.jp/en/mopo/mpmdeci/mpr_2008/k081031.pdf ; https://www.boj.or.jp/en/mopo/mpmdeci/mpr_2008/k081219.pdf ; https://www.boj.or.jp/en/mopo/mpmdeci/mpr_2010/k101005.pdf ; https://www.boj.or.jp/en/mopo/mpmdeci/mpr_2016/k160921a.pdf ; https://www.boj.or.jp/en/mopo/mpmdeci/mpr_2024/k240319a.pdf ; https://www.boj.or.jp/en/mopo/mpmdeci/mpr_2024/mpr240731c.pdf ; https://www.boj.or.jp/en/mopo/mpmdeci/mpr_2025/mpr250124a.pdf ; https://www.boj.or.jp/en/mopo/mpmdeci/mpr_2025/k251219a.pdf ; https://www.boj.or.jp/en/mopo/mpmdeci/mpr_2026/k260616a.pdf ; https://www.boj.or.jp/en/mopo/mpmdeci/mpr_2026/k260918a.pdf, Central bank policy rates - Japan - Monthly - End of period,2023-01,-0.1,A,F,
M,JP,368,0,,"From 24 Sep 2026: the BOJ encourages the uncollateralized overnight call rate to remain at around 1.25 percent; From 17 Jun 2026 to 23 Sep 2026: the BOJ encourages the uncollateralized overnight call rate to remain at around 1.00 percent; From 22 Dec 2025 to 16 Jun 2026: the BOJ encourages the uncollateralized overnight call rate to remain at around 0.75 percent; From 27 Jan 2025 to 21 Dec 2025: the BOJ encourages the uncollateralized overnight call rate to remain at around 0.50 percent; From 1 Aug 2024 to 26 Jan 2025: the BOJ encouraged the UOCR to remain at around 0.25% ; From 21 Mar 2024 to 31 July: the BOJ encouraged the UOCR to remain at around 0 to 0.1 %; from 21 Sep 2016 to 20 Mar 2024: the BOJ set the guideline for market operations which specifies a short-term policy interest rate at minus 0.1% and a target level of 10-year JGB yields at around 0%. Short-term policy interest rate; from 4 Apr 2013 to 20 Sep 2016: no policy rate; from 5 Oct 2010 to 3 Apr 2013: the BOJ encouraged the UOCR to remain at around 0 to 0.1%; from 19 Dec 2008 to 4 Oct 2010: the BOJ encouraged the UOCR to remain at around 0. %; from 31 Oct 2008 to 18 Dec 2008: the BOJ encouraged the UOCR to remain at around 0.3%; before 30 Oct 2008, refer to https://data.bis.org/topics/CBPOL",4,Bank of Japan,For details see: http://www.bis.org/statistics/cbpol/cbpol_doc.pdf  ; https://www.boj.or.jp/en/mopo/mpmdeci/mpr_1998/k980909c.htm ; https://www.boj.or.jp/en/mopo/mpmdeci/mpr_1999/k990212c.htm ; https://www.boj.or.jp/en/mopo/mpmdeci/mpr_2000/k000811.htm ; https://www.boj.or.jp/en/mopo/mpmdeci/mpr_2001/k010228a.htm ; https://www.boj.or.jp/en/mopo/mpmdeci/mpr_2006/k060309.htm ; https://www.boj.or.jp/en/mopo/mpmdeci/mpr_2006/k060714.pdf ; https://www.boj.or.jp/en/mopo/mpmdeci/mpr_2007/k070221.pdf ; https://www.boj.or.jp/en/mopo/mpmdeci/mpr_2008/k081031.pdf ; https://www.boj.or.jp/en/mopo/mpmdeci/mpr_2008/k081219.pdf ; https://www.boj.or.jp/en/mopo/mpmdeci/mpr_2010/k101005.pdf ; https://www.boj.or.jp/en/mopo/mpmdeci/mpr_2016/k160921a.pdf ; https://www.boj.or.jp/en/mopo/mpmdeci/mpr_2024/k240319a.pdf ; https://www.boj.or.jp/en/mopo/mpmdeci/mpr_2024/mpr240731c.pdf ; https://www.boj.or.jp/en/mopo/mpmdeci/mpr_2025/mpr250124a.pdf ; https://www.boj.or.jp/en/mopo/mpmdeci/mpr_2025/k251219a.pdf ; https://www.boj.or.jp/en/mopo/mpmdeci/mpr_2026/k260616a.pdf ; https://www.boj.or.jp/en/mopo/mpmdeci/mpr_2026/k260918a.pdf, Central bank policy rates - Japan - Monthly - End of period,2023-02,-0.1,A,F,
M,JP,368,0,,"From 24 Sep 2026: the BOJ encourages the uncollateralized overnight call rate to remain at around 1.25 percent; From 17 Jun 2026 to 23 Sep 2026: the BOJ encourages the uncollateralized overnight call rate to remain at around 1.00 percent; From 22 Dec 2025 to 16 Jun 2026: the BOJ encourages the uncollateralized overnight call rate to remain at around 0.75 percent; From 27 Jan 2025 to 21 Dec 2025: the BOJ encourages the uncollateralized overnight call rate to remain at around 0.50 percent; From 1 Aug 2024 to 26 Jan 2025: the BOJ encouraged the UOCR to remain at around 0.25% ; From 21 Mar 2024 to 31 July: the BOJ encouraged the UOCR to remain at around 0 to 0.1 %; from 21 Sep 2016 to 20 Mar 2024: the BOJ set the guideline for market operations which specifies a short-term policy interest rate at minus 0.1% and a target level of 10-year JGB yields at around 0%. Short-term policy interest rate; from 4 Apr 2013 to 20 Sep 2016: no policy rate; from 5 Oct 2010 to 3 Apr 2013: the BOJ encouraged the UOCR to remain at around 0 to 0.1%; from 19 Dec 2008 to 4 Oct 2010: the BOJ encouraged the UOCR to remain at around 0. %; from 31 Oct 2008 to 18 Dec 2008: the BOJ encouraged the UOCR to remain at around 0.3%; before 30 Oct 2008, refer to https://data.bis.org/topics/CBPOL",4,Bank of Japan,For details see: http://www.bis.org/statistics/cbpol/cbpol_doc.pdf  ; https://www.boj.or.jp/en/mopo/mpmdeci/mpr_1998/k980909c.htm ; https://www.boj.or.jp/en/mopo/mpmdeci/mpr_1999/k990212c.htm ; https://www.boj.or.jp/en/mopo/mpmdeci/mpr_2000/k000811.htm ; https://www.boj.or.jp/en/mopo/mpmdeci/mpr_2001/k010228a.htm ; https://www.boj.or.jp/en/mopo/mpmdeci/mpr_2006/k060309.htm ; https://www.boj.or.jp/en/mopo/mpmdeci/mpr_2006/k060714.pdf ; https://www.boj.or.jp/en/mopo/mpmdeci/mpr_2007/k070221.pdf ; https://www.boj.or.jp/en/mopo/mpmdeci/mpr_2008/k081031.pdf ; https://www.boj.or.jp/en/mopo/mpmdeci/mpr_2008/k081219.pdf ; https://www.boj.or.jp/en/mopo/mpmdeci/mpr_2010/k101005.pdf ; https://www.boj.or.jp/en/mopo/mpmdeci/mpr_2016/k160921a.pdf ; https://www.boj.or.jp/en/mopo/mpmdeci/mpr_2024/k240319a.pdf ; https://www.boj.or.jp/en/mopo/mpmdeci/mpr_2024/mpr240731c.pdf ; https://www.boj.or.jp/en/mopo/mpmdeci/mpr_2025/mpr250124a.pdf ; https://www.boj.or.jp/en/mopo/mpmdeci/mpr_2025/k251219a.pdf ; https://www.boj.or.jp/en/mopo/mpmdeci/mpr_2026/k260616a.pdf ; https://www.boj.or.jp/en/mopo/mpmdeci/mpr_2026/k260918a.pdf, Central bank policy rates - Japan - Monthly - End of period,2023-03,-0.1,A,F,
M,JP,368,0,,"From 24 Sep 2026: the BOJ encourages the uncollateralized overnight call rate to remain at around 1.25 percent; From 17 Jun 2026 to 23 Sep 2026: the BOJ encourages the uncollateralized overnight call rate to remain at around 1.00 percent; From 22 Dec 2025 to 16 Jun 2026: the BOJ encourages the uncollateralized overnight call rate to remain at around 0.75 percent; From 27 Jan 2025 to 21 Dec 2025: the BOJ encourages the uncollateralized overnight call rate to remain at around 0.50 percent; From 1 Aug 2024 to 26 Jan 2025: the BOJ encouraged the UOCR to remain at around 0.25% ; From 21 Mar 2024 to 31 July: the BOJ encouraged the UOCR to remain at around 0 to 0.1 %; from 21 Sep 2016 to 20 Mar 2024: the BOJ set the guideline for market operations which specifies a short-term policy interest rate at minus 0.1% and a target level of 10-year JGB yields at around 0%. Short-term policy interest rate; from 4 Apr 2013 to 20 Sep 2016: no policy rate; from 5 Oct 2010 to 3 Apr 2013: the BOJ encouraged the UOCR to remain at around 0 to 0.1%; from 19 Dec 2008 to 4 Oct 2010: the BOJ encouraged the UOCR to remain at around 0. %; from 31 Oct 2008 to 18 Dec 2008: the BOJ encouraged the UOCR to remain at around 0.3%; before 30 Oct 2008, refer to https://data.bis.org/topics/CBPOL",4,Bank of Japan,For details see: http://www.bis.org/statistics/cbpol/cbpol_doc.pdf  ; https://www.boj.or.jp/en/mopo/mpmdeci/mpr_1998/k980909c.htm ; https://www.boj.or.jp/en/mopo/mpmdeci/mpr_1999/k990212c.htm ; https://www.boj.or.jp/en/mopo/mpmdeci/mpr_2000/k000811.htm ; https://www.boj.or.jp/en/mopo/mpmdeci/mpr_2001/k010228a.htm ; https://www.boj.or.jp/en/mopo/mpmdeci/mpr_2006/k060309.htm ; https://www.boj.or.jp/en/mopo/mpmdeci/mpr_2006/k060714.pdf ; https://www.boj.or.jp/en/mopo/mpmdeci/mpr_2007/k070221.pdf ; https://www.boj.or.jp/en/mopo/mpmdeci/mpr_2008/k081031.pdf ; https://www.boj.or.jp/en/mopo/mpmdeci/mpr_2008/k081219.pdf ; https://www.boj.or.jp/en/mopo/mpmdeci/mpr_2010/k101005.pdf ; https://www.boj.or.jp/en/mopo/mpmdeci/mpr_2016/k160921a.pdf ; https://www.boj.or.jp/en/mopo/mpmdeci/mpr_2024/k240319a.pdf ; https://www.boj.or.jp/en/mopo/mpmdeci/mpr_2024/mpr240731c.pdf ; https://www.boj.or.jp/en/mopo/mpmdeci/mpr_2025/mpr250124a.pdf ; https://www.boj.or.jp/en/mopo/mpmdeci/mpr_2025/k251219a.pdf ; https://www.boj.or.jp/en/mopo/mpmdeci/mpr_2026/k260616a.pdf ; https://www.boj.or.jp/en/mopo/mpmdeci/mpr_2026/k260918a.pdf, Central bank policy rates - Japan - Monthly - End of period,2023-04,-0.1,A,F,
M,JP,368,0,,"From 24 Sep 2026: the BOJ encourages the uncollateralized overnight call rate to remain at around 1.25 percent; From 17 Jun 2026 to 23 Sep 2026: the BOJ encourages the uncollateralized overnight call rate to remain at around 1.00 percent; From 22 Dec 2025 to 16 Jun 2026: the BOJ encourages the uncollateralized overnight call rate to remain at around 0.75 percent; From 27 Jan 2025 to 21 Dec 2025: the BOJ encourages the uncollateralized overnight call rate to remain at around 0.50 percent; From 1 Aug 2024 to 26 Jan 2025: the BOJ encouraged the UOCR to remain at around 0.25% ; From 21 Mar 2024 to 31 July: the BOJ encouraged the UOCR to remain at around 0 to 0.1 %; from 21 Sep 2016 to 20 Mar 2024: the BOJ set the guideline for market operations which specifies a short-term policy interest rate at minus 0.1% and a target level of 10-year JGB yields at around 0%. Short-term policy interest rate; from 4 Apr 2013 to 20 Sep 2016: no policy rate; from 5 Oct 2010 to 3 Apr 2013: the BOJ encouraged the UOCR to remain at around 0 to 0.1%; from 19 Dec 2008 to 4 Oct 2010: the BOJ encouraged the UOCR to remain at around 0. %; from 31 Oct 2008 to 18 Dec 2008: the BOJ encouraged the UOCR to remain at around 0.3%; before 30 Oct 2008, refer to https://data.bis.org/topics/CBPOL",4,Bank of Japan,For details see: http://www.bis.org/statistics/cbpol/cbpol_doc.pdf  ; https://www.boj.or.jp/en/mopo/mpmdeci/mpr_1998/k980909c.htm ; https://www.boj.or.jp/en/mopo/mpmdeci/mpr_1999/k990212c.htm ; https://www.boj.or.jp/en/mopo/mpmdeci/mpr_2000/k000811.htm ; https://www.boj.or.jp/en/mopo/mpmdeci/mpr_2001/k010228a.htm ; https://www.boj.or.jp/en/mopo/mpmdeci/mpr_2006/k060309.htm ; https://www.boj.or.jp/en/mopo/mpmdeci/mpr_2006/k060714.pdf ; https://www.boj.or.jp/en/mopo/mpmdeci/mpr_2007/k070221.pdf ; https://www.boj.or.jp/en/mopo/mpmdeci/mpr_2008/k081031.pdf ; https://www.boj.or.jp/en/mopo/mpmdeci/mpr_2008/k081219.pdf ; https://www.boj.or.jp/en/mopo/mpmdeci/mpr_2010/k101005.pdf ; https://www.boj.or.jp/en/mopo/mpmdeci/mpr_2016/k160921a.pdf ; https://www.boj.or.jp/en/mopo/mpmdeci/mpr_2024/k240319a.pdf ; https://www.boj.or.jp/en/mopo/mpmdeci/mpr_2024/mpr240731c.pdf ; https://www.boj.or.jp/en/mopo/mpmdeci/mpr_2025/mpr250124a.pdf ; https://www.boj.or.jp/en/mopo/mpmdeci/mpr_2025/k251219a.pdf ; https://www.boj.or.jp/en/mopo/mpmdeci/mpr_2026/k260616a.pdf ; https://www.boj.or.jp/en/mopo/mpmdeci/mpr_2026/k260918a.pdf, Central bank policy rates - Japan - Monthly - End of period,2023-05,-0.1,A,F,
M,JP,368,0,,"From 24 Sep 2026: the BOJ encourages the uncollateralized overnight call rate to remain at around 1.25 percent; From 17 Jun 2026 to 23 Sep 2026: the BOJ encourages the uncollateralized overnight call rate to remain at around 1.00 percent; From 22 Dec 2025 to 16 Jun 2026: the BOJ encourages the uncollateralized overnight call rate to remain at around 0.75 percent; From 27 Jan 2025 to 21 Dec 2025: the BOJ encourages the uncollateralized overnight call rate to remain at around 0.50 percent; From 1 Aug 2024 to 26 Jan 2025: the BOJ encouraged the UOCR to remain at around 0.25% ; From 21 Mar 2024 to 31 July: the BOJ encouraged the UOCR to remain at around 0 to 0.1 %; from 21 Sep 2016 to 20 Mar 2024: the BOJ set the guideline for market operations which specifies a short-term policy interest rate at minus 0.1% and a target level of 10-year JGB yields at around 0%. Short-term policy interest rate; from 4 Apr 2013 to 20 Sep 2016: no policy rate; from 5 Oct 2010 to 3 Apr 2013: the BOJ encouraged the UOCR to remain at around 0 to 0.1%; from 19 Dec 2008 to 4 Oct 2010: the BOJ encouraged the UOCR to remain at around 0. %; from 31 Oct 2008 to 18 Dec 2008: the BOJ encouraged the UOCR to remain at around 0.3%; before 30 Oct 2008, refer to https://data.bis.org/topics/CBPOL",4,Bank of Japan,For details see: http://www.bis.org/statistics/cbpol/cbpol_doc.pdf  ; https://www.boj.or.jp/en/mopo/mpmdeci/mpr_1998/k980909c.htm ; https://www.boj.or.jp/en/mopo/mpmdeci/mpr_1999/k990212c.htm ; https://www.boj.or.jp/en/mopo/mpmdeci/mpr_2000/k000811.htm ; https://www.boj.or.jp/en/mopo/mpmdeci/mpr_2001/k010228a.htm ; https://www.boj.or.jp/en/mopo/mpmdeci/mpr_2006/k060309.htm ; https://www.boj.or.jp/en/mopo/mpmdeci/mpr_2006/k060714.pdf ; https://www.boj.or.jp/en/mopo/mpmdeci/mpr_2007/k070221.pdf ; https://www.boj.or.jp/en/mopo/mpmdeci/mpr_2008/k081031.pdf ; https://www.boj.or.jp/en/mopo/mpmdeci/mpr_2008/k081219.pdf ; https://www.boj.or.jp/en/mopo/mpmdeci/mpr_2010/k101005.pdf ; https://www.boj.or.jp/en/mopo/mpmdeci/mpr_2016/k160921a.pdf ; https://www.boj.or.jp/en/mopo/mpmdeci/mpr_2024/k240319a.pdf ; https://www.boj.or.jp/en/mopo/mpmdeci/mpr_2024/mpr240731c.pdf ; https://www.boj.or.jp/en/mopo/mpmdeci/mpr_2025/mpr250124a.pdf ; https://www.boj.or.jp/en/mopo/mpmdeci/mpr_2025/k251219a.pdf ; https://www.boj.or.jp/en/mopo/mpmdeci/mpr_2026/k260616a.pdf ; https://www.boj.or.jp/en/mopo/mpmdeci/mpr_2026/k260918a.pdf, Central bank policy rates - Japan - Monthly - End of period,2023-06,-0.1,A,F,
M,JP,368,0,,"From 24 Sep 2026: the BOJ encourages the uncollateralized overnight call rate to remain at around 1.25 percent; From 17 Jun 2026 to 23 Sep 2026: the BOJ encourages the uncollateralized overnight call rate to remain at around 1.00 percent; From 22 Dec 2025 to 16 Jun 2026: the BOJ encourages the uncollateralized overnight call rate to remain at around 0.75 percent; From 27 Jan 2025 to 21 Dec 2025: the BOJ encourages the uncollateralized overnight call rate to remain at around 0.50 percent; From 1 Aug 2024 to 26 Jan 2025: the BOJ encouraged the UOCR to remain at around 0.25% ; From 21 Mar 2024 to 31 July: the BOJ encouraged the UOCR to remain at around 0 to 0.1 %; from 21 Sep 2016 to 20 Mar 2024: the BOJ set the guideline for market operations which specifies a short-term policy interest rate at minus 0.1% and a target level of 10-year JGB yields at around 0%. Short-term policy interest rate; from 4 Apr 2013 to 20 Sep 2016: no policy rate; from 5 Oct 2010 to 3 Apr 2013: the BOJ encouraged the UOCR to remain at around 0 to 0.1%; from 19 Dec 2008 to 4 Oct 2010: the BOJ encouraged the UOCR to remain at around 0. %; from 31 Oct 2008 to 18 Dec 2008: the BOJ encouraged the UOCR to remain at around 0.3%; before 30 Oct 2008, refer to https://data.bis.org/topics/CBPOL",4,Bank of Japan,For details see: http://www.bis.org/statistics/cbpol/cbpol_doc.pdf  ; https://www.boj.or.jp/en/mopo/mpmdeci/mpr_1998/k980909c.htm ; https://www.boj.or.jp/en/mopo/mpmdeci/mpr_1999/k990212c.htm ; https://www.boj.or.jp/en/mopo/mpmdeci/mpr_2000/k000811.htm ; https://www.boj.or.jp/en/mopo/mpmdeci/mpr_2001/k010228a.htm ; https://www.boj.or.jp/en/mopo/mpmdeci/mpr_2006/k060309.htm ; https://www.boj.or.jp/en/mopo/mpmdeci/mpr_2006/k060714.pdf ; https://www.boj.or.jp/en/mopo/mpmdeci/mpr_2007/k070221.pdf ; https://www.boj.or.jp/en/mopo/mpmdeci/mpr_2008/k081031.pdf ; https://www.boj.or.jp/en/mopo/mpmdeci/mpr_2008/k081219.pdf ; https://www.boj.or.jp/en/mopo/mpmdeci/mpr_2010/k101005.pdf ; https://www.boj.or.jp/en/mopo/mpmdeci/mpr_2016/k160921a.pdf ; https://www.boj.or.jp/en/mopo/mpmdeci/mpr_2024/k240319a.pdf ; https://www.boj.or.jp/en/mopo/mpmdeci/mpr_2024/mpr240731c.pdf ; https://www.boj.or.jp/en/mopo/mpmdeci/mpr_2025/mpr250124a.pdf ; https://www.boj.or.jp/en/mopo/mpmdeci/mpr_2025/k251219a.pdf ; https://www.boj.or.jp/en/mopo/mpmdeci/mpr_2026/k260616a.pdf ; https://www.boj.or.jp/en/mopo/mpmdeci/mpr_2026/k260918a.pdf, Central bank policy rates - Japan - Monthly - End of period,2023-07,-0.1,A,F,
M,JP,368,0,,"From 24 Sep 2026: the BOJ encourages the uncollateralized overnight call rate to remain at around 1.25 percent; From 17 Jun 2026 to 23 Sep 2026: the BOJ encourages the uncollateralized overnight call rate to remain at around 1.00 percent; From 22 Dec 2025 to 16 Jun 2026: the BOJ encourages the uncollateralized overnight call rate to remain at around 0.75 percent; From 27 Jan 2025 to 21 Dec 2025: the BOJ encourages the uncollateralized overnight call rate to remain at around 0.50 percent; From 1 Aug 2024 to 26 Jan 2025: the BOJ encouraged the UOCR to remain at around 0.25% ; From 21 Mar 2024 to 31 July: the BOJ encouraged the UOCR to remain at around 0 to 0.1 %; from 21 Sep 2016 to 20 Mar 2024: the BOJ set the guideline for market operations which specifies a short-term policy interest rate at minus 0.1% and a target level of 10-year JGB yields at around 0%. Short-term policy interest rate; from 4 Apr 2013 to 20 Sep 2016: no policy rate; from 5 Oct 2010 to 3 Apr 2013: the BOJ encouraged the UOCR to remain at around 0 to 0.1%; from 19 Dec 2008 to 4 Oct 2010: the BOJ encouraged the UOCR to remain at around 0. %; from 31 Oct 2008 to 18 Dec 2008: the BOJ encouraged the UOCR to remain at around 0.3%; before 30 Oct 2008, refer to https://data.bis.org/topics/CBPOL",4,Bank of Japan,For details see: http://www.bis.org/statistics/cbpol/cbpol_doc.pdf  ; https://www.boj.or.jp/en/mopo/mpmdeci/mpr_1998/k980909c.htm ; https://www.boj.or.jp/en/mopo/mpmdeci/mpr_1999/k990212c.htm ; https://www.boj.or.jp/en/mopo/mpmdeci/mpr_2000/k000811.htm ; https://www.boj.or.jp/en/mopo/mpmdeci/mpr_2001/k010228a.htm ; https://www.boj.or.jp/en/mopo/mpmdeci/mpr_2006/k060309.htm ; https://www.boj.or.jp/en/mopo/mpmdeci/mpr_2006/k060714.pdf ; https://www.boj.or.jp/en/mopo/mpmdeci/mpr_2007/k070221.pdf ; https://www.boj.or.jp/en/mopo/mpmdeci/mpr_2008/k081031.pdf ; https://www.boj.or.jp/en/mopo/mpmdeci/mpr_2008/k081219.pdf ; https://www.boj.or.jp/en/mopo/mpmdeci/mpr_2010/k101005.pdf ; https://www.boj.or.jp/en/mopo/mpmdeci/mpr_2016/k160921a.pdf ; https://www.boj.or.jp/en/mopo/mpmdeci/mpr_2024/k240319a.pdf ; https://www.boj.or.jp/en/mopo/mpmdeci/mpr_2024/mpr240731c.pdf ; https://www.boj.or.jp/en/mopo/mpmdeci/mpr_2025/mpr250124a.pdf ; https://www.boj.or.jp/en/mopo/mpmdeci/mpr_2025/k251219a.pdf ; https://www.boj.or.jp/en/mopo/mpmdeci/mpr_2026/k260616a.pdf ; https://www.boj.or.jp/en/mopo/mpmdeci/mpr_2026/k260918a.pdf, Central bank policy rates - Japan - Monthly - End of period,2023-08,-0.1,A,F,
M,JP,368,0,,"From 24 Sep 2026: the BOJ encourages the uncollateralized overnight call rate to remain at around 1.25 percent; From 17 Jun 2026 to 23 Sep 2026: the BOJ encourages the uncollateralized overnight call rate to remain at around 1.00 percent; From 22 Dec 2025 to 16 Jun 2026: the BOJ encourages the uncollateralized overnight call rate to remain at around 0.75 percent; From 27 Jan 2025 to 21 Dec 2025: the BOJ encourages the uncollateralized overnight call rate to remain at around 0.50 percent; From 1 Aug 2024 to 26 Jan 2025: the BOJ encouraged the UOCR to remain at around 0.25% ; From 21 Mar 2024 to 31 July: the BOJ encouraged the UOCR to remain at around 0 to 0.1 %; from 21 Sep 2016 to 20 Mar 2024: the BOJ set the guideline for market operations which specifies a short-term policy interest rate at minus 0.1% and a target level of 10-year JGB yields at around 0%. Short-term policy interest rate; from 4 Apr 2013 to 20 Sep 2016: no policy rate; from 5 Oct 2010 to 3 Apr 2013: the BOJ encouraged the UOCR to remain at around 0 to 0.1%; from 19 Dec 2008 to 4 Oct 2010: the BOJ encouraged the UOCR to remain at around 0. %; from 31 Oct 2008 to 18 Dec 2008: the BOJ encouraged the UOCR to remain at around 0.3%; before 30 Oct 2008, refer to https://data.bis.org/topics/CBPOL",4,Bank of Japan,For details see: http://www.bis.org/statistics/cbpol/cbpol_doc.pdf  ; https://www.boj.or.jp/en/mopo/mpmdeci/mpr_1998/k980909c.htm ; https://www.boj.or.jp/en/mopo/mpmdeci/mpr_1999/k990212c.htm ; https://www.boj.or.jp/en/mopo/mpmdeci/mpr_2000/k000811.htm ; https://www.boj.or.jp/en/mopo/mpmdeci/mpr_2001/k010228a.htm ; https://www.boj.or.jp/en/mopo/mpmdeci/mpr_2006/k060309.htm ; https://www.boj.or.jp/en/mopo/mpmdeci/mpr_2006/k060714.pdf ; https://www.boj.or.jp/en/mopo/mpmdeci/mpr_2007/k070221.pdf ; https://www.boj.or.jp/en/mopo/mpmdeci/mpr_2008/k081031.pdf ; https://www.boj.or.jp/en/mopo/mpmdeci/mpr_2008/k081219.pdf ; https://www.boj.or.jp/en/mopo/mpmdeci/mpr_2010/k101005.pdf ; https://www.boj.or.jp/en/mopo/mpmdeci/mpr_2016/k160921a.pdf ; https://www.boj.or.jp/en/mopo/mpmdeci/mpr_2024/k240319a.pdf ; https://www.boj.or.jp/en/mopo/mpmdeci/mpr_2024/mpr240731c.pdf ; https://www.boj.or.jp/en/mopo/mpmdeci/mpr_2025/mpr250124a.pdf ; https://www.boj.or.jp/en/mopo/mpmdeci/mpr_2025/k251219a.pdf ; https://www.boj.or.jp/en/mopo/mpmdeci/mpr_2026/k260616a.pdf ; https://www.boj.or.jp/en/mopo/mpmdeci/mpr_2026/k260918a.pdf, Central bank policy rates - Japan - Monthly - End of period,2023-09,-0.1,A,F,
M,JP,368,0,,"From 24 Sep 2026: the BOJ encourages the uncollateralized overnight call rate to remain at around 1.25 percent; From 17 Jun 2026 to 23 Sep 2026: the BOJ encourages the uncollateralized overnight call rate to remain at around 1.00 percent; From 22 Dec 2025 to 16 Jun 2026: the BOJ encourages the uncollateralized overnight call rate to remain at around 0.75 percent; From 27 Jan 2025 to 21 Dec 2025: the BOJ encourages the uncollateralized overnight call rate to remain at around 0.50 percent; From 1 Aug 2024 to 26 Jan 2025: the BOJ encouraged the UOCR to remain at around 0.25% ; From 21 Mar 2024 to 31 July: the BOJ encouraged the UOCR to remain at around 0 to 0.1 %; from 21 Sep 2016 to 20 Mar 2024: the BOJ set the guideline for market operations which specifies a short-term policy interest rate at minus 0.1% and a target level of 10-year JGB yields at around 0%. Short-term policy interest rate; from 4 Apr 2013 to 20 Sep 2016: no policy rate; from 5 Oct 2010 to 3 Apr 2013: the BOJ encouraged the UOCR to remain at around 0 to 0.1%; from 19 Dec 2008 to 4 Oct 2010: the BOJ encouraged the UOCR to remain at around 0. %; from 31 Oct 2008 to 18 Dec 2008: the BOJ encouraged the UOCR to remain at around 0.3%; before 30 Oct 2008, refer to https://data.bis.org/topics/CBPOL",4,Bank of Japan,For details see: http://www.bis.org/statistics/cbpol/cbpol_doc.pdf  ; https://www.boj.or.jp/en/mopo/mpmdeci/mpr_1998/k980909c.htm ; https://www.boj.or.jp/en/mopo/mpmdeci/mpr_1999/k990212c.htm ; https://www.boj.or.jp/en/mopo/mpmdeci/mpr_2000/k000811.htm ; https://www.boj.or.jp/en/mopo/mpmdeci/mpr_2001/k010228a.htm ; https://www.boj.or.jp/en/mopo/mpmdeci/mpr_2006/k060309.htm ; https://www.boj.or.jp/en/mopo/mpmdeci/mpr_2006/k060714.pdf ; https://www.boj.or.jp/en/mopo/mpmdeci/mpr_2007/k070221.pdf ; https://www.boj.or.jp/en/mopo/mpmdeci/mpr_2008/k081031.pdf ; https://www.boj.or.jp/en/mopo/mpmdeci/mpr_2008/k081219.pdf ; https://www.boj.or.jp/en/mopo/mpmdeci/mpr_2010/k101005.pdf ; https://www.boj.or.jp/en/mopo/mpmdeci/mpr_2016/k160921a.pdf ; https://www.boj.or.jp/en/mopo/mpmdeci/mpr_2024/k240319a.pdf ; https://www.boj.or.jp/en/mopo/mpmdeci/mpr_2024/mpr240731c.pdf ; https://www.boj.or.jp/en/mopo/mpmdeci/mpr_2025/mpr250124a.pdf ; https://www.boj.or.jp/en/mopo/mpmdeci/mpr_2025/k251219a.pdf ; https://www.boj.or.jp/en/mopo/mpmdeci/mpr_2026/k260616a.pdf ; https://www.boj.or.jp/en/mopo/mpmdeci/mpr_2026/k260918a.pdf, Central bank policy rates - Japan - Monthly - End of period,2023-10,-0.1,A,F,
M,JP,368,0,,"From 24 Sep 2026: the BOJ encourages the uncollateralized overnight call rate to remain at around 1.25 percent; From 17 Jun 2026 to 23 Sep 2026: the BOJ encourages the uncollateralized overnight call rate to remain at around 1.00 percent; From 22 Dec 2025 to 16 Jun 2026: the BOJ encourages the uncollateralized overnight call rate to remain at around 0.75 percent; From 27 Jan 2025 to 21 Dec 2025: the BOJ encourages the uncollateralized overnight call rate to remain at around 0.50 percent; From 1 Aug 2024 to 26 Jan 2025: the BOJ encouraged the UOCR to remain at around 0.25% ; From 21 Mar 2024 to 31 July: the BOJ encouraged the UOCR to remain at around 0 to 0.1 %; from 21 Sep 2016 to 20 Mar 2024: the BOJ set the guideline for market operations which specifies a short-term policy interest rate at minus 0.1% and a target level of 10-year JGB yields at around 0%. Short-term policy interest rate; from 4 Apr 2013 to 20 Sep 2016: no policy rate; from 5 Oct 2010 to 3 Apr 2013: the BOJ encouraged the UOCR to remain at around 0 to 0.1%; from 19 Dec 2008 to 4 Oct 2010: the BOJ encouraged the UOCR to remain at around 0. %; from 31 Oct 2008 to 18 Dec 2008: the BOJ encouraged the UOCR to remain at around 0.3%; before 30 Oct 2008, refer to https://data.bis.org/topics/CBPOL",4,Bank of Japan,For details see: http://www.bis.org/statistics/cbpol/cbpol_doc.pdf  ; https://www.boj.or.jp/en/mopo/mpmdeci/mpr_1998/k980909c.htm ; https://www.boj.or.jp/en/mopo/mpmdeci/mpr_1999/k990212c.htm ; https://www.boj.or.jp/en/mopo/mpmdeci/mpr_2000/k000811.htm ; https://www.boj.or.jp/en/mopo/mpmdeci/mpr_2001/k010228a.htm ; https://www.boj.or.jp/en/mopo/mpmdeci/mpr_2006/k060309.htm ; https://www.boj.or.jp/en/mopo/mpmdeci/mpr_2006/k060714.pdf ; https://www.boj.or.jp/en/mopo/mpmdeci/mpr_2007/k070221.pdf ; https://www.boj.or.jp/en/mopo/mpmdeci/mpr_2008/k081031.pdf ; https://www.boj.or.jp/en/mopo/mpmdeci/mpr_2008/k081219.pdf ; https://www.boj.or.jp/en/mopo/mpmdeci/mpr_2010/k101005.pdf ; https://www.boj.or.jp/en/mopo/mpmdeci/mpr_2016/k160921a.pdf ; https://www.boj.or.jp/en/mopo/mpmdeci/mpr_2024/k240319a.pdf ; https://www.boj.or.jp/en/mopo/mpmdeci/mpr_2024/mpr240731c.pdf ; https://www.boj.or.jp/en/mopo/mpmdeci/mpr_2025/mpr250124a.pdf ; https://www.boj.or.jp/en/mopo/mpmdeci/mpr_2025/k251219a.pdf ; https://www.boj.or.jp/en/mopo/mpmdeci/mpr_2026/k260616a.pdf ; https://www.boj.or.jp/en/mopo/mpmdeci/mpr_2026/k260918a.pdf, Central bank policy rates - Japan - Monthly - End of period,2023-11,-0.1,A,F,
M,JP,368,0,,"From 24 Sep 2026: the BOJ encourages the uncollateralized overnight call rate to remain at around 1.25 percent; From 17 Jun 2026 to 23 Sep 2026: the BOJ encourages the uncollateralized overnight call rate to remain at around 1.00 percent; From 22 Dec 2025 to 16 Jun 2026: the BOJ encourages the uncollateralized overnight call rate to remain at around 0.75 percent; From 27 Jan 2025 to 21 Dec 2025: the BOJ encourages the uncollateralized overnight call rate to remain at around 0.50 percent; From 1 Aug 2024 to 26 Jan 2025: the BOJ encouraged the UOCR to remain at around 0.25% ; From 21 Mar 2024 to 31 July: the BOJ encouraged the UOCR to remain at around 0 to 0.1 %; from 21 Sep 2016 to 20 Mar 2024: the BOJ set the guideline for market operations which specifies a short-term policy interest rate at minus 0.1% and a target level of 10-year JGB yields at around 0%. Short-term policy interest rate; from 4 Apr 2013 to 20 Sep 2016: no policy rate; from 5 Oct 2010 to 3 Apr 2013: the BOJ encouraged the UOCR to remain at around 0 to 0.1%; from 19 Dec 2008 to 4 Oct 2010: the BOJ encouraged the UOCR to remain at around 0. %; from 31 Oct 2008 to 18 Dec 2008: the BOJ encouraged the UOCR to remain at around 0.3%; before 30 Oct 2008, refer to https://data.bis.org/topics/CBPOL",4,Bank of Japan,For details see: http://www.bis.org/statistics/cbpol/cbpol_doc.pdf  ; https://www.boj.or.jp/en/mopo/mpmdeci/mpr_1998/k980909c.htm ; https://www.boj.or.jp/en/mopo/mpmdeci/mpr_1999/k990212c.htm ; https://www.boj.or.jp/en/mopo/mpmdeci/mpr_2000/k000811.htm ; https://www.boj.or.jp/en/mopo/mpmdeci/mpr_2001/k010228a.htm ; https://www.boj.or.jp/en/mopo/mpmdeci/mpr_2006/k060309.htm ; https://www.boj.or.jp/en/mopo/mpmdeci/mpr_2006/k060714.pdf ; https://www.boj.or.jp/en/mopo/mpmdeci/mpr_2007/k070221.pdf ; https://www.boj.or.jp/en/mopo/mpmdeci/mpr_2008/k081031.pdf ; https://www.boj.or.jp/en/mopo/mpmdeci/mpr_2008/k081219.pdf ; https://www.boj.or.jp/en/mopo/mpmdeci/mpr_2010/k101005.pdf ; https://www.boj.or.jp/en/mopo/mpmdeci/mpr_2016/k160921a.pdf ; https://www.boj.or.jp/en/mopo/mpmdeci/mpr_2024/k240319a.pdf ; https://www.boj.or.jp/en/mopo/mpmdeci/mpr_2024/mpr240731c.pdf ; https://www.boj.or.jp/en/mopo/mpmdeci/mpr_2025/mpr250124a.pdf ; https://www.boj.or.jp/en/mopo/mpmdeci/mpr_2025/k251219a.pdf ; https://www.boj.or.jp/en/mopo/mpmdeci/mpr_2026/k260616a.pdf ; https://www.boj.or.jp/en/mopo/mpmdeci/mpr_2026/k260918a.pdf, Central bank policy rates - Japan - Monthly - End of period,2023-12,-0.1,A,F,
M,JP,368,0,,"From 24 Sep 2026: the BOJ encourages the uncollateralized overnight call rate to remain at around 1.25 percent; From 17 Jun 2026 to 23 Sep 2026: the BOJ encourages the uncollateralized overnight call rate to remain at around 1.00 percent; From 22 Dec 2025 to 16 Jun 2026: the BOJ encourages the uncollateralized overnight call rate to remain at around 0.75 percent; From 27 Jan 2025 to 21 Dec 2025: the BOJ encourages the uncollateralized overnight call rate to remain at around 0.50 percent; From 1 Aug 2024 to 26 Jan 2025: the BOJ encouraged the UOCR to remain at around 0.25% ; From 21 Mar 2024 to 31 July: the BOJ encouraged the UOCR to remain at around 0 to 0.1 %; from 21 Sep 2016 to 20 Mar 2024: the BOJ set the guideline for market operations which specifies a short-term policy interest rate at minus 0.1% and a target level of 10-year JGB yields at around 0%. Short-term policy interest rate; from 4 Apr 2013 to 20 Sep 2016: no policy rate; from 5 Oct 2010 to 3 Apr 2013: the BOJ encouraged the UOCR to remain at around 0 to 0.1%; from 19 Dec 2008 to 4 Oct 2010: the BOJ encouraged the UOCR to remain at around 0. %; from 31 Oct 2008 to 18 Dec 2008: the BOJ encouraged the UOCR to remain at around 0.3%; before 30 Oct 2008, refer to https://data.bis.org/topics/CBPOL",4,Bank of Japan,For details see: http://www.bis.org/statistics/cbpol/cbpol_doc.pdf  ; https://www.boj.or.jp/en/mopo/mpmdeci/mpr_1998/k980909c.htm ; https://www.boj.or.jp/en/mopo/mpmdeci/mpr_1999/k990212c.htm ; https://www.boj.or.jp/en/mopo/mpmdeci/mpr_2000/k000811.htm ; https://www.boj.or.jp/en/mopo/mpmdeci/mpr_2001/k010228a.htm ; https://www.boj.or.jp/en/mopo/mpmdeci/mpr_2006/k060309.htm ; https://www.boj.or.jp/en/mopo/mpmdeci/mpr_2006/k060714.pdf ; https://www.boj.or.jp/en/mopo/mpmdeci/mpr_2007/k070221.pdf ; https://www.boj.or.jp/en/mopo/mpmdeci/mpr_2008/k081031.pdf ; https://www.boj.or.jp/en/mopo/mpmdeci/mpr_2008/k081219.pdf ; https://www.boj.or.jp/en/mopo/mpmdeci/mpr_2010/k101005.pdf ; https://www.boj.or.jp/en/mopo/mpmdeci/mpr_2016/k160921a.pdf ; https://www.boj.or.jp/en/mopo/mpmdeci/mpr_2024/k240319a.pdf ; https://www.boj.or.jp/en/mopo/mpmdeci/mpr_2024/mpr240731c.pdf ; https://www.boj.or.jp/en/mopo/mpmdeci/mpr_2025/mpr250124a.pdf ; https://www.boj.or.jp/en/mopo/mpmdeci/mpr_2025/k251219a.pdf ; https://www.boj.or.jp/en/mopo/mpmdeci/mpr_2026/k260616a.pdf ; https://www.boj.or.jp/en/mopo/mpmdeci/mpr_2026/k260918a.pdf, Central bank policy rates - Japan - Monthly - End of period,2024-01,-0.1,A,F,
M,JP,368,0,,"From 24 Sep 2026: the BOJ encourages the uncollateralized overnight call rate to remain at around 1.25 percent; From 17 Jun 2026 to 23 Sep 2026: the BOJ encourages the uncollateralized overnight call rate to remain at around 1.00 percent; From 22 Dec 2025 to 16 Jun 2026: the BOJ encourages the uncollateralized overnight call rate to remain at around 0.75 percent; From 27 Jan 2025 to 21 Dec 2025: the BOJ encourages the uncollateralized overnight call rate to remain at around 0.50 percent; From 1 Aug 2024 to 26 Jan 2025: the BOJ encouraged the UOCR to remain at around 0.25% ; From 21 Mar 2024 to 31 July: the BOJ encouraged the UOCR to remain at around 0 to 0.1 %; from 21 Sep 2016 to 20 Mar 2024: the BOJ set the guideline for market operations which specifies a short-term policy interest rate at minus 0.1% and a target level of 10-year JGB yields at around 0%. Short-term policy interest rate; from 4 Apr 2013 to 20 Sep 2016: no policy rate; from 5 Oct 2010 to 3 Apr 2013: the BOJ encouraged the UOCR to remain at around 0 to 0.1%; from 19 Dec 2008 to 4 Oct 2010: the BOJ encouraged the UOCR to remain at around 0. %; from 31 Oct 2008 to 18 Dec 2008: the BOJ encouraged the UOCR to remain at around 0.3%; before 30 Oct 2008, refer to https://data.bis.org/topics/CBPOL",4,Bank of Japan,For details see: http://www.bis.org/statistics/cbpol/cbpol_doc.pdf  ; https://www.boj.or.jp/en/mopo/mpmdeci/mpr_1998/k980909c.htm ; https://www.boj.or.jp/en/mopo/mpmdeci/mpr_1999/k990212c.htm ; https://www.boj.or.jp/en/mopo/mpmdeci/mpr_2000/k000811.htm ; https://www.boj.or.jp/en/mopo/mpmdeci/mpr_2001/k010228a.htm ; https://www.boj.or.jp/en/mopo/mpmdeci/mpr_2006/k060309.htm ; https://www.boj.or.jp/en/mopo/mpmdeci/mpr_2006/k060714.pdf ; https://www.boj.or.jp/en/mopo/mpmdeci/mpr_2007/k070221.pdf ; https://www.boj.or.jp/en/mopo/mpmdeci/mpr_2008/k081031.pdf ; https://www.boj.or.jp/en/mopo/mpmdeci/mpr_2008/k081219.pdf ; https://www.boj.or.jp/en/mopo/mpmdeci/mpr_2010/k101005.pdf ; https://www.boj.or.jp/en/mopo/mpmdeci/mpr_2016/k160921a.pdf ; https://www.boj.or.jp/en/mopo/mpmdeci/mpr_2024/k240319a.pdf ; https://www.boj.or.jp/en/mopo/mpmdeci/mpr_2024/mpr240731c.pdf ; https://www.boj.or.jp/en/mopo/mpmdeci/mpr_2025/mpr250124a.pdf ; https://www.boj.or.jp/en/mopo/mpmdeci/mpr_2025/k251219a.pdf ; https://www.boj.or.jp/en/mopo/mpmdeci/mpr_2026/k260616a.pdf ; https://www.boj.or.jp/en/mopo/mpmdeci/mpr_2026/k260918a.pdf, Central bank policy rates - Japan - Monthly - End of period,2024-02,-0.1,A,F,
M,JP,368,0,,"From 24 Sep 2026: the BOJ encourages the uncollateralized overnight call rate to remain at around 1.25 percent; From 17 Jun 2026 to 23 Sep 2026: the BOJ encourages the uncollateralized overnight call rate to remain at around 1.00 percent; From 22 Dec 2025 to 16 Jun 2026: the BOJ encourages the uncollateralized overnight call rate to remain at around 0.75 percent; From 27 Jan 2025 to 21 Dec 2025: the BOJ encourages the uncollateralized overnight call rate to remain at around 0.50 percent; From 1 Aug 2024 to 26 Jan 2025: the BOJ encouraged the UOCR to remain at around 0.25% ; From 21 Mar 2024 to 31 July: the BOJ encouraged the UOCR to remain at around 0 to 0.1 %; from 21 Sep 2016 to 20 Mar 2024: the BOJ set the guideline for market operations which specifies a short-term policy interest rate at minus 0.1% and a target level of 10-year JGB yields at around 0%. Short-term policy interest rate; from 4 Apr 2013 to 20 Sep 2016: no policy rate; from 5 Oct 2010 to 3 Apr 2013: the BOJ encouraged the UOCR to remain at around 0 to 0.1%; from 19 Dec 2008 to 4 Oct 2010: the BOJ encouraged the UOCR to remain at around 0. %; from 31 Oct 2008 to 18 Dec 2008: the BOJ encouraged the UOCR to remain at around 0.3%; before 30 Oct 2008, refer to https://data.bis.org/topics/CBPOL",4,Bank of Japan,For details see: http://www.bis.org/statistics/cbpol/cbpol_doc.pdf  ; https://www.boj.or.jp/en/mopo/mpmdeci/mpr_1998/k980909c.htm ; https://www.boj.or.jp/en/mopo/mpmdeci/mpr_1999/k990212c.htm ; https://www.boj.or.jp/en/mopo/mpmdeci/mpr_2000/k000811.htm ; https://www.boj.or.jp/en/mopo/mpmdeci/mpr_2001/k010228a.htm ; https://www.boj.or.jp/en/mopo/mpmdeci/mpr_2006/k060309.htm ; https://www.boj.or.jp/en/mopo/mpmdeci/mpr_2006/k060714.pdf ; https://www.boj.or.jp/en/mopo/mpmdeci/mpr_2007/k070221.pdf ; https://www.boj.or.jp/en/mopo/mpmdeci/mpr_2008/k081031.pdf ; https://www.boj.or.jp/en/mopo/mpmdeci/mpr_2008/k081219.pdf ; https://www.boj.or.jp/en/mopo/mpmdeci/mpr_2010/k101005.pdf ; https://www.boj.or.jp/en/mopo/mpmdeci/mpr_2016/k160921a.pdf ; https://www.boj.or.jp/en/mopo/mpmdeci/mpr_2024/k240319a.pdf ; https://www.boj.or.jp/en/mopo/mpmdeci/mpr_2024/mpr240731c.pdf ; https://www.boj.or.jp/en/mopo/mpmdeci/mpr_2025/mpr250124a.pdf ; https://www.boj.or.jp/en/mopo/mpmdeci/mpr_2025/k251219a.pdf ; https://www.boj.or.jp/en/mopo/mpmdeci/mpr_2026/k260616a.pdf ; https://www.boj.or.jp/en/mopo/mpmdeci/mpr_2026/k260918a.pdf, Central bank policy rates - Japan - Monthly - End of period,2024-03,0.05,A,F,
M,JP,368,0,,"From 24 Sep 2026: the BOJ encourages the uncollateralized overnight call rate to remain at around 1.25 percent; From 17 Jun 2026 to 23 Sep 2026: the BOJ encourages the uncollateralized overnight call rate to remain at around 1.00 percent; From 22 Dec 2025 to 16 Jun 2026: the BOJ encourages the uncollateralized overnight call rate to remain at around 0.75 percent; From 27 Jan 2025 to 21 Dec 2025: the BOJ encourages the uncollateralized overnight call rate to remain at around 0.50 percent; From 1 Aug 2024 to 26 Jan 2025: the BOJ encouraged the UOCR to remain at around 0.25% ; From 21 Mar 2024 to 31 July: the BOJ encouraged the UOCR to remain at around 0 to 0.1 %; from 21 Sep 2016 to 20 Mar 2024: the BOJ set the guideline for market operations which specifies a short-term policy interest rate at minus 0.1% and a target level of 10-year JGB yields at around 0%. Short-term policy interest rate; from 4 Apr 2013 to 20 Sep 2016: no policy rate; from 5 Oct 2010 to 3 Apr 2013: the BOJ encouraged the UOCR to remain at around 0 to 0.1%; from 19 Dec 2008 to 4 Oct 2010: the BOJ encouraged the UOCR to remain at around 0. %; from 31 Oct 2008 to 18 Dec 2008: the BOJ encouraged the UOCR to remain at around 0.3%; before 30 Oct 2008, refer to https://data.bis.org/topics/CBPOL",4,Bank of Japan,For details see: http://www.bis.org/statistics/cbpol/cbpol_doc.pdf  ; https://www.boj.or.jp/en/mopo/mpmdeci/mpr_1998/k980909c.htm ; https://www.boj.or.jp/en/mopo/mpmdeci/mpr_1999/k990212c.htm ; https://www.boj.or.jp/en/mopo/mpmdeci/mpr_2000/k000811.htm ; https://www.boj.or.jp/en/mopo/mpmdeci/mpr_2001/k010228a.htm ; https://www.boj.or.jp/en/mopo/mpmdeci/mpr_2006/k060309.htm ; https://www.boj.or.jp/en/mopo/mpmdeci/mpr_2006/k060714.pdf ; https://www.boj.or.jp/en/mopo/mpmdeci/mpr_2007/k070221.pdf ; https://www.boj.or.jp/en/mopo/mpmdeci/mpr_2008/k081031.pdf ; https://www.boj.or.jp/en/mopo/mpmdeci/mpr_2008/k081219.pdf ; https://www.boj.or.jp/en/mopo/mpmdeci/mpr_2010/k101005.pdf ; https://www.boj.or.jp/en/mopo/mpmdeci/mpr_2016/k160921a.pdf ; https://www.boj.or.jp/en/mopo/mpmdeci/mpr_2024/k240319a.pdf ; https://www.boj.or.jp/en/mopo/mpmdeci/mpr_2024/mpr240731c.pdf ; https://www.boj.or.jp/en/mopo/mpmdeci/mpr_2025/mpr250124a.pdf ; https://www.boj.or.jp/en/mopo/mpmdeci/mpr_2025/k251219a.pdf ; https://www.boj.or.jp/en/mopo/mpmdeci/mpr_2026/k260616a.pdf ; https://www.boj.or.jp/en/mopo/mpmdeci/mpr_2026/k260918a.pdf, Central bank policy rates - Japan - Monthly - End of period,2024-04,0.05,A,F,
M,JP,368,0,,"From 24 Sep 2026: the BOJ encourages the uncollateralized overnight call rate to remain at around 1.25 percent; From 17 Jun 2026 to 23 Sep 2026: the BOJ encourages the uncollateralized overnight call rate to remain at around 1.00 percent; From 22 Dec 2025 to 16 Jun 2026: the BOJ encourages the uncollateralized overnight call rate to remain at around 0.75 percent; From 27 Jan 2025 to 21 Dec 2025: the BOJ encourages the uncollateralized overnight call rate to remain at around 0.50 percent; From 1 Aug 2024 to 26 Jan 2025: the BOJ encouraged the UOCR to remain at around 0.25% ; From 21 Mar 2024 to 31 July: the BOJ encouraged the UOCR to remain at around 0 to 0.1 %; from 21 Sep 2016 to 20 Mar 2024: the BOJ set the guideline for market operations which specifies a short-term policy interest rate at minus 0.1% and a target level of 10-year JGB yields at around 0%. Short-term policy interest rate; from 4 Apr 2013 to 20 Sep 2016: no policy rate; from 5 Oct 2010 to 3 Apr 2013: the BOJ encouraged the UOCR to remain at around 0 to 0.1%; from 19 Dec 2008 to 4 Oct 2010: the BOJ encouraged the UOCR to remain at around 0. %; from 31 Oct 2008 to 18 Dec 2008: the BOJ encouraged the UOCR to remain at around 0.3%; before 30 Oct 2008, refer to https://data.bis.org/topics/CBPOL",4,Bank of Japan,For details see: http://www.bis.org/statistics/cbpol/cbpol_doc.pdf  ; https://www.boj.or.jp/en/mopo/mpmdeci/mpr_1998/k980909c.htm ; https://www.boj.or.jp/en/mopo/mpmdeci/mpr_1999/k990212c.htm ; https://www.boj.or.jp/en/mopo/mpmdeci/mpr_2000/k000811.htm ; https://www.boj.or.jp/en/mopo/mpmdeci/mpr_2001/k010228a.htm ; https://www.boj.or.jp/en/mopo/mpmdeci/mpr_2006/k060309.htm ; https://www.boj.or.jp/en/mopo/mpmdeci/mpr_2006/k060714.pdf ; https://www.boj.or.jp/en/mopo/mpmdeci/mpr_2007/k070221.pdf ; https://www.boj.or.jp/en/mopo/mpmdeci/mpr_2008/k081031.pdf ; https://www.boj.or.jp/en/mopo/mpmdeci/mpr_2008/k081219.pdf ; https://www.boj.or.jp/en/mopo/mpmdeci/mpr_2010/k101005.pdf ; https://www.boj.or.jp/en/mopo/mpmdeci/mpr_2016/k160921a.pdf ; https://www.boj.or.jp/en/mopo/mpmdeci/mpr_2024/k240319a.pdf ; https://www.boj.or.jp/en/mopo/mpmdeci/mpr_2024/mpr240731c.pdf ; https://www.boj.or.jp/en/mopo/mpmdeci/mpr_2025/mpr250124a.pdf ; https://www.boj.or.jp/en/mopo/mpmdeci/mpr_2025/k251219a.pdf ; https://www.boj.or.jp/en/mopo/mpmdeci/mpr_2026/k260616a.pdf ; https://www.boj.or.jp/en/mopo/mpmdeci/mpr_2026/k260918a.pdf, Central bank policy rates - Japan - Monthly - End of period,2024-05,0.05,A,F,
M,JP,368,0,,"From 24 Sep 2026: the BOJ encourages the uncollateralized overnight call rate to remain at around 1.25 percent; From 17 Jun 2026 to 23 Sep 2026: the BOJ encourages the uncollateralized overnight call rate to remain at around 1.00 percent; From 22 Dec 2025 to 16 Jun 2026: the BOJ encourages the uncollateralized overnight call rate to remain at around 0.75 percent; From 27 Jan 2025 to 21 Dec 2025: the BOJ encourages the uncollateralized overnight call rate to remain at around 0.50 percent; From 1 Aug 2024 to 26 Jan 2025: the BOJ encouraged the UOCR to remain at around 0.25% ; From 21 Mar 2024 to 31 July: the BOJ encouraged the UOCR to remain at around 0 to 0.1 %; from 21 Sep 2016 to 20 Mar 2024: the BOJ set the guideline for market operations which specifies a short-term policy interest rate at minus 0.1% and a target level of 10-year JGB yields at around 0%. Short-term policy interest rate; from 4 Apr 2013 to 20 Sep 2016: no policy rate; from 5 Oct 2010 to 3 Apr 2013: the BOJ encouraged the UOCR to remain at around 0 to 0.1%; from 19 Dec 2008 to 4 Oct 2010: the BOJ encouraged the UOCR to remain at around 0. %; from 31 Oct 2008 to 18 Dec 2008: the BOJ encouraged the UOCR to remain at around 0.3%; before 30 Oct 2008, refer to https://data.bis.org/topics/CBPOL",4,Bank of Japan,For details see: http://www.bis.org/statistics/cbpol/cbpol_doc.pdf  ; https://www.boj.or.jp/en/mopo/mpmdeci/mpr_1998/k980909c.htm ; https://www.boj.or.jp/en/mopo/mpmdeci/mpr_1999/k990212c.htm ; https://www.boj.or.jp/en/mopo/mpmdeci/mpr_2000/k000811.htm ; https://www.boj.or.jp/en/mopo/mpmdeci/mpr_2001/k010228a.htm ; https://www.boj.or.jp/en/mopo/mpmdeci/mpr_2006/k060309.htm ; https://www.boj.or.jp/en/mopo/mpmdeci/mpr_2006/k060714.pdf ; https://www.boj.or.jp/en/mopo/mpmdeci/mpr_2007/k070221.pdf ; https://www.boj.or.jp/en/mopo/mpmdeci/mpr_2008/k081031.pdf ; https://www.boj.or.jp/en/mopo/mpmdeci/mpr_2008/k081219.pdf ; https://www.boj.or.jp/en/mopo/mpmdeci/mpr_2010/k101005.pdf ; https://www.boj.or.jp/en/mopo/mpmdeci/mpr_2016/k160921a.pdf ; https://www.boj.or.jp/en/mopo/mpmdeci/mpr_2024/k240319a.pdf ; https://www.boj.or.jp/en/mopo/mpmdeci/mpr_2024/mpr240731c.pdf ; https://www.boj.or.jp/en/mopo/mpmdeci/mpr_2025/mpr250124a.pdf ; https://www.boj.or.jp/en/mopo/mpmdeci/mpr_2025/k251219a.pdf ; https://www.boj.or.jp/en/mopo/mpmdeci/mpr_2026/k260616a.pdf ; https://www.boj.or.jp/en/mopo/mpmdeci/mpr_2026/k260918a.pdf, Central bank policy rates - Japan - Monthly - End of period,2024-06,0.05,A,F,
M,JP,368,0,,"From 24 Sep 2026: the BOJ encourages the uncollateralized overnight call rate to remain at around 1.25 percent; From 17 Jun 2026 to 23 Sep 2026: the BOJ encourages the uncollateralized overnight call rate to remain at around 1.00 percent; From 22 Dec 2025 to 16 Jun 2026: the BOJ encourages the uncollateralized overnight call rate to remain at around 0.75 percent; From 27 Jan 2025 to 21 Dec 2025: the BOJ encourages the uncollateralized overnight call rate to remain at around 0.50 percent; From 1 Aug 2024 to 26 Jan 2025: the BOJ encouraged the UOCR to remain at around 0.25% ; From 21 Mar 2024 to 31 July: the BOJ encouraged the UOCR to remain at around 0 to 0.1 %; from 21 Sep 2016 to 20 Mar 2024: the BOJ set the guideline for market operations which specifies a short-term policy interest rate at minus 0.1% and a target level of 10-year JGB yields at around 0%. Short-term policy interest rate; from 4 Apr 2013 to 20 Sep 2016: no policy rate; from 5 Oct 2010 to 3 Apr 2013: the BOJ encouraged the UOCR to remain at around 0 to 0.1%; from 19 Dec 2008 to 4 Oct 2010: the BOJ encouraged the UOCR to remain at around 0. %; from 31 Oct 2008 to 18 Dec 2008: the BOJ encouraged the UOCR to remain at around 0.3%; before 30 Oct 2008, refer to https://data.bis.org/topics/CBPOL",4,Bank of Japan,For details see: http://www.bis.org/statistics/cbpol/cbpol_doc.pdf  ; https://www.boj.or.jp/en/mopo/mpmdeci/mpr_1998/k980909c.htm ; https://www.boj.or.jp/en/mopo/mpmdeci/mpr_1999/k990212c.htm ; https://www.boj.or.jp/en/mopo/mpmdeci/mpr_2000/k000811.htm ; https://www.boj.or.jp/en/mopo/mpmdeci/mpr_2001/k010228a.htm ; https://www.boj.or.jp/en/mopo/mpmdeci/mpr_2006/k060309.htm ; https://www.boj.or.jp/en/mopo/mpmdeci/mpr_2006/k060714.pdf ; https://www.boj.or.jp/en/mopo/mpmdeci/mpr_2007/k070221.pdf ; https://www.boj.or.jp/en/mopo/mpmdeci/mpr_2008/k081031.pdf ; https://www.boj.or.jp/en/mopo/mpmdeci/mpr_2008/k081219.pdf ; https://www.boj.or.jp/en/mopo/mpmdeci/mpr_2010/k101005.pdf ; https://www.boj.or.jp/en/mopo/mpmdeci/mpr_2016/k160921a.pdf ; https://www.boj.or.jp/en/mopo/mpmdeci/mpr_2024/k240319a.pdf ; https://www.boj.or.jp/en/mopo/mpmdeci/mpr_2024/mpr240731c.pdf ; https://www.boj.or.jp/en/mopo/mpmdeci/mpr_2025/mpr250124a.pdf ; https://www.boj.or.jp/en/mopo/mpmdeci/mpr_2025/k251219a.pdf ; https://www.boj.or.jp/en/mopo/mpmdeci/mpr_2026/k260616a.pdf ; https://www.boj.or.jp/en/mopo/mpmdeci/mpr_2026/k260918a.pdf, Central bank policy rates - Japan - Monthly - End of period,2024-07,0.05,A,F,
M,JP,368,0,,"From 24 Sep 2026: the BOJ encourages the uncollateralized overnight call rate to remain at around 1.25 percent; From 17 Jun 2026 to 23 Sep 2026: the BOJ encourages the uncollateralized overnight call rate to remain at around 1.00 percent; From 22 Dec 2025 to 16 Jun 2026: the BOJ encourages the uncollateralized overnight call rate to remain at around 0.75 percent; From 27 Jan 2025 to 21 Dec 2025: the BOJ encourages the uncollateralized overnight call rate to remain at around 0.50 percent; From 1 Aug 2024 to 26 Jan 2025: the BOJ encouraged the UOCR to remain at around 0.25% ; From 21 Mar 2024 to 31 July: the BOJ encouraged the UOCR to remain at around 0 to 0.1 %; from 21 Sep 2016 to 20 Mar 2024: the BOJ set the guideline for market operations which specifies a short-term policy interest rate at minus 0.1% and a target level of 10-year JGB yields at around 0%. Short-term policy interest rate; from 4 Apr 2013 to 20 Sep 2016: no policy rate; from 5 Oct 2010 to 3 Apr 2013: the BOJ encouraged the UOCR to remain at around 0 to 0.1%; from 19 Dec 2008 to 4 Oct 2010: the BOJ encouraged the UOCR to remain at around 0. %; from 31 Oct 2008 to 18 Dec 2008: the BOJ encouraged the UOCR to remain at around 0.3%; before 30 Oct 2008, refer to https://data.bis.org/topics/CBPOL",4,Bank of Japan,For details see: http://www.bis.org/statistics/cbpol/cbpol_doc.pdf  ; https://www.boj.or.jp/en/mopo/mpmdeci/mpr_1998/k980909c.htm ; https://www.boj.or.jp/en/mopo/mpmdeci/mpr_1999/k990212c.htm ; https://www.boj.or.jp/en/mopo/mpmdeci/mpr_2000/k000811.htm ; https://www.boj.or.jp/en/mopo/mpmdeci/mpr_2001/k010228a.htm ; https://www.boj.or.jp/en/mopo/mpmdeci/mpr_2006/k060309.htm ; https://www.boj.or.jp/en/mopo/mpmdeci/mpr_2006/k060714.pdf ; https://www.boj.or.jp/en/mopo/mpmdeci/mpr_2007/k070221.pdf ; https://www.boj.or.jp/en/mopo/mpmdeci/mpr_2008/k081031.pdf ; https://www.boj.or.jp/en/mopo/mpmdeci/mpr_2008/k081219.pdf ; https://www.boj.or.jp/en/mopo/mpmdeci/mpr_2010/k101005.pdf ; https://www.boj.or.jp/en/mopo/mpmdeci/mpr_2016/k160921a.pdf ; https://www.boj.or.jp/en/mopo/mpmdeci/mpr_2024/k240319a.pdf ; https://www.boj.or.jp/en/mopo/mpmdeci/mpr_2024/mpr240731c.pdf ; https://www.boj.or.jp/en/mopo/mpmdeci/mpr_2025/mpr250124a.pdf ; https://www.boj.or.jp/en/mopo/mpmdeci/mpr_2025/k251219a.pdf ; https://www.boj.or.jp/en/mopo/mpmdeci/mpr_2026/k260616a.pdf ; https://www.boj.or.jp/en/mopo/mpmdeci/mpr_2026/k260918a.pdf, Central bank policy rates - Japan - Monthly - End of period,2024-08,0.25,A,F,
M,JP,368,0,,"From 24 Sep 2026: the BOJ encourages the uncollateralized overnight call rate to remain at around 1.25 percent; From 17 Jun 2026 to 23 Sep 2026: the BOJ encourages the uncollateralized overnight call rate to remain at around 1.00 percent; From 22 Dec 2025 to 16 Jun 2026: the BOJ encourages the uncollateralized overnight call rate to remain at around 0.75 percent; From 27 Jan 2025 to 21 Dec 2025: the BOJ encourages the uncollateralized overnight call rate to remain at around 0.50 percent; From 1 Aug 2024 to 26 Jan 2025: the BOJ encouraged the UOCR to remain at around 0.25% ; From 21 Mar 2024 to 31 July: the BOJ encouraged the UOCR to remain at around 0 to 0.1 %; from 21 Sep 2016 to 20 Mar 2024: the BOJ set the guideline for market operations which specifies a short-term policy interest rate at minus 0.1% and a target level of 10-year JGB yields at around 0%. Short-term policy interest rate; from 4 Apr 2013 to 20 Sep 2016: no policy rate; from 5 Oct 2010 to 3 Apr 2013: the BOJ encouraged the UOCR to remain at around 0 to 0.1%; from 19 Dec 2008 to 4 Oct 2010: the BOJ encouraged the UOCR to remain at around 0. %; from 31 Oct 2008 to 18 Dec 2008: the BOJ encouraged the UOCR to remain at around 0.3%; before 30 Oct 2008, refer to https://data.bis.org/topics/CBPOL",4,Bank of Japan,For details see: http://www.bis.org/statistics/cbpol/cbpol_doc.pdf  ; https://www.boj.or.jp/en/mopo/mpmdeci/mpr_1998/k980909c.htm ; https://www.boj.or.jp/en/mopo/mpmdeci/mpr_1999/k990212c.htm ; https://www.boj.or.jp/en/mopo/mpmdeci/mpr_2000/k000811.htm ; https://www.boj.or.jp/en/mopo/mpmdeci/mpr_2001/k010228a.htm ; https://www.boj.or.jp/en/mopo/mpmdeci/mpr_2006/k060309.htm ; https://www.boj.or.jp/en/mopo/mpmdeci/mpr_2006/k060714.pdf ; https://www.boj.or.jp/en/mopo/mpmdeci/mpr_2007/k070221.pdf ; https://www.boj.or.jp/en/mopo/mpmdeci/mpr_2008/k081031.pdf ; https://www.boj.or.jp/en/mopo/mpmdeci/mpr_2008/k081219.pdf ; https://www.boj.or.jp/en/mopo/mpmdeci/mpr_2010/k101005.pdf ; https://www.boj.or.jp/en/mopo/mpmdeci/mpr_2016/k160921a.pdf ; https://www.boj.or.jp/en/mopo/mpmdeci/mpr_2024/k240319a.pdf ; https://www.boj.or.jp/en/mopo/mpmdeci/mpr_2024/mpr240731c.pdf ; https://www.boj.or.jp/en/mopo/mpmdeci/mpr_2025/mpr250124a.pdf ; https://www.boj.or.jp/en/mopo/mpmdeci/mpr_2025/k251219a.pdf ; https://www.boj.or.jp/en/mopo/mpmdeci/mpr_2026/k260616a.pdf ; https://www.boj.or.jp/en/mopo/mpmdeci/mpr_2026/k260918a.pdf, Central bank policy rates - Japan - Monthly - End of period,2024-09,0.25,A,F,
M,JP,368,0,,"From 24 Sep 2026: the BOJ encourages the uncollateralized overnight call rate to remain at around 1.25 percent; From 17 Jun 2026 to 23 Sep 2026: the BOJ encourages the uncollateralized overnight call rate to remain at around 1.00 percent; From 22 Dec 2025 to 16 Jun 2026: the BOJ encourages the uncollateralized overnight call rate to remain at around 0.75 percent; From 27 Jan 2025 to 21 Dec 2025: the BOJ encourages the uncollateralized overnight call rate to remain at around 0.50 percent; From 1 Aug 2024 to 26 Jan 2025: the BOJ encouraged the UOCR to remain at around 0.25% ; From 21 Mar 2024 to 31 July: the BOJ encouraged the UOCR to remain at around 0 to 0.1 %; from 21 Sep 2016 to 20 Mar 2024: the BOJ set the guideline for market operations which specifies a short-term policy interest rate at minus 0.1% and a target level of 10-year JGB yields at around 0%. Short-term policy interest rate; from 4 Apr 2013 to 20 Sep 2016: no policy rate; from 5 Oct 2010 to 3 Apr 2013: the BOJ encouraged the UOCR to remain at around 0 to 0.1%; from 19 Dec 2008 to 4 Oct 2010: the BOJ encouraged the UOCR to remain at around 0. %; from 31 Oct 2008 to 18 Dec 2008: the BOJ encouraged the UOCR to remain at around 0.3%; before 30 Oct 2008, refer to https://data.bis.org/topics/CBPOL",4,Bank of Japan,For details see: http://www.bis.org/statistics/cbpol/cbpol_doc.pdf  ; https://www.boj.or.jp/en/mopo/mpmdeci/mpr_1998/k980909c.htm ; https://www.boj.or.jp/en/mopo/mpmdeci/mpr_1999/k990212c.htm ; https://www.boj.or.jp/en/mopo/mpmdeci/mpr_2000/k000811.htm ; https://www.boj.or.jp/en/mopo/mpmdeci/mpr_2001/k010228a.htm ; https://www.boj.or.jp/en/mopo/mpmdeci/mpr_2006/k060309.htm ; https://www.boj.or.jp/en/mopo/mpmdeci/mpr_2006/k060714.pdf ; https://www.boj.or.jp/en/mopo/mpmdeci/mpr_2007/k070221.pdf ; https://www.boj.or.jp/en/mopo/mpmdeci/mpr_2008/k081031.pdf ; https://www.boj.or.jp/en/mopo/mpmdeci/mpr_2008/k081219.pdf ; https://www.boj.or.jp/en/mopo/mpmdeci/mpr_2010/k101005.pdf ; https://www.boj.or.jp/en/mopo/mpmdeci/mpr_2016/k160921a.pdf ; https://www.boj.or.jp/en/mopo/mpmdeci/mpr_2024/k240319a.pdf ; https://www.boj.or.jp/en/mopo/mpmdeci/mpr_2024/mpr240731c.pdf ; https://www.boj.or.jp/en/mopo/mpmdeci/mpr_2025/mpr250124a.pdf ; https://www.boj.or.jp/en/mopo/mpmdeci/mpr_2025/k251219a.pdf ; https://www.boj.or.jp/en/mopo/mpmdeci/mpr_2026/k260616a.pdf ; https://www.boj.or.jp/en/mopo/mpmdeci/mpr_2026/k260918a.pdf, Central bank policy rates - Japan - Monthly - End of period,2024-10,0.25,A,F,
M,JP,368,0,,"From 24 Sep 2026: the BOJ encourages the uncollateralized overnight call rate to remain at around 1.25 percent; From 17 Jun 2026 to 23 Sep 2026: the BOJ encourages the uncollateralized overnight call rate to remain at around 1.00 percent; From 22 Dec 2025 to 16 Jun 2026: the BOJ encourages the uncollateralized overnight call rate to remain at around 0.75 percent; From 27 Jan 2025 to 21 Dec 2025: the BOJ encourages the uncollateralized overnight call rate to remain at around 0.50 percent; From 1 Aug 2024 to 26 Jan 2025: the BOJ encouraged the UOCR to remain at around 0.25% ; From 21 Mar 2024 to 31 July: the BOJ encouraged the UOCR to remain at around 0 to 0.1 %; from 21 Sep 2016 to 20 Mar 2024: the BOJ set the guideline for market operations which specifies a short-term policy interest rate at minus 0.1% and a target level of 10-year JGB yields at around 0%. Short-term policy interest rate; from 4 Apr 2013 to 20 Sep 2016: no policy rate; from 5 Oct 2010 to 3 Apr 2013: the BOJ encouraged the UOCR to remain at around 0 to 0.1%; from 19 Dec 2008 to 4 Oct 2010: the BOJ encouraged the UOCR to remain at around 0. %; from 31 Oct 2008 to 18 Dec 2008: the BOJ encouraged the UOCR to remain at around 0.3%; before 30 Oct 2008, refer to https://data.bis.org/topics/CBPOL",4,Bank of Japan,For details see: http://www.bis.org/statistics/cbpol/cbpol_doc.pdf  ; https://www.boj.or.jp/en/mopo/mpmdeci/mpr_1998/k980909c.htm ; https://www.boj.or.jp/en/mopo/mpmdeci/mpr_1999/k990212c.htm ; https://www.boj.or.jp/en/mopo/mpmdeci/mpr_2000/k000811.htm ; https://www.boj.or.jp/en/mopo/mpmdeci/mpr_2001/k010228a.htm ; https://www.boj.or.jp/en/mopo/mpmdeci/mpr_2006/k060309.htm ; https://www.boj.or.jp/en/mopo/mpmdeci/mpr_2006/k060714.pdf ; https://www.boj.or.jp/en/mopo/mpmdeci/mpr_2007/k070221.pdf ; https://www.boj.or.jp/en/mopo/mpmdeci/mpr_2008/k081031.pdf ; https://www.boj.or.jp/en/mopo/mpmdeci/mpr_2008/k081219.pdf ; https://www.boj.or.jp/en/mopo/mpmdeci/mpr_2010/k101005.pdf ; https://www.boj.or.jp/en/mopo/mpmdeci/mpr_2016/k160921a.pdf ; https://www.boj.or.jp/en/mopo/mpmdeci/mpr_2024/k240319a.pdf ; https://www.boj.or.jp/en/mopo/mpmdeci/mpr_2024/mpr240731c.pdf ; https://www.boj.or.jp/en/mopo/mpmdeci/mpr_2025/mpr250124a.pdf ; https://www.boj.or.jp/en/mopo/mpmdeci/mpr_2025/k251219a.pdf ; https://www.boj.or.jp/en/mopo/mpmdeci/mpr_2026/k260616a.pdf ; https://www.boj.or.jp/en/mopo/mpmdeci/mpr_2026/k260918a.pdf, Central bank policy rates - Japan - Monthly - End of period,2024-11,0.25,A,F,
M,JP,368,0,,"From 24 Sep 2026: the BOJ encourages the uncollateralized overnight call rate to remain at around 1.25 percent; From 17 Jun 2026 to 23 Sep 2026: the BOJ encourages the uncollateralized overnight call rate to remain at around 1.00 percent; From 22 Dec 2025 to 16 Jun 2026: the BOJ encourages the uncollateralized overnight call rate to remain at around 0.75 percent; From 27 Jan 2025 to 21 Dec 2025: the BOJ encourages the uncollateralized overnight call rate to remain at around 0.50 percent; From 1 Aug 2024 to 26 Jan 2025: the BOJ encouraged the UOCR to remain at around 0.25% ; From 21 Mar 2024 to 31 July: the BOJ encouraged the UOCR to remain at around 0 to 0.1 %; from 21 Sep 2016 to 20 Mar 2024: the BOJ set the guideline for market operations which specifies a short-term policy interest rate at minus 0.1% and a target level of 10-year JGB yields at around 0%. Short-term policy interest rate; from 4 Apr 2013 to 20 Sep 2016: no policy rate; from 5 Oct 2010 to 3 Apr 2013: the BOJ encouraged the UOCR to remain at around 0 to 0.1%; from 19 Dec 2008 to 4 Oct 2010: the BOJ encouraged the UOCR to remain at around 0. %; from 31 Oct 2008 to 18 Dec 2008: the BOJ encouraged the UOCR to remain at around 0.3%; before 30 Oct 2008, refer to https://data.bis.org/topics/CBPOL",4,Bank of Japan,For details see: http://www.bis.org/statistics/cbpol/cbpol_doc.pdf  ; https://www.boj.or.jp/en/mopo/mpmdeci/mpr_1998/k980909c.htm ; https://www.boj.or.jp/en/mopo/mpmdeci/mpr_1999/k990212c.htm ; https://www.boj.or.jp/en/mopo/mpmdeci/mpr_2000/k000811.htm ; https://www.boj.or.jp/en/mopo/mpmdeci/mpr_2001/k010228a.htm ; https://www.boj.or.jp/en/mopo/mpmdeci/mpr_2006/k060309.htm ; https://www.boj.or.jp/en/mopo/mpmdeci/mpr_2006/k060714.pdf ; https://www.boj.or.jp/en/mopo/mpmdeci/mpr_2007/k070221.pdf ; https://www.boj.or.jp/en/mopo/mpmdeci/mpr_2008/k081031.pdf ; https://www.boj.or.jp/en/mopo/mpmdeci/mpr_2008/k081219.pdf ; https://www.boj.or.jp/en/mopo/mpmdeci/mpr_2010/k101005.pdf ; https://www.boj.or.jp/en/mopo/mpmdeci/mpr_2016/k160921a.pdf ; https://www.boj.or.jp/en/mopo/mpmdeci/mpr_2024/k240319a.pdf ; https://www.boj.or.jp/en/mopo/mpmdeci/mpr_2024/mpr240731c.pdf ; https://www.boj.or.jp/en/mopo/mpmdeci/mpr_2025/mpr250124a.pdf ; https://www.boj.or.jp/en/mopo/mpmdeci/mpr_2025/k251219a.pdf ; https://www.boj.or.jp/en/mopo/mpmdeci/mpr_2026/k260616a.pdf ; https://www.boj.or.jp/en/mopo/mpmdeci/mpr_2026/k260918a.pdf, Central bank policy rates - Japan - Monthly - End of period,2024-12,0.25,A,F,
M,JP,368,0,,"From 24 Sep 2026: the BOJ encourages the uncollateralized overnight call rate to remain at around 1.25 percent; From 17 Jun 2026 to 23 Sep 2026: the BOJ encourages the uncollateralized overnight call rate to remain at around 1.00 percent; From 22 Dec 2025 to 16 Jun 2026: the BOJ encourages the uncollateralized overnight call rate to remain at around 0.75 percent; From 27 Jan 2025 to 21 Dec 2025: the BOJ encourages the uncollateralized overnight call rate to remain at around 0.50 percent; From 1 Aug 2024 to 26 Jan 2025: the BOJ encouraged the UOCR to remain at around 0.25% ; From 21 Mar 2024 to 31 July: the BOJ encouraged the UOCR to remain at around 0 to 0.1 %; from 21 Sep 2016 to 20 Mar 2024: the BOJ set the guideline for market operations which specifies a short-term policy interest rate at minus 0.1% and a target level of 10-year JGB yields at around 0%. Short-term policy interest rate; from 4 Apr 2013 to 20 Sep 2016: no policy rate; from 5 Oct 2010 to 3 Apr 2013: the BOJ encouraged the UOCR to remain at around 0 to 0.1%; from 19 Dec 2008 to 4 Oct 2010: the BOJ encouraged the UOCR to remain at around 0. %; from 31 Oct 2008 to 18 Dec 2008: the BOJ encouraged the UOCR to remain at around 0.3%; before 30 Oct 2008, refer to https://data.bis.org/topics/CBPOL",4,Bank of Japan,For details see: http://www.bis.org/statistics/cbpol/cbpol_doc.pdf  ; https://www.boj.or.jp/en/mopo/mpmdeci/mpr_1998/k980909c.htm ; https://www.boj.or.jp/en/mopo/mpmdeci/mpr_1999/k990212c.htm ; https://www.boj.or.jp/en/mopo/mpmdeci/mpr_2000/k000811.htm ; https://www.boj.or.jp/en/mopo/mpmdeci/mpr_2001/k010228a.htm ; https://www.boj.or.jp/en/mopo/mpmdeci/mpr_2006/k060309.htm ; https://www.boj.or.jp/en/mopo/mpmdeci/mpr_2006/k060714.pdf ; https://www.boj.or.jp/en/mopo/mpmdeci/mpr_2007/k070221.pdf ; https://www.boj.or.jp/en/mopo/mpmdeci/mpr_2008/k081031.pdf ; https://www.boj.or.jp/en/mopo/mpmdeci/mpr_2008/k081219.pdf ; https://www.boj.or.jp/en/mopo/mpmdeci/mpr_2010/k101005.pdf ; https://www.boj.or.jp/en/mopo/mpmdeci/mpr_2016/k160921a.pdf ; https://www.boj.or.jp/en/mopo/mpmdeci/mpr_2024/k240319a.pdf ; https://www.boj.or.jp/en/mopo/mpmdeci/mpr_2024/mpr240731c.pdf ; https://www.boj.or.jp/en/mopo/mpmdeci/mpr_2025/mpr250124a.pdf ; https://www.boj.or.jp/en/mopo/mpmdeci/mpr_2025/k251219a.pdf ; https://www.boj.or.jp/en/mopo/mpmdeci/mpr_2026/k260616a.pdf ; https://www.boj.or.jp/en/mopo/mpmdeci/mpr_2026/k260918a.pdf, Central bank policy rates - Japan - Monthly - End of period,2025-01,0.5,A,F,
M,JP,368,0,,"From 24 Sep 2026: the BOJ encourages the uncollateralized overnight call rate to remain at around 1.25 percent; From 17 Jun 2026 to 23 Sep 2026: the BOJ encourages the uncollateralized overnight call rate to remain at around 1.00 percent; From 22 Dec 2025 to 16 Jun 2026: the BOJ encourages the uncollateralized overnight call rate to remain at around 0.75 percent; From 27 Jan 2025 to 21 Dec 2025: the BOJ encourages the uncollateralized overnight call rate to remain at around 0.50 percent; From 1 Aug 2024 to 26 Jan 2025: the BOJ encouraged the UOCR to remain at around 0.25% ; From 21 Mar 2024 to 31 July: the BOJ encouraged the UOCR to remain at around 0 to 0.1 %; from 21 Sep 2016 to 20 Mar 2024: the BOJ set the guideline for market operations which specifies a short-term policy interest rate at minus 0.1% and a target level of 10-year JGB yields at around 0%. Short-term policy interest rate; from 4 Apr 2013 to 20 Sep 2016: no policy rate; from 5 Oct 2010 to 3 Apr 2013: the BOJ encouraged the UOCR to remain at around 0 to 0.1%; from 19 Dec 2008 to 4 Oct 2010: the BOJ encouraged the UOCR to remain at around 0. %; from 31 Oct 2008 to 18 Dec 2008: the BOJ encouraged the UOCR to remain at around 0.3%; before 30 Oct 2008, refer to https://data.bis.org/topics/CBPOL",4,Bank of Japan,For details see: http://www.bis.org/statistics/cbpol/cbpol_doc.pdf  ; https://www.boj.or.jp/en/mopo/mpmdeci/mpr_1998/k980909c.htm ; https://www.boj.or.jp/en/mopo/mpmdeci/mpr_1999/k990212c.htm ; https://www.boj.or.jp/en/mopo/mpmdeci/mpr_2000/k000811.htm ; https://www.boj.or.jp/en/mopo/mpmdeci/mpr_2001/k010228a.htm ; https://www.boj.or.jp/en/mopo/mpmdeci/mpr_2006/k060309.htm ; https://www.boj.or.jp/en/mopo/mpmdeci/mpr_2006/k060714.pdf ; https://www.boj.or.jp/en/mopo/mpmdeci/mpr_2007/k070221.pdf ; https://www.boj.or.jp/en/mopo/mpmdeci/mpr_2008/k081031.pdf ; https://www.boj.or.jp/en/mopo/mpmdeci/mpr_2008/k081219.pdf ; https://www.boj.or.jp/en/mopo/mpmdeci/mpr_2010/k101005.pdf ; https://www.boj.or.jp/en/mopo/mpmdeci/mpr_2016/k160921a.pdf ; https://www.boj.or.jp/en/mopo/mpmdeci/mpr_2024/k240319a.pdf ; https://www.boj.or.jp/en/mopo/mpmdeci/mpr_2024/mpr240731c.pdf ; https://www.boj.or.jp/en/mopo/mpmdeci/mpr_2025/mpr250124a.pdf ; https://www.boj.or.jp/en/mopo/mpmdeci/mpr_2025/k251219a.pdf ; https://www.boj.or.jp/en/mopo/mpmdeci/mpr_2026/k260616a.pdf ; https://www.boj.or.jp/en/mopo/mpmdeci/mpr_2026/k260918a.pdf, Central bank policy rates - Japan - Monthly - End of period,2025-02,0.5,A,F,
M,JP,368,0,,"From 24 Sep 2026: the BOJ encourages the uncollateralized overnight call rate to remain at around 1.25 percent; From 17 Jun 2026 to 23 Sep 2026: the BOJ encourages the uncollateralized overnight call rate to remain at around 1.00 percent; From 22 Dec 2025 to 16 Jun 2026: the BOJ encourages the uncollateralized overnight call rate to remain at around 0.75 percent; From 27 Jan 2025 to 21 Dec 2025: the BOJ encourages the uncollateralized overnight call rate to remain at around 0.50 percent; From 1 Aug 2024 to 26 Jan 2025: the BOJ encouraged the UOCR to remain at around 0.25% ; From 21 Mar 2024 to 31 July: the BOJ encouraged the UOCR to remain at around 0 to 0.1 %; from 21 Sep 2016 to 20 Mar 2024: the BOJ set the guideline for market operations which specifies a short-term policy interest rate at minus 0.1% and a target level of 10-year JGB yields at around 0%. Short-term policy interest rate; from 4 Apr 2013 to 20 Sep 2016: no policy rate; from 5 Oct 2010 to 3 Apr 2013: the BOJ encouraged the UOCR to remain at around 0 to 0.1%; from 19 Dec 2008 to 4 Oct 2010: the BOJ encouraged the UOCR to remain at around 0. %; from 31 Oct 2008 to 18 Dec 2008: the BOJ encouraged the UOCR to remain at around 0.3%; before 30 Oct 2008, refer to https://data.bis.org/topics/CBPOL",4,Bank of Japan,For details see: http://www.bis.org/statistics/cbpol/cbpol_doc.pdf  ; https://www.boj.or.jp/en/mopo/mpmdeci/mpr_1998/k980909c.htm ; https://www.boj.or.jp/en/mopo/mpmdeci/mpr_1999/k990212c.htm ; https://www.boj.or.jp/en/mopo/mpmdeci/mpr_2000/k000811.htm ; https://www.boj.or.jp/en/mopo/mpmdeci/mpr_2001/k010228a.htm ; https://www.boj.or.jp/en/mopo/mpmdeci/mpr_2006/k060309.htm ; https://www.boj.or.jp/en/mopo/mpmdeci/mpr_2006/k060714.pdf ; https://www.boj.or.jp/en/mopo/mpmdeci/mpr_2007/k070221.pdf ; https://www.boj.or.jp/en/mopo/mpmdeci/mpr_2008/k081031.pdf ; https://www.boj.or.jp/en/mopo/mpmdeci/mpr_2008/k081219.pdf ; https://www.boj.or.jp/en/mopo/mpmdeci/mpr_2010/k101005.pdf ; https://www.boj.or.jp/en/mopo/mpmdeci/mpr_2016/k160921a.pdf ; https://www.boj.or.jp/en/mopo/mpmdeci/mpr_2024/k240319a.pdf ; https://www.boj.or.jp/en/mopo/mpmdeci/mpr_2024/mpr240731c.pdf ; https://www.boj.or.jp/en/mopo/mpmdeci/mpr_2025/mpr250124a.pdf ; https://www.boj.or.jp/en/mopo/mpmdeci/mpr_2025/k251219a.pdf ; https://www.boj.or.jp/en/mopo/mpmdeci/mpr_2026/k260616a.pdf ; https://www.boj.or.jp/en/mopo/mpmdeci/mpr_2026/k260918a.pdf, Central bank policy rates - Japan - Monthly - End of period,2025-03,0.5,A,F,
M,JP,368,0,,"From 24 Sep 2026: the BOJ encourages the uncollateralized overnight call rate to remain at around 1.25 percent; From 17 Jun 2026 to 23 Sep 2026: the BOJ encourages the uncollateralized overnight call rate to remain at around 1.00 percent; From 22 Dec 2025 to 16 Jun 2026: the BOJ encourages the uncollateralized overnight call rate to remain at around 0.75 percent; From 27 Jan 2025 to 21 Dec 2025: the BOJ encourages the uncollateralized overnight call rate to remain at around 0.50 percent; From 1 Aug 2024 to 26 Jan 2025: the BOJ encouraged the UOCR to remain at around 0.25% ; From 21 Mar 2024 to 31 July: the BOJ encouraged the UOCR to remain at around 0 to 0.1 %; from 21 Sep 2016 to 20 Mar 2024: the BOJ set the guideline for market operations which specifies a short-term policy interest rate at minus 0.1% and a target level of 10-year JGB yields at around 0%. Short-term policy interest rate; from 4 Apr 2013 to 20 Sep 2016: no policy rate; from 5 Oct 2010 to 3 Apr 2013: the BOJ encouraged the UOCR to remain at around 0 to 0.1%; from 19 Dec 2008 to 4 Oct 2010: the BOJ encouraged the UOCR to remain at around 0. %; from 31 Oct 2008 to 18 Dec 2008: the BOJ encouraged the UOCR to remain at around 0.3%; before 30 Oct 2008, refer to https://data.bis.org/topics/CBPOL",4,Bank of Japan,For details see: http://www.bis.org/statistics/cbpol/cbpol_doc.pdf  ; https://www.boj.or.jp/en/mopo/mpmdeci/mpr_1998/k980909c.htm ; https://www.boj.or.jp/en/mopo/mpmdeci/mpr_1999/k990212c.htm ; https://www.boj.or.jp/en/mopo/mpmdeci/mpr_2000/k000811.htm ; https://www.boj.or.jp/en/mopo/mpmdeci/mpr_2001/k010228a.htm ; https://www.boj.or.jp/en/mopo/mpmdeci/mpr_2006/k060309.htm ; https://www.boj.or.jp/en/mopo/mpmdeci/mpr_2006/k060714.pdf ; https://www.boj.or.jp/en/mopo/mpmdeci/mpr_2007/k070221.pdf ; https://www.boj.or.jp/en/mopo/mpmdeci/mpr_2008/k081031.pdf ; https://www.boj.or.jp/en/mopo/mpmdeci/mpr_2008/k081219.pdf ; https://www.boj.or.jp/en/mopo/mpmdeci/mpr_2010/k101005.pdf ; https://www.boj.or.jp/en/mopo/mpmdeci/mpr_2016/k160921a.pdf ; https://www.boj.or.jp/en/mopo/mpmdeci/mpr_2024/k240319a.pdf ; https://www.boj.or.jp/en/mopo/mpmdeci/mpr_2024/mpr240731c.pdf ; https://www.boj.or.jp/en/mopo/mpmdeci/mpr_2025/mpr250124a.pdf ; https://www.boj.or.jp/en/mopo/mpmdeci/mpr_2025/k251219a.pdf ; https://www.boj.or.jp/en/mopo/mpmdeci/mpr_2026/k260616a.pdf ; https://www.boj.or.jp/en/mopo/mpmdeci/mpr_2026/k260918a.pdf, Central bank policy rates - Japan - Monthly - End of period,2025-04,0.5,A,F,
M,JP,368,0,,"From 24 Sep 2026: the BOJ encourages the uncollateralized overnight call rate to remain at around 1.25 percent; From 17 Jun 2026 to 23 Sep 2026: the BOJ encourages the uncollateralized overnight call rate to remain at around 1.00 percent; From 22 Dec 2025 to 16 Jun 2026: the BOJ encourages the uncollateralized overnight call rate to remain at around 0.75 percent; From 27 Jan 2025 to 21 Dec 2025: the BOJ encourages the uncollateralized overnight call rate to remain at around 0.50 percent; From 1 Aug 2024 to 26 Jan 2025: the BOJ encouraged the UOCR to remain at around 0.25% ; From 21 Mar 2024 to 31 July: the BOJ encouraged the UOCR to remain at around 0 to 0.1 %; from 21 Sep 2016 to 20 Mar 2024: the BOJ set the guideline for market operations which specifies a short-term policy interest rate at minus 0.1% and a target level of 10-year JGB yields at around 0%. Short-term policy interest rate; from 4 Apr 2013 to 20 Sep 2016: no policy rate; from 5 Oct 2010 to 3 Apr 2013: the BOJ encouraged the UOCR to remain at around 0 to 0.1%; from 19 Dec 2008 to 4 Oct 2010: the BOJ encouraged the UOCR to remain at around 0. %; from 31 Oct 2008 to 18 Dec 2008: the BOJ encouraged the UOCR to remain at around 0.3%; before 30 Oct 2008, refer to https://data.bis.org/topics/CBPOL",4,Bank of Japan,For details see: http://www.bis.org/statistics/cbpol/cbpol_doc.pdf  ; https://www.boj.or.jp/en/mopo/mpmdeci/mpr_1998/k980909c.htm ; https://www.boj.or.jp/en/mopo/mpmdeci/mpr_1999/k990212c.htm ; https://www.boj.or.jp/en/mopo/mpmdeci/mpr_2000/k000811.htm ; https://www.boj.or.jp/en/mopo/mpmdeci/mpr_2001/k010228a.htm ; https://www.boj.or.jp/en/mopo/mpmdeci/mpr_2006/k060309.htm ; https://www.boj.or.jp/en/mopo/mpmdeci/mpr_2006/k060714.pdf ; https://www.boj.or.jp/en/mopo/mpmdeci/mpr_2007/k070221.pdf ; https://www.boj.or.jp/en/mopo/mpmdeci/mpr_2008/k081031.pdf ; https://www.boj.or.jp/en/mopo/mpmdeci/mpr_2008/k081219.pdf ; https://www.boj.or.jp/en/mopo/mpmdeci/mpr_2010/k101005.pdf ; https://www.boj.or.jp/en/mopo/mpmdeci/mpr_2016/k160921a.pdf ; https://www.boj.or.jp/en/mopo/mpmdeci/mpr_2024/k240319a.pdf ; https://www.boj.or.jp/en/mopo/mpmdeci/mpr_2024/mpr240731c.pdf ; https://www.boj.or.jp/en/mopo/mpmdeci/mpr_2025/mpr250124a.pdf ; https://www.boj.or.jp/en/mopo/mpmdeci/mpr_2025/k251219a.pdf ; https://www.boj.or.jp/en/mopo/mpmdeci/mpr_2026/k260616a.pdf ; https://www.boj.or.jp/en/mopo/mpmdeci/mpr_2026/k260918a.pdf, Central bank policy rates - Japan - Monthly - End of period,2025-05,0.5,A,F,
M,JP,368,0,,"From 24 Sep 2026: the BOJ encourages the uncollateralized overnight call rate to remain at around 1.25 percent; From 17 Jun 2026 to 23 Sep 2026: the BOJ encourages the uncollateralized overnight call rate to remain at around 1.00 percent; From 22 Dec 2025 to 16 Jun 2026: the BOJ encourages the uncollateralized overnight call rate to remain at around 0.75 percent; From 27 Jan 2025 to 21 Dec 2025: the BOJ encourages the uncollateralized overnight call rate to remain at around 0.50 percent; From 1 Aug 2024 to 26 Jan 2025: the BOJ encouraged the UOCR to remain at around 0.25% ; From 21 Mar 2024 to 31 July: the BOJ encouraged the UOCR to remain at around 0 to 0.1 %; from 21 Sep 2016 to 20 Mar 2024: the BOJ set the guideline for market operations which specifies a short-term policy interest rate at minus 0.1% and a target level of 10-year JGB yields at around 0%. Short-term policy interest rate; from 4 Apr 2013 to 20 Sep 2016: no policy rate; from 5 Oct 2010 to 3 Apr 2013: the BOJ encouraged the UOCR to remain at around 0 to 0.1%; from 19 Dec 2008 to 4 Oct 2010: the BOJ encouraged the UOCR to remain at around 0. %; from 31 Oct 2008 to 18 Dec 2008: the BOJ encouraged the UOCR to remain at around 0.3%; before 30 Oct 2008, refer to https://data.bis.org/topics/CBPOL",4,Bank of Japan,For details see: http://www.bis.org/statistics/cbpol/cbpol_doc.pdf  ; https://www.boj.or.jp/en/mopo/mpmdeci/mpr_1998/k980909c.htm ; https://www.boj.or.jp/en/mopo/mpmdeci/mpr_1999/k990212c.htm ; https://www.boj.or.jp/en/mopo/mpmdeci/mpr_2000/k000811.htm ; https://www.boj.or.jp/en/mopo/mpmdeci/mpr_2001/k010228a.htm ; https://www.boj.or.jp/en/mopo/mpmdeci/mpr_2006/k060309.htm ; https://www.boj.or.jp/en/mopo/mpmdeci/mpr_2006/k060714.pdf ; https://www.boj.or.jp/en/mopo/mpmdeci/mpr_2007/k070221.pdf ; https://www.boj.or.jp/en/mopo/mpmdeci/mpr_2008/k081031.pdf ; https://www.boj.or.jp/en/mopo/mpmdeci/mpr_2008/k081219.pdf ; https://www.boj.or.jp/en/mopo/mpmdeci/mpr_2010/k101005.pdf ; https://www.boj.or.jp/en/mopo/mpmdeci/mpr_2016/k160921a.pdf ; https://www.boj.or.jp/en/mopo/mpmdeci/mpr_2024/k240319a.pdf ; https://www.boj.or.jp/en/mopo/mpmdeci/mpr_2024/mpr240731c.pdf ; https://www.boj.or.jp/en/mopo/mpmdeci/mpr_2025/mpr250124a.pdf ; https://www.boj.or.jp/en/mopo/mpmdeci/mpr_2025/k251219a.pdf ; https://www.boj.or.jp/en/mopo/mpmdeci/mpr_2026/k260616a.pdf ; https://www.boj.or.jp/en/mopo/mpmdeci/mpr_2026/k260918a.pdf, Central bank policy rates - Japan - Monthly - End of period,2025-06,0.5,A,F,
M,JP,368,0,,"From 24 Sep 2026: the BOJ encourages the uncollateralized overnight call rate to remain at around 1.25 percent; From 17 Jun 2026 to 23 Sep 2026: the BOJ encourages the uncollateralized overnight call rate to remain at around 1.00 percent; From 22 Dec 2025 to 16 Jun 2026: the BOJ encourages the uncollateralized overnight call rate to remain at around 0.75 percent; From 27 Jan 2025 to 21 Dec 2025: the BOJ encourages the uncollateralized overnight call rate to remain at around 0.50 percent; From 1 Aug 2024 to 26 Jan 2025: the BOJ encouraged the UOCR to remain at around 0.25% ; From 21 Mar 2024 to 31 July: the BOJ encouraged the UOCR to remain at around 0 to 0.1 %; from 21 Sep 2016 to 20 Mar 2024: the BOJ set the guideline for market operations which specifies a short-term policy interest rate at minus 0.1% and a target level of 10-year JGB yields at around 0%. Short-term policy interest rate; from 4 Apr 2013 to 20 Sep 2016: no policy rate; from 5 Oct 2010 to 3 Apr 2013: the BOJ encouraged the UOCR to remain at around 0 to 0.1%; from 19 Dec 2008 to 4 Oct 2010: the BOJ encouraged the UOCR to remain at around 0. %; from 31 Oct 2008 to 18 Dec 2008: the BOJ encouraged the UOCR to remain at around 0.3%; before 30 Oct 2008, refer to https://data.bis.org/topics/CBPOL",4,Bank of Japan,For details see: http://www.bis.org/statistics/cbpol/cbpol_doc.pdf  ; https://www.boj.or.jp/en/mopo/mpmdeci/mpr_1998/k980909c.htm ; https://www.boj.or.jp/en/mopo/mpmdeci/mpr_1999/k990212c.htm ; https://www.boj.or.jp/en/mopo/mpmdeci/mpr_2000/k000811.htm ; https://www.boj.or.jp/en/mopo/mpmdeci/mpr_2001/k010228a.htm ; https://www.boj.or.jp/en/mopo/mpmdeci/mpr_2006/k060309.htm ; https://www.boj.or.jp/en/mopo/mpmdeci/mpr_2006/k060714.pdf ; https://www.boj.or.jp/en/mopo/mpmdeci/mpr_2007/k070221.pdf ; https://www.boj.or.jp/en/mopo/mpmdeci/mpr_2008/k081031.pdf ; https://www.boj.or.jp/en/mopo/mpmdeci/mpr_2008/k081219.pdf ; https://www.boj.or.jp/en/mopo/mpmdeci/mpr_2010/k101005.pdf ; https://www.boj.or.jp/en/mopo/mpmdeci/mpr_2016/k160921a.pdf ; https://www.boj.or.jp/en/mopo/mpmdeci/mpr_2024/k240319a.pdf ; https://www.boj.or.jp/en/mopo/mpmdeci/mpr_2024/mpr240731c.pdf ; https://www.boj.or.jp/en/mopo/mpmdeci/mpr_2025/mpr250124a.pdf ; https://www.boj.or.jp/en/mopo/mpmdeci/mpr_2025/k251219a.pdf ; https://www.boj.or.jp/en/mopo/mpmdeci/mpr_2026/k260616a.pdf ; https://www.boj.or.jp/en/mopo/mpmdeci/mpr_2026/k260918a.pdf, Central bank policy rates - Japan - Monthly - End of period,2025-07,0.5,A,F,
M,JP,368,0,,"From 24 Sep 2026: the BOJ encourages the uncollateralized overnight call rate to remain at around 1.25 percent; From 17 Jun 2026 to 23 Sep 2026: the BOJ encourages the uncollateralized overnight call rate to remain at around 1.00 percent; From 22 Dec 2025 to 16 Jun 2026: the BOJ encourages the uncollateralized overnight call rate to remain at around 0.75 percent; From 27 Jan 2025 to 21 Dec 2025: the BOJ encourages the uncollateralized overnight call rate to remain at around 0.50 percent; From 1 Aug 2024 to 26 Jan 2025: the BOJ encouraged the UOCR to remain at around 0.25% ; From 21 Mar 2024 to 31 July: the BOJ encouraged the UOCR to remain at around 0 to 0.1 %; from 21 Sep 2016 to 20 Mar 2024: the BOJ set the guideline for market operations which specifies a short-term policy interest rate at minus 0.1% and a target level of 10-year JGB yields at around 0%. Short-term policy interest rate; from 4 Apr 2013 to 20 Sep 2016: no policy rate; from 5 Oct 2010 to 3 Apr 2013: the BOJ encouraged the UOCR to remain at around 0 to 0.1%; from 19 Dec 2008 to 4 Oct 2010: the BOJ encouraged the UOCR to remain at around 0. %; from 31 Oct 2008 to 18 Dec 2008: the BOJ encouraged the UOCR to remain at around 0.3%; before 30 Oct 2008, refer to https://data.bis.org/topics/CBPOL",4,Bank of Japan,For details see: http://www.bis.org/statistics/cbpol/cbpol_doc.pdf  ; https://www.boj.or.jp/en/mopo/mpmdeci/mpr_1998/k980909c.htm ; https://www.boj.or.jp/en/mopo/mpmdeci/mpr_1999/k990212c.htm ; https://www.boj.or.jp/en/mopo/mpmdeci/mpr_2000/k000811.htm ; https://www.boj.or.jp/en/mopo/mpmdeci/mpr_2001/k010228a.htm ; https://www.boj.or.jp/en/mopo/mpmdeci/mpr_2006/k060309.htm ; https://www.boj.or.jp/en/mopo/mpmdeci/mpr_2006/k060714.pdf ; https://www.boj.or.jp/en/mopo/mpmdeci/mpr_2007/k070221.pdf ; https://www.boj.or.jp/en/mopo/mpmdeci/mpr_2008/k081031.pdf ; https://www.boj.or.jp/en/mopo/mpmdeci/mpr_2008/k081219.pdf ; https://www.boj.or.jp/en/mopo/mpmdeci/mpr_2010/k101005.pdf ; https://www.boj.or.jp/en/mopo/mpmdeci/mpr_2016/k160921a.pdf ; https://www.boj.or.jp/en/mopo/mpmdeci/mpr_2024/k240319a.pdf ; https://www.boj.or.jp/en/mopo/mpmdeci/mpr_2024/mpr240731c.pdf ; https://www.boj.or.jp/en/mopo/mpmdeci/mpr_2025/mpr250124a.pdf ; https://www.boj.or.jp/en/mopo/mpmdeci/mpr_2025/k251219a.pdf ; https://www.boj.or.jp/en/mopo/mpmdeci/mpr_2026/k260616a.pdf ; https://www.boj.or.jp/en/mopo/mpmdeci/mpr_2026/k260918a.pdf, Central bank policy rates - Japan - Monthly - End of period,2025-08,0.5,A,F,
M,JP,368,0,,"From 24 Sep 2026: the BOJ encourages the uncollateralized overnight call rate to remain at around 1.25 percent; From 17 Jun 2026 to 23 Sep 2026: the BOJ encourages the uncollateralized overnight call rate to remain at around 1.00 percent; From 22 Dec 2025 to 16 Jun 2026: the BOJ encourages the uncollateralized overnight call rate to remain at around 0.75 percent; From 27 Jan 2025 to 21 Dec 2025: the BOJ encourages the uncollateralized overnight call rate to remain at around 0.50 percent; From 1 Aug 2024 to 26 Jan 2025: the BOJ encouraged the UOCR to remain at around 0.25% ; From 21 Mar 2024 to 31 July: the BOJ encouraged the UOCR to remain at around 0 to 0.1 %; from 21 Sep 2016 to 20 Mar 2024: the BOJ set the guideline for market operations which specifies a short-term policy interest rate at minus 0.1% and a target level of 10-year JGB yields at around 0%. Short-term policy interest rate; from 4 Apr 2013 to 20 Sep 2016: no policy rate; from 5 Oct 2010 to 3 Apr 2013: the BOJ encouraged the UOCR to remain at around 0 to 0.1%; from 19 Dec 2008 to 4 Oct 2010: the BOJ encouraged the UOCR to remain at around 0. %; from 31 Oct 2008 to 18 Dec 2008: the BOJ encouraged the UOCR to remain at around 0.3%; before 30 Oct 2008, refer to https://data.bis.org/topics/CBPOL",4,Bank of Japan,For details see: http://www.bis.org/statistics/cbpol/cbpol_doc.pdf  ; https://www.boj.or.jp/en/mopo/mpmdeci/mpr_1998/k980909c.htm ; https://www.boj.or.jp/en/mopo/mpmdeci/mpr_1999/k990212c.htm ; https://www.boj.or.jp/en/mopo/mpmdeci/mpr_2000/k000811.htm ; https://www.boj.or.jp/en/mopo/mpmdeci/mpr_2001/k010228a.htm ; https://www.boj.or.jp/en/mopo/mpmdeci/mpr_2006/k060309.htm ; https://www.boj.or.jp/en/mopo/mpmdeci/mpr_2006/k060714.pdf ; https://www.boj.or.jp/en/mopo/mpmdeci/mpr_2007/k070221.pdf ; https://www.boj.or.jp/en/mopo/mpmdeci/mpr_2008/k081031.pdf ; https://www.boj.or.jp/en/mopo/mpmdeci/mpr_2008/k081219.pdf ; https://www.boj.or.jp/en/mopo/mpmdeci/mpr_2010/k101005.pdf ; https://www.boj.or.jp/en/mopo/mpmdeci/mpr_2016/k160921a.pdf ; https://www.boj.or.jp/en/mopo/mpmdeci/mpr_2024/k240319a.pdf ; https://www.boj.or.jp/en/mopo/mpmdeci/mpr_2024/mpr240731c.pdf ; https://www.boj.or.jp/en/mopo/mpmdeci/mpr_2025/mpr250124a.pdf ; https://www.boj.or.jp/en/mopo/mpmdeci/mpr_2025/k251219a.pdf ; https://www.boj.or.jp/en/mopo/mpmdeci/mpr_2026/k260616a.pdf ; https://www.boj.or.jp/en/mopo/mpmdeci/mpr_2026/k260918a.pdf, Central bank policy rates - Japan - Monthly - End of period,2025-09,0.5,A,F,
M,JP,368,0,,"From 24 Sep 2026: the BOJ encourages the uncollateralized overnight call rate to remain at around 1.25 percent; From 17 Jun 2026 to 23 Sep 2026: the BOJ encourages the uncollateralized overnight call rate to remain at around 1.00 percent; From 22 Dec 2025 to 16 Jun 2026: the BOJ encourages the uncollateralized overnight call rate to remain at around 0.75 percent; From 27 Jan 2025 to 21 Dec 2025: the BOJ encourages the uncollateralized overnight call rate to remain at around 0.50 percent; From 1 Aug 2024 to 26 Jan 2025: the BOJ encouraged the UOCR to remain at around 0.25% ; From 21 Mar 2024 to 31 July: the BOJ encouraged the UOCR to remain at around 0 to 0.1 %; from 21 Sep 2016 to 20 Mar 2024: the BOJ set the guideline for market operations which specifies a short-term policy interest rate at minus 0.1% and a target level of 10-year JGB yields at around 0%. Short-term policy interest rate; from 4 Apr 2013 to 20 Sep 2016: no policy rate; from 5 Oct 2010 to 3 Apr 2013: the BOJ encouraged the UOCR to remain at around 0 to 0.1%; from 19 Dec 2008 to 4 Oct 2010: the BOJ encouraged the UOCR to remain at around 0. %; from 31 Oct 2008 to 18 Dec 2008: the BOJ encouraged the UOCR to remain at around 0.3%; before 30 Oct 2008, refer to https://data.bis.org/topics/CBPOL",4,Bank of Japan,For details see: http://www.bis.org/statistics/cbpol/cbpol_doc.pdf  ; https://www.boj.or.jp/en/mopo/mpmdeci/mpr_1998/k980909c.htm ; https://www.boj.or.jp/en/mopo/mpmdeci/mpr_1999/k990212c.htm ; https://www.boj.or.jp/en/mopo/mpmdeci/mpr_2000/k000811.htm ; https://www.boj.or.jp/en/mopo/mpmdeci/mpr_2001/k010228a.htm ; https://www.boj.or.jp/en/mopo/mpmdeci/mpr_2006/k060309.htm ; https://www.boj.or.jp/en/mopo/mpmdeci/mpr_2006/k060714.pdf ; https://www.boj.or.jp/en/mopo/mpmdeci/mpr_2007/k070221.pdf ; https://www.boj.or.jp/en/mopo/mpmdeci/mpr_2008/k081031.pdf ; https://www.boj.or.jp/en/mopo/mpmdeci/mpr_2008/k081219.pdf ; https://www.boj.or.jp/en/mopo/mpmdeci/mpr_2010/k101005.pdf ; https://www.boj.or.jp/en/mopo/mpmdeci/mpr_2016/k160921a.pdf ; https://www.boj.or.jp/en/mopo/mpmdeci/mpr_2024/k240319a.pdf ; https://www.boj.or.jp/en/mopo/mpmdeci/mpr_2024/mpr240731c.pdf ; https://www.boj.or.jp/en/mopo/mpmdeci/mpr_2025/mpr250124a.pdf ; https://www.boj.or.jp/en/mopo/mpmdeci/mpr_2025/k251219a.pdf ; https://www.boj.or.jp/en/mopo/mpmdeci/mpr_2026/k260616a.pdf ; https://www.boj.or.jp/en/mopo/mpmdeci/mpr_2026/k260918a.pdf, Central bank policy rates - Japan - Monthly - End of period,2025-10,0.5,A,F,
M,JP,368,0,,"From 24 Sep 2026: the BOJ encourages the uncollateralized overnight call rate to remain at around 1.25 percent; From 17 Jun 2026 to 23 Sep 2026: the BOJ encourages the uncollateralized overnight call rate to remain at around 1.00 percent; From 22 Dec 2025 to 16 Jun 2026: the BOJ encourages the uncollateralized overnight call rate to remain at around 0.75 percent; From 27 Jan 2025 to 21 Dec 2025: the BOJ encourages the uncollateralized overnight call rate to remain at around 0.50 percent; From 1 Aug 2024 to 26 Jan 2025: the BOJ encouraged the UOCR to remain at around 0.25% ; From 21 Mar 2024 to 31 July: the BOJ encouraged the UOCR to remain at around 0 to 0.1 %; from 21 Sep 2016 to 20 Mar 2024: the BOJ set the guideline for market operations which specifies a short-term policy interest rate at minus 0.1% and a target level of 10-year JGB yields at around 0%. Short-term policy interest rate; from 4 Apr 2013 to 20 Sep 2016: no policy rate; from 5 Oct 2010 to 3 Apr 2013: the BOJ encouraged the UOCR to remain at around 0 to 0.1%; from 19 Dec 2008 to 4 Oct 2010: the BOJ encouraged the UOCR to remain at around 0. %; from 31 Oct 2008 to 18 Dec 2008: the BOJ encouraged the UOCR to remain at around 0.3%; before 30 Oct 2008, refer to https://data.bis.org/topics/CBPOL",4,Bank of Japan,For details see: http://www.bis.org/statistics/cbpol/cbpol_doc.pdf  ; https://www.boj.or.jp/en/mopo/mpmdeci/mpr_1998/k980909c.htm ; https://www.boj.or.jp/en/mopo/mpmdeci/mpr_1999/k990212c.htm ; https://www.boj.or.jp/en/mopo/mpmdeci/mpr_2000/k000811.htm ; https://www.boj.or.jp/en/mopo/mpmdeci/mpr_2001/k010228a.htm ; https://www.boj.or.jp/en/mopo/mpmdeci/mpr_2006/k060309.htm ; https://www.boj.or.jp/en/mopo/mpmdeci/mpr_2006/k060714.pdf ; https://www.boj.or.jp/en/mopo/mpmdeci/mpr_2007/k070221.pdf ; https://www.boj.or.jp/en/mopo/mpmdeci/mpr_2008/k081031.pdf ; https://www.boj.or.jp/en/mopo/mpmdeci/mpr_2008/k081219.pdf ; https://www.boj.or.jp/en/mopo/mpmdeci/mpr_2010/k101005.pdf ; https://www.boj.or.jp/en/mopo/mpmdeci/mpr_2016/k160921a.pdf ; https://www.boj.or.jp/en/mopo/mpmdeci/mpr_2024/k240319a.pdf ; https://www.boj.or.jp/en/mopo/mpmdeci/mpr_2024/mpr240731c.pdf ; https://www.boj.or.jp/en/mopo/mpmdeci/mpr_2025/mpr250124a.pdf ; https://www.boj.or.jp/en/mopo/mpmdeci/mpr_2025/k251219a.pdf ; https://www.boj.or.jp/en/mopo/mpmdeci/mpr_2026/k260616a.pdf ; https://www.boj.or.jp/en/mopo/mpmdeci/mpr_2026/k260918a.pdf, Central bank policy rates - Japan - Monthly - End of period,2025-11,0.5,A,F,
M,JP,368,0,,"From 24 Sep 2026: the BOJ encourages the uncollateralized overnight call rate to remain at around 1.25 percent; From 17 Jun 2026 to 23 Sep 2026: the BOJ encourages the uncollateralized overnight call rate to remain at around 1.00 percent; From 22 Dec 2025 to 16 Jun 2026: the BOJ encourages the uncollateralized overnight call rate to remain at around 0.75 percent; From 27 Jan 2025 to 21 Dec 2025: the BOJ encourages the uncollateralized overnight call rate to remain at around 0.50 percent; From 1 Aug 2024 to 26 Jan 2025: the BOJ encouraged the UOCR to remain at around 0.25% ; From 21 Mar 2024 to 31 July: the BOJ encouraged the UOCR to remain at around 0 to 0.1 %; from 21 Sep 2016 to 20 Mar 2024: the BOJ set the guideline for market operations which specifies a short-term policy interest rate at minus 0.1% and a target level of 10-year JGB yields at around 0%. Short-term policy interest rate; from 4 Apr 2013 to 20 Sep 2016: no policy rate; from 5 Oct 2010 to 3 Apr 2013: the BOJ encouraged the UOCR to remain at around 0 to 0.1%; from 19 Dec 2008 to 4 Oct 2010: the BOJ encouraged the UOCR to remain at around 0. %; from 31 Oct 2008 to 18 Dec 2008: the BOJ encouraged the UOCR to remain at around 0.3%; before 30 Oct 2008, refer to https://data.bis.org/topics/CBPOL",4,Bank of Japan,For details see: http://www.bis.org/statistics/cbpol/cbpol_doc.pdf  ; https://www.boj.or.jp/en/mopo/mpmdeci/mpr_1998/k980909c.htm ; https://www.boj.or.jp/en/mopo/mpmdeci/mpr_1999/k990212c.htm ; https://www.boj.or.jp/en/mopo/mpmdeci/mpr_2000/k000811.htm ; https://www.boj.or.jp/en/mopo/mpmdeci/mpr_2001/k010228a.htm ; https://www.boj.or.jp/en/mopo/mpmdeci/mpr_2006/k060309.htm ; https://www.boj.or.jp/en/mopo/mpmdeci/mpr_2006/k060714.pdf ; https://www.boj.or.jp/en/mopo/mpmdeci/mpr_2007/k070221.pdf ; https://www.boj.or.jp/en/mopo/mpmdeci/mpr_2008/k081031.pdf ; https://www.boj.or.jp/en/mopo/mpmdeci/mpr_2008/k081219.pdf ; https://www.boj.or.jp/en/mopo/mpmdeci/mpr_2010/k101005.pdf ; https://www.boj.or.jp/en/mopo/mpmdeci/mpr_2016/k160921a.pdf ; https://www.boj.or.jp/en/mopo/mpmdeci/mpr_2024/k240319a.pdf ; https://www.boj.or.jp/en/mopo/mpmdeci/mpr_2024/mpr240731c.pdf ; https://www.boj.or.jp/en/mopo/mpmdeci/mpr_2025/mpr250124a.pdf ; https://www.boj.or.jp/en/mopo/mpmdeci/mpr_2025/k251219a.pdf ; https://www.boj.or.jp/en/mopo/mpmdeci/mpr_2026/k260616a.pdf ; https://www.boj.or.jp/en/mopo/mpmdeci/mpr_2026/k260918a.pdf, Central bank policy rates - Japan - Monthly - End of period,2025-12,0.75,A,F,
M,JP,368,0,,"From 24 Sep 2026: the BOJ encourages the uncollateralized overnight call rate to remain at around 1.25 percent; From 17 Jun 2026 to 23 Sep 2026: the BOJ encourages the uncollateralized overnight call rate to remain at around 1.00 percent; From 22 Dec 2025 to 16 Jun 2026: the BOJ encourages the uncollateralized overnight call rate to remain at around 0.75 percent; From 27 Jan 2025 to 21 Dec 2025: the BOJ encourages the uncollateralized overnight call rate to remain at around 0.50 percent; From 1 Aug 2024 to 26 Jan 2025: the BOJ encouraged the UOCR to remain at around 0.25% ; From 21 Mar 2024 to 31 July: the BOJ encouraged the UOCR to remain at around 0 to 0.1 %; from 21 Sep 2016 to 20 Mar 2024: the BOJ set the guideline for market operations which specifies a short-term policy interest rate at minus 0.1% and a target level of 10-year JGB yields at around 0%. Short-term policy interest rate; from 4 Apr 2013 to 20 Sep 2016: no policy rate; from 5 Oct 2010 to 3 Apr 2013: the BOJ encouraged the UOCR to remain at around 0 to 0.1%; from 19 Dec 2008 to 4 Oct 2010: the BOJ encouraged the UOCR to remain at around 0. %; from 31 Oct 2008 to 18 Dec 2008: the BOJ encouraged the UOCR to remain at around 0.3%; before 30 Oct 2008, refer to https://data.bis.org/topics/CBPOL",4,Bank of Japan,For details see: http://www.bis.org/statistics/cbpol/cbpol_doc.pdf  ; https://www.boj.or.jp/en/mopo/mpmdeci/mpr_1998/k980909c.htm ; https://www.boj.or.jp/en/mopo/mpmdeci/mpr_1999/k990212c.htm ; https://www.boj.or.jp/en/mopo/mpmdeci/mpr_2000/k000811.htm ; https://www.boj.or.jp/en/mopo/mpmdeci/mpr_2001/k010228a.htm ; https://www.boj.or.jp/en/mopo/mpmdeci/mpr_2006/k060309.htm ; https://www.boj.or.jp/en/mopo/mpmdeci/mpr_2006/k060714.pdf ; https://www.boj.or.jp/en/mopo/mpmdeci/mpr_2007/k070221.pdf ; https://www.boj.or.jp/en/mopo/mpmdeci/mpr_2008/k081031.pdf ; https://www.boj.or.jp/en/mopo/mpmdeci/mpr_2008/k081219.pdf ; https://www.boj.or.jp/en/mopo/mpmdeci/mpr_2010/k101005.pdf ; https://www.boj.or.jp/en/mopo/mpmdeci/mpr_2016/k160921a.pdf ; https://www.boj.or.jp/en/mopo/mpmdeci/mpr_2024/k240319a.pdf ; https://www.boj.or.jp/en/mopo/mpmdeci/mpr_2024/mpr240731c.pdf ; https://www.boj.or.jp/en/mopo/mpmdeci/mpr_2025/mpr250124a.pdf ; https://www.boj.or.jp/en/mopo/mpmdeci/mpr_2025/k251219a.pdf ; https://www.boj.or.jp/en/mopo/mpmdeci/mpr_2026/k260616a.pdf ; https://www.boj.or.jp/en/mopo/mpmdeci/mpr_2026/k260918a.pdf, Central bank policy rates - Japan - Monthly - End of period,2026-01,0.75,A,F,
M,JP,368,0,,"From 24 Sep 2026: the BOJ encourages the uncollateralized overnight call rate to remain at around 1.25 percent; From 17 Jun 2026 to 23 Sep 2026: the BOJ encourages the uncollateralized overnight call rate to remain at around 1.00 percent; From 22 Dec 2025 to 16 Jun 2026: the BOJ encourages the uncollateralized overnight call rate to remain at around 0.75 percent; From 27 Jan 2025 to 21 Dec 2025: the BOJ encourages the uncollateralized overnight call rate to remain at around 0.50 percent; From 1 Aug 2024 to 26 Jan 2025: the BOJ encouraged the UOCR to remain at around 0.25% ; From 21 Mar 2024 to 31 July: the BOJ encouraged the UOCR to remain at around 0 to 0.1 %; from 21 Sep 2016 to 20 Mar 2024: the BOJ set the guideline for market operations which specifies a short-term policy interest rate at minus 0.1% and a target level of 10-year JGB yields at around 0%. Short-term policy interest rate; from 4 Apr 2013 to 20 Sep 2016: no policy rate; from 5 Oct 2010 to 3 Apr 2013: the BOJ encouraged the UOCR to remain at around 0 to 0.1%; from 19 Dec 2008 to 4 Oct 2010: the BOJ encouraged the UOCR to remain at around 0. %; from 31 Oct 2008 to 18 Dec 2008: the BOJ encouraged the UOCR to remain at around 0.3%; before 30 Oct 2008, refer to https://data.bis.org/topics/CBPOL",4,Bank of Japan,For details see: http://www.bis.org/statistics/cbpol/cbpol_doc.pdf  ; https://www.boj.or.jp/en/mopo/mpmdeci/mpr_1998/k980909c.htm ; https://www.boj.or.jp/en/mopo/mpmdeci/mpr_1999/k990212c.htm ; https://www.boj.or.jp/en/mopo/mpmdeci/mpr_2000/k000811.htm ; https://www.boj.or.jp/en/mopo/mpmdeci/mpr_2001/k010228a.htm ; https://www.boj.or.jp/en/mopo/mpmdeci/mpr_2006/k060309.htm ; https://www.boj.or.jp/en/mopo/mpmdeci/mpr_2006/k060714.pdf ; https://www.boj.or.jp/en/mopo/mpmdeci/mpr_2007/k070221.pdf ; https://www.boj.or.jp/en/mopo/mpmdeci/mpr_2008/k081031.pdf ; https://www.boj.or.jp/en/mopo/mpmdeci/mpr_2008/k081219.pdf ; https://www.boj.or.jp/en/mopo/mpmdeci/mpr_2010/k101005.pdf ; https://www.boj.or.jp/en/mopo/mpmdeci/mpr_2016/k160921a.pdf ; https://www.boj.or.jp/en/mopo/mpmdeci/mpr_2024/k240319a.pdf ; https://www.boj.or.jp/en/mopo/mpmdeci/mpr_2024/mpr240731c.pdf ; https://www.boj.or.jp/en/mopo/mpmdeci/mpr_2025/mpr250124a.pdf ; https://www.boj.or.jp/en/mopo/mpmdeci/mpr_2025/k251219a.pdf ; https://www.boj.or.jp/en/mopo/mpmdeci/mpr_2026/k260616a.pdf ; https://www.boj.or.jp/en/mopo/mpmdeci/mpr_2026/k260918a.pdf, Central bank policy rates - Japan - Monthly - End of period,2026-02,0.75,A,F,
M,JP,368,0,,"From 24 Sep 2026: the BOJ encourages the uncollateralized overnight call rate to remain at around 1.25 percent; From 17 Jun 2026 to 23 Sep 2026: the BOJ encourages the uncollateralized overnight call rate to remain at around 1.00 percent; From 22 Dec 2025 to 16 Jun 2026: the BOJ encourages the uncollateralized overnight call rate to remain at around 0.75 percent; From 27 Jan 2025 to 21 Dec 2025: the BOJ encourages the uncollateralized overnight call rate to remain at around 0.50 percent; From 1 Aug 2024 to 26 Jan 2025: the BOJ encouraged the UOCR to remain at around 0.25% ; From 21 Mar 2024 to 31 July: the BOJ encouraged the UOCR to remain at around 0 to 0.1 %; from 21 Sep 2016 to 20 Mar 2024: the BOJ set the guideline for market operations which specifies a short-term policy interest rate at minus 0.1% and a target level of 10-year JGB yields at around 0%. Short-term policy interest rate; from 4 Apr 2013 to 20 Sep 2016: no policy rate; from 5 Oct 2010 to 3 Apr 2013: the BOJ encouraged the UOCR to remain at around 0 to 0.1%; from 19 Dec 2008 to 4 Oct 2010: the BOJ encouraged the UOCR to remain at around 0. %; from 31 Oct 2008 to 18 Dec 2008: the BOJ encouraged the UOCR to remain at around 0.3%; before 30 Oct 2008, refer to https://data.bis.org/topics/CBPOL",4,Bank of Japan,For details see: http://www.bis.org/statistics/cbpol/cbpol_doc.pdf  ; https://www.boj.or.jp/en/mopo/mpmdeci/mpr_1998/k980909c.htm ; https://www.boj.or.jp/en/mopo/mpmdeci/mpr_1999/k990212c.htm ; https://www.boj.or.jp/en/mopo/mpmdeci/mpr_2000/k000811.htm ; https://www.boj.or.jp/en/mopo/mpmdeci/mpr_2001/k010228a.htm ; https://www.boj.or.jp/en/mopo/mpmdeci/mpr_2006/k060309.htm ; https://www.boj.or.jp/en/mopo/mpmdeci/mpr_2006/k060714.pdf ; https://www.boj.or.jp/en/mopo/mpmdeci/mpr_2007/k070221.pdf ; https://www.boj.or.jp/en/mopo/mpmdeci/mpr_2008/k081031.pdf ; https://www.boj.or.jp/en/mopo/mpmdeci/mpr_2008/k081219.pdf ; https://www.boj.or.jp/en/mopo/mpmdeci/mpr_2010/k101005.pdf ; https://www.boj.or.jp/en/mopo/mpmdeci/mpr_2016/k160921a.pdf ; https://www.boj.or.jp/en/mopo/mpmdeci/mpr_2024/k240319a.pdf ; https://www.boj.or.jp/en/mopo/mpmdeci/mpr_2024/mpr240731c.pdf ; https://www.boj.or.jp/en/mopo/mpmdeci/mpr_2025/mpr250124a.pdf ; https://www.boj.or.jp/en/mopo/mpmdeci/mpr_2025/k251219a.pdf ; https://www.boj.or.jp/en/mopo/mpmdeci/mpr_2026/k260616a.pdf ; https://www.boj.or.jp/en/mopo/mpmdeci/mpr_2026/k260918a.pdf, Central bank policy rates - Japan - Monthly - End of period,2026-03,0.75,A,F,
M,JP,368,0,,"From 24 Sep 2026: the BOJ encourages the uncollateralized overnight call rate to remain at around 1.25 percent; From 17 Jun 2026 to 23 Sep 2026: the BOJ encourages the uncollateralized overnight call rate to remain at around 1.00 percent; From 22 Dec 2025 to 16 Jun 2026: the BOJ encourages the uncollateralized overnight call rate to remain at around 0.75 percent; From 27 Jan 2025 to 21 Dec 2025: the BOJ encourages the uncollateralized overnight call rate to remain at around 0.50 percent; From 1 Aug 2024 to 26 Jan 2025: the BOJ encouraged the UOCR to remain at around 0.25% ; From 21 Mar 2024 to 31 July: the BOJ encouraged the UOCR to remain at around 0 to 0.1 %; from 21 Sep 2016 to 20 Mar 2024: the BOJ set the guideline for market operations which specifies a short-term policy interest rate at minus 0.1% and a target level of 10-year JGB yields at around 0%. Short-term policy interest rate; from 4 Apr 2013 to 20 Sep 2016: no policy rate; from 5 Oct 2010 to 3 Apr 2013: the BOJ encouraged the UOCR to remain at around 0 to 0.1%; from 19 Dec 2008 to 4 Oct 2010: the BOJ encouraged the UOCR to remain at around 0. %; from 31 Oct 2008 to 18 Dec 2008: the BOJ encouraged the UOCR to remain at around 0.3%; before 30 Oct 2008, refer to https://data.bis.org/topics/CBPOL",4,Bank of Japan,For details see: http://www.bis.org/statistics/cbpol/cbpol_doc.pdf  ; https://www.boj.or.jp/en/mopo/mpmdeci/mpr_1998/k980909c.htm ; https://www.boj.or.jp/en/mopo/mpmdeci/mpr_1999/k990212c.htm ; https://www.boj.or.jp/en/mopo/mpmdeci/mpr_2000/k000811.htm ; https://www.boj.or.jp/en/mopo/mpmdeci/mpr_2001/k010228a.htm ; https://www.boj.or.jp/en/mopo/mpmdeci/mpr_2006/k060309.htm ; https://www.boj.or.jp/en/mopo/mpmdeci/mpr_2006/k060714.pdf ; https://www.boj.or.jp/en/mopo/mpmdeci/mpr_2007/k070221.pdf ; https://www.boj.or.jp/en/mopo/mpmdeci/mpr_2008/k081031.pdf ; https://www.boj.or.jp/en/mopo/mpmdeci/mpr_2008/k081219.pdf ; https://www.boj.or.jp/en/mopo/mpmdeci/mpr_2010/k101005.pdf ; https://www.boj.or.jp/en/mopo/mpmdeci/mpr_2016/k160921a.pdf ; https://www.boj.or.jp/en/mopo/mpmdeci/mpr_2024/k240319a.pdf ; https://www.boj.or.jp/en/mopo/mpmdeci/mpr_2024/mpr240731c.pdf ; https://www.boj.or.jp/en/mopo/mpmdeci/mpr_2025/mpr250124a.pdf ; https://www.boj.or.jp/en/mopo/mpmdeci/mpr_2025/k251219a.pdf ; https://www.boj.or.jp/en/mopo/mpmdeci/mpr_2026/k260616a.pdf ; https://www.boj.or.jp/en/mopo/mpmdeci/mpr_2026/k260918a.pdf, Central bank policy rates - Japan - Monthly - End of period,2026-04,0.75,A,F,
M,JP,368,0,,"From 24 Sep 2026: the BOJ encourages the uncollateralized overnight call rate to remain at around 1.25 percent; From 17 Jun 2026 to 23 Sep 2026: the BOJ encourages the uncollateralized overnight call rate to remain at around 1.00 percent; From 22 Dec 2025 to 16 Jun 2026: the BOJ encourages the uncollateralized overnight call rate to remain at around 0.75 percent; From 27 Jan 2025 to 21 Dec 2025: the BOJ encourages the uncollateralized overnight call rate to remain at around 0.50 percent; From 1 Aug 2024 to 26 Jan 2025: the BOJ encouraged the UOCR to remain at around 0.25% ; From 21 Mar 2024 to 31 July: the BOJ encouraged the UOCR to remain at around 0 to 0.1 %; from 21 Sep 2016 to 20 Mar 2024: the BOJ set the guideline for market operations which specifies a short-term policy interest rate at minus 0.1% and a target level of 10-year JGB yields at around 0%. Short-term policy interest rate; from 4 Apr 2013 to 20 Sep 2016: no policy rate; from 5 Oct 2010 to 3 Apr 2013: the BOJ encouraged the UOCR to remain at around 0 to 0.1%; from 19 Dec 2008 to 4 Oct 2010: the BOJ encouraged the UOCR to remain at around 0. %; from 31 Oct 2008 to 18 Dec 2008: the BOJ encouraged the UOCR to remain at around 0.3%; before 30 Oct 2008, refer to https://data.bis.org/topics/CBPOL",4,Bank of Japan,For details see: http://www.bis.org/statistics/cbpol/cbpol_doc.pdf  ; https://www.boj.or.jp/en/mopo/mpmdeci/mpr_1998/k980909c.htm ; https://www.boj.or.jp/en/mopo/mpmdeci/mpr_1999/k990212c.htm ; https://www.boj.or.jp/en/mopo/mpmdeci/mpr_2000/k000811.htm ; https://www.boj.or.jp/en/mopo/mpmdeci/mpr_2001/k010228a.htm ; https://www.boj.or.jp/en/mopo/mpmdeci/mpr_2006/k060309.htm ; https://www.boj.or.jp/en/mopo/mpmdeci/mpr_2006/k060714.pdf ; https://www.boj.or.jp/en/mopo/mpmdeci/mpr_2007/k070221.pdf ; https://www.boj.or.jp/en/mopo/mpmdeci/mpr_2008/k081031.pdf ; https://www.boj.or.jp/en/mopo/mpmdeci/mpr_2008/k081219.pdf ; https://www.boj.or.jp/en/mopo/mpmdeci/mpr_2010/k101005.pdf ; https://www.boj.or.jp/en/mopo/mpmdeci/mpr_2016/k160921a.pdf ; https://www.boj.or.jp/en/mopo/mpmdeci/mpr_2024/k240319a.pdf ; https://www.boj.or.jp/en/mopo/mpmdeci/mpr_2024/mpr240731c.pdf ; https://www.boj.or.jp/en/mopo/mpmdeci/mpr_2025/mpr250124a.pdf ; https://www.boj.or.jp/en/mopo/mpmdeci/mpr_2025/k251219a.pdf ; https://www.boj.or.jp/en/mopo/mpmdeci/mpr_2026/k260616a.pdf ; https://www.boj.or.jp/en/mopo/mpmdeci/mpr_2026/k260918a.pdf, Central bank policy rates - Japan - Monthly - End of period,2026-05,0.75,A,F,
M,JP,368,0,,"From 24 Sep 2026: the BOJ encourages the uncollateralized overnight call rate to remain at around 1.25 percent; From 17 Jun 2026 to 23 Sep 2026: the BOJ encourages the uncollateralized overnight call rate to remain at around 1.00 percent; From 22 Dec 2025 to 16 Jun 2026: the BOJ encourages the uncollateralized overnight call rate to remain at around 0.75 percent; From 27 Jan 2025 to 21 Dec 2025: the BOJ encourages the uncollateralized overnight call rate to remain at around 0.50 percent; From 1 Aug 2024 to 26 Jan 2025: the BOJ encouraged the UOCR to remain at around 0.25% ; From 21 Mar 2024 to 31 July: the BOJ encouraged the UOCR to remain at around 0 to 0.1 %; from 21 Sep 2016 to 20 Mar 2024: the BOJ set the guideline for market operations which specifies a short-term policy interest rate at minus 0.1% and a target level of 10-year JGB yields at around 0%. Short-term policy interest rate; from 4 Apr 2013 to 20 Sep 2016: no policy rate; from 5 Oct 2010 to 3 Apr 2013: the BOJ encouraged the UOCR to remain at around 0 to 0.1%; from 19 Dec 2008 to 4 Oct 2010: the BOJ encouraged the UOCR to remain at around 0. %; from 31 Oct 2008 to 18 Dec 2008: the BOJ encouraged the UOCR to remain at around 0.3%; before 30 Oct 2008, refer to https://data.bis.org/topics/CBPOL",4,Bank of Japan,For details see: http://www.bis.org/statistics/cbpol/cbpol_doc.pdf  ; https://www.boj.or.jp/en/mopo/mpmdeci/mpr_1998/k980909c.htm ; https://www.boj.or.jp/en/mopo/mpmdeci/mpr_1999/k990212c.htm ; https://www.boj.or.jp/en/mopo/mpmdeci/mpr_2000/k000811.htm ; https://www.boj.or.jp/en/mopo/mpmdeci/mpr_2001/k010228a.htm ; https://www.boj.or.jp/en/mopo/mpmdeci/mpr_2006/k060309.htm ; https://www.boj.or.jp/en/mopo/mpmdeci/mpr_2006/k060714.pdf ; https://www.boj.or.jp/en/mopo/mpmdeci/mpr_2007/k070221.pdf ; https://www.boj.or.jp/en/mopo/mpmdeci/mpr_2008/k081031.pdf ; https://www.boj.or.jp/en/mopo/mpmdeci/mpr_2008/k081219.pdf ; https://www.boj.or.jp/en/mopo/mpmdeci/mpr_2010/k101005.pdf ; https://www.boj.or.jp/en/mopo/mpmdeci/mpr_2016/k160921a.pdf ; https://www.boj.or.jp/en/mopo/mpmdeci/mpr_2024/k240319a.pdf ; https://www.boj.or.jp/en/mopo/mpmdeci/mpr_2024/mpr240731c.pdf ; https://www.boj.or.jp/en/mopo/mpmdeci/mpr_2025/mpr250124a.pdf ; https://www.boj.or.jp/en/mopo/mpmdeci/mpr_2025/k251219a.pdf ; https://www.boj.or.jp/en/mopo/mpmdeci/mpr_2026/k260616a.pdf ; https://www.boj.or.jp/en/mopo/mpmdeci/mpr_2026/k260918a.pdf, Central bank policy rates - Japan - Monthly - End of period,2026-06,1,A,F,
M,JP,368,0,,"From 24 Sep 2026: the BOJ encourages the uncollateralized overnight call rate to remain at around 1.25 percent; From 17 Jun 2026 to 23 Sep 2026: the BOJ encourages the uncollateralized overnight call rate to remain at around 1.00 percent; From 22 Dec 2025 to 16 Jun 2026: the BOJ encourages the uncollateralized overnight call rate to remain at around 0.75 percent; From 27 Jan 2025 to 21 Dec 2025: the BOJ encourages the uncollateralized overnight call rate to remain at around 0.50 percent; From 1 Aug 2024 to 26 Jan 2025: the BOJ encouraged the UOCR to remain at around 0.25% ; From 21 Mar 2024 to 31 July: the BOJ encouraged the UOCR to remain at around 0 to 0.1 %; from 21 Sep 2016 to 20 Mar 2024: the BOJ set the guideline for market operations which specifies a short-term policy interest rate at minus 0.1% and a target level of 10-year JGB yields at around 0%. Short-term policy interest rate; from 4 Apr 2013 to 20 Sep 2016: no policy rate; from 5 Oct 2010 to 3 Apr 2013: the BOJ encouraged the UOCR to remain at around 0 to 0.1%; from 19 Dec 2008 to 4 Oct 2010: the BOJ encouraged the UOCR to remain at around 0. %; from 31 Oct 2008 to 18 Dec 2008: the BOJ encouraged the UOCR to remain at around 0.3%; before 30 Oct 2008, refer to https://data.bis.org/topics/CBPOL",4,Bank of Japan,For details see: http://www.bis.org/statistics/cbpol/cbpol_doc.pdf  ; https://www.boj.or.jp/en/mopo/mpmdeci/mpr_1998/k980909c.htm ; https://www.boj.or.jp/en/mopo/mpmdeci/mpr_1999/k990212c.htm ; https://www.boj.or.jp/en/mopo/mpmdeci/mpr_2000/k000811.htm ; https://www.boj.or.jp/en/mopo/mpmdeci/mpr_2001/k010228a.htm ; https://www.boj.or.jp/en/mopo/mpmdeci/mpr_2006/k060309.htm ; https://www.boj.or.jp/en/mopo/mpmdeci/mpr_2006/k060714.pdf ; https://www.boj.or.jp/en/mopo/mpmdeci/mpr_2007/k070221.pdf ; https://www.boj.or.jp/en/mopo/mpmdeci/mpr_2008/k081031.pdf ; https://www.boj.or.jp/en/mopo/mpmdeci/mpr_2008/k081219.pdf ; https://www.boj.or.jp/en/mopo/mpmdeci/mpr_2010/k101005.pdf ; https://www.boj.or.jp/en/mopo/mpmdeci/mpr_2016/k160921a.pdf ; https://www.boj.or.jp/en/mopo/mpmdeci/mpr_2024/k240319a.pdf ; https://www.boj.or.jp/en/mopo/mpmdeci/mpr_2024/mpr240731c.pdf ; https://www.boj.or.jp/en/mopo/mpmdeci/mpr_2025/mpr250124a.pdf ; https://www.boj.or.jp/en/mopo/mpmdeci/mpr_2025/k251219a.pdf ; https://www.boj.or.jp/en/mopo/mpmdeci/mpr_2026/k260616a.pdf ; https://www.boj.or.jp/en/mopo/mpmdeci/mpr_2026/k260918a.pdf, Central bank policy rates - Japan - Monthly - End of period,2026-07,1,A,F,
M,JP,368,0,,"From 24 Sep 2026: the BOJ encourages the uncollateralized overnight call rate to remain at around 1.25 percent; From 17 Jun 2026 to 23 Sep 2026: the BOJ encourages the uncollateralized overnight call rate to remain at around 1.00 percent; From 22 Dec 2025 to 16 Jun 2026: the BOJ encourages the uncollateralized overnight call rate to remain at around 0.75 percent; From 27 Jan 2025 to 21 Dec 2025: the BOJ encourages the uncollateralized overnight call rate to remain at around 0.50 percent; From 1 Aug 2024 to 26 Jan 2025: the BOJ encouraged the UOCR to remain at around 0.25% ; From 21 Mar 2024 to 31 July: the BOJ encouraged the UOCR to remain at around 0 to 0.1 %; from 21 Sep 2016 to 20 Mar 2024: the BOJ set the guideline for market operations which specifies a short-term policy interest rate at minus 0.1% and a target level of 10-year JGB yields at around 0%. Short-term policy interest rate; from 4 Apr 2013 to 20 Sep 2016: no policy rate; from 5 Oct 2010 to 3 Apr 2013: the BOJ encouraged the UOCR to remain at around 0 to 0.1%; from 19 Dec 2008 to 4 Oct 2010: the BOJ encouraged the UOCR to remain at around 0. %; from 31 Oct 2008 to 18 Dec 2008: the BOJ encouraged the UOCR to remain at around 0.3%; before 30 Oct 2008, refer to https://data.bis.org/topics/CBPOL",4,Bank of Japan,For details see: http://www.bis.org/statistics/cbpol/cbpol_doc.pdf  ; https://www.boj.or.jp/en/mopo/mpmdeci/mpr_1998/k980909c.htm ; https://www.boj.or.jp/en/mopo/mpmdeci/mpr_1999/k990212c.htm ; https://www.boj.or.jp/en/mopo/mpmdeci/mpr_2000/k000811.htm ; https://www.boj.or.jp/en/mopo/mpmdeci/mpr_2001/k010228a.htm ; https://www.boj.or.jp/en/mopo/mpmdeci/mpr_2006/k060309.htm ; https://www.boj.or.jp/en/mopo/mpmdeci/mpr_2006/k060714.pdf ; https://www.boj.or.jp/en/mopo/mpmdeci/mpr_2007/k070221.pdf ; https://www.boj.or.jp/en/mopo/mpmdeci/mpr_2008/k081031.pdf ; https://www.boj.or.jp/en/mopo/mpmdeci/mpr_2008/k081219.pdf ; https://www.boj.or.jp/en/mopo/mpmdeci/mpr_2010/k101005.pdf ; https://www.boj.or.jp/en/mopo/mpmdeci/mpr_2016/k160921a.pdf ; https://www.boj.or.jp/en/mopo/mpmdeci/mpr_2024/k240319a.pdf ; https://www.boj.or.jp/en/mopo/mpmdeci/mpr_2024/mpr240731c.pdf ; https://www.boj.or.jp/en/mopo/mpmdeci/mpr_2025/mpr250124a.pdf ; https://www.boj.or.jp/en/mopo/mpmdeci/mpr_2025/k251219a.pdf ; https://www.boj.or.jp/en/mopo/mpmdeci/mpr_2026/k260616a.pdf ; https://www.boj.or.jp/en/mopo/mpmdeci/mpr_2026/k260918a.pdf, Central bank policy rates - Japan - Monthly - End of period,2026-08,1,A,F,
M,KR,368,0,,From 7 Mar 2008 onwards: Bank of Korea base rate; from 6 May 1999 to 6 Mar 2008: target overnight call rate(base rate). ,4,Bank of Korea,The Bank of Korea base rate has been changed from the overnight call rate to 7 day repurchase agreements rate since Feb 2008., Central bank policy rates - Korea - Monthly - End of period,2016-01,1.5,A,F,
M,KR,368,0,,From 7 Mar 2008 onwards: Bank of Korea base rate; from 6 May 1999 to 6 Mar 2008: target overnight call rate(base rate). ,4,Bank of Korea,The Bank of Korea base rate has been changed from the overnight call rate to 7 day repurchase agreements rate since Feb 2008., Central bank policy rates - Korea - Monthly - End of period,2016-02,1.5,A,F,
M,KR,368,0,,From 7 Mar 2008 onwards: Bank of Korea base rate; from 6 May 1999 to 6 Mar 2008: target overnight call rate(base rate). ,4,Bank of Korea,The Bank of Korea base rate has been changed from the overnight call rate to 7 day repurchase agreements rate since Feb 2008., Central bank policy rates - Korea - Monthly - End of period,2016-03,1.5,A,F,
M,KR,368,0,,From 7 Mar 2008 onwards: Bank of Korea base rate; from 6 May 1999 to 6 Mar 2008: target overnight call rate(base rate). ,4,Bank of Korea,The Bank of Korea base rate has been changed from the overnight call rate to 7 day repurchase agreements rate since Feb 2008., Central bank policy rates - Korea - Monthly - End of period,2016-04,1.5,A,F,
M,KR,368,0,,From 7 Mar 2008 onwards: Bank of Korea base rate; from 6 May 1999 to 6 Mar 2008: target overnight call rate(base rate). ,4,Bank of Korea,The Bank of Korea base rate has been changed from the overnight call rate to 7 day repurchase agreements rate since Feb 2008., Central bank policy rates - Korea - Monthly - End of period,2016-05,1.5,A,F,
M,KR,368,0,,From 7 Mar 2008 onwards: Bank of Korea base rate; from 6 May 1999 to 6 Mar 2008: target overnight call rate(base rate). ,4,Bank of Korea,The Bank of Korea base rate has been changed from the overnight call rate to 7 day repurchase agreements rate since Feb 2008., Central bank policy rates - Korea - Monthly - End of period,2016-06,1.25,A,F,
M,KR,368,0,,From 7 Mar 2008 onwards: Bank of Korea base rate; from 6 May 1999 to 6 Mar 2008: target overnight call rate(base rate). ,4,Bank of Korea,The Bank of Korea base rate has been changed from the overnight call rate to 7 day repurchase agreements rate since Feb 2008., Central bank policy rates - Korea - Monthly - End of period,2016-07,1.25,A,F,
M,KR,368,0,,From 7 Mar 2008 onwards: Bank of Korea base rate; from 6 May 1999 to 6 Mar 2008: target overnight call rate(base rate). ,4,Bank of Korea,The Bank of Korea base rate has been changed from the overnight call rate to 7 day repurchase agreements rate since Feb 2008., Central bank policy rates - Korea - Monthly - End of period,2016-08,1.25,A,F,
M,KR,368,0,,From 7 Mar 2008 onwards: Bank of Korea base rate; from 6 May 1999 to 6 Mar 2008: target overnight call rate(base rate). ,4,Bank of Korea,The Bank of Korea base rate has been changed from the overnight call rate to 7 day repurchase agreements rate since Feb 2008., Central bank policy rates - Korea - Monthly - End of period,2016-09,1.25,A,F,
M,KR,368,0,,From 7 Mar 2008 onwards: Bank of Korea base rate; from 6 May 1999 to 6 Mar 2008: target overnight call rate(base rate). ,4,Bank of Korea,The Bank of Korea base rate has been changed from the overnight call rate to 7 day repurchase agreements rate since Feb 2008., Central bank policy rates - Korea - Monthly - End of period,2016-10,1.25,A,F,
M,KR,368,0,,From 7 Mar 2008 onwards: Bank of Korea base rate; from 6 May 1999 to 6 Mar 2008: target overnight call rate(base rate). ,4,Bank of Korea,The Bank of Korea base rate has been changed from the overnight call rate to 7 day repurchase agreements rate since Feb 2008., Central bank policy rates - Korea - Monthly - End of period,2016-11,1.25,A,F,
M,KR,368,0,,From 7 Mar 2008 onwards: Bank of Korea base rate; from 6 May 1999 to 6 Mar 2008: target overnight call rate(base rate). ,4,Bank of Korea,The Bank of Korea base rate has been changed from the overnight call rate to 7 day repurchase agreements rate since Feb 2008., Central bank policy rates - Korea - Monthly - End of period,2016-12,1.25,A,F,
M,KR,368,0,,From 7 Mar 2008 onwards: Bank of Korea base rate; from 6 May 1999 to 6 Mar 2008: target overnight call rate(base rate). ,4,Bank of Korea,The Bank of Korea base rate has been changed from the overnight call rate to 7 day repurchase agreements rate since Feb 2008., Central bank policy rates - Korea - Monthly - End of period,2017-01,1.25,A,F,
M,KR,368,0,,From 7 Mar 2008 onwards: Bank of Korea base rate; from 6 May 1999 to 6 Mar 2008: target overnight call rate(base rate). ,4,Bank of Korea,The Bank of Korea base rate has been changed from the overnight call rate to 7 day repurchase agreements rate since Feb 2008., Central bank policy rates - Korea - Monthly - End of period,2017-02,1.25,A,F,
M,KR,368,0,,From 7 Mar 2008 onwards: Bank of Korea base rate; from 6 May 1999 to 6 Mar 2008: target overnight call rate(base rate). ,4,Bank of Korea,The Bank of Korea base rate has been changed from the overnight call rate to 7 day repurchase agreements rate since Feb 2008., Central bank policy rates - Korea - Monthly - End of period,2017-03,1.25,A,F,
M,KR,368,0,,From 7 Mar 2008 onwards: Bank of Korea base rate; from 6 May 1999 to 6 Mar 2008: target overnight call rate(base rate). ,4,Bank of Korea,The Bank of Korea base rate has been changed from the overnight call rate to 7 day repurchase agreements rate since Feb 2008., Central bank policy rates - Korea - Monthly - End of period,2017-04,1.25,A,F,
M,KR,368,0,,From 7 Mar 2008 onwards: Bank of Korea base rate; from 6 May 1999 to 6 Mar 2008: target overnight call rate(base rate). ,4,Bank of Korea,The Bank of Korea base rate has been changed from the overnight call rate to 7 day repurchase agreements rate since Feb 2008., Central bank policy rates - Korea - Monthly - End of period,2017-05,1.25,A,F,
M,KR,368,0,,From 7 Mar 2008 onwards: Bank of Korea base rate; from 6 May 1999 to 6 Mar 2008: target overnight call rate(base rate). ,4,Bank of Korea,The Bank of Korea base rate has been changed from the overnight call rate to 7 day repurchase agreements rate since Feb 2008., Central bank policy rates - Korea - Monthly - End of period,2017-06,1.25,A,F,
M,KR,368,0,,From 7 Mar 2008 onwards: Bank of Korea base rate; from 6 May 1999 to 6 Mar 2008: target overnight call rate(base rate). ,4,Bank of Korea,The Bank of Korea base rate has been changed from the overnight call rate to 7 day repurchase agreements rate since Feb 2008., Central bank policy rates - Korea - Monthly - End of period,2017-07,1.25,A,F,
M,KR,368,0,,From 7 Mar 2008 onwards: Bank of Korea base rate; from 6 May 1999 to 6 Mar 2008: target overnight call rate(base rate). ,4,Bank of Korea,The Bank of Korea base rate has been changed from the overnight call rate to 7 day repurchase agreements rate since Feb 2008., Central bank policy rates - Korea - Monthly - End of period,2017-08,1.25,A,F,
M,KR,368,0,,From 7 Mar 2008 onwards: Bank of Korea base rate; from 6 May 1999 to 6 Mar 2008: target overnight call rate(base rate). ,4,Bank of Korea,The Bank of Korea base rate has been changed from the overnight call rate to 7 day repurchase agreements rate since Feb 2008., Central bank policy rates - Korea - Monthly - End of period,2017-09,1.25,A,F,
M,KR,368,0,,From 7 Mar 2008 onwards: Bank of Korea base rate; from 6 May 1999 to 6 Mar 2008: target overnight call rate(base rate). ,4,Bank of Korea,The Bank of Korea base rate has been changed from the overnight call rate to 7 day repurchase agreements rate since Feb 2008., Central bank policy rates - Korea - Monthly - End of period,2017-10,1.25,A,F,
M,KR,368,0,,From 7 Mar 2008 onwards: Bank of Korea base rate; from 6 May 1999 to 6 Mar 2008: target overnight call rate(base rate). ,4,Bank of Korea,The Bank of Korea base rate has been changed from the overnight call rate to 7 day repurchase agreements rate since Feb 2008., Central bank policy rates - Korea - Monthly - End of period,2017-11,1.5,A,F,
M,KR,368,0,,From 7 Mar 2008 onwards: Bank of Korea base rate; from 6 May 1999 to 6 Mar 2008: target overnight call rate(base rate). ,4,Bank of Korea,The Bank of Korea base rate has been changed from the overnight call rate to 7 day repurchase agreements rate since Feb 2008., Central bank policy rates - Korea - Monthly - End of period,2017-12,1.5,A,F,
M,KR,368,0,,From 7 Mar 2008 onwards: Bank of Korea base rate; from 6 May 1999 to 6 Mar 2008: target overnight call rate(base rate). ,4,Bank of Korea,The Bank of Korea base rate has been changed from the overnight call rate to 7 day repurchase agreements rate since Feb 2008., Central bank policy rates - Korea - Monthly - End of period,2018-01,1.5,A,F,
M,KR,368,0,,From 7 Mar 2008 onwards: Bank of Korea base rate; from 6 May 1999 to 6 Mar 2008: target overnight call rate(base rate). ,4,Bank of Korea,The Bank of Korea base rate has been changed from the overnight call rate to 7 day repurchase agreements rate since Feb 2008., Central bank policy rates - Korea - Monthly - End of period,2018-02,1.5,A,F,
M,KR,368,0,,From 7 Mar 2008 onwards: Bank of Korea base rate; from 6 May 1999 to 6 Mar 2008: target overnight call rate(base rate). ,4,Bank of Korea,The Bank of Korea base rate has been changed from the overnight call rate to 7 day repurchase agreements rate since Feb 2008., Central bank policy rates - Korea - Monthly - End of period,2018-03,1.5,A,F,
M,KR,368,0,,From 7 Mar 2008 onwards: Bank of Korea base rate; from 6 May 1999 to 6 Mar 2008: target overnight call rate(base rate). ,4,Bank of Korea,The Bank of Korea base rate has been changed from the overnight call rate to 7 day repurchase agreements rate since Feb 2008., Central bank policy rates - Korea - Monthly - End of period,2018-04,1.5,A,F,
M,KR,368,0,,From 7 Mar 2008 onwards: Bank of Korea base rate; from 6 May 1999 to 6 Mar 2008: target overnight call rate(base rate). ,4,Bank of Korea,The Bank of Korea base rate has been changed from the overnight call rate to 7 day repurchase agreements rate since Feb 2008., Central bank policy rates - Korea - Monthly - End of period,2018-05,1.5,A,F,
M,KR,368,0,,From 7 Mar 2008 onwards: Bank of Korea base rate; from 6 May 1999 to 6 Mar 2008: target overnight call rate(base rate). ,4,Bank of Korea,The Bank of Korea base rate has been changed from the overnight call rate to 7 day repurchase agreements rate since Feb 2008., Central bank policy rates - Korea - Monthly - End of period,2018-06,1.5,A,F,
M,KR,368,0,,From 7 Mar 2008 onwards: Bank of Korea base rate; from 6 May 1999 to 6 Mar 2008: target overnight call rate(base rate). ,4,Bank of Korea,The Bank of Korea base rate has been changed from the overnight call rate to 7 day repurchase agreements rate since Feb 2008., Central bank policy rates - Korea - Monthly - End of period,2018-07,1.5,A,F,
M,KR,368,0,,From 7 Mar 2008 onwards: Bank of Korea base rate; from 6 May 1999 to 6 Mar 2008: target overnight call rate(base rate). ,4,Bank of Korea,The Bank of Korea base rate has been changed from the overnight call rate to 7 day repurchase agreements rate since Feb 2008., Central bank policy rates - Korea - Monthly - End of period,2018-08,1.5,A,F,
M,KR,368,0,,From 7 Mar 2008 onwards: Bank of Korea base rate; from 6 May 1999 to 6 Mar 2008: target overnight call rate(base rate). ,4,Bank of Korea,The Bank of Korea base rate has been changed from the overnight call rate to 7 day repurchase agreements rate since Feb 2008., Central bank policy rates - Korea - Monthly - End of period,2018-09,1.5,A,F,
M,KR,368,0,,From 7 Mar 2008 onwards: Bank of Korea base rate; from 6 May 1999 to 6 Mar 2008: target overnight call rate(base rate). ,4,Bank of Korea,The Bank of Korea base rate has been changed from the overnight call rate to 7 day repurchase agreements rate since Feb 2008., Central bank policy rates - Korea - Monthly - End of period,2018-10,1.5,A,F,
M,KR,368,0,,From 7 Mar 2008 onwards: Bank of Korea base rate; from 6 May 1999 to 6 Mar 2008: target overnight call rate(base rate). ,4,Bank of Korea,The Bank of Korea base rate has been changed from the overnight call rate to 7 day repurchase agreements rate since Feb 2008., Central bank policy rates - Korea - Monthly - End of period,2018-11,1.75,A,F,
M,KR,368,0,,From 7 Mar 2008 onwards: Bank of Korea base rate; from 6 May 1999 to 6 Mar 2008: target overnight call rate(base rate). ,4,Bank of Korea,The Bank of Korea base rate has been changed from the overnight call rate to 7 day repurchase agreements rate since Feb 2008., Central bank policy rates - Korea - Monthly - End of period,2018-12,1.75,A,F,
M,KR,368,0,,From 7 Mar 2008 onwards: Bank of Korea base rate; from 6 May 1999 to 6 Mar 2008: target overnight call rate(base rate). ,4,Bank of Korea,The Bank of Korea base rate has been changed from the overnight call rate to 7 day repurchase agreements rate since Feb 2008., Central bank policy rates - Korea - Monthly - End of period,2019-01,1.75,A,F,
M,KR,368,0,,From 7 Mar 2008 onwards: Bank of Korea base rate; from 6 May 1999 to 6 Mar 2008: target overnight call rate(base rate). ,4,Bank of Korea,The Bank of Korea base rate has been changed from the overnight call rate to 7 day repurchase agreements rate since Feb 2008., Central bank policy rates - Korea - Monthly - End of period,2019-02,1.75,A,F,
M,KR,368,0,,From 7 Mar 2008 onwards: Bank of Korea base rate; from 6 May 1999 to 6 Mar 2008: target overnight call rate(base rate). ,4,Bank of Korea,The Bank of Korea base rate has been changed from the overnight call rate to 7 day repurchase agreements rate since Feb 2008., Central bank policy rates - Korea - Monthly - End of period,2019-03,1.75,A,F,
M,KR,368,0,,From 7 Mar 2008 onwards: Bank of Korea base rate; from 6 May 1999 to 6 Mar 2008: target overnight call rate(base rate). ,4,Bank of Korea,The Bank of Korea base rate has been changed from the overnight call rate to 7 day repurchase agreements rate since Feb 2008., Central bank policy rates - Korea - Monthly - End of period,2019-04,1.75,A,F,
M,KR,368,0,,From 7 Mar 2008 onwards: Bank of Korea base rate; from 6 May 1999 to 6 Mar 2008: target overnight call rate(base rate). ,4,Bank of Korea,The Bank of Korea base rate has been changed from the overnight call rate to 7 day repurchase agreements rate since Feb 2008., Central bank policy rates - Korea - Monthly - End of period,2019-05,1.75,A,F,
M,KR,368,0,,From 7 Mar 2008 onwards: Bank of Korea base rate; from 6 May 1999 to 6 Mar 2008: target overnight call rate(base rate). ,4,Bank of Korea,The Bank of Korea base rate has been changed from the overnight call rate to 7 day repurchase agreements rate since Feb 2008., Central bank policy rates - Korea - Monthly - End of period,2019-06,1.75,A,F,
M,KR,368,0,,From 7 Mar 2008 onwards: Bank of Korea base rate; from 6 May 1999 to 6 Mar 2008: target overnight call rate(base rate). ,4,Bank of Korea,The Bank of Korea base rate has been changed from the overnight call rate to 7 day repurchase agreements rate since Feb 2008., Central bank policy rates - Korea - Monthly - End of period,2019-07,1.5,A,F,
M,KR,368,0,,From 7 Mar 2008 onwards: Bank of Korea base rate; from 6 May 1999 to 6 Mar 2008: target overnight call rate(base rate). ,4,Bank of Korea,The Bank of Korea base rate has been changed from the overnight call rate to 7 day repurchase agreements rate since Feb 2008., Central bank policy rates - Korea - Monthly - End of period,2019-08,1.5,A,F,
M,KR,368,0,,From 7 Mar 2008 onwards: Bank of Korea base rate; from 6 May 1999 to 6 Mar 2008: target overnight call rate(base rate). ,4,Bank of Korea,The Bank of Korea base rate has been changed from the overnight call rate to 7 day repurchase agreements rate since Feb 2008., Central bank policy rates - Korea - Monthly - End of period,2019-09,1.5,A,F,
M,KR,368,0,,From 7 Mar 2008 onwards: Bank of Korea base rate; from 6 May 1999 to 6 Mar 2008: target overnight call rate(base rate). ,4,Bank of Korea,The Bank of Korea base rate has been changed from the overnight call rate to 7 day repurchase agreements rate since Feb 2008., Central bank policy rates - Korea - Monthly - End of period,2019-10,1.25,A,F,
M,KR,368,0,,From 7 Mar 2008 onwards: Bank of Korea base rate; from 6 May 1999 to 6 Mar 2008: target overnight call rate(base rate). ,4,Bank of Korea,The Bank of Korea base rate has been changed from the overnight call rate to 7 day repurchase agreements rate since Feb 2008., Central bank policy rates - Korea - Monthly - End of period,2019-11,1.25,A,F,
M,KR,368,0,,From 7 Mar 2008 onwards: Bank of Korea base rate; from 6 May 1999 to 6 Mar 2008: target overnight call rate(base rate). ,4,Bank of Korea,The Bank of Korea base rate has been changed from the overnight call rate to 7 day repurchase agreements rate since Feb 2008., Central bank policy rates - Korea - Monthly - End of period,2019-12,1.25,A,F,
M,KR,368,0,,From 7 Mar 2008 onwards: Bank of Korea base rate; from 6 May 1999 to 6 Mar 2008: target overnight call rate(base rate). ,4,Bank of Korea,The Bank of Korea base rate has been changed from the overnight call rate to 7 day repurchase agreements rate since Feb 2008., Central bank policy rates - Korea - Monthly - End of period,2020-01,1.25,A,F,
M,KR,368,0,,From 7 Mar 2008 onwards: Bank of Korea base rate; from 6 May 1999 to 6 Mar 2008: target overnight call rate(base rate). ,4,Bank of Korea,The Bank of Korea base rate has been changed from the overnight call rate to 7 day repurchase agreements rate since Feb 2008., Central bank policy rates - Korea - Monthly - End of period,2020-02,1.25,A,F,
M,KR,368,0,,From 7 Mar 2008 onwards: Bank of Korea base rate; from 6 May 1999 to 6 Mar 2008: target overnight call rate(base rate). ,4,Bank of Korea,The Bank of Korea base rate has been changed from the overnight call rate to 7 day repurchase agreements rate since Feb 2008., Central bank policy rates - Korea - Monthly - End of period,2020-03,0.75,A,F,
M,KR,368,0,,From 7 Mar 2008 onwards: Bank of Korea base rate; from 6 May 1999 to 6 Mar 2008: target overnight call rate(base rate). ,4,Bank of Korea,The Bank of Korea base rate has been changed from the overnight call rate to 7 day repurchase agreements rate since Feb 2008., Central bank policy rates - Korea - Monthly - End of period,2020-04,0.75,A,F,
M,KR,368,0,,From 7 Mar 2008 onwards: Bank of Korea base rate; from 6 May 1999 to 6 Mar 2008: target overnight call rate(base rate). ,4,Bank of Korea,The Bank of Korea base rate has been changed from the overnight call rate to 7 day repurchase agreements rate since Feb 2008., Central bank policy rates - Korea - Monthly - End of period,2020-05,0.5,A,F,
M,KR,368,0,,From 7 Mar 2008 onwards: Bank of Korea base rate; from 6 May 1999 to 6 Mar 2008: target overnight call rate(base rate). ,4,Bank of Korea,The Bank of Korea base rate has been changed from the overnight call rate to 7 day repurchase agreements rate since Feb 2008., Central bank policy rates - Korea - Monthly - End of period,2020-06,0.5,A,F,
M,KR,368,0,,From 7 Mar 2008 onwards: Bank of Korea base rate; from 6 May 1999 to 6 Mar 2008: target overnight call rate(base rate). ,4,Bank of Korea,The Bank of Korea base rate has been changed from the overnight call rate to 7 day repurchase agreements rate since Feb 2008., Central bank policy rates - Korea - Monthly - End of period,2020-07,0.5,A,F,
M,KR,368,0,,From 7 Mar 2008 onwards: Bank of Korea base rate; from 6 May 1999 to 6 Mar 2008: target overnight call rate(base rate). ,4,Bank of Korea,The Bank of Korea base rate has been changed from the overnight call rate to 7 day repurchase agreements rate since Feb 2008., Central bank policy rates - Korea - Monthly - End of period,2020-08,0.5,A,F,
M,KR,368,0,,From 7 Mar 2008 onwards: Bank of Korea base rate; from 6 May 1999 to 6 Mar 2008: target overnight call rate(base rate). ,4,Bank of Korea,The Bank of Korea base rate has been changed from the overnight call rate to 7 day repurchase agreements rate since Feb 2008., Central bank policy rates - Korea - Monthly - End of period,2020-09,0.5,A,F,
M,KR,368,0,,From 7 Mar 2008 onwards: Bank of Korea base rate; from 6 May 1999 to 6 Mar 2008: target overnight call rate(base rate). ,4,Bank of Korea,The Bank of Korea base rate has been changed from the overnight call rate to 7 day repurchase agreements rate since Feb 2008., Central bank policy rates - Korea - Monthly - End of period,2020-10,0.5,A,F,
M,KR,368,0,,From 7 Mar 2008 onwards: Bank of Korea base rate; from 6 May 1999 to 6 Mar 2008: target overnight call rate(base rate). ,4,Bank of Korea,The Bank of Korea base rate has been changed from the overnight call rate to 7 day repurchase agreements rate since Feb 2008., Central bank policy rates - Korea - Monthly - End of period,2020-11,0.5,A,F,
M,KR,368,0,,From 7 Mar 2008 onwards: Bank of Korea base rate; from 6 May 1999 to 6 Mar 2008: target overnight call rate(base rate). ,4,Bank of Korea,The Bank of Korea base rate has been changed from the overnight call rate to 7 day repurchase agreements rate since Feb 2008., Central bank policy rates - Korea - Monthly - End of period,2020-12,0.5,A,F,
M,KR,368,0,,From 7 Mar 2008 onwards: Bank of Korea base rate; from 6 May 1999 to 6 Mar 2008: target overnight call rate(base rate). ,4,Bank of Korea,The Bank of Korea base rate has been changed from the overnight call rate to 7 day repurchase agreements rate since Feb 2008., Central bank policy rates - Korea - Monthly - End of period,2021-01,0.5,A,F,
M,KR,368,0,,From 7 Mar 2008 onwards: Bank of Korea base rate; from 6 May 1999 to 6 Mar 2008: target overnight call rate(base rate). ,4,Bank of Korea,The Bank of Korea base rate has been changed from the overnight call rate to 7 day repurchase agreements rate since Feb 2008., Central bank policy rates - Korea - Monthly - End of period,2021-02,0.5,A,F,
M,KR,368,0,,From 7 Mar 2008 onwards: Bank of Korea base rate; from 6 May 1999 to 6 Mar 2008: target overnight call rate(base rate). ,4,Bank of Korea,The Bank of Korea base rate has been changed from the overnight call rate to 7 day repurchase agreements rate since Feb 2008., Central bank policy rates - Korea - Monthly - End of period,2021-03,0.5,A,F,
M,KR,368,0,,From 7 Mar 2008 onwards: Bank of Korea base rate; from 6 May 1999 to 6 Mar 2008: target overnight call rate(base rate). ,4,Bank of Korea,The Bank of Korea base rate has been changed from the overnight call rate to 7 day repurchase agreements rate since Feb 2008., Central bank policy rates - Korea - Monthly - End of period,2021-04,0.5,A,F,
M,KR,368,0,,From 7 Mar 2008 onwards: Bank of Korea base rate; from 6 May 1999 to 6 Mar 2008: target overnight call rate(base rate). ,4,Bank of Korea,The Bank of Korea base rate has been changed from the overnight call rate to 7 day repurchase agreements rate since Feb 2008., Central bank policy rates - Korea - Monthly - End of period,2021-05,0.5,A,F,
M,KR,368,0,,From 7 Mar 2008 onwards: Bank of Korea base rate; from 6 May 1999 to 6 Mar 2008: target overnight call rate(base rate). ,4,Bank of Korea,The Bank of Korea base rate has been changed from the overnight call rate to 7 day repurchase agreements rate since Feb 2008., Central bank policy rates - Korea - Monthly - End of period,2021-06,0.5,A,F,
M,KR,368,0,,From 7 Mar 2008 onwards: Bank of Korea base rate; from 6 May 1999 to 6 Mar 2008: target overnight call rate(base rate). ,4,Bank of Korea,The Bank of Korea base rate has been changed from the overnight call rate to 7 day repurchase agreements rate since Feb 2008., Central bank policy rates - Korea - Monthly - End of period,2021-07,0.5,A,F,
M,KR,368,0,,From 7 Mar 2008 onwards: Bank of Korea base rate; from 6 May 1999 to 6 Mar 2008: target overnight call rate(base rate). ,4,Bank of Korea,The Bank of Korea base rate has been changed from the overnight call rate to 7 day repurchase agreements rate since Feb 2008., Central bank policy rates - Korea - Monthly - End of period,2021-08,0.75,A,F,
M,KR,368,0,,From 7 Mar 2008 onwards: Bank of Korea base rate; from 6 May 1999 to 6 Mar 2008: target overnight call rate(base rate). ,4,Bank of Korea,The Bank of Korea base rate has been changed from the overnight call rate to 7 day repurchase agreements rate since Feb 2008., Central bank policy rates - Korea - Monthly - End of period,2021-09,0.75,A,F,
M,KR,368,0,,From 7 Mar 2008 onwards: Bank of Korea base rate; from 6 May 1999 to 6 Mar 2008: target overnight call rate(base rate). ,4,Bank of Korea,The Bank of Korea base rate has been changed from the overnight call rate to 7 day repurchase agreements rate since Feb 2008., Central bank policy rates - Korea - Monthly - End of period,2021-10,0.75,A,F,
M,KR,368,0,,From 7 Mar 2008 onwards: Bank of Korea base rate; from 6 May 1999 to 6 Mar 2008: target overnight call rate(base rate). ,4,Bank of Korea,The Bank of Korea base rate has been changed from the overnight call rate to 7 day repurchase agreements rate since Feb 2008., Central bank policy rates - Korea - Monthly - End of period,2021-11,1,A,F,
M,KR,368,0,,From 7 Mar 2008 onwards: Bank of Korea base rate; from 6 May 1999 to 6 Mar 2008: target overnight call rate(base rate). ,4,Bank of Korea,The Bank of Korea base rate has been changed from the overnight call rate to 7 day repurchase agreements rate since Feb 2008., Central bank policy rates - Korea - Monthly - End of period,2021-12,1,A,F,
M,KR,368,0,,From 7 Mar 2008 onwards: Bank of Korea base rate; from 6 May 1999 to 6 Mar 2008: target overnight call rate(base rate). ,4,Bank of Korea,The Bank of Korea base rate has been changed from the overnight call rate to 7 day repurchase agreements rate since Feb 2008., Central bank policy rates - Korea - Monthly - End of period,2022-01,1.25,A,F,
M,KR,368,0,,From 7 Mar 2008 onwards: Bank of Korea base rate; from 6 May 1999 to 6 Mar 2008: target overnight call rate(base rate). ,4,Bank of Korea,The Bank of Korea base rate has been changed from the overnight call rate to 7 day repurchase agreements rate since Feb 2008., Central bank policy rates - Korea - Monthly - End of period,2022-02,1.25,A,F,
M,KR,368,0,,From 7 Mar 2008 onwards: Bank of Korea base rate; from 6 May 1999 to 6 Mar 2008: target overnight call rate(base rate). ,4,Bank of Korea,The Bank of Korea base rate has been changed from the overnight call rate to 7 day repurchase agreements rate since Feb 2008., Central bank policy rates - Korea - Monthly - End of period,2022-03,1.25,A,F,
M,KR,368,0,,From 7 Mar 2008 onwards: Bank of Korea base rate; from 6 May 1999 to 6 Mar 2008: target overnight call rate(base rate). ,4,Bank of Korea,The Bank of Korea base rate has been changed from the overnight call rate to 7 day repurchase agreements rate since Feb 2008., Central bank policy rates - Korea - Monthly - End of period,2022-04,1.5,A,F,
M,KR,368,0,,From 7 Mar 2008 onwards: Bank of Korea base rate; from 6 May 1999 to 6 Mar 2008: target overnight call rate(base rate). ,4,Bank of Korea,The Bank of Korea base rate has been changed from the overnight call rate to 7 day repurchase agreements rate since Feb 2008., Central bank policy rates - Korea - Monthly - End of period,2022-05,1.75,A,F,
M,KR,368,0,,From 7 Mar 2008 onwards: Bank of Korea base rate; from 6 May 1999 to 6 Mar 2008: target overnight call rate(base rate). ,4,Bank of Korea,The Bank of Korea base rate has been changed from the overnight call rate to 7 day repurchase agreements rate since Feb 2008., Central bank policy rates - Korea - Monthly - End of period,2022-06,1.75,A,F,
M,KR,368,0,,From 7 Mar 2008 onwards: Bank of Korea base rate; from 6 May 1999 to 6 Mar 2008: target overnight call rate(base rate). ,4,Bank of Korea,The Bank of Korea base rate has been changed from the overnight call rate to 7 day repurchase agreements rate since Feb 2008., Central bank policy rates - Korea - Monthly - End of period,2022-07,2.25,A,F,
M,KR,368,0,,From 7 Mar 2008 onwards: Bank of Korea base rate; from 6 May 1999 to 6 Mar 2008: target overnight call rate(base rate). ,4,Bank of Korea,The Bank of Korea base rate has been changed from the overnight call rate to 7 day repurchase agreements rate since Feb 2008., Central bank policy rates - Korea - Monthly - End of period,2022-08,2.5,A,F,
M,KR,368,0,,From 7 Mar 2008 onwards: Bank of Korea base rate; from 6 May 1999 to 6 Mar 2008: target overnight call rate(base rate). ,4,Bank of Korea,The Bank of Korea base rate has been changed from the overnight call rate to 7 day repurchase agreements rate since Feb 2008., Central bank policy rates - Korea - Monthly - End of period,2022-09,2.5,A,F,
M,KR,368,0,,From 7 Mar 2008 onwards: Bank of Korea base rate; from 6 May 1999 to 6 Mar 2008: target overnight call rate(base rate). ,4,Bank of Korea,The Bank of Korea base rate has been changed from the overnight call rate to 7 day repurchase agreements rate since Feb 2008., Central bank policy rates - Korea - Monthly - End of period,2022-10,3,A,F,
M,KR,368,0,,From 7 Mar 2008 onwards: Bank of Korea base rate; from 6 May 1999 to 6 Mar 2008: target overnight call rate(base rate). ,4,Bank of Korea,The Bank of Korea base rate has been changed from the overnight call rate to 7 day repurchase agreements rate since Feb 2008., Central bank policy rates - Korea - Monthly - End of period,2022-11,3.25,A,F,
M,KR,368,0,,From 7 Mar 2008 onwards: Bank of Korea base rate; from 6 May 1999 to 6 Mar 2008: target overnight call rate(base rate). ,4,Bank of Korea,The Bank of Korea base rate has been changed from the overnight call rate to 7 day repurchase agreements rate since Feb 2008., Central bank policy rates - Korea - Monthly - End of period,2022-12,3.25,A,F,
M,KR,368,0,,From 7 Mar 2008 onwards: Bank of Korea base rate; from 6 May 1999 to 6 Mar 2008: target overnight call rate(base rate). ,4,Bank of Korea,The Bank of Korea base rate has been changed from the overnight call rate to 7 day repurchase agreements rate since Feb 2008., Central bank policy rates - Korea - Monthly - End of period,2023-01,3.5,A,F,
M,KR,368,0,,From 7 Mar 2008 onwards: Bank of Korea base rate; from 6 May 1999 to 6 Mar 2008: target overnight call rate(base rate). ,4,Bank of Korea,The Bank of Korea base rate has been changed from the overnight call rate to 7 day repurchase agreements rate since Feb 2008., Central bank policy rates - Korea - Monthly - End of period,2023-02,3.5,A,F,
M,KR,368,0,,From 7 Mar 2008 onwards: Bank of Korea base rate; from 6 May 1999 to 6 Mar 2008: target overnight call rate(base rate). ,4,Bank of Korea,The Bank of Korea base rate has been changed from the overnight call rate to 7 day repurchase agreements rate since Feb 2008., Central bank policy rates - Korea - Monthly - End of period,2023-03,3.5,A,F,
M,KR,368,0,,From 7 Mar 2008 onwards: Bank of Korea base rate; from 6 May 1999 to 6 Mar 2008: target overnight call rate(base rate). ,4,Bank of Korea,The Bank of Korea base rate has been changed from the overnight call rate to 7 day repurchase agreements rate since Feb 2008., Central bank policy rates - Korea - Monthly - End of period,2023-04,3.5,A,F,
M,KR,368,0,,From 7 Mar 2008 onwards: Bank of Korea base rate; from 6 May 1999 to 6 Mar 2008: target overnight call rate(base rate). ,4,Bank of Korea,The Bank of Korea base rate has been changed from the overnight call rate to 7 day repurchase agreements rate since Feb 2008., Central bank policy rates - Korea - Monthly - End of period,2023-05,3.5,A,F,
M,KR,368,0,,From 7 Mar 2008 onwards: Bank of Korea base rate; from 6 May 1999 to 6 Mar 2008: target overnight call rate(base rate). ,4,Bank of Korea,The Bank of Korea base rate has been changed from the overnight call rate to 7 day repurchase agreements rate since Feb 2008., Central bank policy rates - Korea - Monthly - End of period,2023-06,3.5,A,F,
M,KR,368,0,,From 7 Mar 2008 onwards: Bank of Korea base rate; from 6 May 1999 to 6 Mar 2008: target overnight call rate(base rate). ,4,Bank of Korea,The Bank of Korea base rate has been changed from the overnight call rate to 7 day repurchase agreements rate since Feb 2008., Central bank policy rates - Korea - Monthly - End of period,2023-07,3.5,A,F,
M,KR,368,0,,From 7 Mar 2008 onwards: Bank of Korea base rate; from 6 May 1999 to 6 Mar 2008: target overnight call rate(base rate). ,4,Bank of Korea,The Bank of Korea base rate has been changed from the overnight call rate to 7 day repurchase agreements rate since Feb 2008., Central bank policy rates - Korea - Monthly - End of period,2023-08,3.5,A,F,
M,KR,368,0,,From 7 Mar 2008 onwards: Bank of Korea base rate; from 6 May 1999 to 6 Mar 2008: target overnight call rate(base rate). ,4,Bank of Korea,The Bank of Korea base rate has been changed from the overnight call rate to 7 day repurchase agreements rate since Feb 2008., Central bank policy rates - Korea - Monthly - End of period,2023-09,3.5,A,F,
M,KR,368,0,,From 7 Mar 2008 onwards: Bank of Korea base rate; from 6 May 1999 to 6 Mar 2008: target overnight call rate(base rate). ,4,Bank of Korea,The Bank of Korea base rate has been changed from the overnight call rate to 7 day repurchase agreements rate since Feb 2008., Central bank policy rates - Korea - Monthly - End of period,2023-10,3.5,A,F,
M,KR,368,0,,From 7 Mar 2008 onwards: Bank of Korea base rate; from 6 May 1999 to 6 Mar 2008: target overnight call rate(base rate). ,4,Bank of Korea,The Bank of Korea base rate has been changed from the overnight call rate to 7 day repurchase agreements rate since Feb 2008., Central bank policy rates - Korea - Monthly - End of period,2023-11,3.5,A,F,
M,KR,368,0,,From 7 Mar 2008 onwards: Bank of Korea base rate; from 6 May 1999 to 6 Mar 2008: target overnight call rate(base rate). ,4,Bank of Korea,The Bank of Korea base rate has been changed from the overnight call rate to 7 day repurchase agreements rate since Feb 2008., Central bank policy rates - Korea - Monthly - End of period,2023-12,3.5,A,F,
M,KR,368,0,,From 7 Mar 2008 onwards: Bank of Korea base rate; from 6 May 1999 to 6 Mar 2008: target overnight call rate(base rate). ,4,Bank of Korea,The Bank of Korea base rate has been changed from the overnight call rate to 7 day repurchase agreements rate since Feb 2008., Central bank policy rates - Korea - Monthly - End of period,2024-01,3.5,A,F,
M,KR,368,0,,From 7 Mar 2008 onwards: Bank of Korea base rate; from 6 May 1999 to 6 Mar 2008: target overnight call rate(base rate). ,4,Bank of Korea,The Bank of Korea base rate has been changed from the overnight call rate to 7 day repurchase agreements rate since Feb 2008., Central bank policy rates - Korea - Monthly - End of period,2024-02,3.5,A,F,
M,KR,368,0,,From 7 Mar 2008 onwards: Bank of Korea base rate; from 6 May 1999 to 6 Mar 2008: target overnight call rate(base rate). ,4,Bank of Korea,The Bank of Korea base rate has been changed from the overnight call rate to 7 day repurchase agreements rate since Feb 2008., Central bank policy rates - Korea - Monthly - End of period,2024-03,3.5,A,F,
M,KR,368,0,,From 7 Mar 2008 onwards: Bank of Korea base rate; from 6 May 1999 to 6 Mar 2008: target overnight call rate(base rate). ,4,Bank of Korea,The Bank of Korea base rate has been changed from the overnight call rate to 7 day repurchase agreements rate since Feb 2008., Central bank policy rates - Korea - Monthly - End of period,2024-04,3.5,A,F,
M,KR,368,0,,From 7 Mar 2008 onwards: Bank of Korea base rate; from 6 May 1999 to 6 Mar 2008: target overnight call rate(base rate). ,4,Bank of Korea,The Bank of Korea base rate has been changed from the overnight call rate to 7 day repurchase agreements rate since Feb 2008., Central bank policy rates - Korea - Monthly - End of period,2024-05,3.5,A,F,
M,KR,368,0,,From 7 Mar 2008 onwards: Bank of Korea base rate; from 6 May 1999 to 6 Mar 2008: target overnight call rate(base rate). ,4,Bank of Korea,The Bank of Korea base rate has been changed from the overnight call rate to 7 day repurchase agreements rate since Feb 2008., Central bank policy rates - Korea - Monthly - End of period,2024-06,3.5,A,F,
M,KR,368,0,,From 7 Mar 2008 onwards: Bank of Korea base rate; from 6 May 1999 to 6 Mar 2008: target overnight call rate(base rate). ,4,Bank of Korea,The Bank of Korea base rate has been changed from the overnight call rate to 7 day repurchase agreements rate since Feb 2008., Central bank policy rates - Korea - Monthly - End of period,2024-07,3.5,A,F,
M,KR,368,0,,From 7 Mar 2008 onwards: Bank of Korea base rate; from 6 May 1999 to 6 Mar 2008: target overnight call rate(base rate). ,4,Bank of Korea,The Bank of Korea base rate has been changed from the overnight call rate to 7 day repurchase agreements rate since Feb 2008., Central bank policy rates - Korea - Monthly - End of period,2024-08,3.5,A,F,
M,KR,368,0,,From 7 Mar 2008 onwards: Bank of Korea base rate; from 6 May 1999 to 6 Mar 2008: target overnight call rate(base rate). ,4,Bank of Korea,The Bank of Korea base rate has been changed from the overnight call rate to 7 day repurchase agreements rate since Feb 2008., Central bank policy rates - Korea - Monthly - End of period,2024-09,3.5,A,F,
M,KR,368,0,,From 7 Mar 2008 onwards: Bank of Korea base rate; from 6 May 1999 to 6 Mar 2008: target overnight call rate(base rate). ,4,Bank of Korea,The Bank of Korea base rate has been changed from the overnight call rate to 7 day repurchase agreements rate since Feb 2008., Central bank policy rates - Korea - Monthly - End of period,2024-10,3.25,A,F,
M,KR,368,0,,From 7 Mar 2008 onwards: Bank of Korea base rate; from 6 May 1999 to 6 Mar 2008: target overnight call rate(base rate). ,4,Bank of Korea,The Bank of Korea base rate has been changed from the overnight call rate to 7 day repurchase agreements rate since Feb 2008., Central bank policy rates - Korea - Monthly - End of period,2024-11,3,A,F,
M,KR,368,0,,From 7 Mar 2008 onwards: Bank of Korea base rate; from 6 May 1999 to 6 Mar 2008: target overnight call rate(base rate). ,4,Bank of Korea,The Bank of Korea base rate has been changed from the overnight call rate to 7 day repurchase agreements rate since Feb 2008., Central bank policy rates - Korea - Monthly - End of period,2024-12,3,A,F,
M,KR,368,0,,From 7 Mar 2008 onwards: Bank of Korea base rate; from 6 May 1999 to 6 Mar 2008: target overnight call rate(base rate). ,4,Bank of Korea,The Bank of Korea base rate has been changed from the overnight call rate to 7 day repurchase agreements rate since Feb 2008., Central bank policy rates - Korea - Monthly - End of period,2025-01,3,A,F,
M,KR,368,0,,From 7 Mar 2008 onwards: Bank of Korea base rate; from 6 May 1999 to 6 Mar 2008: target overnight call rate(base rate). ,4,Bank of Korea,The Bank of Korea base rate has been changed from the overnight call rate to 7 day repurchase agreements rate since Feb 2008., Central bank policy rates - Korea - Monthly - End of period,2025-02,2.75,A,F,
M,KR,368,0,,From 7 Mar 2008 onwards: Bank of Korea base rate; from 6 May 1999 to 6 Mar 2008: target overnight call rate(base rate). ,4,Bank of Korea,The Bank of Korea base rate has been changed from the overnight call rate to 7 day repurchase agreements rate since Feb 2008., Central bank policy rates - Korea - Monthly - End of period,2025-03,2.75,A,F,
M,KR,368,0,,From 7 Mar 2008 onwards: Bank of Korea base rate; from 6 May 1999 to 6 Mar 2008: target overnight call rate(base rate). ,4,Bank of Korea,The Bank of Korea base rate has been changed from the overnight call rate to 7 day repurchase agreements rate since Feb 2008., Central bank policy rates - Korea - Monthly - End of period,2025-04,2.75,A,F,
M,KR,368,0,,From 7 Mar 2008 onwards: Bank of Korea base rate; from 6 May 1999 to 6 Mar 2008: target overnight call rate(base rate). ,4,Bank of Korea,The Bank of Korea base rate has been changed from the overnight call rate to 7 day repurchase agreements rate since Feb 2008., Central bank policy rates - Korea - Monthly - End of period,2025-05,2.5,A,F,
M,KR,368,0,,From 7 Mar 2008 onwards: Bank of Korea base rate; from 6 May 1999 to 6 Mar 2008: target overnight call rate(base rate). ,4,Bank of Korea,The Bank of Korea base rate has been changed from the overnight call rate to 7 day repurchase agreements rate since Feb 2008., Central bank policy rates - Korea - Monthly - End of period,2025-06,2.5,A,F,
M,KR,368,0,,From 7 Mar 2008 onwards: Bank of Korea base rate; from 6 May 1999 to 6 Mar 2008: target overnight call rate(base rate). ,4,Bank of Korea,The Bank of Korea base rate has been changed from the overnight call rate to 7 day repurchase agreements rate since Feb 2008., Central bank policy rates - Korea - Monthly - End of period,2025-07,2.5,A,F,
M,KR,368,0,,From 7 Mar 2008 onwards: Bank of Korea base rate; from 6 May 1999 to 6 Mar 2008: target overnight call rate(base rate). ,4,Bank of Korea,The Bank of Korea base rate has been changed from the overnight call rate to 7 day repurchase agreements rate since Feb 2008., Central bank policy rates - Korea - Monthly - End of period,2025-08,2.5,A,F,
M,KR,368,0,,From 7 Mar 2008 onwards: Bank of Korea base rate; from 6 May 1999 to 6 Mar 2008: target overnight call rate(base rate). ,4,Bank of Korea,The Bank of Korea base rate has been changed from the overnight call rate to 7 day repurchase agreements rate since Feb 2008., Central bank policy rates - Korea - Monthly - End of period,2025-09,2.5,A,F,
M,KR,368,0,,From 7 Mar 2008 onwards: Bank of Korea base rate; from 6 May 1999 to 6 Mar 2008: target overnight call rate(base rate). ,4,Bank of Korea,The Bank of Korea base rate has been changed from the overnight call rate to 7 day repurchase agreements rate since Feb 2008., Central bank policy rates - Korea - Monthly - End of period,2025-10,2.5,A,F,
M,KR,368,0,,From 7 Mar 2008 onwards: Bank of Korea base rate; from 6 May 1999 to 6 Mar 2008: target overnight call rate(base rate). ,4,Bank of Korea,The Bank of Korea base rate has been changed from the overnight call rate to 7 day repurchase agreements rate since Feb 2008., Central bank policy rates - Korea - Monthly - End of period,2025-11,2.5,A,F,
M,KR,368,0,,From 7 Mar 2008 onwards: Bank of Korea base rate; from 6 May 1999 to 6 Mar 2008: target overnight call rate(base rate). ,4,Bank of Korea,The Bank of Korea base rate has been changed from the overnight call rate to 7 day repurchase agreements rate since Feb 2008., Central bank policy rates - Korea - Monthly - End of period,2025-12,2.5,A,F,
M,KR,368,0,,From 7 Mar 2008 onwards: Bank of Korea base rate; from 6 May 1999 to 6 Mar 2008: target overnight call rate(base rate). ,4,Bank of Korea,The Bank of Korea base rate has been changed from the overnight call rate to 7 day repurchase agreements rate since Feb 2008., Central bank policy rates - Korea - Monthly - End of period,2026-01,2.5,A,F,
M,KR,368,0,,From 7 Mar 2008 onwards: Bank of Korea base rate; from 6 May 1999 to 6 Mar 2008: target overnight call rate(base rate). ,4,Bank of Korea,The Bank of Korea base rate has been changed from the overnight call rate to 7 day repurchase agreements rate since Feb 2008., Central bank policy rates - Korea - Monthly - End of period,2026-02,2.5,A,F,
M,KR,368,0,,From 7 Mar 2008 onwards: Bank of Korea base rate; from 6 May 1999 to 6 Mar 2008: target overnight call rate(base rate). ,4,Bank of Korea,The Bank of Korea base rate has been changed from the overnight call rate to 7 day repurchase agreements rate since Feb 2008., Central bank policy rates - Korea - Monthly - End of period,2026-03,2.5,A,F,
M,KR,368,0,,From 7 Mar 2008 onwards: Bank of Korea base rate; from 6 May 1999 to 6 Mar 2008: target overnight call rate(base rate). ,4,Bank of Korea,The Bank of Korea base rate has been changed from the overnight call rate to 7 day repurchase agreements rate since Feb 2008., Central bank policy rates - Korea - Monthly - End of period,2026-04,2.5,A,F,
M,KR,368,0,,From 7 Mar 2008 onwards: Bank of Korea base rate; from 6 May 1999 to 6 Mar 2008: target overnight call rate(base rate). ,4,Bank of Korea,The Bank of Korea base rate has been changed from the overnight call rate to 7 day repurchase agreements rate since Feb 2008., Central bank policy rates - Korea - Monthly - End of period,2026-05,2.5,A,F,
M,KR,368,0,,From 7 Mar 2008 onwards: Bank of Korea base rate; from 6 May 1999 to 6 Mar 2008: target overnight call rate(base rate). ,4,Bank of Korea,The Bank of Korea base rate has been changed from the overnight call rate to 7 day repurchase agreements rate since Feb 2008., Central bank policy rates - Korea - Monthly - End of period,2026-06,2.5,A,F,
M,KR,368,0,,From 7 Mar 2008 onwards: Bank of Korea base rate; from 6 May 1999 to 6 Mar 2008: target overnight call rate(base rate). ,4,Bank of Korea,The Bank of Korea base rate has been changed from the overnight call rate to 7 day repurchase agreements rate since Feb 2008., Central bank policy rates - Korea - Monthly - End of period,2026-07,2.75,A,F,
M,IN,368,0,,From 3 Apr 2001 onwards: official repo overnight rate; from 1 Jan 1946 to 2 Apr 2001: oank rate.,4,Reserve Bank of India,This rate can be considered the official policy rate as from 2001. The Reserve Bank of India (RBI) did not have a single policy rate prior to 2001. , Central bank policy rates - India - Monthly - End of period,2016-01,6.75,A,F,
M,IN,368,0,,From 3 Apr 2001 onwards: official repo overnight rate; from 1 Jan 1946 to 2 Apr 2001: oank rate.,4,Reserve Bank of India,This rate can be considered the official policy rate as from 2001. The Reserve Bank of India (RBI) did not have a single policy rate prior to 2001. , Central bank policy rates - India - Monthly - End of period,2016-02,6.75,A,F,
M,IN,368,0,,From 3 Apr 2001 onwards: official repo overnight rate; from 1 Jan 1946 to 2 Apr 2001: oank rate.,4,Reserve Bank of India,This rate can be considered the official policy rate as from 2001. The Reserve Bank of India (RBI) did not have a single policy rate prior to 2001. , Central bank policy rates - India - Monthly - End of period,2016-03,6.75,A,F,
M,IN,368,0,,From 3 Apr 2001 onwards: official repo overnight rate; from 1 Jan 1946 to 2 Apr 2001: oank rate.,4,Reserve Bank of India,This rate can be considered the official policy rate as from 2001. The Reserve Bank of India (RBI) did not have a single policy rate prior to 2001. , Central bank policy rates - India - Monthly - End of period,2016-04,6.5,A,F,
M,IN,368,0,,From 3 Apr 2001 onwards: official repo overnight rate; from 1 Jan 1946 to 2 Apr 2001: oank rate.,4,Reserve Bank of India,This rate can be considered the official policy rate as from 2001. The Reserve Bank of India (RBI) did not have a single policy rate prior to 2001. , Central bank policy rates - India - Monthly - End of period,2016-05,6.5,A,F,
M,IN,368,0,,From 3 Apr 2001 onwards: official repo overnight rate; from 1 Jan 1946 to 2 Apr 2001: oank rate.,4,Reserve Bank of India,This rate can be considered the official policy rate as from 2001. The Reserve Bank of India (RBI) did not have a single policy rate prior to 2001. , Central bank policy rates - India - Monthly - End of period,2016-06,6.5,A,F,
M,IN,368,0,,From 3 Apr 2001 onwards: official repo overnight rate; from 1 Jan 1946 to 2 Apr 2001: oank rate.,4,Reserve Bank of India,This rate can be considered the official policy rate as from 2001. The Reserve Bank of India (RBI) did not have a single policy rate prior to 2001. , Central bank policy rates - India - Monthly - End of period,2016-07,6.5,A,F,
M,IN,368,0,,From 3 Apr 2001 onwards: official repo overnight rate; from 1 Jan 1946 to 2 Apr 2001: oank rate.,4,Reserve Bank of India,This rate can be considered the official policy rate as from 2001. The Reserve Bank of India (RBI) did not have a single policy rate prior to 2001. , Central bank policy rates - India - Monthly - End of period,2016-08,6.5,A,F,
M,IN,368,0,,From 3 Apr 2001 onwards: official repo overnight rate; from 1 Jan 1946 to 2 Apr 2001: oank rate.,4,Reserve Bank of India,This rate can be considered the official policy rate as from 2001. The Reserve Bank of India (RBI) did not have a single policy rate prior to 2001. , Central bank policy rates - India - Monthly - End of period,2016-09,6.5,A,F,
M,IN,368,0,,From 3 Apr 2001 onwards: official repo overnight rate; from 1 Jan 1946 to 2 Apr 2001: oank rate.,4,Reserve Bank of India,This rate can be considered the official policy rate as from 2001. The Reserve Bank of India (RBI) did not have a single policy rate prior to 2001. , Central bank policy rates - India - Monthly - End of period,2016-10,6.25,A,F,
M,IN,368,0,,From 3 Apr 2001 onwards: official repo overnight rate; from 1 Jan 1946 to 2 Apr 2001: oank rate.,4,Reserve Bank of India,This rate can be considered the official policy rate as from 2001. The Reserve Bank of India (RBI) did not have a single policy rate prior to 2001. , Central bank policy rates - India - Monthly - End of period,2016-11,6.25,A,F,
M,IN,368,0,,From 3 Apr 2001 onwards: official repo overnight rate; from 1 Jan 1946 to 2 Apr 2001: oank rate.,4,Reserve Bank of India,This rate can be considered the official policy rate as from 2001. The Reserve Bank of India (RBI) did not have a single policy rate prior to 2001. , Central bank policy rates - India - Monthly - End of period,2016-12,6.25,A,F,
M,IN,368,0,,From 3 Apr 2001 onwards: official repo overnight rate; from 1 Jan 1946 to 2 Apr 2001: oank rate.,4,Reserve Bank of India,This rate can be considered the official policy rate as from 2001. The Reserve Bank of India (RBI) did not have a single policy rate prior to 2001. , Central bank policy rates - India - Monthly - End of period,2017-01,6.25,A,F,
M,IN,368,0,,From 3 Apr 2001 onwards: official repo overnight rate; from 1 Jan 1946 to 2 Apr 2001: oank rate.,4,Reserve Bank of India,This rate can be considered the official policy rate as from 2001. The Reserve Bank of India (RBI) did not have a single policy rate prior to 2001. , Central bank policy rates - India - Monthly - End of period,2017-02,6.25,A,F,
M,IN,368,0,,From 3 Apr 2001 onwards: official repo overnight rate; from 1 Jan 1946 to 2 Apr 2001: oank rate.,4,Reserve Bank of India,This rate can be considered the official policy rate as from 2001. The Reserve Bank of India (RBI) did not have a single policy rate prior to 2001. , Central bank policy rates - India - Monthly - End of period,2017-03,6.25,A,F,
M,IN,368,0,,From 3 Apr 2001 onwards: official repo overnight rate; from 1 Jan 1946 to 2 Apr 2001: oank rate.,4,Reserve Bank of India,This rate can be considered the official policy rate as from 2001. The Reserve Bank of India (RBI) did not have a single policy rate prior to 2001. , Central bank policy rates - India - Monthly - End of period,2017-04,6.25,A,F,
M,IN,368,0,,From 3 Apr 2001 onwards: official repo overnight rate; from 1 Jan 1946 to 2 Apr 2001: oank rate.,4,Reserve Bank of India,This rate can be considered the official policy rate as from 2001. The Reserve Bank of India (RBI) did not have a single policy rate prior to 2001. , Central bank policy rates - India - Monthly - End of period,2017-05,6.25,A,F,
M,IN,368,0,,From 3 Apr 2001 onwards: official repo overnight rate; from 1 Jan 1946 to 2 Apr 2001: oank rate.,4,Reserve Bank of India,This rate can be considered the official policy rate as from 2001. The Reserve Bank of India (RBI) did not have a single policy rate prior to 2001. , Central bank policy rates - India - Monthly - End of period,2017-06,6.25,A,F,
M,IN,368,0,,From 3 Apr 2001 onwards: official repo overnight rate; from 1 Jan 1946 to 2 Apr 2001: oank rate.,4,Reserve Bank of India,This rate can be considered the official policy rate as from 2001. The Reserve Bank of India (RBI) did not have a single policy rate prior to 2001. , Central bank policy rates - India - Monthly - End of period,2017-07,6.25,A,F,
M,IN,368,0,,From 3 Apr 2001 onwards: official repo overnight rate; from 1 Jan 1946 to 2 Apr 2001: oank rate.,4,Reserve Bank of India,This rate can be considered the official policy rate as from 2001. The Reserve Bank of India (RBI) did not have a single policy rate prior to 2001. , Central bank policy rates - India - Monthly - End of period,2017-08,6,A,F,
M,IN,368,0,,From 3 Apr 2001 onwards: official repo overnight rate; from 1 Jan 1946 to 2 Apr 2001: oank rate.,4,Reserve Bank of India,This rate can be considered the official policy rate as from 2001. The Reserve Bank of India (RBI) did not have a single policy rate prior to 2001. , Central bank policy rates - India - Monthly - End of period,2017-09,6,A,F,
M,IN,368,0,,From 3 Apr 2001 onwards: official repo overnight rate; from 1 Jan 1946 to 2 Apr 2001: oank rate.,4,Reserve Bank of India,This rate can be considered the official policy rate as from 2001. The Reserve Bank of India (RBI) did not have a single policy rate prior to 2001. , Central bank policy rates - India - Monthly - End of period,2017-10,6,A,F,
M,IN,368,0,,From 3 Apr 2001 onwards: official repo overnight rate; from 1 Jan 1946 to 2 Apr 2001: oank rate.,4,Reserve Bank of India,This rate can be considered the official policy rate as from 2001. The Reserve Bank of India (RBI) did not have a single policy rate prior to 2001. , Central bank policy rates - India - Monthly - End of period,2017-11,6,A,F,
M,IN,368,0,,From 3 Apr 2001 onwards: official repo overnight rate; from 1 Jan 1946 to 2 Apr 2001: oank rate.,4,Reserve Bank of India,This rate can be considered the official policy rate as from 2001. The Reserve Bank of India (RBI) did not have a single policy rate prior to 2001. , Central bank policy rates - India - Monthly - End of period,2017-12,6,A,F,
M,IN,368,0,,From 3 Apr 2001 onwards: official repo overnight rate; from 1 Jan 1946 to 2 Apr 2001: oank rate.,4,Reserve Bank of India,This rate can be considered the official policy rate as from 2001. The Reserve Bank of India (RBI) did not have a single policy rate prior to 2001. , Central bank policy rates - India - Monthly - End of period,2018-01,6,A,F,
M,IN,368,0,,From 3 Apr 2001 onwards: official repo overnight rate; from 1 Jan 1946 to 2 Apr 2001: oank rate.,4,Reserve Bank of India,This rate can be considered the official policy rate as from 2001. The Reserve Bank of India (RBI) did not have a single policy rate prior to 2001. , Central bank policy rates - India - Monthly - End of period,2018-02,6,A,F,
M,IN,368,0,,From 3 Apr 2001 onwards: official repo overnight rate; from 1 Jan 1946 to 2 Apr 2001: oank rate.,4,Reserve Bank of India,This rate can be considered the official policy rate as from 2001. The Reserve Bank of India (RBI) did not have a single policy rate prior to 2001. , Central bank policy rates - India - Monthly - End of period,2018-03,6,A,F,
M,IN,368,0,,From 3 Apr 2001 onwards: official repo overnight rate; from 1 Jan 1946 to 2 Apr 2001: oank rate.,4,Reserve Bank of India,This rate can be considered the official policy rate as from 2001. The Reserve Bank of India (RBI) did not have a single policy rate prior to 2001. , Central bank policy rates - India - Monthly - End of period,2018-04,6,A,F,
M,IN,368,0,,From 3 Apr 2001 onwards: official repo overnight rate; from 1 Jan 1946 to 2 Apr 2001: oank rate.,4,Reserve Bank of India,This rate can be considered the official policy rate as from 2001. The Reserve Bank of India (RBI) did not have a single policy rate prior to 2001. , Central bank policy rates - India - Monthly - End of period,2018-05,6,A,F,
M,IN,368,0,,From 3 Apr 2001 onwards: official repo overnight rate; from 1 Jan 1946 to 2 Apr 2001: oank rate.,4,Reserve Bank of India,This rate can be considered the official policy rate as from 2001. The Reserve Bank of India (RBI) did not have a single policy rate prior to 2001. , Central bank policy rates - India - Monthly - End of period,2018-06,6.25,A,F,
M,IN,368,0,,From 3 Apr 2001 onwards: official repo overnight rate; from 1 Jan 1946 to 2 Apr 2001: oank rate.,4,Reserve Bank of India,This rate can be considered the official policy rate as from 2001. The Reserve Bank of India (RBI) did not have a single policy rate prior to 2001. , Central bank policy rates - India - Monthly - End of period,2018-07,6.25,A,F,
M,IN,368,0,,From 3 Apr 2001 onwards: official repo overnight rate; from 1 Jan 1946 to 2 Apr 2001: oank rate.,4,Reserve Bank of India,This rate can be considered the official policy rate as from 2001. The Reserve Bank of India (RBI) did not have a single policy rate prior to 2001. , Central bank policy rates - India - Monthly - End of period,2018-08,6.5,A,F,
M,IN,368,0,,From 3 Apr 2001 onwards: official repo overnight rate; from 1 Jan 1946 to 2 Apr 2001: oank rate.,4,Reserve Bank of India,This rate can be considered the official policy rate as from 2001. The Reserve Bank of India (RBI) did not have a single policy rate prior to 2001. , Central bank policy rates - India - Monthly - End of period,2018-09,6.5,A,F,
M,IN,368,0,,From 3 Apr 2001 onwards: official repo overnight rate; from 1 Jan 1946 to 2 Apr 2001: oank rate.,4,Reserve Bank of India,This rate can be considered the official policy rate as from 2001. The Reserve Bank of India (RBI) did not have a single policy rate prior to 2001. , Central bank policy rates - India - Monthly - End of period,2018-10,6.5,A,F,
M,IN,368,0,,From 3 Apr 2001 onwards: official repo overnight rate; from 1 Jan 1946 to 2 Apr 2001: oank rate.,4,Reserve Bank of India,This rate can be considered the official policy rate as from 2001. The Reserve Bank of India (RBI) did not have a single policy rate prior to 2001. , Central bank policy rates - India - Monthly - End of period,2018-11,6.5,A,F,
M,IN,368,0,,From 3 Apr 2001 onwards: official repo overnight rate; from 1 Jan 1946 to 2 Apr 2001: oank rate.,4,Reserve Bank of India,This rate can be considered the official policy rate as from 2001. The Reserve Bank of India (RBI) did not have a single policy rate prior to 2001. , Central bank policy rates - India - Monthly - End of period,2018-12,6.5,A,F,
M,IN,368,0,,From 3 Apr 2001 onwards: official repo overnight rate; from 1 Jan 1946 to 2 Apr 2001: oank rate.,4,Reserve Bank of India,This rate can be considered the official policy rate as from 2001. The Reserve Bank of India (RBI) did not have a single policy rate prior to 2001. , Central bank policy rates - India - Monthly - End of period,2019-01,6.5,A,F,
M,IN,368,0,,From 3 Apr 2001 onwards: official repo overnight rate; from 1 Jan 1946 to 2 Apr 2001: oank rate.,4,Reserve Bank of India,This rate can be considered the official policy rate as from 2001. The Reserve Bank of India (RBI) did not have a single policy rate prior to 2001. , Central bank policy rates - India - Monthly - End of period,2019-02,6.25,A,F,
M,IN,368,0,,From 3 Apr 2001 onwards: official repo overnight rate; from 1 Jan 1946 to 2 Apr 2001: oank rate.,4,Reserve Bank of India,This rate can be considered the official policy rate as from 2001. The Reserve Bank of India (RBI) did not have a single policy rate prior to 2001. , Central bank policy rates - India - Monthly - End of period,2019-03,6.25,A,F,
M,IN,368,0,,From 3 Apr 2001 onwards: official repo overnight rate; from 1 Jan 1946 to 2 Apr 2001: oank rate.,4,Reserve Bank of India,This rate can be considered the official policy rate as from 2001. The Reserve Bank of India (RBI) did not have a single policy rate prior to 2001. , Central bank policy rates - India - Monthly - End of period,2019-04,6,A,F,
M,IN,368,0,,From 3 Apr 2001 onwards: official repo overnight rate; from 1 Jan 1946 to 2 Apr 2001: oank rate.,4,Reserve Bank of India,This rate can be considered the official policy rate as from 2001. The Reserve Bank of India (RBI) did not have a single policy rate prior to 2001. , Central bank policy rates - India - Monthly - End of period,2019-05,6,A,F,
M,IN,368,0,,From 3 Apr 2001 onwards: official repo overnight rate; from 1 Jan 1946 to 2 Apr 2001: oank rate.,4,Reserve Bank of India,This rate can be considered the official policy rate as from 2001. The Reserve Bank of India (RBI) did not have a single policy rate prior to 2001. , Central bank policy rates - India - Monthly - End of period,2019-06,5.75,A,F,
M,IN,368,0,,From 3 Apr 2001 onwards: official repo overnight rate; from 1 Jan 1946 to 2 Apr 2001: oank rate.,4,Reserve Bank of India,This rate can be considered the official policy rate as from 2001. The Reserve Bank of India (RBI) did not have a single policy rate prior to 2001. , Central bank policy rates - India - Monthly - End of period,2019-07,5.75,A,F,
M,IN,368,0,,From 3 Apr 2001 onwards: official repo overnight rate; from 1 Jan 1946 to 2 Apr 2001: oank rate.,4,Reserve Bank of India,This rate can be considered the official policy rate as from 2001. The Reserve Bank of India (RBI) did not have a single policy rate prior to 2001. , Central bank policy rates - India - Monthly - End of period,2019-08,5.4,A,F,
M,IN,368,0,,From 3 Apr 2001 onwards: official repo overnight rate; from 1 Jan 1946 to 2 Apr 2001: oank rate.,4,Reserve Bank of India,This rate can be considered the official policy rate as from 2001. The Reserve Bank of India (RBI) did not have a single policy rate prior to 2001. , Central bank policy rates - India - Monthly - End of period,2019-09,5.4,A,F,
M,IN,368,0,,From 3 Apr 2001 onwards: official repo overnight rate; from 1 Jan 1946 to 2 Apr 2001: oank rate.,4,Reserve Bank of India,This rate can be considered the official policy rate as from 2001. The Reserve Bank of India (RBI) did not have a single policy rate prior to 2001. , Central bank policy rates - India - Monthly - End of period,2019-10,5.15,A,F,
M,IN,368,0,,From 3 Apr 2001 onwards: official repo overnight rate; from 1 Jan 1946 to 2 Apr 2001: oank rate.,4,Reserve Bank of India,This rate can be considered the official policy rate as from 2001. The Reserve Bank of India (RBI) did not have a single policy rate prior to 2001. , Central bank policy rates - India - Monthly - End of period,2019-11,5.15,A,F,
M,IN,368,0,,From 3 Apr 2001 onwards: official repo overnight rate; from 1 Jan 1946 to 2 Apr 2001: oank rate.,4,Reserve Bank of India,This rate can be considered the official policy rate as from 2001. The Reserve Bank of India (RBI) did not have a single policy rate prior to 2001. , Central bank policy rates - India - Monthly - End of period,2019-12,5.15,A,F,
M,IN,368,0,,From 3 Apr 2001 onwards: official repo overnight rate; from 1 Jan 1946 to 2 Apr 2001: oank rate.,4,Reserve Bank of India,This rate can be considered the official policy rate as from 2001. The Reserve Bank of India (RBI) did not have a single policy rate prior to 2001. , Central bank policy rates - India - Monthly - End of period,2020-01,5.15,A,F,
M,IN,368,0,,From 3 Apr 2001 onwards: official repo overnight rate; from 1 Jan 1946 to 2 Apr 2001: oank rate.,4,Reserve Bank of India,This rate can be considered the official policy rate as from 2001. The Reserve Bank of India (RBI) did not have a single policy rate prior to 2001. , Central bank policy rates - India - Monthly - End of period,2020-02,5.15,A,F,
M,IN,368,0,,From 3 Apr 2001 onwards: official repo overnight rate; from 1 Jan 1946 to 2 Apr 2001: oank rate.,4,Reserve Bank of India,This rate can be considered the official policy rate as from 2001. The Reserve Bank of India (RBI) did not have a single policy rate prior to 2001. , Central bank policy rates - India - Monthly - End of period,2020-03,4.4,A,F,
M,IN,368,0,,From 3 Apr 2001 onwards: official repo overnight rate; from 1 Jan 1946 to 2 Apr 2001: oank rate.,4,Reserve Bank of India,This rate can be considered the official policy rate as from 2001. The Reserve Bank of India (RBI) did not have a single policy rate prior to 2001. , Central bank policy rates - India - Monthly - End of period,2020-04,4.4,A,F,
M,IN,368,0,,From 3 Apr 2001 onwards: official repo overnight rate; from 1 Jan 1946 to 2 Apr 2001: oank rate.,4,Reserve Bank of India,This rate can be considered the official policy rate as from 2001. The Reserve Bank of India (RBI) did not have a single policy rate prior to 2001. , Central bank policy rates - India - Monthly - End of period,2020-05,4,A,F,
M,IN,368,0,,From 3 Apr 2001 onwards: official repo overnight rate; from 1 Jan 1946 to 2 Apr 2001: oank rate.,4,Reserve Bank of India,This rate can be considered the official policy rate as from 2001. The Reserve Bank of India (RBI) did not have a single policy rate prior to 2001. , Central bank policy rates - India - Monthly - End of period,2020-06,4,A,F,
M,IN,368,0,,From 3 Apr 2001 onwards: official repo overnight rate; from 1 Jan 1946 to 2 Apr 2001: oank rate.,4,Reserve Bank of India,This rate can be considered the official policy rate as from 2001. The Reserve Bank of India (RBI) did not have a single policy rate prior to 2001. , Central bank policy rates - India - Monthly - End of period,2020-07,4,A,F,
M,IN,368,0,,From 3 Apr 2001 onwards: official repo overnight rate; from 1 Jan 1946 to 2 Apr 2001: oank rate.,4,Reserve Bank of India,This rate can be considered the official policy rate as from 2001. The Reserve Bank of India (RBI) did not have a single policy rate prior to 2001. , Central bank policy rates - India - Monthly - End of period,2020-08,4,A,F,
M,IN,368,0,,From 3 Apr 2001 onwards: official repo overnight rate; from 1 Jan 1946 to 2 Apr 2001: oank rate.,4,Reserve Bank of India,This rate can be considered the official policy rate as from 2001. The Reserve Bank of India (RBI) did not have a single policy rate prior to 2001. , Central bank policy rates - India - Monthly - End of period,2020-09,4,A,F,
M,IN,368,0,,From 3 Apr 2001 onwards: official repo overnight rate; from 1 Jan 1946 to 2 Apr 2001: oank rate.,4,Reserve Bank of India,This rate can be considered the official policy rate as from 2001. The Reserve Bank of India (RBI) did not have a single policy rate prior to 2001. , Central bank policy rates - India - Monthly - End of period,2020-10,4,A,F,
M,IN,368,0,,From 3 Apr 2001 onwards: official repo overnight rate; from 1 Jan 1946 to 2 Apr 2001: oank rate.,4,Reserve Bank of India,This rate can be considered the official policy rate as from 2001. The Reserve Bank of India (RBI) did not have a single policy rate prior to 2001. , Central bank policy rates - India - Monthly - End of period,2020-11,4,A,F,
M,IN,368,0,,From 3 Apr 2001 onwards: official repo overnight rate; from 1 Jan 1946 to 2 Apr 2001: oank rate.,4,Reserve Bank of India,This rate can be considered the official policy rate as from 2001. The Reserve Bank of India (RBI) did not have a single policy rate prior to 2001. , Central bank policy rates - India - Monthly - End of period,2020-12,4,A,F,
M,IN,368,0,,From 3 Apr 2001 onwards: official repo overnight rate; from 1 Jan 1946 to 2 Apr 2001: oank rate.,4,Reserve Bank of India,This rate can be considered the official policy rate as from 2001. The Reserve Bank of India (RBI) did not have a single policy rate prior to 2001. , Central bank policy rates - India - Monthly - End of period,2021-01,4,A,F,
M,IN,368,0,,From 3 Apr 2001 onwards: official repo overnight rate; from 1 Jan 1946 to 2 Apr 2001: oank rate.,4,Reserve Bank of India,This rate can be considered the official policy rate as from 2001. The Reserve Bank of India (RBI) did not have a single policy rate prior to 2001. , Central bank policy rates - India - Monthly - End of period,2021-02,4,A,F,
M,IN,368,0,,From 3 Apr 2001 onwards: official repo overnight rate; from 1 Jan 1946 to 2 Apr 2001: oank rate.,4,Reserve Bank of India,This rate can be considered the official policy rate as from 2001. The Reserve Bank of India (RBI) did not have a single policy rate prior to 2001. , Central bank policy rates - India - Monthly - End of period,2021-03,4,A,F,
M,IN,368,0,,From 3 Apr 2001 onwards: official repo overnight rate; from 1 Jan 1946 to 2 Apr 2001: oank rate.,4,Reserve Bank of India,This rate can be considered the official policy rate as from 2001. The Reserve Bank of India (RBI) did not have a single policy rate prior to 2001. , Central bank policy rates - India - Monthly - End of period,2021-04,4,A,F,
M,IN,368,0,,From 3 Apr 2001 onwards: official repo overnight rate; from 1 Jan 1946 to 2 Apr 2001: oank rate.,4,Reserve Bank of India,This rate can be considered the official policy rate as from 2001. The Reserve Bank of India (RBI) did not have a single policy rate prior to 2001. , Central bank policy rates - India - Monthly - End of period,2021-05,4,A,F,
M,IN,368,0,,From 3 Apr 2001 onwards: official repo overnight rate; from 1 Jan 1946 to 2 Apr 2001: oank rate.,4,Reserve Bank of India,This rate can be considered the official policy rate as from 2001. The Reserve Bank of India (RBI) did not have a single policy rate prior to 2001. , Central bank policy rates - India - Monthly - End of period,2021-06,4,A,F,
M,IN,368,0,,From 3 Apr 2001 onwards: official repo overnight rate; from 1 Jan 1946 to 2 Apr 2001: oank rate.,4,Reserve Bank of India,This rate can be considered the official policy rate as from 2001. The Reserve Bank of India (RBI) did not have a single policy rate prior to 2001. , Central bank policy rates - India - Monthly - End of period,2021-07,4,A,F,
M,IN,368,0,,From 3 Apr 2001 onwards: official repo overnight rate; from 1 Jan 1946 to 2 Apr 2001: oank rate.,4,Reserve Bank of India,This rate can be considered the official policy rate as from 2001. The Reserve Bank of India (RBI) did not have a single policy rate prior to 2001. , Central bank policy rates - India - Monthly - End of period,2021-08,4,A,F,
M,IN,368,0,,From 3 Apr 2001 onwards: official repo overnight rate; from 1 Jan 1946 to 2 Apr 2001: oank rate.,4,Reserve Bank of India,This rate can be considered the official policy rate as from 2001. The Reserve Bank of India (RBI) did not have a single policy rate prior to 2001. , Central bank policy rates - India - Monthly - End of period,2021-09,4,A,F,
M,IN,368,0,,From 3 Apr 2001 onwards: official repo overnight rate; from 1 Jan 1946 to 2 Apr 2001: oank rate.,4,Reserve Bank of India,This rate can be considered the official policy rate as from 2001. The Reserve Bank of India (RBI) did not have a single policy rate prior to 2001. , Central bank policy rates - India - Monthly - End of period,2021-10,4,A,F,
M,IN,368,0,,From 3 Apr 2001 onwards: official repo overnight rate; from 1 Jan 1946 to 2 Apr 2001: oank rate.,4,Reserve Bank of India,This rate can be considered the official policy rate as from 2001. The Reserve Bank of India (RBI) did not have a single policy rate prior to 2001. , Central bank policy rates - India - Monthly - End of period,2021-11,4,A,F,
M,IN,368,0,,From 3 Apr 2001 onwards: official repo overnight rate; from 1 Jan 1946 to 2 Apr 2001: oank rate.,4,Reserve Bank of India,This rate can be considered the official policy rate as from 2001. The Reserve Bank of India (RBI) did not have a single policy rate prior to 2001. , Central bank policy rates - India - Monthly - End of period,2021-12,4,A,F,
M,IN,368,0,,From 3 Apr 2001 onwards: official repo overnight rate; from 1 Jan 1946 to 2 Apr 2001: oank rate.,4,Reserve Bank of India,This rate can be considered the official policy rate as from 2001. The Reserve Bank of India (RBI) did not have a single policy rate prior to 2001. , Central bank policy rates - India - Monthly - End of period,2022-01,4,A,F,
M,IN,368,0,,From 3 Apr 2001 onwards: official repo overnight rate; from 1 Jan 1946 to 2 Apr 2001: oank rate.,4,Reserve Bank of India,This rate can be considered the official policy rate as from 2001. The Reserve Bank of India (RBI) did not have a single policy rate prior to 2001. , Central bank policy rates - India - Monthly - End of period,2022-02,4,A,F,
M,IN,368,0,,From 3 Apr 2001 onwards: official repo overnight rate; from 1 Jan 1946 to 2 Apr 2001: oank rate.,4,Reserve Bank of India,This rate can be considered the official policy rate as from 2001. The Reserve Bank of India (RBI) did not have a single policy rate prior to 2001. , Central bank policy rates - India - Monthly - End of period,2022-03,4,A,F,
M,IN,368,0,,From 3 Apr 2001 onwards: official repo overnight rate; from 1 Jan 1946 to 2 Apr 2001: oank rate.,4,Reserve Bank of India,This rate can be considered the official policy rate as from 2001. The Reserve Bank of India (RBI) did not have a single policy rate prior to 2001. , Central bank policy rates - India - Monthly - End of period,2022-04,4,A,F,
M,IN,368,0,,From 3 Apr 2001 onwards: official repo overnight rate; from 1 Jan 1946 to 2 Apr 2001: oank rate.,4,Reserve Bank of India,This rate can be considered the official policy rate as from 2001. The Reserve Bank of India (RBI) did not have a single policy rate prior to 2001. , Central bank policy rates - India - Monthly - End of period,2022-05,4.4,A,F,
M,IN,368,0,,From 3 Apr 2001 onwards: official repo overnight rate; from 1 Jan 1946 to 2 Apr 2001: oank rate.,4,Reserve Bank of India,This rate can be considered the official policy rate as from 2001. The Reserve Bank of India (RBI) did not have a single policy rate prior to 2001. , Central bank policy rates - India - Monthly - End of period,2022-06,4.9,A,F,
M,IN,368,0,,From 3 Apr 2001 onwards: official repo overnight rate; from 1 Jan 1946 to 2 Apr 2001: oank rate.,4,Reserve Bank of India,This rate can be considered the official policy rate as from 2001. The Reserve Bank of India (RBI) did not have a single policy rate prior to 2001. , Central bank policy rates - India - Monthly - End of period,2022-07,4.9,A,F,
M,IN,368,0,,From 3 Apr 2001 onwards: official repo overnight rate; from 1 Jan 1946 to 2 Apr 2001: oank rate.,4,Reserve Bank of India,This rate can be considered the official policy rate as from 2001. The Reserve Bank of India (RBI) did not have a single policy rate prior to 2001. , Central bank policy rates - India - Monthly - End of period,2022-08,5.4,A,F,
M,IN,368,0,,From 3 Apr 2001 onwards: official repo overnight rate; from 1 Jan 1946 to 2 Apr 2001: oank rate.,4,Reserve Bank of India,This rate can be considered the official policy rate as from 2001. The Reserve Bank of India (RBI) did not have a single policy rate prior to 2001. , Central bank policy rates - India - Monthly - End of period,2022-09,5.9,A,F,
M,IN,368,0,,From 3 Apr 2001 onwards: official repo overnight rate; from 1 Jan 1946 to 2 Apr 2001: oank rate.,4,Reserve Bank of India,This rate can be considered the official policy rate as from 2001. The Reserve Bank of India (RBI) did not have a single policy rate prior to 2001. , Central bank policy rates - India - Monthly - End of period,2022-10,5.9,A,F,
M,IN,368,0,,From 3 Apr 2001 onwards: official repo overnight rate; from 1 Jan 1946 to 2 Apr 2001: oank rate.,4,Reserve Bank of India,This rate can be considered the official policy rate as from 2001. The Reserve Bank of India (RBI) did not have a single policy rate prior to 2001. , Central bank policy rates - India - Monthly - End of period,2022-11,5.9,A,F,
M,IN,368,0,,From 3 Apr 2001 onwards: official repo overnight rate; from 1 Jan 1946 to 2 Apr 2001: oank rate.,4,Reserve Bank of India,This rate can be considered the official policy rate as from 2001. The Reserve Bank of India (RBI) did not have a single policy rate prior to 2001. , Central bank policy rates - India - Monthly - End of period,2022-12,6.25,A,F,
M,IN,368,0,,From 3 Apr 2001 onwards: official repo overnight rate; from 1 Jan 1946 to 2 Apr 2001: oank rate.,4,Reserve Bank of India,This rate can be considered the official policy rate as from 2001. The Reserve Bank of India (RBI) did not have a single policy rate prior to 2001. , Central bank policy rates - India - Monthly - End of period,2023-01,6.25,A,F,
M,IN,368,0,,From 3 Apr 2001 onwards: official repo overnight rate; from 1 Jan 1946 to 2 Apr 2001: oank rate.,4,Reserve Bank of India,This rate can be considered the official policy rate as from 2001. The Reserve Bank of India (RBI) did not have a single policy rate prior to 2001. , Central bank policy rates - India - Monthly - End of period,2023-02,6.5,A,F,
M,IN,368,0,,From 3 Apr 2001 onwards: official repo overnight rate; from 1 Jan 1946 to 2 Apr 2001: oank rate.,4,Reserve Bank of India,This rate can be considered the official policy rate as from 2001. The Reserve Bank of India (RBI) did not have a single policy rate prior to 2001. , Central bank policy rates - India - Monthly - End of period,2023-03,6.5,A,F,
M,IN,368,0,,From 3 Apr 2001 onwards: official repo overnight rate; from 1 Jan 1946 to 2 Apr 2001: oank rate.,4,Reserve Bank of India,This rate can be considered the official policy rate as from 2001. The Reserve Bank of India (RBI) did not have a single policy rate prior to 2001. , Central bank policy rates - India - Monthly - End of period,2023-04,6.5,A,F,
M,IN,368,0,,From 3 Apr 2001 onwards: official repo overnight rate; from 1 Jan 1946 to 2 Apr 2001: oank rate.,4,Reserve Bank of India,This rate can be considered the official policy rate as from 2001. The Reserve Bank of India (RBI) did not have a single policy rate prior to 2001. , Central bank policy rates - India - Monthly - End of period,2023-05,6.5,A,F,
M,IN,368,0,,From 3 Apr 2001 onwards: official repo overnight rate; from 1 Jan 1946 to 2 Apr 2001: oank rate.,4,Reserve Bank of India,This rate can be considered the official policy rate as from 2001. The Reserve Bank of India (RBI) did not have a single policy rate prior to 2001. , Central bank policy rates - India - Monthly - End of period,2023-06,6.5,A,F,
M,IN,368,0,,From 3 Apr 2001 onwards: official repo overnight rate; from 1 Jan 1946 to 2 Apr 2001: oank rate.,4,Reserve Bank of India,This rate can be considered the official policy rate as from 2001. The Reserve Bank of India (RBI) did not have a single policy rate prior to 2001. , Central bank policy rates - India - Monthly - End of period,2023-07,6.5,A,F,
M,IN,368,0,,From 3 Apr 2001 onwards: official repo overnight rate; from 1 Jan 1946 to 2 Apr 2001: oank rate.,4,Reserve Bank of India,This rate can be considered the official policy rate as from 2001. The Reserve Bank of India (RBI) did not have a single policy rate prior to 2001. , Central bank policy rates - India - Monthly - End of period,2023-08,6.5,A,F,
M,IN,368,0,,From 3 Apr 2001 onwards: official repo overnight rate; from 1 Jan 1946 to 2 Apr 2001: oank rate.,4,Reserve Bank of India,This rate can be considered the official policy rate as from 2001. The Reserve Bank of India (RBI) did not have a single policy rate prior to 2001. , Central bank policy rates - India - Monthly - End of period,2023-09,6.5,A,F,
M,IN,368,0,,From 3 Apr 2001 onwards: official repo overnight rate; from 1 Jan 1946 to 2 Apr 2001: oank rate.,4,Reserve Bank of India,This rate can be considered the official policy rate as from 2001. The Reserve Bank of India (RBI) did not have a single policy rate prior to 2001. , Central bank policy rates - India - Monthly - End of period,2023-10,6.5,A,F,
M,IN,368,0,,From 3 Apr 2001 onwards: official repo overnight rate; from 1 Jan 1946 to 2 Apr 2001: oank rate.,4,Reserve Bank of India,This rate can be considered the official policy rate as from 2001. The Reserve Bank of India (RBI) did not have a single policy rate prior to 2001. , Central bank policy rates - India - Monthly - End of period,2023-11,6.5,A,F,
M,IN,368,0,,From 3 Apr 2001 onwards: official repo overnight rate; from 1 Jan 1946 to 2 Apr 2001: oank rate.,4,Reserve Bank of India,This rate can be considered the official policy rate as from 2001. The Reserve Bank of India (RBI) did not have a single policy rate prior to 2001. , Central bank policy rates - India - Monthly - End of period,2023-12,6.5,A,F,
M,IN,368,0,,From 3 Apr 2001 onwards: official repo overnight rate; from 1 Jan 1946 to 2 Apr 2001: oank rate.,4,Reserve Bank of India,This rate can be considered the official policy rate as from 2001. The Reserve Bank of India (RBI) did not have a single policy rate prior to 2001. , Central bank policy rates - India - Monthly - End of period,2024-01,6.5,A,F,
M,IN,368,0,,From 3 Apr 2001 onwards: official repo overnight rate; from 1 Jan 1946 to 2 Apr 2001: oank rate.,4,Reserve Bank of India,This rate can be considered the official policy rate as from 2001. The Reserve Bank of India (RBI) did not have a single policy rate prior to 2001. , Central bank policy rates - India - Monthly - End of period,2024-02,6.5,A,F,
M,IN,368,0,,From 3 Apr 2001 onwards: official repo overnight rate; from 1 Jan 1946 to 2 Apr 2001: oank rate.,4,Reserve Bank of India,This rate can be considered the official policy rate as from 2001. The Reserve Bank of India (RBI) did not have a single policy rate prior to 2001. , Central bank policy rates - India - Monthly - End of period,2024-03,6.5,A,F,
M,IN,368,0,,From 3 Apr 2001 onwards: official repo overnight rate; from 1 Jan 1946 to 2 Apr 2001: oank rate.,4,Reserve Bank of India,This rate can be considered the official policy rate as from 2001. The Reserve Bank of India (RBI) did not have a single policy rate prior to 2001. , Central bank policy rates - India - Monthly - End of period,2024-04,6.5,A,F,
M,IN,368,0,,From 3 Apr 2001 onwards: official repo overnight rate; from 1 Jan 1946 to 2 Apr 2001: oank rate.,4,Reserve Bank of India,This rate can be considered the official policy rate as from 2001. The Reserve Bank of India (RBI) did not have a single policy rate prior to 2001. , Central bank policy rates - India - Monthly - End of period,2024-05,6.5,A,F,
M,IN,368,0,,From 3 Apr 2001 onwards: official repo overnight rate; from 1 Jan 1946 to 2 Apr 2001: oank rate.,4,Reserve Bank of India,This rate can be considered the official policy rate as from 2001. The Reserve Bank of India (RBI) did not have a single policy rate prior to 2001. , Central bank policy rates - India - Monthly - End of period,2024-06,6.5,A,F,
M,IN,368,0,,From 3 Apr 2001 onwards: official repo overnight rate; from 1 Jan 1946 to 2 Apr 2001: oank rate.,4,Reserve Bank of India,This rate can be considered the official policy rate as from 2001. The Reserve Bank of India (RBI) did not have a single policy rate prior to 2001. , Central bank policy rates - India - Monthly - End of period,2024-07,6.5,A,F,
M,IN,368,0,,From 3 Apr 2001 onwards: official repo overnight rate; from 1 Jan 1946 to 2 Apr 2001: oank rate.,4,Reserve Bank of India,This rate can be considered the official policy rate as from 2001. The Reserve Bank of India (RBI) did not have a single policy rate prior to 2001. , Central bank policy rates - India - Monthly - End of period,2024-08,6.5,A,F,
M,IN,368,0,,From 3 Apr 2001 onwards: official repo overnight rate; from 1 Jan 1946 to 2 Apr 2001: oank rate.,4,Reserve Bank of India,This rate can be considered the official policy rate as from 2001. The Reserve Bank of India (RBI) did not have a single policy rate prior to 2001. , Central bank policy rates - India - Monthly - End of period,2024-09,6.5,A,F,
M,IN,368,0,,From 3 Apr 2001 onwards: official repo overnight rate; from 1 Jan 1946 to 2 Apr 2001: oank rate.,4,Reserve Bank of India,This rate can be considered the official policy rate as from 2001. The Reserve Bank of India (RBI) did not have a single policy rate prior to 2001. , Central bank policy rates - India - Monthly - End of period,2024-10,6.5,A,F,
M,IN,368,0,,From 3 Apr 2001 onwards: official repo overnight rate; from 1 Jan 1946 to 2 Apr 2001: oank rate.,4,Reserve Bank of India,This rate can be considered the official policy rate as from 2001. The Reserve Bank of India (RBI) did not have a single policy rate prior to 2001. , Central bank policy rates - India - Monthly - End of period,2024-11,6.5,A,F,
M,IN,368,0,,From 3 Apr 2001 onwards: official repo overnight rate; from 1 Jan 1946 to 2 Apr 2001: oank rate.,4,Reserve Bank of India,This rate can be considered the official policy rate as from 2001. The Reserve Bank of India (RBI) did not have a single policy rate prior to 2001. , Central bank policy rates - India - Monthly - End of period,2024-12,6.5,A,F,
M,IN,368,0,,From 3 Apr 2001 onwards: official repo overnight rate; from 1 Jan 1946 to 2 Apr 2001: oank rate.,4,Reserve Bank of India,This rate can be considered the official policy rate as from 2001. The Reserve Bank of India (RBI) did not have a single policy rate prior to 2001. , Central bank policy rates - India - Monthly - End of period,2025-01,6.5,A,F,
M,IN,368,0,,From 3 Apr 2001 onwards: official repo overnight rate; from 1 Jan 1946 to 2 Apr 2001: oank rate.,4,Reserve Bank of India,This rate can be considered the official policy rate as from 2001. The Reserve Bank of India (RBI) did not have a single policy rate prior to 2001. , Central bank policy rates - India - Monthly - End of period,2025-02,6.25,A,F,
M,IN,368,0,,From 3 Apr 2001 onwards: official repo overnight rate; from 1 Jan 1946 to 2 Apr 2001: oank rate.,4,Reserve Bank of India,This rate can be considered the official policy rate as from 2001. The Reserve Bank of India (RBI) did not have a single policy rate prior to 2001. , Central bank policy rates - India - Monthly - End of period,2025-03,6.25,A,F,
M,IN,368,0,,From 3 Apr 2001 onwards: official repo overnight rate; from 1 Jan 1946 to 2 Apr 2001: oank rate.,4,Reserve Bank of India,This rate can be considered the official policy rate as from 2001. The Reserve Bank of India (RBI) did not have a single policy rate prior to 2001. , Central bank policy rates - India - Monthly - End of period,2025-04,6,A,F,
M,IN,368,0,,From 3 Apr 2001 onwards: official repo overnight rate; from 1 Jan 1946 to 2 Apr 2001: oank rate.,4,Reserve Bank of India,This rate can be considered the official policy rate as from 2001. The Reserve Bank of India (RBI) did not have a single policy rate prior to 2001. , Central bank policy rates - India - Monthly - End of period,2025-05,6,A,F,
M,IN,368,0,,From 3 Apr 2001 onwards: official repo overnight rate; from 1 Jan 1946 to 2 Apr 2001: oank rate.,4,Reserve Bank of India,This rate can be considered the official policy rate as from 2001. The Reserve Bank of India (RBI) did not have a single policy rate prior to 2001. , Central bank policy rates - India - Monthly - End of period,2025-06,5.5,A,F,
M,IN,368,0,,From 3 Apr 2001 onwards: official repo overnight rate; from 1 Jan 1946 to 2 Apr 2001: oank rate.,4,Reserve Bank of India,This rate can be considered the official policy rate as from 2001. The Reserve Bank of India (RBI) did not have a single policy rate prior to 2001. , Central bank policy rates - India - Monthly - End of period,2025-07,5.5,A,F,
M,IN,368,0,,From 3 Apr 2001 onwards: official repo overnight rate; from 1 Jan 1946 to 2 Apr 2001: oank rate.,4,Reserve Bank of India,This rate can be considered the official policy rate as from 2001. The Reserve Bank of India (RBI) did not have a single policy rate prior to 2001. , Central bank policy rates - India - Monthly - End of period,2025-08,5.5,A,F,
M,IN,368,0,,From 3 Apr 2001 onwards: official repo overnight rate; from 1 Jan 1946 to 2 Apr 2001: oank rate.,4,Reserve Bank of India,This rate can be considered the official policy rate as from 2001. The Reserve Bank of India (RBI) did not have a single policy rate prior to 2001. , Central bank policy rates - India - Monthly - End of period,2025-09,5.5,A,F,
M,IN,368,0,,From 3 Apr 2001 onwards: official repo overnight rate; from 1 Jan 1946 to 2 Apr 2001: oank rate.,4,Reserve Bank of India,This rate can be considered the official policy rate as from 2001. The Reserve Bank of India (RBI) did not have a single policy rate prior to 2001. , Central bank policy rates - India - Monthly - End of period,2025-10,5.5,A,F,
M,IN,368,0,,From 3 Apr 2001 onwards: official repo overnight rate; from 1 Jan 1946 to 2 Apr 2001: oank rate.,4,Reserve Bank of India,This rate can be considered the official policy rate as from 2001. The Reserve Bank of India (RBI) did not have a single policy rate prior to 2001. , Central bank policy rates - India - Monthly - End of period,2025-11,5.5,A,F,
M,IN,368,0,,From 3 Apr 2001 onwards: official repo overnight rate; from 1 Jan 1946 to 2 Apr 2001: oank rate.,4,Reserve Bank of India,This rate can be considered the official policy rate as from 2001. The Reserve Bank of India (RBI) did not have a single policy rate prior to 2001. , Central bank policy rates - India - Monthly - End of period,2025-12,5.25,A,F,
M,IN,368,0,,From 3 Apr 2001 onwards: official repo overnight rate; from 1 Jan 1946 to 2 Apr 2001: oank rate.,4,Reserve Bank of India,This rate can be considered the official policy rate as from 2001. The Reserve Bank of India (RBI) did not have a single policy rate prior to 2001. , Central bank policy rates - India - Monthly - End of period,2026-01,5.25,A,F,
M,IN,368,0,,From 3 Apr 2001 onwards: official repo overnight rate; from 1 Jan 1946 to 2 Apr 2001: oank rate.,4,Reserve Bank of India,This rate can be considered the official policy rate as from 2001. The Reserve Bank of India (RBI) did not have a single policy rate prior to 2001. , Central bank policy rates - India - Monthly - End of period,2026-02,5.25,A,F,
M,IN,368,0,,From 3 Apr 2001 onwards: official repo overnight rate; from 1 Jan 1946 to 2 Apr 2001: oank rate.,4,Reserve Bank of India,This rate can be considered the official policy rate as from 2001. The Reserve Bank of India (RBI) did not have a single policy rate prior to 2001. , Central bank policy rates - India - Monthly - End of period,2026-03,5.25,A,F,
M,IN,368,0,,From 3 Apr 2001 onwards: official repo overnight rate; from 1 Jan 1946 to 2 Apr 2001: oank rate.,4,Reserve Bank of India,This rate can be considered the official policy rate as from 2001. The Reserve Bank of India (RBI) did not have a single policy rate prior to 2001. , Central bank policy rates - India - Monthly - End of period,2026-04,5.25,A,F,
M,IN,368,0,,From 3 Apr 2001 onwards: official repo overnight rate; from 1 Jan 1946 to 2 Apr 2001: oank rate.,4,Reserve Bank of India,This rate can be considered the official policy rate as from 2001. The Reserve Bank of India (RBI) did not have a single policy rate prior to 2001. , Central bank policy rates - India - Monthly - End of period,2026-05,5.25,A,F,
M,IN,368,0,,From 3 Apr 2001 onwards: official repo overnight rate; from 1 Jan 1946 to 2 Apr 2001: oank rate.,4,Reserve Bank of India,This rate can be considered the official policy rate as from 2001. The Reserve Bank of India (RBI) did not have a single policy rate prior to 2001. , Central bank policy rates - India - Monthly - End of period,2026-06,5.25,A,F,
M,NZ,368,0,,"From 17 Mar 1999 onwards: Official market intervention representative rate, official cash rate; from Jan 1985 to 16 Mar 1999: overnight cash rate.",4,Reserve Bank of New Zealand,This rate can be considered the official policy rate as from 17 Mar 1999. , Central bank policy rates - New Zealand - Monthly - End of period,2016-01,2.5,A,F,
M,NZ,368,0,,"From 17 Mar 1999 onwards: Official market intervention representative rate, official cash rate; from Jan 1985 to 16 Mar 1999: overnight cash rate.",4,Reserve Bank of New Zealand,This rate can be considered the official policy rate as from 17 Mar 1999. , Central bank policy rates - New Zealand - Monthly - End of period,2016-02,2.5,A,F,
M,NZ,368,0,,"From 17 Mar 1999 onwards: Official market intervention representative rate, official cash rate; from Jan 1985 to 16 Mar 1999: overnight cash rate.",4,Reserve Bank of New Zealand,This rate can be considered the official policy rate as from 17 Mar 1999. , Central bank policy rates - New Zealand - Monthly - End of period,2016-03,2.25,A,F,
M,NZ,368,0,,"From 17 Mar 1999 onwards: Official market intervention representative rate, official cash rate; from Jan 1985 to 16 Mar 1999: overnight cash rate.",4,Reserve Bank of New Zealand,This rate can be considered the official policy rate as from 17 Mar 1999. , Central bank policy rates - New Zealand - Monthly - End of period,2016-04,2.25,A,F,
M,NZ,368,0,,"From 17 Mar 1999 onwards: Official market intervention representative rate, official cash rate; from Jan 1985 to 16 Mar 1999: overnight cash rate.",4,Reserve Bank of New Zealand,This rate can be considered the official policy rate as from 17 Mar 1999. , Central bank policy rates - New Zealand - Monthly - End of period,2016-05,2.25,A,F,
M,NZ,368,0,,"From 17 Mar 1999 onwards: Official market intervention representative rate, official cash rate; from Jan 1985 to 16 Mar 1999: overnight cash rate.",4,Reserve Bank of New Zealand,This rate can be considered the official policy rate as from 17 Mar 1999. , Central bank policy rates - New Zealand - Monthly - End of period,2016-06,2.25,A,F,
M,NZ,368,0,,"From 17 Mar 1999 onwards: Official market intervention representative rate, official cash rate; from Jan 1985 to 16 Mar 1999: overnight cash rate.",4,Reserve Bank of New Zealand,This rate can be considered the official policy rate as from 17 Mar 1999. , Central bank policy rates - New Zealand - Monthly - End of period,2016-07,2.25,A,F,
M,NZ,368,0,,"From 17 Mar 1999 onwards: Official market intervention representative rate, official cash rate; from Jan 1985 to 16 Mar 1999: overnight cash rate.",4,Reserve Bank of New Zealand,This rate can be considered the official policy rate as from 17 Mar 1999. , Central bank policy rates - New Zealand - Monthly - End of period,2016-08,2,A,F,
M,NZ,368,0,,"From 17 Mar 1999 onwards: Official market intervention representative rate, official cash rate; from Jan 1985 to 16 Mar 1999: overnight cash rate.",4,Reserve Bank of New Zealand,This rate can be considered the official policy rate as from 17 Mar 1999. , Central bank policy rates - New Zealand - Monthly - End of period,2016-09,2,A,F,
M,NZ,368,0,,"From 17 Mar 1999 onwards: Official market intervention representative rate, official cash rate; from Jan 1985 to 16 Mar 1999: overnight cash rate.",4,Reserve Bank of New Zealand,This rate can be considered the official policy rate as from 17 Mar 1999. , Central bank policy rates - New Zealand - Monthly - End of period,2016-10,2,A,F,
M,NZ,368,0,,"From 17 Mar 1999 onwards: Official market intervention representative rate, official cash rate; from Jan 1985 to 16 Mar 1999: overnight cash rate.",4,Reserve Bank of New Zealand,This rate can be considered the official policy rate as from 17 Mar 1999. , Central bank policy rates - New Zealand - Monthly - End of period,2016-11,1.75,A,F,
M,NZ,368,0,,"From 17 Mar 1999 onwards: Official market intervention representative rate, official cash rate; from Jan 1985 to 16 Mar 1999: overnight cash rate.",4,Reserve Bank of New Zealand,This rate can be considered the official policy rate as from 17 Mar 1999. , Central bank policy rates - New Zealand - Monthly - End of period,2016-12,1.75,A,F,
M,NZ,368,0,,"From 17 Mar 1999 onwards: Official market intervention representative rate, official cash rate; from Jan 1985 to 16 Mar 1999: overnight cash rate.",4,Reserve Bank of New Zealand,This rate can be considered the official policy rate as from 17 Mar 1999. , Central bank policy rates - New Zealand - Monthly - End of period,2017-01,1.75,A,F,
M,NZ,368,0,,"From 17 Mar 1999 onwards: Official market intervention representative rate, official cash rate; from Jan 1985 to 16 Mar 1999: overnight cash rate.",4,Reserve Bank of New Zealand,This rate can be considered the official policy rate as from 17 Mar 1999. , Central bank policy rates - New Zealand - Monthly - End of period,2017-02,1.75,A,F,
M,NZ,368,0,,"From 17 Mar 1999 onwards: Official market intervention representative rate, official cash rate; from Jan 1985 to 16 Mar 1999: overnight cash rate.",4,Reserve Bank of New Zealand,This rate can be considered the official policy rate as from 17 Mar 1999. , Central bank policy rates - New Zealand - Monthly - End of period,2017-03,1.75,A,F,
M,NZ,368,0,,"From 17 Mar 1999 onwards: Official market intervention representative rate, official cash rate; from Jan 1985 to 16 Mar 1999: overnight cash rate.",4,Reserve Bank of New Zealand,This rate can be considered the official policy rate as from 17 Mar 1999. , Central bank policy rates - New Zealand - Monthly - End of period,2017-04,1.75,A,F,
M,NZ,368,0,,"From 17 Mar 1999 onwards: Official market intervention representative rate, official cash rate; from Jan 1985 to 16 Mar 1999: overnight cash rate.",4,Reserve Bank of New Zealand,This rate can be considered the official policy rate as from 17 Mar 1999. , Central bank policy rates - New Zealand - Monthly - End of period,2017-05,1.75,A,F,
M,NZ,368,0,,"From 17 Mar 1999 onwards: Official market intervention representative rate, official cash rate; from Jan 1985 to 16 Mar 1999: overnight cash rate.",4,Reserve Bank of New Zealand,This rate can be considered the official policy rate as from 17 Mar 1999. , Central bank policy rates - New Zealand - Monthly - End of period,2017-06,1.75,A,F,
M,NZ,368,0,,"From 17 Mar 1999 onwards: Official market intervention representative rate, official cash rate; from Jan 1985 to 16 Mar 1999: overnight cash rate.",4,Reserve Bank of New Zealand,This rate can be considered the official policy rate as from 17 Mar 1999. , Central bank policy rates - New Zealand - Monthly - End of period,2017-07,1.75,A,F,
M,NZ,368,0,,"From 17 Mar 1999 onwards: Official market intervention representative rate, official cash rate; from Jan 1985 to 16 Mar 1999: overnight cash rate.",4,Reserve Bank of New Zealand,This rate can be considered the official policy rate as from 17 Mar 1999. , Central bank policy rates - New Zealand - Monthly - End of period,2017-08,1.75,A,F,
M,NZ,368,0,,"From 17 Mar 1999 onwards: Official market intervention representative rate, official cash rate; from Jan 1985 to 16 Mar 1999: overnight cash rate.",4,Reserve Bank of New Zealand,This rate can be considered the official policy rate as from 17 Mar 1999. , Central bank policy rates - New Zealand - Monthly - End of period,2017-09,1.75,A,F,
M,NZ,368,0,,"From 17 Mar 1999 onwards: Official market intervention representative rate, official cash rate; from Jan 1985 to 16 Mar 1999: overnight cash rate.",4,Reserve Bank of New Zealand,This rate can be considered the official policy rate as from 17 Mar 1999. , Central bank policy rates - New Zealand - Monthly - End of period,2017-10,1.75,A,F,
M,NZ,368,0,,"From 17 Mar 1999 onwards: Official market intervention representative rate, official cash rate; from Jan 1985 to 16 Mar 1999: overnight cash rate.",4,Reserve Bank of New Zealand,This rate can be considered the official policy rate as from 17 Mar 1999. , Central bank policy rates - New Zealand - Monthly - End of period,2017-11,1.75,A,F,
M,NZ,368,0,,"From 17 Mar 1999 onwards: Official market intervention representative rate, official cash rate; from Jan 1985 to 16 Mar 1999: overnight cash rate.",4,Reserve Bank of New Zealand,This rate can be considered the official policy rate as from 17 Mar 1999. , Central bank policy rates - New Zealand - Monthly - End of period,2017-12,1.75,A,F,
M,NZ,368,0,,"From 17 Mar 1999 onwards: Official market intervention representative rate, official cash rate; from Jan 1985 to 16 Mar 1999: overnight cash rate.",4,Reserve Bank of New Zealand,This rate can be considered the official policy rate as from 17 Mar 1999. , Central bank policy rates - New Zealand - Monthly - End of period,2018-01,1.75,A,F,
M,NZ,368,0,,"From 17 Mar 1999 onwards: Official market intervention representative rate, official cash rate; from Jan 1985 to 16 Mar 1999: overnight cash rate.",4,Reserve Bank of New Zealand,This rate can be considered the official policy rate as from 17 Mar 1999. , Central bank policy rates - New Zealand - Monthly - End of period,2018-02,1.75,A,F,
M,NZ,368,0,,"From 17 Mar 1999 onwards: Official market intervention representative rate, official cash rate; from Jan 1985 to 16 Mar 1999: overnight cash rate.",4,Reserve Bank of New Zealand,This rate can be considered the official policy rate as from 17 Mar 1999. , Central bank policy rates - New Zealand - Monthly - End of period,2018-03,1.75,A,F,
M,NZ,368,0,,"From 17 Mar 1999 onwards: Official market intervention representative rate, official cash rate; from Jan 1985 to 16 Mar 1999: overnight cash rate.",4,Reserve Bank of New Zealand,This rate can be considered the official policy rate as from 17 Mar 1999. , Central bank policy rates - New Zealand - Monthly - End of period,2018-04,1.75,A,F,
M,NZ,368,0,,"From 17 Mar 1999 onwards: Official market intervention representative rate, official cash rate; from Jan 1985 to 16 Mar 1999: overnight cash rate.",4,Reserve Bank of New Zealand,This rate can be considered the official policy rate as from 17 Mar 1999. , Central bank policy rates - New Zealand - Monthly - End of period,2018-05,1.75,A,F,
M,NZ,368,0,,"From 17 Mar 1999 onwards: Official market intervention representative rate, official cash rate; from Jan 1985 to 16 Mar 1999: overnight cash rate.",4,Reserve Bank of New Zealand,This rate can be considered the official policy rate as from 17 Mar 1999. , Central bank policy rates - New Zealand - Monthly - End of period,2018-06,1.75,A,F,
M,NZ,368,0,,"From 17 Mar 1999 onwards: Official market intervention representative rate, official cash rate; from Jan 1985 to 16 Mar 1999: overnight cash rate.",4,Reserve Bank of New Zealand,This rate can be considered the official policy rate as from 17 Mar 1999. , Central bank policy rates - New Zealand - Monthly - End of period,2018-07,1.75,A,F,
M,NZ,368,0,,"From 17 Mar 1999 onwards: Official market intervention representative rate, official cash rate; from Jan 1985 to 16 Mar 1999: overnight cash rate.",4,Reserve Bank of New Zealand,This rate can be considered the official policy rate as from 17 Mar 1999. , Central bank policy rates - New Zealand - Monthly - End of period,2018-08,1.75,A,F,
M,NZ,368,0,,"From 17 Mar 1999 onwards: Official market intervention representative rate, official cash rate; from Jan 1985 to 16 Mar 1999: overnight cash rate.",4,Reserve Bank of New Zealand,This rate can be considered the official policy rate as from 17 Mar 1999. , Central bank policy rates - New Zealand - Monthly - End of period,2018-09,1.75,A,F,
M,NZ,368,0,,"From 17 Mar 1999 onwards: Official market intervention representative rate, official cash rate; from Jan 1985 to 16 Mar 1999: overnight cash rate.",4,Reserve Bank of New Zealand,This rate can be considered the official policy rate as from 17 Mar 1999. , Central bank policy rates - New Zealand - Monthly - End of period,2018-10,1.75,A,F,
M,NZ,368,0,,"From 17 Mar 1999 onwards: Official market intervention representative rate, official cash rate; from Jan 1985 to 16 Mar 1999: overnight cash rate.",4,Reserve Bank of New Zealand,This rate can be considered the official policy rate as from 17 Mar 1999. , Central bank policy rates - New Zealand - Monthly - End of period,2018-11,1.75,A,F,
M,NZ,368,0,,"From 17 Mar 1999 onwards: Official market intervention representative rate, official cash rate; from Jan 1985 to 16 Mar 1999: overnight cash rate.",4,Reserve Bank of New Zealand,This rate can be considered the official policy rate as from 17 Mar 1999. , Central bank policy rates - New Zealand - Monthly - End of period,2018-12,1.75,A,F,
M,NZ,368,0,,"From 17 Mar 1999 onwards: Official market intervention representative rate, official cash rate; from Jan 1985 to 16 Mar 1999: overnight cash rate.",4,Reserve Bank of New Zealand,This rate can be considered the official policy rate as from 17 Mar 1999. , Central bank policy rates - New Zealand - Monthly - End of period,2019-01,1.75,A,F,
M,NZ,368,0,,"From 17 Mar 1999 onwards: Official market intervention representative rate, official cash rate; from Jan 1985 to 16 Mar 1999: overnight cash rate.",4,Reserve Bank of New Zealand,This rate can be considered the official policy rate as from 17 Mar 1999. , Central bank policy rates - New Zealand - Monthly - End of period,2019-02,1.75,A,F,
M,NZ,368,0,,"From 17 Mar 1999 onwards: Official market intervention representative rate, official cash rate; from Jan 1985 to 16 Mar 1999: overnight cash rate.",4,Reserve Bank of New Zealand,This rate can be considered the official policy rate as from 17 Mar 1999. , Central bank policy rates - New Zealand - Monthly - End of period,2019-03,1.75,A,F,
M,NZ,368,0,,"From 17 Mar 1999 onwards: Official market intervention representative rate, official cash rate; from Jan 1985 to 16 Mar 1999: overnight cash rate.",4,Reserve Bank of New Zealand,This rate can be considered the official policy rate as from 17 Mar 1999. , Central bank policy rates - New Zealand - Monthly - End of period,2019-04,1.75,A,F,
M,NZ,368,0,,"From 17 Mar 1999 onwards: Official market intervention representative rate, official cash rate; from Jan 1985 to 16 Mar 1999: overnight cash rate.",4,Reserve Bank of New Zealand,This rate can be considered the official policy rate as from 17 Mar 1999. , Central bank policy rates - New Zealand - Monthly - End of period,2019-05,1.5,A,F,
M,NZ,368,0,,"From 17 Mar 1999 onwards: Official market intervention representative rate, official cash rate; from Jan 1985 to 16 Mar 1999: overnight cash rate.",4,Reserve Bank of New Zealand,This rate can be considered the official policy rate as from 17 Mar 1999. , Central bank policy rates - New Zealand - Monthly - End of period,2019-06,1.5,A,F,
M,NZ,368,0,,"From 17 Mar 1999 onwards: Official market intervention representative rate, official cash rate; from Jan 1985 to 16 Mar 1999: overnight cash rate.",4,Reserve Bank of New Zealand,This rate can be considered the official policy rate as from 17 Mar 1999. , Central bank policy rates - New Zealand - Monthly - End of period,2019-07,1.5,A,F,
M,NZ,368,0,,"From 17 Mar 1999 onwards: Official market intervention representative rate, official cash rate; from Jan 1985 to 16 Mar 1999: overnight cash rate.",4,Reserve Bank of New Zealand,This rate can be considered the official policy rate as from 17 Mar 1999. , Central bank policy rates - New Zealand - Monthly - End of period,2019-08,1,A,F,
M,NZ,368,0,,"From 17 Mar 1999 onwards: Official market intervention representative rate, official cash rate; from Jan 1985 to 16 Mar 1999: overnight cash rate.",4,Reserve Bank of New Zealand,This rate can be considered the official policy rate as from 17 Mar 1999. , Central bank policy rates - New Zealand - Monthly - End of period,2019-09,1,A,F,
M,NZ,368,0,,"From 17 Mar 1999 onwards: Official market intervention representative rate, official cash rate; from Jan 1985 to 16 Mar 1999: overnight cash rate.",4,Reserve Bank of New Zealand,This rate can be considered the official policy rate as from 17 Mar 1999. , Central bank policy rates - New Zealand - Monthly - End of period,2019-10,1,A,F,
M,NZ,368,0,,"From 17 Mar 1999 onwards: Official market intervention representative rate, official cash rate; from Jan 1985 to 16 Mar 1999: overnight cash rate.",4,Reserve Bank of New Zealand,This rate can be considered the official policy rate as from 17 Mar 1999. , Central bank policy rates - New Zealand - Monthly - End of period,2019-11,1,A,F,
M,NZ,368,0,,"From 17 Mar 1999 onwards: Official market intervention representative rate, official cash rate; from Jan 1985 to 16 Mar 1999: overnight cash rate.",4,Reserve Bank of New Zealand,This rate can be considered the official policy rate as from 17 Mar 1999. , Central bank policy rates - New Zealand - Monthly - End of period,2019-12,1,A,F,
M,NZ,368,0,,"From 17 Mar 1999 onwards: Official market intervention representative rate, official cash rate; from Jan 1985 to 16 Mar 1999: overnight cash rate.",4,Reserve Bank of New Zealand,This rate can be considered the official policy rate as from 17 Mar 1999. , Central bank policy rates - New Zealand - Monthly - End of period,2020-01,1,A,F,
M,NZ,368,0,,"From 17 Mar 1999 onwards: Official market intervention representative rate, official cash rate; from Jan 1985 to 16 Mar 1999: overnight cash rate.",4,Reserve Bank of New Zealand,This rate can be considered the official policy rate as from 17 Mar 1999. , Central bank policy rates - New Zealand - Monthly - End of period,2020-02,1,A,F,
M,NZ,368,0,,"From 17 Mar 1999 onwards: Official market intervention representative rate, official cash rate; from Jan 1985 to 16 Mar 1999: overnight cash rate.",4,Reserve Bank of New Zealand,This rate can be considered the official policy rate as from 17 Mar 1999. , Central bank policy rates - New Zealand - Monthly - End of period,2020-03,0.25,A,F,
M,NZ,368,0,,"From 17 Mar 1999 onwards: Official market intervention representative rate, official cash rate; from Jan 1985 to 16 Mar 1999: overnight cash rate.",4,Reserve Bank of New Zealand,This rate can be considered the official policy rate as from 17 Mar 1999. , Central bank policy rates - New Zealand - Monthly - End of period,2020-04,0.25,A,F,
M,NZ,368,0,,"From 17 Mar 1999 onwards: Official market intervention representative rate, official cash rate; from Jan 1985 to 16 Mar 1999: overnight cash rate.",4,Reserve Bank of New Zealand,This rate can be considered the official policy rate as from 17 Mar 1999. , Central bank policy rates - New Zealand - Monthly - End of period,2020-05,0.25,A,F,
M,NZ,368,0,,"From 17 Mar 1999 onwards: Official market intervention representative rate, official cash rate; from Jan 1985 to 16 Mar 1999: overnight cash rate.",4,Reserve Bank of New Zealand,This rate can be considered the official policy rate as from 17 Mar 1999. , Central bank policy rates - New Zealand - Monthly - End of period,2020-06,0.25,A,F,
M,NZ,368,0,,"From 17 Mar 1999 onwards: Official market intervention representative rate, official cash rate; from Jan 1985 to 16 Mar 1999: overnight cash rate.",4,Reserve Bank of New Zealand,This rate can be considered the official policy rate as from 17 Mar 1999. , Central bank policy rates - New Zealand - Monthly - End of period,2020-07,0.25,A,F,
M,NZ,368,0,,"From 17 Mar 1999 onwards: Official market intervention representative rate, official cash rate; from Jan 1985 to 16 Mar 1999: overnight cash rate.",4,Reserve Bank of New Zealand,This rate can be considered the official policy rate as from 17 Mar 1999. , Central bank policy rates - New Zealand - Monthly - End of period,2020-08,0.25,A,F,
M,NZ,368,0,,"From 17 Mar 1999 onwards: Official market intervention representative rate, official cash rate; from Jan 1985 to 16 Mar 1999: overnight cash rate.",4,Reserve Bank of New Zealand,This rate can be considered the official policy rate as from 17 Mar 1999. , Central bank policy rates - New Zealand - Monthly - End of period,2020-09,0.25,A,F,
M,NZ,368,0,,"From 17 Mar 1999 onwards: Official market intervention representative rate, official cash rate; from Jan 1985 to 16 Mar 1999: overnight cash rate.",4,Reserve Bank of New Zealand,This rate can be considered the official policy rate as from 17 Mar 1999. , Central bank policy rates - New Zealand - Monthly - End of period,2020-10,0.25,A,F,
M,NZ,368,0,,"From 17 Mar 1999 onwards: Official market intervention representative rate, official cash rate; from Jan 1985 to 16 Mar 1999: overnight cash rate.",4,Reserve Bank of New Zealand,This rate can be considered the official policy rate as from 17 Mar 1999. , Central bank policy rates - New Zealand - Monthly - End of period,2020-11,0.25,A,F,
M,NZ,368,0,,"From 17 Mar 1999 onwards: Official market intervention representative rate, official cash rate; from Jan 1985 to 16 Mar 1999: overnight cash rate.",4,Reserve Bank of New Zealand,This rate can be considered the official policy rate as from 17 Mar 1999. , Central bank policy rates - New Zealand - Monthly - End of period,2020-12,0.25,A,F,
M,NZ,368,0,,"From 17 Mar 1999 onwards: Official market intervention representative rate, official cash rate; from Jan 1985 to 16 Mar 1999: overnight cash rate.",4,Reserve Bank of New Zealand,This rate can be considered the official policy rate as from 17 Mar 1999. , Central bank policy rates - New Zealand - Monthly - End of period,2021-01,0.25,A,F,
M,NZ,368,0,,"From 17 Mar 1999 onwards: Official market intervention representative rate, official cash rate; from Jan 1985 to 16 Mar 1999: overnight cash rate.",4,Reserve Bank of New Zealand,This rate can be considered the official policy rate as from 17 Mar 1999. , Central bank policy rates - New Zealand - Monthly - End of period,2021-02,0.25,A,F,
M,NZ,368,0,,"From 17 Mar 1999 onwards: Official market intervention representative rate, official cash rate; from Jan 1985 to 16 Mar 1999: overnight cash rate.",4,Reserve Bank of New Zealand,This rate can be considered the official policy rate as from 17 Mar 1999. , Central bank policy rates - New Zealand - Monthly - End of period,2021-03,0.25,A,F,
M,NZ,368,0,,"From 17 Mar 1999 onwards: Official market intervention representative rate, official cash rate; from Jan 1985 to 16 Mar 1999: overnight cash rate.",4,Reserve Bank of New Zealand,This rate can be considered the official policy rate as from 17 Mar 1999. , Central bank policy rates - New Zealand - Monthly - End of period,2021-04,0.25,A,F,
M,NZ,368,0,,"From 17 Mar 1999 onwards: Official market intervention representative rate, official cash rate; from Jan 1985 to 16 Mar 1999: overnight cash rate.",4,Reserve Bank of New Zealand,This rate can be considered the official policy rate as from 17 Mar 1999. , Central bank policy rates - New Zealand - Monthly - End of period,2021-05,0.25,A,F,
M,NZ,368,0,,"From 17 Mar 1999 onwards: Official market intervention representative rate, official cash rate; from Jan 1985 to 16 Mar 1999: overnight cash rate.",4,Reserve Bank of New Zealand,This rate can be considered the official policy rate as from 17 Mar 1999. , Central bank policy rates - New Zealand - Monthly - End of period,2021-06,0.25,A,F,
M,NZ,368,0,,"From 17 Mar 1999 onwards: Official market intervention representative rate, official cash rate; from Jan 1985 to 16 Mar 1999: overnight cash rate.",4,Reserve Bank of New Zealand,This rate can be considered the official policy rate as from 17 Mar 1999. , Central bank policy rates - New Zealand - Monthly - End of period,2021-07,0.25,A,F,
M,NZ,368,0,,"From 17 Mar 1999 onwards: Official market intervention representative rate, official cash rate; from Jan 1985 to 16 Mar 1999: overnight cash rate.",4,Reserve Bank of New Zealand,This rate can be considered the official policy rate as from 17 Mar 1999. , Central bank policy rates - New Zealand - Monthly - End of period,2021-08,0.25,A,F,
M,NZ,368,0,,"From 17 Mar 1999 onwards: Official market intervention representative rate, official cash rate; from Jan 1985 to 16 Mar 1999: overnight cash rate.",4,Reserve Bank of New Zealand,This rate can be considered the official policy rate as from 17 Mar 1999. , Central bank policy rates - New Zealand - Monthly - End of period,2021-09,0.25,A,F,
M,NZ,368,0,,"From 17 Mar 1999 onwards: Official market intervention representative rate, official cash rate; from Jan 1985 to 16 Mar 1999: overnight cash rate.",4,Reserve Bank of New Zealand,This rate can be considered the official policy rate as from 17 Mar 1999. , Central bank policy rates - New Zealand - Monthly - End of period,2021-10,0.5,A,F,
M,NZ,368,0,,"From 17 Mar 1999 onwards: Official market intervention representative rate, official cash rate; from Jan 1985 to 16 Mar 1999: overnight cash rate.",4,Reserve Bank of New Zealand,This rate can be considered the official policy rate as from 17 Mar 1999. , Central bank policy rates - New Zealand - Monthly - End of period,2021-11,0.75,A,F,
M,NZ,368,0,,"From 17 Mar 1999 onwards: Official market intervention representative rate, official cash rate; from Jan 1985 to 16 Mar 1999: overnight cash rate.",4,Reserve Bank of New Zealand,This rate can be considered the official policy rate as from 17 Mar 1999. , Central bank policy rates - New Zealand - Monthly - End of period,2021-12,0.75,A,F,
M,NZ,368,0,,"From 17 Mar 1999 onwards: Official market intervention representative rate, official cash rate; from Jan 1985 to 16 Mar 1999: overnight cash rate.",4,Reserve Bank of New Zealand,This rate can be considered the official policy rate as from 17 Mar 1999. , Central bank policy rates - New Zealand - Monthly - End of period,2022-01,0.75,A,F,
M,NZ,368,0,,"From 17 Mar 1999 onwards: Official market intervention representative rate, official cash rate; from Jan 1985 to 16 Mar 1999: overnight cash rate.",4,Reserve Bank of New Zealand,This rate can be considered the official policy rate as from 17 Mar 1999. , Central bank policy rates - New Zealand - Monthly - End of period,2022-02,1,A,F,
M,NZ,368,0,,"From 17 Mar 1999 onwards: Official market intervention representative rate, official cash rate; from Jan 1985 to 16 Mar 1999: overnight cash rate.",4,Reserve Bank of New Zealand,This rate can be considered the official policy rate as from 17 Mar 1999. , Central bank policy rates - New Zealand - Monthly - End of period,2022-03,1,A,F,
M,NZ,368,0,,"From 17 Mar 1999 onwards: Official market intervention representative rate, official cash rate; from Jan 1985 to 16 Mar 1999: overnight cash rate.",4,Reserve Bank of New Zealand,This rate can be considered the official policy rate as from 17 Mar 1999. , Central bank policy rates - New Zealand - Monthly - End of period,2022-04,1.5,A,F,
M,NZ,368,0,,"From 17 Mar 1999 onwards: Official market intervention representative rate, official cash rate; from Jan 1985 to 16 Mar 1999: overnight cash rate.",4,Reserve Bank of New Zealand,This rate can be considered the official policy rate as from 17 Mar 1999. , Central bank policy rates - New Zealand - Monthly - End of period,2022-05,2,A,F,
M,NZ,368,0,,"From 17 Mar 1999 onwards: Official market intervention representative rate, official cash rate; from Jan 1985 to 16 Mar 1999: overnight cash rate.",4,Reserve Bank of New Zealand,This rate can be considered the official policy rate as from 17 Mar 1999. , Central bank policy rates - New Zealand - Monthly - End of period,2022-06,2,A,F,
M,NZ,368,0,,"From 17 Mar 1999 onwards: Official market intervention representative rate, official cash rate; from Jan 1985 to 16 Mar 1999: overnight cash rate.",4,Reserve Bank of New Zealand,This rate can be considered the official policy rate as from 17 Mar 1999. , Central bank policy rates - New Zealand - Monthly - End of period,2022-07,2.5,A,F,
M,NZ,368,0,,"From 17 Mar 1999 onwards: Official market intervention representative rate, official cash rate; from Jan 1985 to 16 Mar 1999: overnight cash rate.",4,Reserve Bank of New Zealand,This rate can be considered the official policy rate as from 17 Mar 1999. , Central bank policy rates - New Zealand - Monthly - End of period,2022-08,3,A,F,
M,NZ,368,0,,"From 17 Mar 1999 onwards: Official market intervention representative rate, official cash rate; from Jan 1985 to 16 Mar 1999: overnight cash rate.",4,Reserve Bank of New Zealand,This rate can be considered the official policy rate as from 17 Mar 1999. , Central bank policy rates - New Zealand - Monthly - End of period,2022-09,3,A,F,
M,NZ,368,0,,"From 17 Mar 1999 onwards: Official market intervention representative rate, official cash rate; from Jan 1985 to 16 Mar 1999: overnight cash rate.",4,Reserve Bank of New Zealand,This rate can be considered the official policy rate as from 17 Mar 1999. , Central bank policy rates - New Zealand - Monthly - End of period,2022-10,3.5,A,F,
M,NZ,368,0,,"From 17 Mar 1999 onwards: Official market intervention representative rate, official cash rate; from Jan 1985 to 16 Mar 1999: overnight cash rate.",4,Reserve Bank of New Zealand,This rate can be considered the official policy rate as from 17 Mar 1999. , Central bank policy rates - New Zealand - Monthly - End of period,2022-11,4.25,A,F,
M,NZ,368,0,,"From 17 Mar 1999 onwards: Official market intervention representative rate, official cash rate; from Jan 1985 to 16 Mar 1999: overnight cash rate.",4,Reserve Bank of New Zealand,This rate can be considered the official policy rate as from 17 Mar 1999. , Central bank policy rates - New Zealand - Monthly - End of period,2022-12,4.25,A,F,
M,NZ,368,0,,"From 17 Mar 1999 onwards: Official market intervention representative rate, official cash rate; from Jan 1985 to 16 Mar 1999: overnight cash rate.",4,Reserve Bank of New Zealand,This rate can be considered the official policy rate as from 17 Mar 1999. , Central bank policy rates - New Zealand - Monthly - End of period,2023-01,4.25,A,F,
M,NZ,368,0,,"From 17 Mar 1999 onwards: Official market intervention representative rate, official cash rate; from Jan 1985 to 16 Mar 1999: overnight cash rate.",4,Reserve Bank of New Zealand,This rate can be considered the official policy rate as from 17 Mar 1999. , Central bank policy rates - New Zealand - Monthly - End of period,2023-02,4.75,A,F,
M,NZ,368,0,,"From 17 Mar 1999 onwards: Official market intervention representative rate, official cash rate; from Jan 1985 to 16 Mar 1999: overnight cash rate.",4,Reserve Bank of New Zealand,This rate can be considered the official policy rate as from 17 Mar 1999. , Central bank policy rates - New Zealand - Monthly - End of period,2023-03,4.75,A,F,
M,NZ,368,0,,"From 17 Mar 1999 onwards: Official market intervention representative rate, official cash rate; from Jan 1985 to 16 Mar 1999: overnight cash rate.",4,Reserve Bank of New Zealand,This rate can be considered the official policy rate as from 17 Mar 1999. , Central bank policy rates - New Zealand - Monthly - End of period,2023-04,5.25,A,F,
M,NZ,368,0,,"From 17 Mar 1999 onwards: Official market intervention representative rate, official cash rate; from Jan 1985 to 16 Mar 1999: overnight cash rate.",4,Reserve Bank of New Zealand,This rate can be considered the official policy rate as from 17 Mar 1999. , Central bank policy rates - New Zealand - Monthly - End of period,2023-05,5.5,A,F,
M,NZ,368,0,,"From 17 Mar 1999 onwards: Official market intervention representative rate, official cash rate; from Jan 1985 to 16 Mar 1999: overnight cash rate.",4,Reserve Bank of New Zealand,This rate can be considered the official policy rate as from 17 Mar 1999. , Central bank policy rates - New Zealand - Monthly - End of period,2023-06,5.5,A,F,
M,NZ,368,0,,"From 17 Mar 1999 onwards: Official market intervention representative rate, official cash rate; from Jan 1985 to 16 Mar 1999: overnight cash rate.",4,Reserve Bank of New Zealand,This rate can be considered the official policy rate as from 17 Mar 1999. , Central bank policy rates - New Zealand - Monthly - End of period,2023-07,5.5,A,F,
M,NZ,368,0,,"From 17 Mar 1999 onwards: Official market intervention representative rate, official cash rate; from Jan 1985 to 16 Mar 1999: overnight cash rate.",4,Reserve Bank of New Zealand,This rate can be considered the official policy rate as from 17 Mar 1999. , Central bank policy rates - New Zealand - Monthly - End of period,2023-08,5.5,A,F,
M,NZ,368,0,,"From 17 Mar 1999 onwards: Official market intervention representative rate, official cash rate; from Jan 1985 to 16 Mar 1999: overnight cash rate.",4,Reserve Bank of New Zealand,This rate can be considered the official policy rate as from 17 Mar 1999. , Central bank policy rates - New Zealand - Monthly - End of period,2023-09,5.5,A,F,
M,NZ,368,0,,"From 17 Mar 1999 onwards: Official market intervention representative rate, official cash rate; from Jan 1985 to 16 Mar 1999: overnight cash rate.",4,Reserve Bank of New Zealand,This rate can be considered the official policy rate as from 17 Mar 1999. , Central bank policy rates - New Zealand - Monthly - End of period,2023-10,5.5,A,F,
M,NZ,368,0,,"From 17 Mar 1999 onwards: Official market intervention representative rate, official cash rate; from Jan 1985 to 16 Mar 1999: overnight cash rate.",4,Reserve Bank of New Zealand,This rate can be considered the official policy rate as from 17 Mar 1999. , Central bank policy rates - New Zealand - Monthly - End of period,2023-11,5.5,A,F,
M,NZ,368,0,,"From 17 Mar 1999 onwards: Official market intervention representative rate, official cash rate; from Jan 1985 to 16 Mar 1999: overnight cash rate.",4,Reserve Bank of New Zealand,This rate can be considered the official policy rate as from 17 Mar 1999. , Central bank policy rates - New Zealand - Monthly - End of period,2023-12,5.5,A,F,
M,NZ,368,0,,"From 17 Mar 1999 onwards: Official market intervention representative rate, official cash rate; from Jan 1985 to 16 Mar 1999: overnight cash rate.",4,Reserve Bank of New Zealand,This rate can be considered the official policy rate as from 17 Mar 1999. , Central bank policy rates - New Zealand - Monthly - End of period,2024-01,5.5,A,F,
M,NZ,368,0,,"From 17 Mar 1999 onwards: Official market intervention representative rate, official cash rate; from Jan 1985 to 16 Mar 1999: overnight cash rate.",4,Reserve Bank of New Zealand,This rate can be considered the official policy rate as from 17 Mar 1999. , Central bank policy rates - New Zealand - Monthly - End of period,2024-02,5.5,A,F,
M,NZ,368,0,,"From 17 Mar 1999 onwards: Official market intervention representative rate, official cash rate; from Jan 1985 to 16 Mar 1999: overnight cash rate.",4,Reserve Bank of New Zealand,This rate can be considered the official policy rate as from 17 Mar 1999. , Central bank policy rates - New Zealand - Monthly - End of period,2024-03,5.5,A,F,
M,NZ,368,0,,"From 17 Mar 1999 onwards: Official market intervention representative rate, official cash rate; from Jan 1985 to 16 Mar 1999: overnight cash rate.",4,Reserve Bank of New Zealand,This rate can be considered the official policy rate as from 17 Mar 1999. , Central bank policy rates - New Zealand - Monthly - End of period,2024-04,5.5,A,F,
M,NZ,368,0,,"From 17 Mar 1999 onwards: Official market intervention representative rate, official cash rate; from Jan 1985 to 16 Mar 1999: overnight cash rate.",4,Reserve Bank of New Zealand,This rate can be considered the official policy rate as from 17 Mar 1999. , Central bank policy rates - New Zealand - Monthly - End of period,2024-05,5.5,A,F,
M,NZ,368,0,,"From 17 Mar 1999 onwards: Official market intervention representative rate, official cash rate; from Jan 1985 to 16 Mar 1999: overnight cash rate.",4,Reserve Bank of New Zealand,This rate can be considered the official policy rate as from 17 Mar 1999. , Central bank policy rates - New Zealand - Monthly - End of period,2024-06,5.5,A,F,
M,NZ,368,0,,"From 17 Mar 1999 onwards: Official market intervention representative rate, official cash rate; from Jan 1985 to 16 Mar 1999: overnight cash rate.",4,Reserve Bank of New Zealand,This rate can be considered the official policy rate as from 17 Mar 1999. , Central bank policy rates - New Zealand - Monthly - End of period,2024-07,5.5,A,F,
M,NZ,368,0,,"From 17 Mar 1999 onwards: Official market intervention representative rate, official cash rate; from Jan 1985 to 16 Mar 1999: overnight cash rate.",4,Reserve Bank of New Zealand,This rate can be considered the official policy rate as from 17 Mar 1999. , Central bank policy rates - New Zealand - Monthly - End of period,2024-08,5.25,A,F,
M,NZ,368,0,,"From 17 Mar 1999 onwards: Official market intervention representative rate, official cash rate; from Jan 1985 to 16 Mar 1999: overnight cash rate.",4,Reserve Bank of New Zealand,This rate can be considered the official policy rate as from 17 Mar 1999. , Central bank policy rates - New Zealand - Monthly - End of period,2024-09,5.25,A,F,
M,NZ,368,0,,"From 17 Mar 1999 onwards: Official market intervention representative rate, official cash rate; from Jan 1985 to 16 Mar 1999: overnight cash rate.",4,Reserve Bank of New Zealand,This rate can be considered the official policy rate as from 17 Mar 1999. , Central bank policy rates - New Zealand - Monthly - End of period,2024-10,4.75,A,F,
M,NZ,368,0,,"From 17 Mar 1999 onwards: Official market intervention representative rate, official cash rate; from Jan 1985 to 16 Mar 1999: overnight cash rate.",4,Reserve Bank of New Zealand,This rate can be considered the official policy rate as from 17 Mar 1999. , Central bank policy rates - New Zealand - Monthly - End of period,2024-11,4.25,A,F,
M,NZ,368,0,,"From 17 Mar 1999 onwards: Official market intervention representative rate, official cash rate; from Jan 1985 to 16 Mar 1999: overnight cash rate.",4,Reserve Bank of New Zealand,This rate can be considered the official policy rate as from 17 Mar 1999. , Central bank policy rates - New Zealand - Monthly - End of period,2024-12,4.25,A,F,
M,NZ,368,0,,"From 17 Mar 1999 onwards: Official market intervention representative rate, official cash rate; from Jan 1985 to 16 Mar 1999: overnight cash rate.",4,Reserve Bank of New Zealand,This rate can be considered the official policy rate as from 17 Mar 1999. , Central bank policy rates - New Zealand - Monthly - End of period,2025-01,4.25,A,F,
M,NZ,368,0,,"From 17 Mar 1999 onwards: Official market intervention representative rate, official cash rate; from Jan 1985 to 16 Mar 1999: overnight cash rate.",4,Reserve Bank of New Zealand,This rate can be considered the official policy rate as from 17 Mar 1999. , Central bank policy rates - New Zealand - Monthly - End of period,2025-02,3.75,A,F,
M,NZ,368,0,,"From 17 Mar 1999 onwards: Official market intervention representative rate, official cash rate; from Jan 1985 to 16 Mar 1999: overnight cash rate.",4,Reserve Bank of New Zealand,This rate can be considered the official policy rate as from 17 Mar 1999. , Central bank policy rates - New Zealand - Monthly - End of period,2025-03,3.75,A,F,
M,NZ,368,0,,"From 17 Mar 1999 onwards: Official market intervention representative rate, official cash rate; from Jan 1985 to 16 Mar 1999: overnight cash rate.",4,Reserve Bank of New Zealand,This rate can be considered the official policy rate as from 17 Mar 1999. , Central bank policy rates - New Zealand - Monthly - End of period,2025-04,3.5,A,F,
M,NZ,368,0,,"From 17 Mar 1999 onwards: Official market intervention representative rate, official cash rate; from Jan 1985 to 16 Mar 1999: overnight cash rate.",4,Reserve Bank of New Zealand,This rate can be considered the official policy rate as from 17 Mar 1999. , Central bank policy rates - New Zealand - Monthly - End of period,2025-05,3.25,A,F,
M,NZ,368,0,,"From 17 Mar 1999 onwards: Official market intervention representative rate, official cash rate; from Jan 1985 to 16 Mar 1999: overnight cash rate.",4,Reserve Bank of New Zealand,This rate can be considered the official policy rate as from 17 Mar 1999. , Central bank policy rates - New Zealand - Monthly - End of period,2025-06,3.25,A,F,
M,NZ,368,0,,"From 17 Mar 1999 onwards: Official market intervention representative rate, official cash rate; from Jan 1985 to 16 Mar 1999: overnight cash rate.",4,Reserve Bank of New Zealand,This rate can be considered the official policy rate as from 17 Mar 1999. , Central bank policy rates - New Zealand - Monthly - End of period,2025-07,3.25,A,F,
M,NZ,368,0,,"From 17 Mar 1999 onwards: Official market intervention representative rate, official cash rate; from Jan 1985 to 16 Mar 1999: overnight cash rate.",4,Reserve Bank of New Zealand,This rate can be considered the official policy rate as from 17 Mar 1999. , Central bank policy rates - New Zealand - Monthly - End of period,2025-08,3,A,F,
M,NZ,368,0,,"From 17 Mar 1999 onwards: Official market intervention representative rate, official cash rate; from Jan 1985 to 16 Mar 1999: overnight cash rate.",4,Reserve Bank of New Zealand,This rate can be considered the official policy rate as from 17 Mar 1999. , Central bank policy rates - New Zealand - Monthly - End of period,2025-09,3,A,F,
M,NZ,368,0,,"From 17 Mar 1999 onwards: Official market intervention representative rate, official cash rate; from Jan 1985 to 16 Mar 1999: overnight cash rate.",4,Reserve Bank of New Zealand,This rate can be considered the official policy rate as from 17 Mar 1999. , Central bank policy rates - New Zealand - Monthly - End of period,2025-10,2.5,A,F,
M,NZ,368,0,,"From 17 Mar 1999 onwards: Official market intervention representative rate, official cash rate; from Jan 1985 to 16 Mar 1999: overnight cash rate.",4,Reserve Bank of New Zealand,This rate can be considered the official policy rate as from 17 Mar 1999. , Central bank policy rates - New Zealand - Monthly - End of period,2025-11,2.25,A,F,
M,NZ,368,0,,"From 17 Mar 1999 onwards: Official market intervention representative rate, official cash rate; from Jan 1985 to 16 Mar 1999: overnight cash rate.",4,Reserve Bank of New Zealand,This rate can be considered the official policy rate as from 17 Mar 1999. , Central bank policy rates - New Zealand - Monthly - End of period,2025-12,2.25,A,F,
M,NZ,368,0,,"From 17 Mar 1999 onwards: Official market intervention representative rate, official cash rate; from Jan 1985 to 16 Mar 1999: overnight cash rate.",4,Reserve Bank of New Zealand,This rate can be considered the official policy rate as from 17 Mar 1999. , Central bank policy rates - New Zealand - Monthly - End of period,2026-01,2.25,A,F,
M,NZ,368,0,,"From 17 Mar 1999 onwards: Official market intervention representative rate, official cash rate; from Jan 1985 to 16 Mar 1999: overnight cash rate.",4,Reserve Bank of New Zealand,This rate can be considered the official policy rate as from 17 Mar 1999. , Central bank policy rates - New Zealand - Monthly - End of period,2026-02,2.25,A,F,
M,NZ,368,0,,"From 17 Mar 1999 onwards: Official market intervention representative rate, official cash rate; from Jan 1985 to 16 Mar 1999: overnight cash rate.",4,Reserve Bank of New Zealand,This rate can be considered the official policy rate as from 17 Mar 1999. , Central bank policy rates - New Zealand - Monthly - End of period,2026-03,2.25,A,F,
M,NZ,368,0,,"From 17 Mar 1999 onwards: Official market intervention representative rate, official cash rate; from Jan 1985 to 16 Mar 1999: overnight cash rate.",4,Reserve Bank of New Zealand,This rate can be considered the official policy rate as from 17 Mar 1999. , Central bank policy rates - New Zealand - Monthly - End of period,2026-04,2.25,A,F,
M,NZ,368,0,,"From 17 Mar 1999 onwards: Official market intervention representative rate, official cash rate; from Jan 1985 to 16 Mar 1999: overnight cash rate.",4,Reserve Bank of New Zealand,This rate can be considered the official policy rate as from 17 Mar 1999. , Central bank policy rates - New Zealand - Monthly - End of period,2026-05,2.25,A,F,
M,NZ,368,0,,"From 17 Mar 1999 onwards: Official market intervention representative rate, official cash rate; from Jan 1985 to 16 Mar 1999: overnight cash rate.",4,Reserve Bank of New Zealand,This rate can be considered the official policy rate as from 17 Mar 1999. , Central bank policy rates - New Zealand - Monthly - End of period,2026-06,2.25,A,F,
M,NZ,368,0,,"From 17 Mar 1999 onwards: Official market intervention representative rate, official cash rate; from Jan 1985 to 16 Mar 1999: overnight cash rate.",4,Reserve Bank of New Zealand,This rate can be considered the official policy rate as from 17 Mar 1999. , Central bank policy rates - New Zealand - Monthly - End of period,2026-07,2.5,A,F,
M,NZ,368,0,,"From 17 Mar 1999 onwards: Official market intervention representative rate, official cash rate; from Jan 1985 to 16 Mar 1999: overnight cash rate.",4,Reserve Bank of New Zealand,This rate can be considered the official policy rate as from 17 Mar 1999. , Central bank policy rates - New Zealand - Monthly - End of period,2026-08,2.5,A,F,
M,RU,368,0,,From 13 Sept 2013 onwards: official key rate; from 1 Jan 1992 to 12 Sep 2013: official refinancing rate.,4,Bank of Russia,, Central bank policy rates - Russia - Monthly - End of period,2016-01,11,A,F,
M,RU,368,0,,From 13 Sept 2013 onwards: official key rate; from 1 Jan 1992 to 12 Sep 2013: official refinancing rate.,4,Bank of Russia,, Central bank policy rates - Russia - Monthly - End of period,2016-02,11,A,F,
M,RU,368,0,,From 13 Sept 2013 onwards: official key rate; from 1 Jan 1992 to 12 Sep 2013: official refinancing rate.,4,Bank of Russia,, Central bank policy rates - Russia - Monthly - End of period,2016-03,11,A,F,
M,RU,368,0,,From 13 Sept 2013 onwards: official key rate; from 1 Jan 1992 to 12 Sep 2013: official refinancing rate.,4,Bank of Russia,, Central bank policy rates - Russia - Monthly - End of period,2016-04,11,A,F,
M,RU,368,0,,From 13 Sept 2013 onwards: official key rate; from 1 Jan 1992 to 12 Sep 2013: official refinancing rate.,4,Bank of Russia,, Central bank policy rates - Russia - Monthly - End of period,2016-05,11,A,F,
M,RU,368,0,,From 13 Sept 2013 onwards: official key rate; from 1 Jan 1992 to 12 Sep 2013: official refinancing rate.,4,Bank of Russia,, Central bank policy rates - Russia - Monthly - End of period,2016-06,10.5,A,F,
M,RU,368,0,,From 13 Sept 2013 onwards: official key rate; from 1 Jan 1992 to 12 Sep 2013: official refinancing rate.,4,Bank of Russia,, Central bank policy rates - Russia - Monthly - End of period,2016-07,10.5,A,F,
M,RU,368,0,,From 13 Sept 2013 onwards: official key rate; from 1 Jan 1992 to 12 Sep 2013: official refinancing rate.,4,Bank of Russia,, Central bank policy rates - Russia - Monthly - End of period,2016-08,10.5,A,F,
M,RU,368,0,,From 13 Sept 2013 onwards: official key rate; from 1 Jan 1992 to 12 Sep 2013: official refinancing rate.,4,Bank of Russia,, Central bank policy rates - Russia - Monthly - End of period,2016-09,10,A,F,
M,RU,368,0,,From 13 Sept 2013 onwards: official key rate; from 1 Jan 1992 to 12 Sep 2013: official refinancing rate.,4,Bank of Russia,, Central bank policy rates - Russia - Monthly - End of period,2016-10,10,A,F,
M,RU,368,0,,From 13 Sept 2013 onwards: official key rate; from 1 Jan 1992 to 12 Sep 2013: official refinancing rate.,4,Bank of Russia,, Central bank policy rates - Russia - Monthly - End of period,2016-11,10,A,F,
M,RU,368,0,,From 13 Sept 2013 onwards: official key rate; from 1 Jan 1992 to 12 Sep 2013: official refinancing rate.,4,Bank of Russia,, Central bank policy rates - Russia - Monthly - End of period,2016-12,10,A,F,
M,RU,368,0,,From 13 Sept 2013 onwards: official key rate; from 1 Jan 1992 to 12 Sep 2013: official refinancing rate.,4,Bank of Russia,, Central bank policy rates - Russia - Monthly - End of period,2017-01,10,A,F,
M,RU,368,0,,From 13 Sept 2013 onwards: official key rate; from 1 Jan 1992 to 12 Sep 2013: official refinancing rate.,4,Bank of Russia,, Central bank policy rates - Russia - Monthly - End of period,2017-02,10,A,F,
M,RU,368,0,,From 13 Sept 2013 onwards: official key rate; from 1 Jan 1992 to 12 Sep 2013: official refinancing rate.,4,Bank of Russia,, Central bank policy rates - Russia - Monthly - End of period,2017-03,9.75,A,F,
M,RU,368,0,,From 13 Sept 2013 onwards: official key rate; from 1 Jan 1992 to 12 Sep 2013: official refinancing rate.,4,Bank of Russia,, Central bank policy rates - Russia - Monthly - End of period,2017-04,9.75,A,F,
M,RU,368,0,,From 13 Sept 2013 onwards: official key rate; from 1 Jan 1992 to 12 Sep 2013: official refinancing rate.,4,Bank of Russia,, Central bank policy rates - Russia - Monthly - End of period,2017-05,9.25,A,F,
M,RU,368,0,,From 13 Sept 2013 onwards: official key rate; from 1 Jan 1992 to 12 Sep 2013: official refinancing rate.,4,Bank of Russia,, Central bank policy rates - Russia - Monthly - End of period,2017-06,9,A,F,
M,RU,368,0,,From 13 Sept 2013 onwards: official key rate; from 1 Jan 1992 to 12 Sep 2013: official refinancing rate.,4,Bank of Russia,, Central bank policy rates - Russia - Monthly - End of period,2017-07,9,A,F,
M,RU,368,0,,From 13 Sept 2013 onwards: official key rate; from 1 Jan 1992 to 12 Sep 2013: official refinancing rate.,4,Bank of Russia,, Central bank policy rates - Russia - Monthly - End of period,2017-08,9,A,F,
M,RU,368,0,,From 13 Sept 2013 onwards: official key rate; from 1 Jan 1992 to 12 Sep 2013: official refinancing rate.,4,Bank of Russia,, Central bank policy rates - Russia - Monthly - End of period,2017-09,8.5,A,F,
M,RU,368,0,,From 13 Sept 2013 onwards: official key rate; from 1 Jan 1992 to 12 Sep 2013: official refinancing rate.,4,Bank of Russia,, Central bank policy rates - Russia - Monthly - End of period,2017-10,8.25,A,F,
M,RU,368,0,,From 13 Sept 2013 onwards: official key rate; from 1 Jan 1992 to 12 Sep 2013: official refinancing rate.,4,Bank of Russia,, Central bank policy rates - Russia - Monthly - End of period,2017-11,8.25,A,F,
M,RU,368,0,,From 13 Sept 2013 onwards: official key rate; from 1 Jan 1992 to 12 Sep 2013: official refinancing rate.,4,Bank of Russia,, Central bank policy rates - Russia - Monthly - End of period,2017-12,7.75,A,F,
M,RU,368,0,,From 13 Sept 2013 onwards: official key rate; from 1 Jan 1992 to 12 Sep 2013: official refinancing rate.,4,Bank of Russia,, Central bank policy rates - Russia - Monthly - End of period,2018-01,7.75,A,F,
M,RU,368,0,,From 13 Sept 2013 onwards: official key rate; from 1 Jan 1992 to 12 Sep 2013: official refinancing rate.,4,Bank of Russia,, Central bank policy rates - Russia - Monthly - End of period,2018-02,7.5,A,F,
M,RU,368,0,,From 13 Sept 2013 onwards: official key rate; from 1 Jan 1992 to 12 Sep 2013: official refinancing rate.,4,Bank of Russia,, Central bank policy rates - Russia - Monthly - End of period,2018-03,7.25,A,F,
M,RU,368,0,,From 13 Sept 2013 onwards: official key rate; from 1 Jan 1992 to 12 Sep 2013: official refinancing rate.,4,Bank of Russia,, Central bank policy rates - Russia - Monthly - End of period,2018-04,7.25,A,F,
M,RU,368,0,,From 13 Sept 2013 onwards: official key rate; from 1 Jan 1992 to 12 Sep 2013: official refinancing rate.,4,Bank of Russia,, Central bank policy rates - Russia - Monthly - End of period,2018-05,7.25,A,F,
M,RU,368,0,,From 13 Sept 2013 onwards: official key rate; from 1 Jan 1992 to 12 Sep 2013: official refinancing rate.,4,Bank of Russia,, Central bank policy rates - Russia - Monthly - End of period,2018-06,7.25,A,F,
M,RU,368,0,,From 13 Sept 2013 onwards: official key rate; from 1 Jan 1992 to 12 Sep 2013: official refinancing rate.,4,Bank of Russia,, Central bank policy rates - Russia - Monthly - End of period,2018-07,7.25,A,F,
M,RU,368,0,,From 13 Sept 2013 onwards: official key rate; from 1 Jan 1992 to 12 Sep 2013: official refinancing rate.,4,Bank of Russia,, Central bank policy rates - Russia - Monthly - End of period,2018-08,7.25,A,F,
M,RU,368,0,,From 13 Sept 2013 onwards: official key rate; from 1 Jan 1992 to 12 Sep 2013: official refinancing rate.,4,Bank of Russia,, Central bank policy rates - Russia - Monthly - End of period,2018-09,7.5,A,F,
M,RU,368,0,,From 13 Sept 2013 onwards: official key rate; from 1 Jan 1992 to 12 Sep 2013: official refinancing rate.,4,Bank of Russia,, Central bank policy rates - Russia - Monthly - End of period,2018-10,7.5,A,F,
M,RU,368,0,,From 13 Sept 2013 onwards: official key rate; from 1 Jan 1992 to 12 Sep 2013: official refinancing rate.,4,Bank of Russia,, Central bank policy rates - Russia - Monthly - End of period,2018-11,7.5,A,F,
M,RU,368,0,,From 13 Sept 2013 onwards: official key rate; from 1 Jan 1992 to 12 Sep 2013: official refinancing rate.,4,Bank of Russia,, Central bank policy rates - Russia - Monthly - End of period,2018-12,7.75,A,F,
M,RU,368,0,,From 13 Sept 2013 onwards: official key rate; from 1 Jan 1992 to 12 Sep 2013: official refinancing rate.,4,Bank of Russia,, Central bank policy rates - Russia - Monthly - End of period,2019-01,7.75,A,F,
M,RU,368,0,,From 13 Sept 2013 onwards: official key rate; from 1 Jan 1992 to 12 Sep 2013: official refinancing rate.,4,Bank of Russia,, Central bank policy rates - Russia - Monthly - End of period,2019-02,7.75,A,F,
M,RU,368,0,,From 13 Sept 2013 onwards: official key rate; from 1 Jan 1992 to 12 Sep 2013: official refinancing rate.,4,Bank of Russia,, Central bank policy rates - Russia - Monthly - End of period,2019-03,7.75,A,F,
M,RU,368,0,,From 13 Sept 2013 onwards: official key rate; from 1 Jan 1992 to 12 Sep 2013: official refinancing rate.,4,Bank of Russia,, Central bank policy rates - Russia - Monthly - End of period,2019-04,7.75,A,F,
M,RU,368,0,,From 13 Sept 2013 onwards: official key rate; from 1 Jan 1992 to 12 Sep 2013: official refinancing rate.,4,Bank of Russia,, Central bank policy rates - Russia - Monthly - End of period,2019-05,7.75,A,F,
M,RU,368,0,,From 13 Sept 2013 onwards: official key rate; from 1 Jan 1992 to 12 Sep 2013: official refinancing rate.,4,Bank of Russia,, Central bank policy rates - Russia - Monthly - End of period,2019-06,7.5,A,F,
M,RU,368,0,,From 13 Sept 2013 onwards: official key rate; from 1 Jan 1992 to 12 Sep 2013: official refinancing rate.,4,Bank of Russia,, Central bank policy rates - Russia - Monthly - End of period,2019-07,7.25,A,F,
M,RU,368,0,,From 13 Sept 2013 onwards: official key rate; from 1 Jan 1992 to 12 Sep 2013: official refinancing rate.,4,Bank of Russia,, Central bank policy rates - Russia - Monthly - End of period,2019-08,7.25,A,F,
M,RU,368,0,,From 13 Sept 2013 onwards: official key rate; from 1 Jan 1992 to 12 Sep 2013: official refinancing rate.,4,Bank of Russia,, Central bank policy rates - Russia - Monthly - End of period,2019-09,7,A,F,
M,RU,368,0,,From 13 Sept 2013 onwards: official key rate; from 1 Jan 1992 to 12 Sep 2013: official refinancing rate.,4,Bank of Russia,, Central bank policy rates - Russia - Monthly - End of period,2019-10,6.5,A,F,
M,RU,368,0,,From 13 Sept 2013 onwards: official key rate; from 1 Jan 1992 to 12 Sep 2013: official refinancing rate.,4,Bank of Russia,, Central bank policy rates - Russia - Monthly - End of period,2019-11,6.5,A,F,
M,RU,368,0,,From 13 Sept 2013 onwards: official key rate; from 1 Jan 1992 to 12 Sep 2013: official refinancing rate.,4,Bank of Russia,, Central bank policy rates - Russia - Monthly - End of period,2019-12,6.25,A,F,
M,RU,368,0,,From 13 Sept 2013 onwards: official key rate; from 1 Jan 1992 to 12 Sep 2013: official refinancing rate.,4,Bank of Russia,, Central bank policy rates - Russia - Monthly - End of period,2020-01,6.25,A,F,
M,RU,368,0,,From 13 Sept 2013 onwards: official key rate; from 1 Jan 1992 to 12 Sep 2013: official refinancing rate.,4,Bank of Russia,, Central bank policy rates - Russia - Monthly - End of period,2020-02,6,A,F,
M,RU,368,0,,From 13 Sept 2013 onwards: official key rate; from 1 Jan 1992 to 12 Sep 2013: official refinancing rate.,4,Bank of Russia,, Central bank policy rates - Russia - Monthly - End of period,2020-03,6,A,F,
M,RU,368,0,,From 13 Sept 2013 onwards: official key rate; from 1 Jan 1992 to 12 Sep 2013: official refinancing rate.,4,Bank of Russia,, Central bank policy rates - Russia - Monthly - End of period,2020-04,5.5,A,F,
M,RU,368,0,,From 13 Sept 2013 onwards: official key rate; from 1 Jan 1992 to 12 Sep 2013: official refinancing rate.,4,Bank of Russia,, Central bank policy rates - Russia - Monthly - End of period,2020-05,5.5,A,F,
M,RU,368,0,,From 13 Sept 2013 onwards: official key rate; from 1 Jan 1992 to 12 Sep 2013: official refinancing rate.,4,Bank of Russia,, Central bank policy rates - Russia - Monthly - End of period,2020-06,4.5,A,F,
M,RU,368,0,,From 13 Sept 2013 onwards: official key rate; from 1 Jan 1992 to 12 Sep 2013: official refinancing rate.,4,Bank of Russia,, Central bank policy rates - Russia - Monthly - End of period,2020-07,4.25,A,F,
M,RU,368,0,,From 13 Sept 2013 onwards: official key rate; from 1 Jan 1992 to 12 Sep 2013: official refinancing rate.,4,Bank of Russia,, Central bank policy rates - Russia - Monthly - End of period,2020-08,4.25,A,F,
M,RU,368,0,,From 13 Sept 2013 onwards: official key rate; from 1 Jan 1992 to 12 Sep 2013: official refinancing rate.,4,Bank of Russia,, Central bank policy rates - Russia - Monthly - End of period,2020-09,4.25,A,F,
M,RU,368,0,,From 13 Sept 2013 onwards: official key rate; from 1 Jan 1992 to 12 Sep 2013: official refinancing rate.,4,Bank of Russia,, Central bank policy rates - Russia - Monthly - End of period,2020-10,4.25,A,F,
M,RU,368,0,,From 13 Sept 2013 onwards: official key rate; from 1 Jan 1992 to 12 Sep 2013: official refinancing rate.,4,Bank of Russia,, Central bank policy rates - Russia - Monthly - End of period,2020-11,4.25,A,F,
M,RU,368,0,,From 13 Sept 2013 onwards: official key rate; from 1 Jan 1992 to 12 Sep 2013: official refinancing rate.,4,Bank of Russia,, Central bank policy rates - Russia - Monthly - End of period,2020-12,4.25,A,F,
M,RU,368,0,,From 13 Sept 2013 onwards: official key rate; from 1 Jan 1992 to 12 Sep 2013: official refinancing rate.,4,Bank of Russia,, Central bank policy rates - Russia - Monthly - End of period,2021-01,4.25,A,F,
M,RU,368,0,,From 13 Sept 2013 onwards: official key rate; from 1 Jan 1992 to 12 Sep 2013: official refinancing rate.,4,Bank of Russia,, Central bank policy rates - Russia - Monthly - End of period,2021-02,4.25,A,F,
M,RU,368,0,,From 13 Sept 2013 onwards: official key rate; from 1 Jan 1992 to 12 Sep 2013: official refinancing rate.,4,Bank of Russia,, Central bank policy rates - Russia - Monthly - End of period,2021-03,4.5,A,F,
M,RU,368,0,,From 13 Sept 2013 onwards: official key rate; from 1 Jan 1992 to 12 Sep 2013: official refinancing rate.,4,Bank of Russia,, Central bank policy rates - Russia - Monthly - End of period,2021-04,5,A,F,
M,RU,368,0,,From 13 Sept 2013 onwards: official key rate; from 1 Jan 1992 to 12 Sep 2013: official refinancing rate.,4,Bank of Russia,, Central bank policy rates - Russia - Monthly - End of period,2021-05,5,A,F,
M,RU,368,0,,From 13 Sept 2013 onwards: official key rate; from 1 Jan 1992 to 12 Sep 2013: official refinancing rate.,4,Bank of Russia,, Central bank policy rates - Russia - Monthly - End of period,2021-06,5.5,A,F,
M,RU,368,0,,From 13 Sept 2013 onwards: official key rate; from 1 Jan 1992 to 12 Sep 2013: official refinancing rate.,4,Bank of Russia,, Central bank policy rates - Russia - Monthly - End of period,2021-07,6.5,A,F,
M,RU,368,0,,From 13 Sept 2013 onwards: official key rate; from 1 Jan 1992 to 12 Sep 2013: official refinancing rate.,4,Bank of Russia,, Central bank policy rates - Russia - Monthly - End of period,2021-08,6.5,A,F,
M,RU,368,0,,From 13 Sept 2013 onwards: official key rate; from 1 Jan 1992 to 12 Sep 2013: official refinancing rate.,4,Bank of Russia,, Central bank policy rates - Russia - Monthly - End of period,2021-09,6.75,A,F,
M,RU,368,0,,From 13 Sept 2013 onwards: official key rate; from 1 Jan 1992 to 12 Sep 2013: official refinancing rate.,4,Bank of Russia,, Central bank policy rates - Russia - Monthly - End of period,2021-10,7.5,A,F,
M,RU,368,0,,From 13 Sept 2013 onwards: official key rate; from 1 Jan 1992 to 12 Sep 2013: official refinancing rate.,4,Bank of Russia,, Central bank policy rates - Russia - Monthly - End of period,2021-11,7.5,A,F,
M,RU,368,0,,From 13 Sept 2013 onwards: official key rate; from 1 Jan 1992 to 12 Sep 2013: official refinancing rate.,4,Bank of Russia,, Central bank policy rates - Russia - Monthly - End of period,2021-12,8.5,A,F,
M,RU,368,0,,From 13 Sept 2013 onwards: official key rate; from 1 Jan 1992 to 12 Sep 2013: official refinancing rate.,4,Bank of Russia,, Central bank policy rates - Russia - Monthly - End of period,2022-01,8.5,A,F,
M,RU,368,0,,From 13 Sept 2013 onwards: official key rate; from 1 Jan 1992 to 12 Sep 2013: official refinancing rate.,4,Bank of Russia,, Central bank policy rates - Russia - Monthly - End of period,2022-02,20,A,F,
M,RU,368,0,,From 13 Sept 2013 onwards: official key rate; from 1 Jan 1992 to 12 Sep 2013: official refinancing rate.,4,Bank of Russia,, Central bank policy rates - Russia - Monthly - End of period,2022-03,20,A,F,
M,RU,368,0,,From 13 Sept 2013 onwards: official key rate; from 1 Jan 1992 to 12 Sep 2013: official refinancing rate.,4,Bank of Russia,, Central bank policy rates - Russia - Monthly - End of period,2022-04,17,A,F,
M,RU,368,0,,From 13 Sept 2013 onwards: official key rate; from 1 Jan 1992 to 12 Sep 2013: official refinancing rate.,4,Bank of Russia,, Central bank policy rates - Russia - Monthly - End of period,2022-05,11,A,F,
M,RU,368,0,,From 13 Sept 2013 onwards: official key rate; from 1 Jan 1992 to 12 Sep 2013: official refinancing rate.,4,Bank of Russia,, Central bank policy rates - Russia - Monthly - End of period,2022-06,9.5,A,F,
M,RU,368,0,,From 13 Sept 2013 onwards: official key rate; from 1 Jan 1992 to 12 Sep 2013: official refinancing rate.,4,Bank of Russia,, Central bank policy rates - Russia - Monthly - End of period,2022-07,8,A,F,
M,RU,368,0,,From 13 Sept 2013 onwards: official key rate; from 1 Jan 1992 to 12 Sep 2013: official refinancing rate.,4,Bank of Russia,, Central bank policy rates - Russia - Monthly - End of period,2022-08,8,A,F,
M,RU,368,0,,From 13 Sept 2013 onwards: official key rate; from 1 Jan 1992 to 12 Sep 2013: official refinancing rate.,4,Bank of Russia,, Central bank policy rates - Russia - Monthly - End of period,2022-09,7.5,A,F,
M,RU,368,0,,From 13 Sept 2013 onwards: official key rate; from 1 Jan 1992 to 12 Sep 2013: official refinancing rate.,4,Bank of Russia,, Central bank policy rates - Russia - Monthly - End of period,2022-10,7.5,A,F,
M,RU,368,0,,From 13 Sept 2013 onwards: official key rate; from 1 Jan 1992 to 12 Sep 2013: official refinancing rate.,4,Bank of Russia,, Central bank policy rates - Russia - Monthly - End of period,2022-11,7.5,A,F,
M,RU,368,0,,From 13 Sept 2013 onwards: official key rate; from 1 Jan 1992 to 12 Sep 2013: official refinancing rate.,4,Bank of Russia,, Central bank policy rates - Russia - Monthly - End of period,2022-12,7.5,A,F,
M,RU,368,0,,From 13 Sept 2013 onwards: official key rate; from 1 Jan 1992 to 12 Sep 2013: official refinancing rate.,4,Bank of Russia,, Central bank policy rates - Russia - Monthly - End of period,2023-01,7.5,A,F,
M,RU,368,0,,From 13 Sept 2013 onwards: official key rate; from 1 Jan 1992 to 12 Sep 2013: official refinancing rate.,4,Bank of Russia,, Central bank policy rates - Russia - Monthly - End of period,2023-02,7.5,A,F,
M,RU,368,0,,From 13 Sept 2013 onwards: official key rate; from 1 Jan 1992 to 12 Sep 2013: official refinancing rate.,4,Bank of Russia,, Central bank policy rates - Russia - Monthly - End of period,2023-03,7.5,A,F,
M,RU,368,0,,From 13 Sept 2013 onwards: official key rate; from 1 Jan 1992 to 12 Sep 2013: official refinancing rate.,4,Bank of Russia,, Central bank policy rates - Russia - Monthly - End of period,2023-04,7.5,A,F,
M,RU,368,0,,From 13 Sept 2013 onwards: official key rate; from 1 Jan 1992 to 12 Sep 2013: official refinancing rate.,4,Bank of Russia,, Central bank policy rates - Russia - Monthly - End of period,2023-05,7.5,A,F,
M,RU,368,0,,From 13 Sept 2013 onwards: official key rate; from 1 Jan 1992 to 12 Sep 2013: official refinancing rate.,4,Bank of Russia,, Central bank policy rates - Russia - Monthly - End of period,2023-06,7.5,A,F,
M,RU,368,0,,From 13 Sept 2013 onwards: official key rate; from 1 Jan 1992 to 12 Sep 2013: official refinancing rate.,4,Bank of Russia,, Central bank policy rates - Russia - Monthly - End of period,2023-07,8.5,A,F,
M,RU,368,0,,From 13 Sept 2013 onwards: official key rate; from 1 Jan 1992 to 12 Sep 2013: official refinancing rate.,4,Bank of Russia,, Central bank policy rates - Russia - Monthly - End of period,2023-08,12,A,F,
M,RU,368,0,,From 13 Sept 2013 onwards: official key rate; from 1 Jan 1992 to 12 Sep 2013: official refinancing rate.,4,Bank of Russia,, Central bank policy rates - Russia - Monthly - End of period,2023-09,13,A,F,
M,RU,368,0,,From 13 Sept 2013 onwards: official key rate; from 1 Jan 1992 to 12 Sep 2013: official refinancing rate.,4,Bank of Russia,, Central bank policy rates - Russia - Monthly - End of period,2023-10,15,A,F,
M,RU,368,0,,From 13 Sept 2013 onwards: official key rate; from 1 Jan 1992 to 12 Sep 2013: official refinancing rate.,4,Bank of Russia,, Central bank policy rates - Russia - Monthly - End of period,2023-11,15,A,F,
M,RU,368,0,,From 13 Sept 2013 onwards: official key rate; from 1 Jan 1992 to 12 Sep 2013: official refinancing rate.,4,Bank of Russia,, Central bank policy rates - Russia - Monthly - End of period,2023-12,16,A,F,
M,RU,368,0,,From 13 Sept 2013 onwards: official key rate; from 1 Jan 1992 to 12 Sep 2013: official refinancing rate.,4,Bank of Russia,, Central bank policy rates - Russia - Monthly - End of period,2024-01,16,A,F,
M,RU,368,0,,From 13 Sept 2013 onwards: official key rate; from 1 Jan 1992 to 12 Sep 2013: official refinancing rate.,4,Bank of Russia,, Central bank policy rates - Russia - Monthly - End of period,2024-02,16,A,F,
M,RU,368,0,,From 13 Sept 2013 onwards: official key rate; from 1 Jan 1992 to 12 Sep 2013: official refinancing rate.,4,Bank of Russia,, Central bank policy rates - Russia - Monthly - End of period,2024-03,16,A,F,
M,RU,368,0,,From 13 Sept 2013 onwards: official key rate; from 1 Jan 1992 to 12 Sep 2013: official refinancing rate.,4,Bank of Russia,, Central bank policy rates - Russia - Monthly - End of period,2024-04,16,A,F,
M,RU,368,0,,From 13 Sept 2013 onwards: official key rate; from 1 Jan 1992 to 12 Sep 2013: official refinancing rate.,4,Bank of Russia,, Central bank policy rates - Russia - Monthly - End of period,2024-05,16,A,F,
M,RU,368,0,,From 13 Sept 2013 onwards: official key rate; from 1 Jan 1992 to 12 Sep 2013: official refinancing rate.,4,Bank of Russia,, Central bank policy rates - Russia - Monthly - End of period,2024-06,16,A,F,
M,RU,368,0,,From 13 Sept 2013 onwards: official key rate; from 1 Jan 1992 to 12 Sep 2013: official refinancing rate.,4,Bank of Russia,, Central bank policy rates - Russia - Monthly - End of period,2024-07,18,A,F,
M,RU,368,0,,From 13 Sept 2013 onwards: official key rate; from 1 Jan 1992 to 12 Sep 2013: official refinancing rate.,4,Bank of Russia,, Central bank policy rates - Russia - Monthly - End of period,2024-08,18,A,F,
M,RU,368,0,,From 13 Sept 2013 onwards: official key rate; from 1 Jan 1992 to 12 Sep 2013: official refinancing rate.,4,Bank of Russia,, Central bank policy rates - Russia - Monthly - End of period,2024-09,19,A,F,
M,RU,368,0,,From 13 Sept 2013 onwards: official key rate; from 1 Jan 1992 to 12 Sep 2013: official refinancing rate.,4,Bank of Russia,, Central bank policy rates - Russia - Monthly - End of period,2024-10,21,A,F,
M,RU,368,0,,From 13 Sept 2013 onwards: official key rate; from 1 Jan 1992 to 12 Sep 2013: official refinancing rate.,4,Bank of Russia,, Central bank policy rates - Russia - Monthly - End of period,2024-11,21,A,F,
M,RU,368,0,,From 13 Sept 2013 onwards: official key rate; from 1 Jan 1992 to 12 Sep 2013: official refinancing rate.,4,Bank of Russia,, Central bank policy rates - Russia - Monthly - End of period,2024-12,21,A,F,
M,RU,368,0,,From 13 Sept 2013 onwards: official key rate; from 1 Jan 1992 to 12 Sep 2013: official refinancing rate.,4,Bank of Russia,, Central bank policy rates - Russia - Monthly - End of period,2025-01,21,A,F,
M,RU,368,0,,From 13 Sept 2013 onwards: official key rate; from 1 Jan 1992 to 12 Sep 2013: official refinancing rate.,4,Bank of Russia,, Central bank policy rates - Russia - Monthly - End of period,2025-02,21,A,F,
M,RU,368,0,,From 13 Sept 2013 onwards: official key rate; from 1 Jan 1992 to 12 Sep 2013: official refinancing rate.,4,Bank of Russia,, Central bank policy rates - Russia - Monthly - End of period,2025-03,21,A,F,
M,RU,368,0,,From 13 Sept 2013 onwards: official key rate; from 1 Jan 1992 to 12 Sep 2013: official refinancing rate.,4,Bank of Russia,, Central bank policy rates - Russia - Monthly - End of period,2025-04,21,A,F,
M,RU,368,0,,From 13 Sept 2013 onwards: official key rate; from 1 Jan 1992 to 12 Sep 2013: official refinancing rate.,4,Bank of Russia,, Central bank policy rates - Russia - Monthly - End of period,2025-05,21,A,F,
M,RU,368,0,,From 13 Sept 2013 onwards: official key rate; from 1 Jan 1992 to 12 Sep 2013: official refinancing rate.,4,Bank of Russia,, Central bank policy rates - Russia - Monthly - End of period,2025-06,20,A,F,
M,RU,368,0,,From 13 Sept 2013 onwards: official key rate; from 1 Jan 1992 to 12 Sep 2013: official refinancing rate.,4,Bank of Russia,, Central bank policy rates - Russia - Monthly - End of period,2025-07,18,A,F,
M,RU,368,0,,From 13 Sept 2013 onwards: official key rate; from 1 Jan 1992 to 12 Sep 2013: official refinancing rate.,4,Bank of Russia,, Central bank policy rates - Russia - Monthly - End of period,2025-08,18,A,F,
M,RU,368,0,,From 13 Sept 2013 onwards: official key rate; from 1 Jan 1992 to 12 Sep 2013: official refinancing rate.,4,Bank of Russia,, Central bank policy rates - Russia - Monthly - End of period,2025-09,17,A,F,
M,RU,368,0,,From 13 Sept 2013 onwards: official key rate; from 1 Jan 1992 to 12 Sep 2013: official refinancing rate.,4,Bank of Russia,, Central bank policy rates - Russia - Monthly - End of period,2025-10,16.5,A,F,
M,RU,368,0,,From 13 Sept 2013 onwards: official key rate; from 1 Jan 1992 to 12 Sep 2013: official refinancing rate.,4,Bank of Russia,, Central bank policy rates - Russia - Monthly - End of period,2025-11,16.5,A,F,
M,RU,368,0,,From 13 Sept 2013 onwards: official key rate; from 1 Jan 1992 to 12 Sep 2013: official refinancing rate.,4,Bank of Russia,, Central bank policy rates - Russia - Monthly - End of period,2025-12,16,A,F,
M,RU,368,0,,From 13 Sept 2013 onwards: official key rate; from 1 Jan 1992 to 12 Sep 2013: official refinancing rate.,4,Bank of Russia,, Central bank policy rates - Russia - Monthly - End of period,2026-01,16,A,F,
M,RU,368,0,,From 13 Sept 2013 onwards: official key rate; from 1 Jan 1992 to 12 Sep 2013: official refinancing rate.,4,Bank of Russia,, Central bank policy rates - Russia - Monthly - End of period,2026-02,15.5,A,F,
M,RU,368,0,,From 13 Sept 2013 onwards: official key rate; from 1 Jan 1992 to 12 Sep 2013: official refinancing rate.,4,Bank of Russia,, Central bank policy rates - Russia - Monthly - End of period,2026-03,15,A,F,
M,RU,368,0,,From 13 Sept 2013 onwards: official key rate; from 1 Jan 1992 to 12 Sep 2013: official refinancing rate.,4,Bank of Russia,, Central bank policy rates - Russia - Monthly - End of period,2026-04,14.5,A,F,
M,RU,368,0,,From 13 Sept 2013 onwards: official key rate; from 1 Jan 1992 to 12 Sep 2013: official refinancing rate.,4,Bank of Russia,, Central bank policy rates - Russia - Monthly - End of period,2026-05,14.5,A,F,
M,RU,368,0,,From 13 Sept 2013 onwards: official key rate; from 1 Jan 1992 to 12 Sep 2013: official refinancing rate.,4,Bank of Russia,, Central bank policy rates - Russia - Monthly - End of period,2026-06,14.25,A,F,
M,RU,368,0,,From 13 Sept 2013 onwards: official key rate; from 1 Jan 1992 to 12 Sep 2013: official refinancing rate.,4,Bank of Russia,, Central bank policy rates - Russia - Monthly - End of period,2026-07,14,A,F,
M,RU,368,0,,From 13 Sept 2013 onwards: official key rate; from 1 Jan 1992 to 12 Sep 2013: official refinancing rate.,4,Bank of Russia,, Central bank policy rates - Russia - Monthly - End of period,2026-08,14,A,F,
M,XM,368,0,,"From 18 Sep 2024 onwards: official central bank steering rate is the deposit facility rate, fixed rate; from 15 Oct 2008 to 17 Sep 2024: official central bank liquidity providing, main refinancing operations, fixed rate; from 28 Jun 2000 to 14 Oct 2008: official central bank liquidity providing, main refinancing operations, minimum bid rate; from 5 Jan 1999 to 27 Jun 2000: official central bank liquidity providing, main refinancing operations, fixed rate.",4,European Central Bank,, Central bank policy rates - Euro area - Monthly - End of period,2016-01,0.05,A,F,
M,XM,368,0,,"From 18 Sep 2024 onwards: official central bank steering rate is the deposit facility rate, fixed rate; from 15 Oct 2008 to 17 Sep 2024: official central bank liquidity providing, main refinancing operations, fixed rate; from 28 Jun 2000 to 14 Oct 2008: official central bank liquidity providing, main refinancing operations, minimum bid rate; from 5 Jan 1999 to 27 Jun 2000: official central bank liquidity providing, main refinancing operations, fixed rate.",4,European Central Bank,, Central bank policy rates - Euro area - Monthly - End of period,2016-02,0.05,A,F,
M,XM,368,0,,"From 18 Sep 2024 onwards: official central bank steering rate is the deposit facility rate, fixed rate; from 15 Oct 2008 to 17 Sep 2024: official central bank liquidity providing, main refinancing operations, fixed rate; from 28 Jun 2000 to 14 Oct 2008: official central bank liquidity providing, main refinancing operations, minimum bid rate; from 5 Jan 1999 to 27 Jun 2000: official central bank liquidity providing, main refinancing operations, fixed rate.",4,European Central Bank,, Central bank policy rates - Euro area - Monthly - End of period,2016-03,0,A,F,
M,XM,368,0,,"From 18 Sep 2024 onwards: official central bank steering rate is the deposit facility rate, fixed rate; from 15 Oct 2008 to 17 Sep 2024: official central bank liquidity providing, main refinancing operations, fixed rate; from 28 Jun 2000 to 14 Oct 2008: official central bank liquidity providing, main refinancing operations, minimum bid rate; from 5 Jan 1999 to 27 Jun 2000: official central bank liquidity providing, main refinancing operations, fixed rate.",4,European Central Bank,, Central bank policy rates - Euro area - Monthly - End of period,2016-04,0,A,F,
M,XM,368,0,,"From 18 Sep 2024 onwards: official central bank steering rate is the deposit facility rate, fixed rate; from 15 Oct 2008 to 17 Sep 2024: official central bank liquidity providing, main refinancing operations, fixed rate; from 28 Jun 2000 to 14 Oct 2008: official central bank liquidity providing, main refinancing operations, minimum bid rate; from 5 Jan 1999 to 27 Jun 2000: official central bank liquidity providing, main refinancing operations, fixed rate.",4,European Central Bank,, Central bank policy rates - Euro area - Monthly - End of period,2016-05,0,A,F,
M,XM,368,0,,"From 18 Sep 2024 onwards: official central bank steering rate is the deposit facility rate, fixed rate; from 15 Oct 2008 to 17 Sep 2024: official central bank liquidity providing, main refinancing operations, fixed rate; from 28 Jun 2000 to 14 Oct 2008: official central bank liquidity providing, main refinancing operations, minimum bid rate; from 5 Jan 1999 to 27 Jun 2000: official central bank liquidity providing, main refinancing operations, fixed rate.",4,European Central Bank,, Central bank policy rates - Euro area - Monthly - End of period,2016-06,0,A,F,
M,XM,368,0,,"From 18 Sep 2024 onwards: official central bank steering rate is the deposit facility rate, fixed rate; from 15 Oct 2008 to 17 Sep 2024: official central bank liquidity providing, main refinancing operations, fixed rate; from 28 Jun 2000 to 14 Oct 2008: official central bank liquidity providing, main refinancing operations, minimum bid rate; from 5 Jan 1999 to 27 Jun 2000: official central bank liquidity providing, main refinancing operations, fixed rate.",4,European Central Bank,, Central bank policy rates - Euro area - Monthly - End of period,2016-07,0,A,F,
M,XM,368,0,,"From 18 Sep 2024 onwards: official central bank steering rate is the deposit facility rate, fixed rate; from 15 Oct 2008 to 17 Sep 2024: official central bank liquidity providing, main refinancing operations, fixed rate; from 28 Jun 2000 to 14 Oct 2008: official central bank liquidity providing, main refinancing operations, minimum bid rate; from 5 Jan 1999 to 27 Jun 2000: official central bank liquidity providing, main refinancing operations, fixed rate.",4,European Central Bank,, Central bank policy rates - Euro area - Monthly - End of period,2016-08,0,A,F,
M,XM,368,0,,"From 18 Sep 2024 onwards: official central bank steering rate is the deposit facility rate, fixed rate; from 15 Oct 2008 to 17 Sep 2024: official central bank liquidity providing, main refinancing operations, fixed rate; from 28 Jun 2000 to 14 Oct 2008: official central bank liquidity providing, main refinancing operations, minimum bid rate; from 5 Jan 1999 to 27 Jun 2000: official central bank liquidity providing, main refinancing operations, fixed rate.",4,European Central Bank,, Central bank policy rates - Euro area - Monthly - End of period,2016-09,0,A,F,
M,XM,368,0,,"From 18 Sep 2024 onwards: official central bank steering rate is the deposit facility rate, fixed rate; from 15 Oct 2008 to 17 Sep 2024: official central bank liquidity providing, main refinancing operations, fixed rate; from 28 Jun 2000 to 14 Oct 2008: official central bank liquidity providing, main refinancing operations, minimum bid rate; from 5 Jan 1999 to 27 Jun 2000: official central bank liquidity providing, main refinancing operations, fixed rate.",4,European Central Bank,, Central bank policy rates - Euro area - Monthly - End of period,2016-10,0,A,F,
M,XM,368,0,,"From 18 Sep 2024 onwards: official central bank steering rate is the deposit facility rate, fixed rate; from 15 Oct 2008 to 17 Sep 2024: official central bank liquidity providing, main refinancing operations, fixed rate; from 28 Jun 2000 to 14 Oct 2008: official central bank liquidity providing, main refinancing operations, minimum bid rate; from 5 Jan 1999 to 27 Jun 2000: official central bank liquidity providing, main refinancing operations, fixed rate.",4,European Central Bank,, Central bank policy rates - Euro area - Monthly - End of period,2016-11,0,A,F,
M,XM,368,0,,"From 18 Sep 2024 onwards: official central bank steering rate is the deposit facility rate, fixed rate; from 15 Oct 2008 to 17 Sep 2024: official central bank liquidity providing, main refinancing operations, fixed rate; from 28 Jun 2000 to 14 Oct 2008: official central bank liquidity providing, main refinancing operations, minimum bid rate; from 5 Jan 1999 to 27 Jun 2000: official central bank liquidity providing, main refinancing operations, fixed rate.",4,European Central Bank,, Central bank policy rates - Euro area - Monthly - End of period,2016-12,0,A,F,
M,XM,368,0,,"From 18 Sep 2024 onwards: official central bank steering rate is the deposit facility rate, fixed rate; from 15 Oct 2008 to 17 Sep 2024: official central bank liquidity providing, main refinancing operations, fixed rate; from 28 Jun 2000 to 14 Oct 2008: official central bank liquidity providing, main refinancing operations, minimum bid rate; from 5 Jan 1999 to 27 Jun 2000: official central bank liquidity providing, main refinancing operations, fixed rate.",4,European Central Bank,, Central bank policy rates - Euro area - Monthly - End of period,2017-01,0,A,F,
M,XM,368,0,,"From 18 Sep 2024 onwards: official central bank steering rate is the deposit facility rate, fixed rate; from 15 Oct 2008 to 17 Sep 2024: official central bank liquidity providing, main refinancing operations, fixed rate; from 28 Jun 2000 to 14 Oct 2008: official central bank liquidity providing, main refinancing operations, minimum bid rate; from 5 Jan 1999 to 27 Jun 2000: official central bank liquidity providing, main refinancing operations, fixed rate.",4,European Central Bank,, Central bank policy rates - Euro area - Monthly - End of period,2017-02,0,A,F,
M,XM,368,0,,"From 18 Sep 2024 onwards: official central bank steering rate is the deposit facility rate, fixed rate; from 15 Oct 2008 to 17 Sep 2024: official central bank liquidity providing, main refinancing operations, fixed rate; from 28 Jun 2000 to 14 Oct 2008: official central bank liquidity providing, main refinancing operations, minimum bid rate; from 5 Jan 1999 to 27 Jun 2000: official central bank liquidity providing, main refinancing operations, fixed rate.",4,European Central Bank,, Central bank policy rates - Euro area - Monthly - End of period,2017-03,0,A,F,
M,XM,368,0,,"From 18 Sep 2024 onwards: official central bank steering rate is the deposit facility rate, fixed rate; from 15 Oct 2008 to 17 Sep 2024: official central bank liquidity providing, main refinancing operations, fixed rate; from 28 Jun 2000 to 14 Oct 2008: official central bank liquidity providing, main refinancing operations, minimum bid rate; from 5 Jan 1999 to 27 Jun 2000: official central bank liquidity providing, main refinancing operations, fixed rate.",4,European Central Bank,, Central bank policy rates - Euro area - Monthly - End of period,2017-04,0,A,F,
M,XM,368,0,,"From 18 Sep 2024 onwards: official central bank steering rate is the deposit facility rate, fixed rate; from 15 Oct 2008 to 17 Sep 2024: official central bank liquidity providing, main refinancing operations, fixed rate; from 28 Jun 2000 to 14 Oct 2008: official central bank liquidity providing, main refinancing operations, minimum bid rate; from 5 Jan 1999 to 27 Jun 2000: official central bank liquidity providing, main refinancing operations, fixed rate.",4,European Central Bank,, Central bank policy rates - Euro area - Monthly - End of period,2017-05,0,A,F,
M,XM,368,0,,"From 18 Sep 2024 onwards: official central bank steering rate is the deposit facility rate, fixed rate; from 15 Oct 2008 to 17 Sep 2024: official central bank liquidity providing, main refinancing operations, fixed rate; from 28 Jun 2000 to 14 Oct 2008: official central bank liquidity providing, main refinancing operations, minimum bid rate; from 5 Jan 1999 to 27 Jun 2000: official central bank liquidity providing, main refinancing operations, fixed rate.",4,European Central Bank,, Central bank policy rates - Euro area - Monthly - End of period,2017-06,0,A,F,
M,XM,368,0,,"From 18 Sep 2024 onwards: official central bank steering rate is the deposit facility rate, fixed rate; from 15 Oct 2008 to 17 Sep 2024: official central bank liquidity providing, main refinancing operations, fixed rate; from 28 Jun 2000 to 14 Oct 2008: official central bank liquidity providing, main refinancing operations, minimum bid rate; from 5 Jan 1999 to 27 Jun 2000: official central bank liquidity providing, main refinancing operations, fixed rate.",4,European Central Bank,, Central bank policy rates - Euro area - Monthly - End of period,2017-07,0,A,F,
M,XM,368,0,,"From 18 Sep 2024 onwards: official central bank steering rate is the deposit facility rate, fixed rate; from 15 Oct 2008 to 17 Sep 2024: official central bank liquidity providing, main refinancing operations, fixed rate; from 28 Jun 2000 to 14 Oct 2008: official central bank liquidity providing, main refinancing operations, minimum bid rate; from 5 Jan 1999 to 27 Jun 2000: official central bank liquidity providing, main refinancing operations, fixed rate.",4,European Central Bank,, Central bank policy rates - Euro area - Monthly - End of period,2017-08,0,A,F,
M,XM,368,0,,"From 18 Sep 2024 onwards: official central bank steering rate is the deposit facility rate, fixed rate; from 15 Oct 2008 to 17 Sep 2024: official central bank liquidity providing, main refinancing operations, fixed rate; from 28 Jun 2000 to 14 Oct 2008: official central bank liquidity providing, main refinancing operations, minimum bid rate; from 5 Jan 1999 to 27 Jun 2000: official central bank liquidity providing, main refinancing operations, fixed rate.",4,European Central Bank,, Central bank policy rates - Euro area - Monthly - End of period,2017-09,0,A,F,
M,XM,368,0,,"From 18 Sep 2024 onwards: official central bank steering rate is the deposit facility rate, fixed rate; from 15 Oct 2008 to 17 Sep 2024: official central bank liquidity providing, main refinancing operations, fixed rate; from 28 Jun 2000 to 14 Oct 2008: official central bank liquidity providing, main refinancing operations, minimum bid rate; from 5 Jan 1999 to 27 Jun 2000: official central bank liquidity providing, main refinancing operations, fixed rate.",4,European Central Bank,, Central bank policy rates - Euro area - Monthly - End of period,2017-10,0,A,F,
M,XM,368,0,,"From 18 Sep 2024 onwards: official central bank steering rate is the deposit facility rate, fixed rate; from 15 Oct 2008 to 17 Sep 2024: official central bank liquidity providing, main refinancing operations, fixed rate; from 28 Jun 2000 to 14 Oct 2008: official central bank liquidity providing, main refinancing operations, minimum bid rate; from 5 Jan 1999 to 27 Jun 2000: official central bank liquidity providing, main refinancing operations, fixed rate.",4,European Central Bank,, Central bank policy rates - Euro area - Monthly - End of period,2017-11,0,A,F,
M,XM,368,0,,"From 18 Sep 2024 onwards: official central bank steering rate is the deposit facility rate, fixed rate; from 15 Oct 2008 to 17 Sep 2024: official central bank liquidity providing, main refinancing operations, fixed rate; from 28 Jun 2000 to 14 Oct 2008: official central bank liquidity providing, main refinancing operations, minimum bid rate; from 5 Jan 1999 to 27 Jun 2000: official central bank liquidity providing, main refinancing operations, fixed rate.",4,European Central Bank,, Central bank policy rates - Euro area - Monthly - End of period,2017-12,0,A,F,
M,XM,368,0,,"From 18 Sep 2024 onwards: official central bank steering rate is the deposit facility rate, fixed rate; from 15 Oct 2008 to 17 Sep 2024: official central bank liquidity providing, main refinancing operations, fixed rate; from 28 Jun 2000 to 14 Oct 2008: official central bank liquidity providing, main refinancing operations, minimum bid rate; from 5 Jan 1999 to 27 Jun 2000: official central bank liquidity providing, main refinancing operations, fixed rate.",4,European Central Bank,, Central bank policy rates - Euro area - Monthly - End of period,2018-01,0,A,F,
M,XM,368,0,,"From 18 Sep 2024 onwards: official central bank steering rate is the deposit facility rate, fixed rate; from 15 Oct 2008 to 17 Sep 2024: official central bank liquidity providing, main refinancing operations, fixed rate; from 28 Jun 2000 to 14 Oct 2008: official central bank liquidity providing, main refinancing operations, minimum bid rate; from 5 Jan 1999 to 27 Jun 2000: official central bank liquidity providing, main refinancing operations, fixed rate.",4,European Central Bank,, Central bank policy rates - Euro area - Monthly - End of period,2018-02,0,A,F,
M,XM,368,0,,"From 18 Sep 2024 onwards: official central bank steering rate is the deposit facility rate, fixed rate; from 15 Oct 2008 to 17 Sep 2024: official central bank liquidity providing, main refinancing operations, fixed rate; from 28 Jun 2000 to 14 Oct 2008: official central bank liquidity providing, main refinancing operations, minimum bid rate; from 5 Jan 1999 to 27 Jun 2000: official central bank liquidity providing, main refinancing operations, fixed rate.",4,European Central Bank,, Central bank policy rates - Euro area - Monthly - End of period,2018-03,0,A,F,
M,XM,368,0,,"From 18 Sep 2024 onwards: official central bank steering rate is the deposit facility rate, fixed rate; from 15 Oct 2008 to 17 Sep 2024: official central bank liquidity providing, main refinancing operations, fixed rate; from 28 Jun 2000 to 14 Oct 2008: official central bank liquidity providing, main refinancing operations, minimum bid rate; from 5 Jan 1999 to 27 Jun 2000: official central bank liquidity providing, main refinancing operations, fixed rate.",4,European Central Bank,, Central bank policy rates - Euro area - Monthly - End of period,2018-04,0,A,F,
M,XM,368,0,,"From 18 Sep 2024 onwards: official central bank steering rate is the deposit facility rate, fixed rate; from 15 Oct 2008 to 17 Sep 2024: official central bank liquidity providing, main refinancing operations, fixed rate; from 28 Jun 2000 to 14 Oct 2008: official central bank liquidity providing, main refinancing operations, minimum bid rate; from 5 Jan 1999 to 27 Jun 2000: official central bank liquidity providing, main refinancing operations, fixed rate.",4,European Central Bank,, Central bank policy rates - Euro area - Monthly - End of period,2018-05,0,A,F,
M,XM,368,0,,"From 18 Sep 2024 onwards: official central bank steering rate is the deposit facility rate, fixed rate; from 15 Oct 2008 to 17 Sep 2024: official central bank liquidity providing, main refinancing operations, fixed rate; from 28 Jun 2000 to 14 Oct 2008: official central bank liquidity providing, main refinancing operations, minimum bid rate; from 5 Jan 1999 to 27 Jun 2000: official central bank liquidity providing, main refinancing operations, fixed rate.",4,European Central Bank,, Central bank policy rates - Euro area - Monthly - End of period,2018-06,0,A,F,
M,XM,368,0,,"From 18 Sep 2024 onwards: official central bank steering rate is the deposit facility rate, fixed rate; from 15 Oct 2008 to 17 Sep 2024: official central bank liquidity providing, main refinancing operations, fixed rate; from 28 Jun 2000 to 14 Oct 2008: official central bank liquidity providing, main refinancing operations, minimum bid rate; from 5 Jan 1999 to 27 Jun 2000: official central bank liquidity providing, main refinancing operations, fixed rate.",4,European Central Bank,, Central bank policy rates - Euro area - Monthly - End of period,2018-07,0,A,F,
M,XM,368,0,,"From 18 Sep 2024 onwards: official central bank steering rate is the deposit facility rate, fixed rate; from 15 Oct 2008 to 17 Sep 2024: official central bank liquidity providing, main refinancing operations, fixed rate; from 28 Jun 2000 to 14 Oct 2008: official central bank liquidity providing, main refinancing operations, minimum bid rate; from 5 Jan 1999 to 27 Jun 2000: official central bank liquidity providing, main refinancing operations, fixed rate.",4,European Central Bank,, Central bank policy rates - Euro area - Monthly - End of period,2018-08,0,A,F,
M,XM,368,0,,"From 18 Sep 2024 onwards: official central bank steering rate is the deposit facility rate, fixed rate; from 15 Oct 2008 to 17 Sep 2024: official central bank liquidity providing, main refinancing operations, fixed rate; from 28 Jun 2000 to 14 Oct 2008: official central bank liquidity providing, main refinancing operations, minimum bid rate; from 5 Jan 1999 to 27 Jun 2000: official central bank liquidity providing, main refinancing operations, fixed rate.",4,European Central Bank,, Central bank policy rates - Euro area - Monthly - End of period,2018-09,0,A,F,
M,XM,368,0,,"From 18 Sep 2024 onwards: official central bank steering rate is the deposit facility rate, fixed rate; from 15 Oct 2008 to 17 Sep 2024: official central bank liquidity providing, main refinancing operations, fixed rate; from 28 Jun 2000 to 14 Oct 2008: official central bank liquidity providing, main refinancing operations, minimum bid rate; from 5 Jan 1999 to 27 Jun 2000: official central bank liquidity providing, main refinancing operations, fixed rate.",4,European Central Bank,, Central bank policy rates - Euro area - Monthly - End of period,2018-10,0,A,F,
M,XM,368,0,,"From 18 Sep 2024 onwards: official central bank steering rate is the deposit facility rate, fixed rate; from 15 Oct 2008 to 17 Sep 2024: official central bank liquidity providing, main refinancing operations, fixed rate; from 28 Jun 2000 to 14 Oct 2008: official central bank liquidity providing, main refinancing operations, minimum bid rate; from 5 Jan 1999 to 27 Jun 2000: official central bank liquidity providing, main refinancing operations, fixed rate.",4,European Central Bank,, Central bank policy rates - Euro area - Monthly - End of period,2018-11,0,A,F,
M,XM,368,0,,"From 18 Sep 2024 onwards: official central bank steering rate is the deposit facility rate, fixed rate; from 15 Oct 2008 to 17 Sep 2024: official central bank liquidity providing, main refinancing operations, fixed rate; from 28 Jun 2000 to 14 Oct 2008: official central bank liquidity providing, main refinancing operations, minimum bid rate; from 5 Jan 1999 to 27 Jun 2000: official central bank liquidity providing, main refinancing operations, fixed rate.",4,European Central Bank,, Central bank policy rates - Euro area - Monthly - End of period,2018-12,0,A,F,
M,XM,368,0,,"From 18 Sep 2024 onwards: official central bank steering rate is the deposit facility rate, fixed rate; from 15 Oct 2008 to 17 Sep 2024: official central bank liquidity providing, main refinancing operations, fixed rate; from 28 Jun 2000 to 14 Oct 2008: official central bank liquidity providing, main refinancing operations, minimum bid rate; from 5 Jan 1999 to 27 Jun 2000: official central bank liquidity providing, main refinancing operations, fixed rate.",4,European Central Bank,, Central bank policy rates - Euro area - Monthly - End of period,2019-01,0,A,F,
M,XM,368,0,,"From 18 Sep 2024 onwards: official central bank steering rate is the deposit facility rate, fixed rate; from 15 Oct 2008 to 17 Sep 2024: official central bank liquidity providing, main refinancing operations, fixed rate; from 28 Jun 2000 to 14 Oct 2008: official central bank liquidity providing, main refinancing operations, minimum bid rate; from 5 Jan 1999 to 27 Jun 2000: official central bank liquidity providing, main refinancing operations, fixed rate.",4,European Central Bank,, Central bank policy rates - Euro area - Monthly - End of period,2019-02,0,A,F,
M,XM,368,0,,"From 18 Sep 2024 onwards: official central bank steering rate is the deposit facility rate, fixed rate; from 15 Oct 2008 to 17 Sep 2024: official central bank liquidity providing, main refinancing operations, fixed rate; from 28 Jun 2000 to 14 Oct 2008: official central bank liquidity providing, main refinancing operations, minimum bid rate; from 5 Jan 1999 to 27 Jun 2000: official central bank liquidity providing, main refinancing operations, fixed rate.",4,European Central Bank,, Central bank policy rates - Euro area - Monthly - End of period,2019-03,0,A,F,
M,XM,368,0,,"From 18 Sep 2024 onwards: official central bank steering rate is the deposit facility rate, fixed rate; from 15 Oct 2008 to 17 Sep 2024: official central bank liquidity providing, main refinancing operations, fixed rate; from 28 Jun 2000 to 14 Oct 2008: official central bank liquidity providing, main refinancing operations, minimum bid rate; from 5 Jan 1999 to 27 Jun 2000: official central bank liquidity providing, main refinancing operations, fixed rate.",4,European Central Bank,, Central bank policy rates - Euro area - Monthly - End of period,2019-04,0,A,F,
M,XM,368,0,,"From 18 Sep 2024 onwards: official central bank steering rate is the deposit facility rate, fixed rate; from 15 Oct 2008 to 17 Sep 2024: official central bank liquidity providing, main refinancing operations, fixed rate; from 28 Jun 2000 to 14 Oct 2008: official central bank liquidity providing, main refinancing operations, minimum bid rate; from 5 Jan 1999 to 27 Jun 2000: official central bank liquidity providing, main refinancing operations, fixed rate.",4,European Central Bank,, Central bank policy rates - Euro area - Monthly - End of period,2019-05,0,A,F,
M,XM,368,0,,"From 18 Sep 2024 onwards: official central bank steering rate is the deposit facility rate, fixed rate; from 15 Oct 2008 to 17 Sep 2024: official central bank liquidity providing, main refinancing operations, fixed rate; from 28 Jun 2000 to 14 Oct 2008: official central bank liquidity providing, main refinancing operations, minimum bid rate; from 5 Jan 1999 to 27 Jun 2000: official central bank liquidity providing, main refinancing operations, fixed rate.",4,European Central Bank,, Central bank policy rates - Euro area - Monthly - End of period,2019-06,0,A,F,
M,XM,368,0,,"From 18 Sep 2024 onwards: official central bank steering rate is the deposit facility rate, fixed rate; from 15 Oct 2008 to 17 Sep 2024: official central bank liquidity providing, main refinancing operations, fixed rate; from 28 Jun 2000 to 14 Oct 2008: official central bank liquidity providing, main refinancing operations, minimum bid rate; from 5 Jan 1999 to 27 Jun 2000: official central bank liquidity providing, main refinancing operations, fixed rate.",4,European Central Bank,, Central bank policy rates - Euro area - Monthly - End of period,2019-07,0,A,F,
M,XM,368,0,,"From 18 Sep 2024 onwards: official central bank steering rate is the deposit facility rate, fixed rate; from 15 Oct 2008 to 17 Sep 2024: official central bank liquidity providing, main refinancing operations, fixed rate; from 28 Jun 2000 to 14 Oct 2008: official central bank liquidity providing, main refinancing operations, minimum bid rate; from 5 Jan 1999 to 27 Jun 2000: official central bank liquidity providing, main refinancing operations, fixed rate.",4,European Central Bank,, Central bank policy rates - Euro area - Monthly - End of period,2019-08,0,A,F,
M,XM,368,0,,"From 18 Sep 2024 onwards: official central bank steering rate is the deposit facility rate, fixed rate; from 15 Oct 2008 to 17 Sep 2024: official central bank liquidity providing, main refinancing operations, fixed rate; from 28 Jun 2000 to 14 Oct 2008: official central bank liquidity providing, main refinancing operations, minimum bid rate; from 5 Jan 1999 to 27 Jun 2000: official central bank liquidity providing, main refinancing operations, fixed rate.",4,European Central Bank,, Central bank policy rates - Euro area - Monthly - End of period,2019-09,0,A,F,
M,XM,368,0,,"From 18 Sep 2024 onwards: official central bank steering rate is the deposit facility rate, fixed rate; from 15 Oct 2008 to 17 Sep 2024: official central bank liquidity providing, main refinancing operations, fixed rate; from 28 Jun 2000 to 14 Oct 2008: official central bank liquidity providing, main refinancing operations, minimum bid rate; from 5 Jan 1999 to 27 Jun 2000: official central bank liquidity providing, main refinancing operations, fixed rate.",4,European Central Bank,, Central bank policy rates - Euro area - Monthly - End of period,2019-10,0,A,F,
M,XM,368,0,,"From 18 Sep 2024 onwards: official central bank steering rate is the deposit facility rate, fixed rate; from 15 Oct 2008 to 17 Sep 2024: official central bank liquidity providing, main refinancing operations, fixed rate; from 28 Jun 2000 to 14 Oct 2008: official central bank liquidity providing, main refinancing operations, minimum bid rate; from 5 Jan 1999 to 27 Jun 2000: official central bank liquidity providing, main refinancing operations, fixed rate.",4,European Central Bank,, Central bank policy rates - Euro area - Monthly - End of period,2019-11,0,A,F,
M,XM,368,0,,"From 18 Sep 2024 onwards: official central bank steering rate is the deposit facility rate, fixed rate; from 15 Oct 2008 to 17 Sep 2024: official central bank liquidity providing, main refinancing operations, fixed rate; from 28 Jun 2000 to 14 Oct 2008: official central bank liquidity providing, main refinancing operations, minimum bid rate; from 5 Jan 1999 to 27 Jun 2000: official central bank liquidity providing, main refinancing operations, fixed rate.",4,European Central Bank,, Central bank policy rates - Euro area - Monthly - End of period,2019-12,0,A,F,
M,XM,368,0,,"From 18 Sep 2024 onwards: official central bank steering rate is the deposit facility rate, fixed rate; from 15 Oct 2008 to 17 Sep 2024: official central bank liquidity providing, main refinancing operations, fixed rate; from 28 Jun 2000 to 14 Oct 2008: official central bank liquidity providing, main refinancing operations, minimum bid rate; from 5 Jan 1999 to 27 Jun 2000: official central bank liquidity providing, main refinancing operations, fixed rate.",4,European Central Bank,, Central bank policy rates - Euro area - Monthly - End of period,2020-01,0,A,F,
M,XM,368,0,,"From 18 Sep 2024 onwards: official central bank steering rate is the deposit facility rate, fixed rate; from 15 Oct 2008 to 17 Sep 2024: official central bank liquidity providing, main refinancing operations, fixed rate; from 28 Jun 2000 to 14 Oct 2008: official central bank liquidity providing, main refinancing operations, minimum bid rate; from 5 Jan 1999 to 27 Jun 2000: official central bank liquidity providing, main refinancing operations, fixed rate.",4,European Central Bank,, Central bank policy rates - Euro area - Monthly - End of period,2020-02,0,A,F,
M,XM,368,0,,"From 18 Sep 2024 onwards: official central bank steering rate is the deposit facility rate, fixed rate; from 15 Oct 2008 to 17 Sep 2024: official central bank liquidity providing, main refinancing operations, fixed rate; from 28 Jun 2000 to 14 Oct 2008: official central bank liquidity providing, main refinancing operations, minimum bid rate; from 5 Jan 1999 to 27 Jun 2000: official central bank liquidity providing, main refinancing operations, fixed rate.",4,European Central Bank,, Central bank policy rates - Euro area - Monthly - End of period,2020-03,0,A,F,
M,XM,368,0,,"From 18 Sep 2024 onwards: official central bank steering rate is the deposit facility rate, fixed rate; from 15 Oct 2008 to 17 Sep 2024: official central bank liquidity providing, main refinancing operations, fixed rate; from 28 Jun 2000 to 14 Oct 2008: official central bank liquidity providing, main refinancing operations, minimum bid rate; from 5 Jan 1999 to 27 Jun 2000: official central bank liquidity providing, main refinancing operations, fixed rate.",4,European Central Bank,, Central bank policy rates - Euro area - Monthly - End of period,2020-04,0,A,F,
M,XM,368,0,,"From 18 Sep 2024 onwards: official central bank steering rate is the deposit facility rate, fixed rate; from 15 Oct 2008 to 17 Sep 2024: official central bank liquidity providing, main refinancing operations, fixed rate; from 28 Jun 2000 to 14 Oct 2008: official central bank liquidity providing, main refinancing operations, minimum bid rate; from 5 Jan 1999 to 27 Jun 2000: official central bank liquidity providing, main refinancing operations, fixed rate.",4,European Central Bank,, Central bank policy rates - Euro area - Monthly - End of period,2020-05,0,A,F,
M,XM,368,0,,"From 18 Sep 2024 onwards: official central bank steering rate is the deposit facility rate, fixed rate; from 15 Oct 2008 to 17 Sep 2024: official central bank liquidity providing, main refinancing operations, fixed rate; from 28 Jun 2000 to 14 Oct 2008: official central bank liquidity providing, main refinancing operations, minimum bid rate; from 5 Jan 1999 to 27 Jun 2000: official central bank liquidity providing, main refinancing operations, fixed rate.",4,European Central Bank,, Central bank policy rates - Euro area - Monthly - End of period,2020-06,0,A,F,
M,XM,368,0,,"From 18 Sep 2024 onwards: official central bank steering rate is the deposit facility rate, fixed rate; from 15 Oct 2008 to 17 Sep 2024: official central bank liquidity providing, main refinancing operations, fixed rate; from 28 Jun 2000 to 14 Oct 2008: official central bank liquidity providing, main refinancing operations, minimum bid rate; from 5 Jan 1999 to 27 Jun 2000: official central bank liquidity providing, main refinancing operations, fixed rate.",4,European Central Bank,, Central bank policy rates - Euro area - Monthly - End of period,2020-07,0,A,F,
M,XM,368,0,,"From 18 Sep 2024 onwards: official central bank steering rate is the deposit facility rate, fixed rate; from 15 Oct 2008 to 17 Sep 2024: official central bank liquidity providing, main refinancing operations, fixed rate; from 28 Jun 2000 to 14 Oct 2008: official central bank liquidity providing, main refinancing operations, minimum bid rate; from 5 Jan 1999 to 27 Jun 2000: official central bank liquidity providing, main refinancing operations, fixed rate.",4,European Central Bank,, Central bank policy rates - Euro area - Monthly - End of period,2020-08,0,A,F,
M,XM,368,0,,"From 18 Sep 2024 onwards: official central bank steering rate is the deposit facility rate, fixed rate; from 15 Oct 2008 to 17 Sep 2024: official central bank liquidity providing, main refinancing operations, fixed rate; from 28 Jun 2000 to 14 Oct 2008: official central bank liquidity providing, main refinancing operations, minimum bid rate; from 5 Jan 1999 to 27 Jun 2000: official central bank liquidity providing, main refinancing operations, fixed rate.",4,European Central Bank,, Central bank policy rates - Euro area - Monthly - End of period,2020-09,0,A,F,
M,XM,368,0,,"From 18 Sep 2024 onwards: official central bank steering rate is the deposit facility rate, fixed rate; from 15 Oct 2008 to 17 Sep 2024: official central bank liquidity providing, main refinancing operations, fixed rate; from 28 Jun 2000 to 14 Oct 2008: official central bank liquidity providing, main refinancing operations, minimum bid rate; from 5 Jan 1999 to 27 Jun 2000: official central bank liquidity providing, main refinancing operations, fixed rate.",4,European Central Bank,, Central bank policy rates - Euro area - Monthly - End of period,2020-10,0,A,F,
M,XM,368,0,,"From 18 Sep 2024 onwards: official central bank steering rate is the deposit facility rate, fixed rate; from 15 Oct 2008 to 17 Sep 2024: official central bank liquidity providing, main refinancing operations, fixed rate; from 28 Jun 2000 to 14 Oct 2008: official central bank liquidity providing, main refinancing operations, minimum bid rate; from 5 Jan 1999 to 27 Jun 2000: official central bank liquidity providing, main refinancing operations, fixed rate.",4,European Central Bank,, Central bank policy rates - Euro area - Monthly - End of period,2020-11,0,A,F,
M,XM,368,0,,"From 18 Sep 2024 onwards: official central bank steering rate is the deposit facility rate, fixed rate; from 15 Oct 2008 to 17 Sep 2024: official central bank liquidity providing, main refinancing operations, fixed rate; from 28 Jun 2000 to 14 Oct 2008: official central bank liquidity providing, main refinancing operations, minimum bid rate; from 5 Jan 1999 to 27 Jun 2000: official central bank liquidity providing, main refinancing operations, fixed rate.",4,European Central Bank,, Central bank policy rates - Euro area - Monthly - End of period,2020-12,0,A,F,
M,XM,368,0,,"From 18 Sep 2024 onwards: official central bank steering rate is the deposit facility rate, fixed rate; from 15 Oct 2008 to 17 Sep 2024: official central bank liquidity providing, main refinancing operations, fixed rate; from 28 Jun 2000 to 14 Oct 2008: official central bank liquidity providing, main refinancing operations, minimum bid rate; from 5 Jan 1999 to 27 Jun 2000: official central bank liquidity providing, main refinancing operations, fixed rate.",4,European Central Bank,, Central bank policy rates - Euro area - Monthly - End of period,2021-01,0,A,F,
M,XM,368,0,,"From 18 Sep 2024 onwards: official central bank steering rate is the deposit facility rate, fixed rate; from 15 Oct 2008 to 17 Sep 2024: official central bank liquidity providing, main refinancing operations, fixed rate; from 28 Jun 2000 to 14 Oct 2008: official central bank liquidity providing, main refinancing operations, minimum bid rate; from 5 Jan 1999 to 27 Jun 2000: official central bank liquidity providing, main refinancing operations, fixed rate.",4,European Central Bank,, Central bank policy rates - Euro area - Monthly - End of period,2021-02,0,A,F,
M,XM,368,0,,"From 18 Sep 2024 onwards: official central bank steering rate is the deposit facility rate, fixed rate; from 15 Oct 2008 to 17 Sep 2024: official central bank liquidity providing, main refinancing operations, fixed rate; from 28 Jun 2000 to 14 Oct 2008: official central bank liquidity providing, main refinancing operations, minimum bid rate; from 5 Jan 1999 to 27 Jun 2000: official central bank liquidity providing, main refinancing operations, fixed rate.",4,European Central Bank,, Central bank policy rates - Euro area - Monthly - End of period,2021-03,0,A,F,
M,XM,368,0,,"From 18 Sep 2024 onwards: official central bank steering rate is the deposit facility rate, fixed rate; from 15 Oct 2008 to 17 Sep 2024: official central bank liquidity providing, main refinancing operations, fixed rate; from 28 Jun 2000 to 14 Oct 2008: official central bank liquidity providing, main refinancing operations, minimum bid rate; from 5 Jan 1999 to 27 Jun 2000: official central bank liquidity providing, main refinancing operations, fixed rate.",4,European Central Bank,, Central bank policy rates - Euro area - Monthly - End of period,2021-04,0,A,F,
M,XM,368,0,,"From 18 Sep 2024 onwards: official central bank steering rate is the deposit facility rate, fixed rate; from 15 Oct 2008 to 17 Sep 2024: official central bank liquidity providing, main refinancing operations, fixed rate; from 28 Jun 2000 to 14 Oct 2008: official central bank liquidity providing, main refinancing operations, minimum bid rate; from 5 Jan 1999 to 27 Jun 2000: official central bank liquidity providing, main refinancing operations, fixed rate.",4,European Central Bank,, Central bank policy rates - Euro area - Monthly - End of period,2021-05,0,A,F,
M,XM,368,0,,"From 18 Sep 2024 onwards: official central bank steering rate is the deposit facility rate, fixed rate; from 15 Oct 2008 to 17 Sep 2024: official central bank liquidity providing, main refinancing operations, fixed rate; from 28 Jun 2000 to 14 Oct 2008: official central bank liquidity providing, main refinancing operations, minimum bid rate; from 5 Jan 1999 to 27 Jun 2000: official central bank liquidity providing, main refinancing operations, fixed rate.",4,European Central Bank,, Central bank policy rates - Euro area - Monthly - End of period,2021-06,0,A,F,
M,XM,368,0,,"From 18 Sep 2024 onwards: official central bank steering rate is the deposit facility rate, fixed rate; from 15 Oct 2008 to 17 Sep 2024: official central bank liquidity providing, main refinancing operations, fixed rate; from 28 Jun 2000 to 14 Oct 2008: official central bank liquidity providing, main refinancing operations, minimum bid rate; from 5 Jan 1999 to 27 Jun 2000: official central bank liquidity providing, main refinancing operations, fixed rate.",4,European Central Bank,, Central bank policy rates - Euro area - Monthly - End of period,2021-07,0,A,F,
M,XM,368,0,,"From 18 Sep 2024 onwards: official central bank steering rate is the deposit facility rate, fixed rate; from 15 Oct 2008 to 17 Sep 2024: official central bank liquidity providing, main refinancing operations, fixed rate; from 28 Jun 2000 to 14 Oct 2008: official central bank liquidity providing, main refinancing operations, minimum bid rate; from 5 Jan 1999 to 27 Jun 2000: official central bank liquidity providing, main refinancing operations, fixed rate.",4,European Central Bank,, Central bank policy rates - Euro area - Monthly - End of period,2021-08,0,A,F,
M,XM,368,0,,"From 18 Sep 2024 onwards: official central bank steering rate is the deposit facility rate, fixed rate; from 15 Oct 2008 to 17 Sep 2024: official central bank liquidity providing, main refinancing operations, fixed rate; from 28 Jun 2000 to 14 Oct 2008: official central bank liquidity providing, main refinancing operations, minimum bid rate; from 5 Jan 1999 to 27 Jun 2000: official central bank liquidity providing, main refinancing operations, fixed rate.",4,European Central Bank,, Central bank policy rates - Euro area - Monthly - End of period,2021-09,0,A,F,
M,XM,368,0,,"From 18 Sep 2024 onwards: official central bank steering rate is the deposit facility rate, fixed rate; from 15 Oct 2008 to 17 Sep 2024: official central bank liquidity providing, main refinancing operations, fixed rate; from 28 Jun 2000 to 14 Oct 2008: official central bank liquidity providing, main refinancing operations, minimum bid rate; from 5 Jan 1999 to 27 Jun 2000: official central bank liquidity providing, main refinancing operations, fixed rate.",4,European Central Bank,, Central bank policy rates - Euro area - Monthly - End of period,2021-10,0,A,F,
M,XM,368,0,,"From 18 Sep 2024 onwards: official central bank steering rate is the deposit facility rate, fixed rate; from 15 Oct 2008 to 17 Sep 2024: official central bank liquidity providing, main refinancing operations, fixed rate; from 28 Jun 2000 to 14 Oct 2008: official central bank liquidity providing, main refinancing operations, minimum bid rate; from 5 Jan 1999 to 27 Jun 2000: official central bank liquidity providing, main refinancing operations, fixed rate.",4,European Central Bank,, Central bank policy rates - Euro area - Monthly - End of period,2021-11,0,A,F,
M,XM,368,0,,"From 18 Sep 2024 onwards: official central bank steering rate is the deposit facility rate, fixed rate; from 15 Oct 2008 to 17 Sep 2024: official central bank liquidity providing, main refinancing operations, fixed rate; from 28 Jun 2000 to 14 Oct 2008: official central bank liquidity providing, main refinancing operations, minimum bid rate; from 5 Jan 1999 to 27 Jun 2000: official central bank liquidity providing, main refinancing operations, fixed rate.",4,European Central Bank,, Central bank policy rates - Euro area - Monthly - End of period,2021-12,0,A,F,
M,XM,368,0,,"From 18 Sep 2024 onwards: official central bank steering rate is the deposit facility rate, fixed rate; from 15 Oct 2008 to 17 Sep 2024: official central bank liquidity providing, main refinancing operations, fixed rate; from 28 Jun 2000 to 14 Oct 2008: official central bank liquidity providing, main refinancing operations, minimum bid rate; from 5 Jan 1999 to 27 Jun 2000: official central bank liquidity providing, main refinancing operations, fixed rate.",4,European Central Bank,, Central bank policy rates - Euro area - Monthly - End of period,2022-01,0,A,F,
M,XM,368,0,,"From 18 Sep 2024 onwards: official central bank steering rate is the deposit facility rate, fixed rate; from 15 Oct 2008 to 17 Sep 2024: official central bank liquidity providing, main refinancing operations, fixed rate; from 28 Jun 2000 to 14 Oct 2008: official central bank liquidity providing, main refinancing operations, minimum bid rate; from 5 Jan 1999 to 27 Jun 2000: official central bank liquidity providing, main refinancing operations, fixed rate.",4,European Central Bank,, Central bank policy rates - Euro area - Monthly - End of period,2022-02,0,A,F,
M,XM,368,0,,"From 18 Sep 2024 onwards: official central bank steering rate is the deposit facility rate, fixed rate; from 15 Oct 2008 to 17 Sep 2024: official central bank liquidity providing, main refinancing operations, fixed rate; from 28 Jun 2000 to 14 Oct 2008: official central bank liquidity providing, main refinancing operations, minimum bid rate; from 5 Jan 1999 to 27 Jun 2000: official central bank liquidity providing, main refinancing operations, fixed rate.",4,European Central Bank,, Central bank policy rates - Euro area - Monthly - End of period,2022-03,0,A,F,
M,XM,368,0,,"From 18 Sep 2024 onwards: official central bank steering rate is the deposit facility rate, fixed rate; from 15 Oct 2008 to 17 Sep 2024: official central bank liquidity providing, main refinancing operations, fixed rate; from 28 Jun 2000 to 14 Oct 2008: official central bank liquidity providing, main refinancing operations, minimum bid rate; from 5 Jan 1999 to 27 Jun 2000: official central bank liquidity providing, main refinancing operations, fixed rate.",4,European Central Bank,, Central bank policy rates - Euro area - Monthly - End of period,2022-04,0,A,F,
M,XM,368,0,,"From 18 Sep 2024 onwards: official central bank steering rate is the deposit facility rate, fixed rate; from 15 Oct 2008 to 17 Sep 2024: official central bank liquidity providing, main refinancing operations, fixed rate; from 28 Jun 2000 to 14 Oct 2008: official central bank liquidity providing, main refinancing operations, minimum bid rate; from 5 Jan 1999 to 27 Jun 2000: official central bank liquidity providing, main refinancing operations, fixed rate.",4,European Central Bank,, Central bank policy rates - Euro area - Monthly - End of period,2022-05,0,A,F,
M,XM,368,0,,"From 18 Sep 2024 onwards: official central bank steering rate is the deposit facility rate, fixed rate; from 15 Oct 2008 to 17 Sep 2024: official central bank liquidity providing, main refinancing operations, fixed rate; from 28 Jun 2000 to 14 Oct 2008: official central bank liquidity providing, main refinancing operations, minimum bid rate; from 5 Jan 1999 to 27 Jun 2000: official central bank liquidity providing, main refinancing operations, fixed rate.",4,European Central Bank,, Central bank policy rates - Euro area - Monthly - End of period,2022-06,0,A,F,
M,XM,368,0,,"From 18 Sep 2024 onwards: official central bank steering rate is the deposit facility rate, fixed rate; from 15 Oct 2008 to 17 Sep 2024: official central bank liquidity providing, main refinancing operations, fixed rate; from 28 Jun 2000 to 14 Oct 2008: official central bank liquidity providing, main refinancing operations, minimum bid rate; from 5 Jan 1999 to 27 Jun 2000: official central bank liquidity providing, main refinancing operations, fixed rate.",4,European Central Bank,, Central bank policy rates - Euro area - Monthly - End of period,2022-07,0.5,A,F,
M,XM,368,0,,"From 18 Sep 2024 onwards: official central bank steering rate is the deposit facility rate, fixed rate; from 15 Oct 2008 to 17 Sep 2024: official central bank liquidity providing, main refinancing operations, fixed rate; from 28 Jun 2000 to 14 Oct 2008: official central bank liquidity providing, main refinancing operations, minimum bid rate; from 5 Jan 1999 to 27 Jun 2000: official central bank liquidity providing, main refinancing operations, fixed rate.",4,European Central Bank,, Central bank policy rates - Euro area - Monthly - End of period,2022-08,0.5,A,F,
M,XM,368,0,,"From 18 Sep 2024 onwards: official central bank steering rate is the deposit facility rate, fixed rate; from 15 Oct 2008 to 17 Sep 2024: official central bank liquidity providing, main refinancing operations, fixed rate; from 28 Jun 2000 to 14 Oct 2008: official central bank liquidity providing, main refinancing operations, minimum bid rate; from 5 Jan 1999 to 27 Jun 2000: official central bank liquidity providing, main refinancing operations, fixed rate.",4,European Central Bank,, Central bank policy rates - Euro area - Monthly - End of period,2022-09,1.25,A,F,
M,XM,368,0,,"From 18 Sep 2024 onwards: official central bank steering rate is the deposit facility rate, fixed rate; from 15 Oct 2008 to 17 Sep 2024: official central bank liquidity providing, main refinancing operations, fixed rate; from 28 Jun 2000 to 14 Oct 2008: official central bank liquidity providing, main refinancing operations, minimum bid rate; from 5 Jan 1999 to 27 Jun 2000: official central bank liquidity providing, main refinancing operations, fixed rate.",4,European Central Bank,, Central bank policy rates - Euro area - Monthly - End of period,2022-10,1.25,A,F,
M,XM,368,0,,"From 18 Sep 2024 onwards: official central bank steering rate is the deposit facility rate, fixed rate; from 15 Oct 2008 to 17 Sep 2024: official central bank liquidity providing, main refinancing operations, fixed rate; from 28 Jun 2000 to 14 Oct 2008: official central bank liquidity providing, main refinancing operations, minimum bid rate; from 5 Jan 1999 to 27 Jun 2000: official central bank liquidity providing, main refinancing operations, fixed rate.",4,European Central Bank,, Central bank policy rates - Euro area - Monthly - End of period,2022-11,2,A,F,
M,XM,368,0,,"From 18 Sep 2024 onwards: official central bank steering rate is the deposit facility rate, fixed rate; from 15 Oct 2008 to 17 Sep 2024: official central bank liquidity providing, main refinancing operations, fixed rate; from 28 Jun 2000 to 14 Oct 2008: official central bank liquidity providing, main refinancing operations, minimum bid rate; from 5 Jan 1999 to 27 Jun 2000: official central bank liquidity providing, main refinancing operations, fixed rate.",4,European Central Bank,, Central bank policy rates - Euro area - Monthly - End of period,2022-12,2.5,A,F,
M,XM,368,0,,"From 18 Sep 2024 onwards: official central bank steering rate is the deposit facility rate, fixed rate; from 15 Oct 2008 to 17 Sep 2024: official central bank liquidity providing, main refinancing operations, fixed rate; from 28 Jun 2000 to 14 Oct 2008: official central bank liquidity providing, main refinancing operations, minimum bid rate; from 5 Jan 1999 to 27 Jun 2000: official central bank liquidity providing, main refinancing operations, fixed rate.",4,European Central Bank,, Central bank policy rates - Euro area - Monthly - End of period,2023-01,2.5,A,F,
M,XM,368,0,,"From 18 Sep 2024 onwards: official central bank steering rate is the deposit facility rate, fixed rate; from 15 Oct 2008 to 17 Sep 2024: official central bank liquidity providing, main refinancing operations, fixed rate; from 28 Jun 2000 to 14 Oct 2008: official central bank liquidity providing, main refinancing operations, minimum bid rate; from 5 Jan 1999 to 27 Jun 2000: official central bank liquidity providing, main refinancing operations, fixed rate.",4,European Central Bank,, Central bank policy rates - Euro area - Monthly - End of period,2023-02,3,A,F,
M,XM,368,0,,"From 18 Sep 2024 onwards: official central bank steering rate is the deposit facility rate, fixed rate; from 15 Oct 2008 to 17 Sep 2024: official central bank liquidity providing, main refinancing operations, fixed rate; from 28 Jun 2000 to 14 Oct 2008: official central bank liquidity providing, main refinancing operations, minimum bid rate; from 5 Jan 1999 to 27 Jun 2000: official central bank liquidity providing, main refinancing operations, fixed rate.",4,European Central Bank,, Central bank policy rates - Euro area - Monthly - End of period,2023-03,3.5,A,F,
M,XM,368,0,,"From 18 Sep 2024 onwards: official central bank steering rate is the deposit facility rate, fixed rate; from 15 Oct 2008 to 17 Sep 2024: official central bank liquidity providing, main refinancing operations, fixed rate; from 28 Jun 2000 to 14 Oct 2008: official central bank liquidity providing, main refinancing operations, minimum bid rate; from 5 Jan 1999 to 27 Jun 2000: official central bank liquidity providing, main refinancing operations, fixed rate.",4,European Central Bank,, Central bank policy rates - Euro area - Monthly - End of period,2023-04,3.5,A,F,
M,XM,368,0,,"From 18 Sep 2024 onwards: official central bank steering rate is the deposit facility rate, fixed rate; from 15 Oct 2008 to 17 Sep 2024: official central bank liquidity providing, main refinancing operations, fixed rate; from 28 Jun 2000 to 14 Oct 2008: official central bank liquidity providing, main refinancing operations, minimum bid rate; from 5 Jan 1999 to 27 Jun 2000: official central bank liquidity providing, main refinancing operations, fixed rate.",4,European Central Bank,, Central bank policy rates - Euro area - Monthly - End of period,2023-05,3.75,A,F,
M,XM,368,0,,"From 18 Sep 2024 onwards: official central bank steering rate is the deposit facility rate, fixed rate; from 15 Oct 2008 to 17 Sep 2024: official central bank liquidity providing, main refinancing operations, fixed rate; from 28 Jun 2000 to 14 Oct 2008: official central bank liquidity providing, main refinancing operations, minimum bid rate; from 5 Jan 1999 to 27 Jun 2000: official central bank liquidity providing, main refinancing operations, fixed rate.",4,European Central Bank,, Central bank policy rates - Euro area - Monthly - End of period,2023-06,4,A,F,
M,XM,368,0,,"From 18 Sep 2024 onwards: official central bank steering rate is the deposit facility rate, fixed rate; from 15 Oct 2008 to 17 Sep 2024: official central bank liquidity providing, main refinancing operations, fixed rate; from 28 Jun 2000 to 14 Oct 2008: official central bank liquidity providing, main refinancing operations, minimum bid rate; from 5 Jan 1999 to 27 Jun 2000: official central bank liquidity providing, main refinancing operations, fixed rate.",4,European Central Bank,, Central bank policy rates - Euro area - Monthly - End of period,2023-07,4,A,F,
M,XM,368,0,,"From 18 Sep 2024 onwards: official central bank steering rate is the deposit facility rate, fixed rate; from 15 Oct 2008 to 17 Sep 2024: official central bank liquidity providing, main refinancing operations, fixed rate; from 28 Jun 2000 to 14 Oct 2008: official central bank liquidity providing, main refinancing operations, minimum bid rate; from 5 Jan 1999 to 27 Jun 2000: official central bank liquidity providing, main refinancing operations, fixed rate.",4,European Central Bank,, Central bank policy rates - Euro area - Monthly - End of period,2023-08,4.25,A,F,
M,XM,368,0,,"From 18 Sep 2024 onwards: official central bank steering rate is the deposit facility rate, fixed rate; from 15 Oct 2008 to 17 Sep 2024: official central bank liquidity providing, main refinancing operations, fixed rate; from 28 Jun 2000 to 14 Oct 2008: official central bank liquidity providing, main refinancing operations, minimum bid rate; from 5 Jan 1999 to 27 Jun 2000: official central bank liquidity providing, main refinancing operations, fixed rate.",4,European Central Bank,, Central bank policy rates - Euro area - Monthly - End of period,2023-09,4.5,A,F,
M,XM,368,0,,"From 18 Sep 2024 onwards: official central bank steering rate is the deposit facility rate, fixed rate; from 15 Oct 2008 to 17 Sep 2024: official central bank liquidity providing, main refinancing operations, fixed rate; from 28 Jun 2000 to 14 Oct 2008: official central bank liquidity providing, main refinancing operations, minimum bid rate; from 5 Jan 1999 to 27 Jun 2000: official central bank liquidity providing, main refinancing operations, fixed rate.",4,European Central Bank,, Central bank policy rates - Euro area - Monthly - End of period,2023-10,4.5,A,F,
M,XM,368,0,,"From 18 Sep 2024 onwards: official central bank steering rate is the deposit facility rate, fixed rate; from 15 Oct 2008 to 17 Sep 2024: official central bank liquidity providing, main refinancing operations, fixed rate; from 28 Jun 2000 to 14 Oct 2008: official central bank liquidity providing, main refinancing operations, minimum bid rate; from 5 Jan 1999 to 27 Jun 2000: official central bank liquidity providing, main refinancing operations, fixed rate.",4,European Central Bank,, Central bank policy rates - Euro area - Monthly - End of period,2023-11,4.5,A,F,
M,XM,368,0,,"From 18 Sep 2024 onwards: official central bank steering rate is the deposit facility rate, fixed rate; from 15 Oct 2008 to 17 Sep 2024: official central bank liquidity providing, main refinancing operations, fixed rate; from 28 Jun 2000 to 14 Oct 2008: official central bank liquidity providing, main refinancing operations, minimum bid rate; from 5 Jan 1999 to 27 Jun 2000: official central bank liquidity providing, main refinancing operations, fixed rate.",4,European Central Bank,, Central bank policy rates - Euro area - Monthly - End of period,2023-12,4.5,A,F,
M,XM,368,0,,"From 18 Sep 2024 onwards: official central bank steering rate is the deposit facility rate, fixed rate; from 15 Oct 2008 to 17 Sep 2024: official central bank liquidity providing, main refinancing operations, fixed rate; from 28 Jun 2000 to 14 Oct 2008: official central bank liquidity providing, main refinancing operations, minimum bid rate; from 5 Jan 1999 to 27 Jun 2000: official central bank liquidity providing, main refinancing operations, fixed rate.",4,European Central Bank,, Central bank policy rates - Euro area - Monthly - End of period,2024-01,4.5,A,F,
M,XM,368,0,,"From 18 Sep 2024 onwards: official central bank steering rate is the deposit facility rate, fixed rate; from 15 Oct 2008 to 17 Sep 2024: official central bank liquidity providing, main refinancing operations, fixed rate; from 28 Jun 2000 to 14 Oct 2008: official central bank liquidity providing, main refinancing operations, minimum bid rate; from 5 Jan 1999 to 27 Jun 2000: official central bank liquidity providing, main refinancing operations, fixed rate.",4,European Central Bank,, Central bank policy rates - Euro area - Monthly - End of period,2024-02,4.5,A,F,
M,XM,368,0,,"From 18 Sep 2024 onwards: official central bank steering rate is the deposit facility rate, fixed rate; from 15 Oct 2008 to 17 Sep 2024: official central bank liquidity providing, main refinancing operations, fixed rate; from 28 Jun 2000 to 14 Oct 2008: official central bank liquidity providing, main refinancing operations, minimum bid rate; from 5 Jan 1999 to 27 Jun 2000: official central bank liquidity providing, main refinancing operations, fixed rate.",4,European Central Bank,, Central bank policy rates - Euro area - Monthly - End of period,2024-03,4.5,A,F,
M,XM,368,0,,"From 18 Sep 2024 onwards: official central bank steering rate is the deposit facility rate, fixed rate; from 15 Oct 2008 to 17 Sep 2024: official central bank liquidity providing, main refinancing operations, fixed rate; from 28 Jun 2000 to 14 Oct 2008: official central bank liquidity providing, main refinancing operations, minimum bid rate; from 5 Jan 1999 to 27 Jun 2000: official central bank liquidity providing, main refinancing operations, fixed rate.",4,European Central Bank,, Central bank policy rates - Euro area - Monthly - End of period,2024-04,4.5,A,F,
M,XM,368,0,,"From 18 Sep 2024 onwards: official central bank steering rate is the deposit facility rate, fixed rate; from 15 Oct 2008 to 17 Sep 2024: official central bank liquidity providing, main refinancing operations, fixed rate; from 28 Jun 2000 to 14 Oct 2008: official central bank liquidity providing, main refinancing operations, minimum bid rate; from 5 Jan 1999 to 27 Jun 2000: official central bank liquidity providing, main refinancing operations, fixed rate.",4,European Central Bank,, Central bank policy rates - Euro area - Monthly - End of period,2024-05,4.5,A,F,
M,XM,368,0,,"From 18 Sep 2024 onwards: official central bank steering rate is the deposit facility rate, fixed rate; from 15 Oct 2008 to 17 Sep 2024: official central bank liquidity providing, main refinancing operations, fixed rate; from 28 Jun 2000 to 14 Oct 2008: official central bank liquidity providing, main refinancing operations, minimum bid rate; from 5 Jan 1999 to 27 Jun 2000: official central bank liquidity providing, main refinancing operations, fixed rate.",4,European Central Bank,, Central bank policy rates - Euro area - Monthly - End of period,2024-06,4.25,A,F,
M,XM,368,0,,"From 18 Sep 2024 onwards: official central bank steering rate is the deposit facility rate, fixed rate; from 15 Oct 2008 to 17 Sep 2024: official central bank liquidity providing, main refinancing operations, fixed rate; from 28 Jun 2000 to 14 Oct 2008: official central bank liquidity providing, main refinancing operations, minimum bid rate; from 5 Jan 1999 to 27 Jun 2000: official central bank liquidity providing, main refinancing operations, fixed rate.",4,European Central Bank,, Central bank policy rates - Euro area - Monthly - End of period,2024-07,4.25,A,F,
M,XM,368,0,,"From 18 Sep 2024 onwards: official central bank steering rate is the deposit facility rate, fixed rate; from 15 Oct 2008 to 17 Sep 2024: official central bank liquidity providing, main refinancing operations, fixed rate; from 28 Jun 2000 to 14 Oct 2008: official central bank liquidity providing, main refinancing operations, minimum bid rate; from 5 Jan 1999 to 27 Jun 2000: official central bank liquidity providing, main refinancing operations, fixed rate.",4,European Central Bank,, Central bank policy rates - Euro area - Monthly - End of period,2024-08,4.25,A,F,
M,XM,368,0,,"From 18 Sep 2024 onwards: official central bank steering rate is the deposit facility rate, fixed rate; from 15 Oct 2008 to 17 Sep 2024: official central bank liquidity providing, main refinancing operations, fixed rate; from 28 Jun 2000 to 14 Oct 2008: official central bank liquidity providing, main refinancing operations, minimum bid rate; from 5 Jan 1999 to 27 Jun 2000: official central bank liquidity providing, main refinancing operations, fixed rate.",4,European Central Bank,, Central bank policy rates - Euro area - Monthly - End of period,2024-09,3.5,A,F,
M,XM,368,0,,"From 18 Sep 2024 onwards: official central bank steering rate is the deposit facility rate, fixed rate; from 15 Oct 2008 to 17 Sep 2024: official central bank liquidity providing, main refinancing operations, fixed rate; from 28 Jun 2000 to 14 Oct 2008: official central bank liquidity providing, main refinancing operations, minimum bid rate; from 5 Jan 1999 to 27 Jun 2000: official central bank liquidity providing, main refinancing operations, fixed rate.",4,European Central Bank,, Central bank policy rates - Euro area - Monthly - End of period,2024-10,3.25,A,F,
M,XM,368,0,,"From 18 Sep 2024 onwards: official central bank steering rate is the deposit facility rate, fixed rate; from 15 Oct 2008 to 17 Sep 2024: official central bank liquidity providing, main refinancing operations, fixed rate; from 28 Jun 2000 to 14 Oct 2008: official central bank liquidity providing, main refinancing operations, minimum bid rate; from 5 Jan 1999 to 27 Jun 2000: official central bank liquidity providing, main refinancing operations, fixed rate.",4,European Central Bank,, Central bank policy rates - Euro area - Monthly - End of period,2024-11,3.25,A,F,
M,XM,368,0,,"From 18 Sep 2024 onwards: official central bank steering rate is the deposit facility rate, fixed rate; from 15 Oct 2008 to 17 Sep 2024: official central bank liquidity providing, main refinancing operations, fixed rate; from 28 Jun 2000 to 14 Oct 2008: official central bank liquidity providing, main refinancing operations, minimum bid rate; from 5 Jan 1999 to 27 Jun 2000: official central bank liquidity providing, main refinancing operations, fixed rate.",4,European Central Bank,, Central bank policy rates - Euro area - Monthly - End of period,2024-12,3,A,F,
M,XM,368,0,,"From 18 Sep 2024 onwards: official central bank steering rate is the deposit facility rate, fixed rate; from 15 Oct 2008 to 17 Sep 2024: official central bank liquidity providing, main refinancing operations, fixed rate; from 28 Jun 2000 to 14 Oct 2008: official central bank liquidity providing, main refinancing operations, minimum bid rate; from 5 Jan 1999 to 27 Jun 2000: official central bank liquidity providing, main refinancing operations, fixed rate.",4,European Central Bank,, Central bank policy rates - Euro area - Monthly - End of period,2025-01,3,A,F,
M,XM,368,0,,"From 18 Sep 2024 onwards: official central bank steering rate is the deposit facility rate, fixed rate; from 15 Oct 2008 to 17 Sep 2024: official central bank liquidity providing, main refinancing operations, fixed rate; from 28 Jun 2000 to 14 Oct 2008: official central bank liquidity providing, main refinancing operations, minimum bid rate; from 5 Jan 1999 to 27 Jun 2000: official central bank liquidity providing, main refinancing operations, fixed rate.",4,European Central Bank,, Central bank policy rates - Euro area - Monthly - End of period,2025-02,2.75,A,F,
M,XM,368,0,,"From 18 Sep 2024 onwards: official central bank steering rate is the deposit facility rate, fixed rate; from 15 Oct 2008 to 17 Sep 2024: official central bank liquidity providing, main refinancing operations, fixed rate; from 28 Jun 2000 to 14 Oct 2008: official central bank liquidity providing, main refinancing operations, minimum bid rate; from 5 Jan 1999 to 27 Jun 2000: official central bank liquidity providing, main refinancing operations, fixed rate.",4,European Central Bank,, Central bank policy rates - Euro area - Monthly - End of period,2025-03,2.5,A,F,
M,XM,368,0,,"From 18 Sep 2024 onwards: official central bank steering rate is the deposit facility rate, fixed rate; from 15 Oct 2008 to 17 Sep 2024: official central bank liquidity providing, main refinancing operations, fixed rate; from 28 Jun 2000 to 14 Oct 2008: official central bank liquidity providing, main refinancing operations, minimum bid rate; from 5 Jan 1999 to 27 Jun 2000: official central bank liquidity providing, main refinancing operations, fixed rate.",4,European Central Bank,, Central bank policy rates - Euro area - Monthly - End of period,2025-04,2.25,A,F,
M,XM,368,0,,"From 18 Sep 2024 onwards: official central bank steering rate is the deposit facility rate, fixed rate; from 15 Oct 2008 to 17 Sep 2024: official central bank liquidity providing, main refinancing operations, fixed rate; from 28 Jun 2000 to 14 Oct 2008: official central bank liquidity providing, main refinancing operations, minimum bid rate; from 5 Jan 1999 to 27 Jun 2000: official central bank liquidity providing, main refinancing operations, fixed rate.",4,European Central Bank,, Central bank policy rates - Euro area - Monthly - End of period,2025-05,2.25,A,F,
M,XM,368,0,,"From 18 Sep 2024 onwards: official central bank steering rate is the deposit facility rate, fixed rate; from 15 Oct 2008 to 17 Sep 2024: official central bank liquidity providing, main refinancing operations, fixed rate; from 28 Jun 2000 to 14 Oct 2008: official central bank liquidity providing, main refinancing operations, minimum bid rate; from 5 Jan 1999 to 27 Jun 2000: official central bank liquidity providing, main refinancing operations, fixed rate.",4,European Central Bank,, Central bank policy rates - Euro area - Monthly - End of period,2025-06,2,A,F,
M,XM,368,0,,"From 18 Sep 2024 onwards: official central bank steering rate is the deposit facility rate, fixed rate; from 15 Oct 2008 to 17 Sep 2024: official central bank liquidity providing, main refinancing operations, fixed rate; from 28 Jun 2000 to 14 Oct 2008: official central bank liquidity providing, main refinancing operations, minimum bid rate; from 5 Jan 1999 to 27 Jun 2000: official central bank liquidity providing, main refinancing operations, fixed rate.",4,European Central Bank,, Central bank policy rates - Euro area - Monthly - End of period,2025-07,2,A,F,
M,XM,368,0,,"From 18 Sep 2024 onwards: official central bank steering rate is the deposit facility rate, fixed rate; from 15 Oct 2008 to 17 Sep 2024: official central bank liquidity providing, main refinancing operations, fixed rate; from 28 Jun 2000 to 14 Oct 2008: official central bank liquidity providing, main refinancing operations, minimum bid rate; from 5 Jan 1999 to 27 Jun 2000: official central bank liquidity providing, main refinancing operations, fixed rate.",4,European Central Bank,, Central bank policy rates - Euro area - Monthly - End of period,2025-08,2,A,F,
M,XM,368,0,,"From 18 Sep 2024 onwards: official central bank steering rate is the deposit facility rate, fixed rate; from 15 Oct 2008 to 17 Sep 2024: official central bank liquidity providing, main refinancing operations, fixed rate; from 28 Jun 2000 to 14 Oct 2008: official central bank liquidity providing, main refinancing operations, minimum bid rate; from 5 Jan 1999 to 27 Jun 2000: official central bank liquidity providing, main refinancing operations, fixed rate.",4,European Central Bank,, Central bank policy rates - Euro area - Monthly - End of period,2025-09,2,A,F,
M,XM,368,0,,"From 18 Sep 2024 onwards: official central bank steering rate is the deposit facility rate, fixed rate; from 15 Oct 2008 to 17 Sep 2024: official central bank liquidity providing, main refinancing operations, fixed rate; from 28 Jun 2000 to 14 Oct 2008: official central bank liquidity providing, main refinancing operations, minimum bid rate; from 5 Jan 1999 to 27 Jun 2000: official central bank liquidity providing, main refinancing operations, fixed rate.",4,European Central Bank,, Central bank policy rates - Euro area - Monthly - End of period,2025-10,2,A,F,
M,XM,368,0,,"From 18 Sep 2024 onwards: official central bank steering rate is the deposit facility rate, fixed rate; from 15 Oct 2008 to 17 Sep 2024: official central bank liquidity providing, main refinancing operations, fixed rate; from 28 Jun 2000 to 14 Oct 2008: official central bank liquidity providing, main refinancing operations, minimum bid rate; from 5 Jan 1999 to 27 Jun 2000: official central bank liquidity providing, main refinancing operations, fixed rate.",4,European Central Bank,, Central bank policy rates - Euro area - Monthly - End of period,2025-11,2,A,F,
M,XM,368,0,,"From 18 Sep 2024 onwards: official central bank steering rate is the deposit facility rate, fixed rate; from 15 Oct 2008 to 17 Sep 2024: official central bank liquidity providing, main refinancing operations, fixed rate; from 28 Jun 2000 to 14 Oct 2008: official central bank liquidity providing, main refinancing operations, minimum bid rate; from 5 Jan 1999 to 27 Jun 2000: official central bank liquidity providing, main refinancing operations, fixed rate.",4,European Central Bank,, Central bank policy rates - Euro area - Monthly - End of period,2025-12,2,A,F,
M,XM,368,0,,"From 18 Sep 2024 onwards: official central bank steering rate is the deposit facility rate, fixed rate; from 15 Oct 2008 to 17 Sep 2024: official central bank liquidity providing, main refinancing operations, fixed rate; from 28 Jun 2000 to 14 Oct 2008: official central bank liquidity providing, main refinancing operations, minimum bid rate; from 5 Jan 1999 to 27 Jun 2000: official central bank liquidity providing, main refinancing operations, fixed rate.",4,European Central Bank,, Central bank policy rates - Euro area - Monthly - End of period,2026-01,2,A,F,
M,XM,368,0,,"From 18 Sep 2024 onwards: official central bank steering rate is the deposit facility rate, fixed rate; from 15 Oct 2008 to 17 Sep 2024: official central bank liquidity providing, main refinancing operations, fixed rate; from 28 Jun 2000 to 14 Oct 2008: official central bank liquidity providing, main refinancing operations, minimum bid rate; from 5 Jan 1999 to 27 Jun 2000: official central bank liquidity providing, main refinancing operations, fixed rate.",4,European Central Bank,, Central bank policy rates - Euro area - Monthly - End of period,2026-02,2,A,F,
M,XM,368,0,,"From 18 Sep 2024 onwards: official central bank steering rate is the deposit facility rate, fixed rate; from 15 Oct 2008 to 17 Sep 2024: official central bank liquidity providing, main refinancing operations, fixed rate; from 28 Jun 2000 to 14 Oct 2008: official central bank liquidity providing, main refinancing operations, minimum bid rate; from 5 Jan 1999 to 27 Jun 2000: official central bank liquidity providing, main refinancing operations, fixed rate.",4,European Central Bank,, Central bank policy rates - Euro area - Monthly - End of period,2026-03,2,A,F,
M,XM,368,0,,"From 18 Sep 2024 onwards: official central bank steering rate is the deposit facility rate, fixed rate; from 15 Oct 2008 to 17 Sep 2024: official central bank liquidity providing, main refinancing operations, fixed rate; from 28 Jun 2000 to 14 Oct 2008: official central bank liquidity providing, main refinancing operations, minimum bid rate; from 5 Jan 1999 to 27 Jun 2000: official central bank liquidity providing, main refinancing operations, fixed rate.",4,European Central Bank,, Central bank policy rates - Euro area - Monthly - End of period,2026-04,2,A,F,
M,XM,368,0,,"From 18 Sep 2024 onwards: official central bank steering rate is the deposit facility rate, fixed rate; from 15 Oct 2008 to 17 Sep 2024: official central bank liquidity providing, main refinancing operations, fixed rate; from 28 Jun 2000 to 14 Oct 2008: official central bank liquidity providing, main refinancing operations, minimum bid rate; from 5 Jan 1999 to 27 Jun 2000: official central bank liquidity providing, main refinancing operations, fixed rate.",4,European Central Bank,, Central bank policy rates - Euro area - Monthly - End of period,2026-05,2,A,F,
M,XM,368,0,,"From 18 Sep 2024 onwards: official central bank steering rate is the deposit facility rate, fixed rate; from 15 Oct 2008 to 17 Sep 2024: official central bank liquidity providing, main refinancing operations, fixed rate; from 28 Jun 2000 to 14 Oct 2008: official central bank liquidity providing, main refinancing operations, minimum bid rate; from 5 Jan 1999 to 27 Jun 2000: official central bank liquidity providing, main refinancing operations, fixed rate.",4,European Central Bank,, Central bank policy rates - Euro area - Monthly - End of period,2026-06,2.25,A,F,
M,XM,368,0,,"From 18 Sep 2024 onwards: official central bank steering rate is the deposit facility rate, fixed rate; from 15 Oct 2008 to 17 Sep 2024: official central bank liquidity providing, main refinancing operations, fixed rate; from 28 Jun 2000 to 14 Oct 2008: official central bank liquidity providing, main refinancing operations, minimum bid rate; from 5 Jan 1999 to 27 Jun 2000: official central bank liquidity providing, main refinancing operations, fixed rate.",4,European Central Bank,, Central bank policy rates - Euro area - Monthly - End of period,2026-07,2.25,A,F,
M,XM,368,0,,"From 18 Sep 2024 onwards: official central bank steering rate is the deposit facility rate, fixed rate; from 15 Oct 2008 to 17 Sep 2024: official central bank liquidity providing, main refinancing operations, fixed rate; from 28 Jun 2000 to 14 Oct 2008: official central bank liquidity providing, main refinancing operations, minimum bid rate; from 5 Jan 1999 to 27 Jun 2000: official central bank liquidity providing, main refinancing operations, fixed rate.",4,European Central Bank,, Central bank policy rates - Euro area - Monthly - End of period,2026-08,2.25,A,F,
M,ZA,368,0,,Official repo rate.,4,South African Reserve Bank,, Central bank policy rates - South Africa - Monthly - End of period,2016-01,6.75,A,F,
M,ZA,368,0,,Official repo rate.,4,South African Reserve Bank,, Central bank policy rates - South Africa - Monthly - End of period,2016-02,6.75,A,F,
M,ZA,368,0,,Official repo rate.,4,South African Reserve Bank,, Central bank policy rates - South Africa - Monthly - End of period,2016-03,7,A,F,
M,ZA,368,0,,Official repo rate.,4,South African Reserve Bank,, Central bank policy rates - South Africa - Monthly - End of period,2016-04,7,A,F,
M,ZA,368,0,,Official repo rate.,4,South African Reserve Bank,, Central bank policy rates - South Africa - Monthly - End of period,2016-05,7,A,F,
M,ZA,368,0,,Official repo rate.,4,South African Reserve Bank,, Central bank policy rates - South Africa - Monthly - End of period,2016-06,7,A,F,
M,ZA,368,0,,Official repo rate.,4,South African Reserve Bank,, Central bank policy rates - South Africa - Monthly - End of period,2016-07,7,A,F,
M,ZA,368,0,,Official repo rate.,4,South African Reserve Bank,, Central bank policy rates - South Africa - Monthly - End of period,2016-08,7,A,F,
M,ZA,368,0,,Official repo rate.,4,South African Reserve Bank,, Central bank policy rates - South Africa - Monthly - End of period,2016-09,7,A,F,
M,ZA,368,0,,Official repo rate.,4,South African Reserve Bank,, Central bank policy rates - South Africa - Monthly - End of period,2016-10,7,A,F,
M,ZA,368,0,,Official repo rate.,4,South African Reserve Bank,, Central bank policy rates - South Africa - Monthly - End of period,2016-11,7,A,F,
M,ZA,368,0,,Official repo rate.,4,South African Reserve Bank,, Central bank policy rates - South Africa - Monthly - End of period,2016-12,7,A,F,
M,ZA,368,0,,Official repo rate.,4,South African Reserve Bank,, Central bank policy rates - South Africa - Monthly - End of period,2017-01,7,A,F,
M,ZA,368,0,,Official repo rate.,4,South African Reserve Bank,, Central bank policy rates - South Africa - Monthly - End of period,2017-02,7,A,F,
M,ZA,368,0,,Official repo rate.,4,South African Reserve Bank,, Central bank policy rates - South Africa - Monthly - End of period,2017-03,7,A,F,
M,ZA,368,0,,Official repo rate.,4,South African Reserve Bank,, Central bank policy rates - South Africa - Monthly - End of period,2017-04,7,A,F,
M,ZA,368,0,,Official repo rate.,4,South African Reserve Bank,, Central bank policy rates - South Africa - Monthly - End of period,2017-05,7,A,F,
M,ZA,368,0,,Official repo rate.,4,South African Reserve Bank,, Central bank policy rates - South Africa - Monthly - End of period,2017-06,7,A,F,
M,ZA,368,0,,Official repo rate.,4,South African Reserve Bank,, Central bank policy rates - South Africa - Monthly - End of period,2017-07,6.75,A,F,
M,ZA,368,0,,Official repo rate.,4,South African Reserve Bank,, Central bank policy rates - South Africa - Monthly - End of period,2017-08,6.75,A,F,
M,ZA,368,0,,Official repo rate.,4,South African Reserve Bank,, Central bank policy rates - South Africa - Monthly - End of period,2017-09,6.75,A,F,
M,ZA,368,0,,Official repo rate.,4,South African Reserve Bank,, Central bank policy rates - South Africa - Monthly - End of period,2017-10,6.75,A,F,
M,ZA,368,0,,Official repo rate.,4,South African Reserve Bank,, Central bank policy rates - South Africa - Monthly - End of period,2017-11,6.75,A,F,
M,ZA,368,0,,Official repo rate.,4,South African Reserve Bank,, Central bank policy rates - South Africa - Monthly - End of period,2017-12,6.75,A,F,
M,ZA,368,0,,Official repo rate.,4,South African Reserve Bank,, Central bank policy rates - South Africa - Monthly - End of period,2018-01,6.75,A,F,
M,ZA,368,0,,Official repo rate.,4,South African Reserve Bank,, Central bank policy rates - South Africa - Monthly - End of period,2018-02,6.75,A,F,
M,ZA,368,0,,Official repo rate.,4,South African Reserve Bank,, Central bank policy rates - South Africa - Monthly - End of period,2018-03,6.5,A,F,
M,ZA,368,0,,Official repo rate.,4,South African Reserve Bank,, Central bank policy rates - South Africa - Monthly - End of period,2018-04,6.5,A,F,
M,ZA,368,0,,Official repo rate.,4,South African Reserve Bank,, Central bank policy rates - South Africa - Monthly - End of period,2018-05,6.5,A,F,
M,ZA,368,0,,Official repo rate.,4,South African Reserve Bank,, Central bank policy rates - South Africa - Monthly - End of period,2018-06,6.5,A,F,
M,ZA,368,0,,Official repo rate.,4,South African Reserve Bank,, Central bank policy rates - South Africa - Monthly - End of period,2018-07,6.5,A,F,
M,ZA,368,0,,Official repo rate.,4,South African Reserve Bank,, Central bank policy rates - South Africa - Monthly - End of period,2018-08,6.5,A,F,
M,ZA,368,0,,Official repo rate.,4,South African Reserve Bank,, Central bank policy rates - South Africa - Monthly - End of period,2018-09,6.5,A,F,
M,ZA,368,0,,Official repo rate.,4,South African Reserve Bank,, Central bank policy rates - South Africa - Monthly - End of period,2018-10,6.5,A,F,
M,ZA,368,0,,Official repo rate.,4,South African Reserve Bank,, Central bank policy rates - South Africa - Monthly - End of period,2018-11,6.75,A,F,
M,ZA,368,0,,Official repo rate.,4,South African Reserve Bank,, Central bank policy rates - South Africa - Monthly - End of period,2018-12,6.75,A,F,
M,ZA,368,0,,Official repo rate.,4,South African Reserve Bank,, Central bank policy rates - South Africa - Monthly - End of period,2019-01,6.75,A,F,
M,ZA,368,0,,Official repo rate.,4,South African Reserve Bank,, Central bank policy rates - South Africa - Monthly - End of period,2019-02,6.75,A,F,
M,ZA,368,0,,Official repo rate.,4,South African Reserve Bank,, Central bank policy rates - South Africa - Monthly - End of period,2019-03,6.75,A,F,
M,ZA,368,0,,Official repo rate.,4,South African Reserve Bank,, Central bank policy rates - South Africa - Monthly - End of period,2019-04,6.75,A,F,
M,ZA,368,0,,Official repo rate.,4,South African Reserve Bank,, Central bank policy rates - South Africa - Monthly - End of period,2019-05,6.75,A,F,
M,ZA,368,0,,Official repo rate.,4,South African Reserve Bank,, Central bank policy rates - South Africa - Monthly - End of period,2019-06,6.75,A,F,
M,ZA,368,0,,Official repo rate.,4,South African Reserve Bank,, Central bank policy rates - South Africa - Monthly - End of period,2019-07,6.5,A,F,
M,ZA,368,0,,Official repo rate.,4,South African Reserve Bank,, Central bank policy rates - South Africa - Monthly - End of period,2019-08,6.5,A,F,
M,ZA,368,0,,Official repo rate.,4,South African Reserve Bank,, Central bank policy rates - South Africa - Monthly - End of period,2019-09,6.5,A,F,
M,ZA,368,0,,Official repo rate.,4,South African Reserve Bank,, Central bank policy rates - South Africa - Monthly - End of period,2019-10,6.5,A,F,
M,ZA,368,0,,Official repo rate.,4,South African Reserve Bank,, Central bank policy rates - South Africa - Monthly - End of period,2019-11,6.5,A,F,
M,ZA,368,0,,Official repo rate.,4,South African Reserve Bank,, Central bank policy rates - South Africa - Monthly - End of period,2019-12,6.5,A,F,
M,ZA,368,0,,Official repo rate.,4,South African Reserve Bank,, Central bank policy rates - South Africa - Monthly - End of period,2020-01,6.25,A,F,
M,ZA,368,0,,Official repo rate.,4,South African Reserve Bank,, Central bank policy rates - South Africa - Monthly - End of period,2020-02,6.25,A,F,
M,ZA,368,0,,Official repo rate.,4,South African Reserve Bank,, Central bank policy rates - South Africa - Monthly - End of period,2020-03,5.25,A,F,
M,ZA,368,0,,Official repo rate.,4,South African Reserve Bank,, Central bank policy rates - South Africa - Monthly - End of period,2020-04,4.25,A,F,
M,ZA,368,0,,Official repo rate.,4,South African Reserve Bank,, Central bank policy rates - South Africa - Monthly - End of period,2020-05,3.75,A,F,
M,ZA,368,0,,Official repo rate.,4,South African Reserve Bank,, Central bank policy rates - South Africa - Monthly - End of period,2020-06,3.75,A,F,
M,ZA,368,0,,Official repo rate.,4,South African Reserve Bank,, Central bank policy rates - South Africa - Monthly - End of period,2020-07,3.5,A,F,
M,ZA,368,0,,Official repo rate.,4,South African Reserve Bank,, Central bank policy rates - South Africa - Monthly - End of period,2020-08,3.5,A,F,
M,ZA,368,0,,Official repo rate.,4,South African Reserve Bank,, Central bank policy rates - South Africa - Monthly - End of period,2020-09,3.5,A,F,
M,ZA,368,0,,Official repo rate.,4,South African Reserve Bank,, Central bank policy rates - South Africa - Monthly - End of period,2020-10,3.5,A,F,
M,ZA,368,0,,Official repo rate.,4,South African Reserve Bank,, Central bank policy rates - South Africa - Monthly - End of period,2020-11,3.5,A,F,
M,ZA,368,0,,Official repo rate.,4,South African Reserve Bank,, Central bank policy rates - South Africa - Monthly - End of period,2020-12,3.5,A,F,
M,ZA,368,0,,Official repo rate.,4,South African Reserve Bank,, Central bank policy rates - South Africa - Monthly - End of period,2021-01,3.5,A,F,
M,ZA,368,0,,Official repo rate.,4,South African Reserve Bank,, Central bank policy rates - South Africa - Monthly - End of period,2021-02,3.5,A,F,
M,ZA,368,0,,Official repo rate.,4,South African Reserve Bank,, Central bank policy rates - South Africa - Monthly - End of period,2021-03,3.5,A,F,
M,ZA,368,0,,Official repo rate.,4,South African Reserve Bank,, Central bank policy rates - South Africa - Monthly - End of period,2021-04,3.5,A,F,
M,ZA,368,0,,Official repo rate.,4,South African Reserve Bank,, Central bank policy rates - South Africa - Monthly - End of period,2021-05,3.5,A,F,
M,ZA,368,0,,Official repo rate.,4,South African Reserve Bank,, Central bank policy rates - South Africa - Monthly - End of period,2021-06,3.5,A,F,
M,ZA,368,0,,Official repo rate.,4,South African Reserve Bank,, Central bank policy rates - South Africa - Monthly - End of period,2021-07,3.5,A,F,
M,ZA,368,0,,Official repo rate.,4,South African Reserve Bank,, Central bank policy rates - South Africa - Monthly - End of period,2021-08,3.5,A,F,
M,ZA,368,0,,Official repo rate.,4,South African Reserve Bank,, Central bank policy rates - South Africa - Monthly - End of period,2021-09,3.5,A,F,
M,ZA,368,0,,Official repo rate.,4,South African Reserve Bank,, Central bank policy rates - South Africa - Monthly - End of period,2021-10,3.5,A,F,
M,ZA,368,0,,Official repo rate.,4,South African Reserve Bank,, Central bank policy rates - South Africa - Monthly - End of period,2021-11,3.75,A,F,
M,ZA,368,0,,Official repo rate.,4,South African Reserve Bank,, Central bank policy rates - South Africa - Monthly - End of period,2021-12,3.75,A,F,
M,ZA,368,0,,Official repo rate.,4,South African Reserve Bank,, Central bank policy rates - South Africa - Monthly - End of period,2022-01,4,A,F,
M,ZA,368,0,,Official repo rate.,4,South African Reserve Bank,, Central bank policy rates - South Africa - Monthly - End of period,2022-02,4,A,F,
M,ZA,368,0,,Official repo rate.,4,South African Reserve Bank,, Central bank policy rates - South Africa - Monthly - End of period,2022-03,4.25,A,F,
M,ZA,368,0,,Official repo rate.,4,South African Reserve Bank,, Central bank policy rates - South Africa - Monthly - End of period,2022-04,4.25,A,F,
M,ZA,368,0,,Official repo rate.,4,South African Reserve Bank,, Central bank policy rates - South Africa - Monthly - End of period,2022-05,4.75,A,F,
M,ZA,368,0,,Official repo rate.,4,South African Reserve Bank,, Central bank policy rates - South Africa - Monthly - End of period,2022-06,4.75,A,F,
M,ZA,368,0,,Official repo rate.,4,South African Reserve Bank,, Central bank policy rates - South Africa - Monthly - End of period,2022-07,5.5,A,F,
M,ZA,368,0,,Official repo rate.,4,South African Reserve Bank,, Central bank policy rates - South Africa - Monthly - End of period,2022-08,5.5,A,F,
M,ZA,368,0,,Official repo rate.,4,South African Reserve Bank,, Central bank policy rates - South Africa - Monthly - End of period,2022-09,6.25,A,F,
M,ZA,368,0,,Official repo rate.,4,South African Reserve Bank,, Central bank policy rates - South Africa - Monthly - End of period,2022-10,6.25,A,F,
M,ZA,368,0,,Official repo rate.,4,South African Reserve Bank,, Central bank policy rates - South Africa - Monthly - End of period,2022-11,7,A,F,
M,ZA,368,0,,Official repo rate.,4,South African Reserve Bank,, Central bank policy rates - South Africa - Monthly - End of period,2022-12,7,A,F,
M,ZA,368,0,,Official repo rate.,4,South African Reserve Bank,, Central bank policy rates - South Africa - Monthly - End of period,2023-01,7.25,A,F,
M,ZA,368,0,,Official repo rate.,4,South African Reserve Bank,, Central bank policy rates - South Africa - Monthly - End of period,2023-02,7.25,A,F,
M,ZA,368,0,,Official repo rate.,4,South African Reserve Bank,, Central bank policy rates - South Africa - Monthly - End of period,2023-03,7.75,A,F,
M,ZA,368,0,,Official repo rate.,4,South African Reserve Bank,, Central bank policy rates - South Africa - Monthly - End of period,2023-04,7.75,A,F,
M,ZA,368,0,,Official repo rate.,4,South African Reserve Bank,, Central bank policy rates - South Africa - Monthly - End of period,2023-05,8.25,A,F,
M,ZA,368,0,,Official repo rate.,4,South African Reserve Bank,, Central bank policy rates - South Africa - Monthly - End of period,2023-06,8.25,A,F,
M,ZA,368,0,,Official repo rate.,4,South African Reserve Bank,, Central bank policy rates - South Africa - Monthly - End of period,2023-07,8.25,A,F,
M,ZA,368,0,,Official repo rate.,4,South African Reserve Bank,, Central bank policy rates - South Africa - Monthly - End of period,2023-08,8.25,A,F,
M,ZA,368,0,,Official repo rate.,4,South African Reserve Bank,, Central bank policy rates - South Africa - Monthly - End of period,2023-09,8.25,A,F,
M,ZA,368,0,,Official repo rate.,4,South African Reserve Bank,, Central bank policy rates - South Africa - Monthly - End of period,2023-10,8.25,A,F,
M,ZA,368,0,,Official repo rate.,4,South African Reserve Bank,, Central bank policy rates - South Africa - Monthly - End of period,2023-11,8.25,A,F,
M,ZA,368,0,,Official repo rate.,4,South African Reserve Bank,, Central bank policy rates - South Africa - Monthly - End of period,2023-12,8.25,A,F,
M,ZA,368,0,,Official repo rate.,4,South African Reserve Bank,, Central bank policy rates - South Africa - Monthly - End of period,2024-01,8.25,A,F,
M,ZA,368,0,,Official repo rate.,4,South African Reserve Bank,, Central bank policy rates - South Africa - Monthly - End of period,2024-02,8.25,A,F,
M,ZA,368,0,,Official repo rate.,4,South African Reserve Bank,, Central bank policy rates - South Africa - Monthly - End of period,2024-03,8.25,A,F,
M,ZA,368,0,,Official repo rate.,4,South African Reserve Bank,, Central bank policy rates - South Africa - Monthly - End of period,2024-04,8.25,A,F,
M,ZA,368,0,,Official repo rate.,4,South African Reserve Bank,, Central bank policy rates - South Africa - Monthly - End of period,2024-05,8.25,A,F,
M,ZA,368,0,,Official repo rate.,4,South African Reserve Bank,, Central bank policy rates - South Africa - Monthly - End of period,2024-06,8.25,A,F,
M,ZA,368,0,,Official repo rate.,4,South African Reserve Bank,, Central bank policy rates - South Africa - Monthly - End of period,2024-07,8.25,A,F,
M,ZA,368,0,,Official repo rate.,4,South African Reserve Bank,, Central bank policy rates - South Africa - Monthly - End of period,2024-08,8.25,A,F,
M,ZA,368,0,,Official repo rate.,4,South African Reserve Bank,, Central bank policy rates - South Africa - Monthly - End of period,2024-09,8,A,F,
M,ZA,368,0,,Official repo rate.,4,South African Reserve Bank,, Central bank policy rates - South Africa - Monthly - End of period,2024-10,8,A,F,
M,ZA,368,0,,Official repo rate.,4,South African Reserve Bank,, Central bank policy rates - South Africa - Monthly - End of period,2024-11,7.75,A,F,
M,ZA,368,0,,Official repo rate.,4,South African Reserve Bank,, Central bank policy rates - South Africa - Monthly - End of period,2024-12,7.75,A,F,
M,ZA,368,0,,Official repo rate.,4,South African Reserve Bank,, Central bank policy rates - South Africa - Monthly - End of period,2025-01,7.5,A,F,
M,ZA,368,0,,Official repo rate.,4,South African Reserve Bank,, Central bank policy rates - South Africa - Monthly - End of period,2025-02,7.5,A,F,
M,ZA,368,0,,Official repo rate.,4,South African Reserve Bank,, Central bank policy rates - South Africa - Monthly - End of period,2025-03,7.5,A,F,
M,ZA,368,0,,Official repo rate.,4,South African Reserve Bank,, Central bank policy rates - South Africa - Monthly - End of period,2025-04,7.5,A,F,
M,ZA,368,0,,Official repo rate.,4,South African Reserve Bank,, Central bank policy rates - South Africa - Monthly - End of period,2025-05,7.25,A,F,
M,ZA,368,0,,Official repo rate.,4,South African Reserve Bank,, Central bank policy rates - South Africa - Monthly - End of period,2025-06,7.25,A,F,
M,ZA,368,0,,Official repo rate.,4,South African Reserve Bank,, Central bank policy rates - South Africa - Monthly - End of period,2025-07,7.25,A,F,
M,ZA,368,0,,Official repo rate.,4,South African Reserve Bank,, Central bank policy rates - South Africa - Monthly - End of period,2025-08,7,A,F,
M,ZA,368,0,,Official repo rate.,4,South African Reserve Bank,, Central bank policy rates - South Africa - Monthly - End of period,2025-09,7,A,F,
M,ZA,368,0,,Official repo rate.,4,South African Reserve Bank,, Central bank policy rates - South Africa - Monthly - End of period,2025-10,7,A,F,
M,ZA,368,0,,Official repo rate.,4,South African Reserve Bank,, Central bank policy rates - South Africa - Monthly - End of period,2025-11,6.75,A,F,
M,ZA,368,0,,Official repo rate.,4,South African Reserve Bank,, Central bank policy rates - South Africa - Monthly - End of period,2025-12,6.75,A,F,
M,ZA,368,0,,Official repo rate.,4,South African Reserve Bank,, Central bank policy rates - South Africa - Monthly - End of period,2026-01,6.75,A,F,
M,ZA,368,0,,Official repo rate.,4,South African Reserve Bank,, Central bank policy rates - South Africa - Monthly - End of period,2026-02,6.75,A,F,
M,ZA,368,0,,Official repo rate.,4,South African Reserve Bank,, Central bank policy rates - South Africa - Monthly - End of period,2026-03,6.75,A,F,
M,ZA,368,0,,Official repo rate.,4,South African Reserve Bank,, Central bank policy rates - South Africa - Monthly - End of period,2026-04,6.75,A,F,
M,ZA,368,0,,Official repo rate.,4,South African Reserve Bank,, Central bank policy rates - South Africa - Monthly - End of period,2026-05,7,A,F,
M,ZA,368,0,,Official repo rate.,4,South African Reserve Bank,, Central bank policy rates - South Africa - Monthly - End of period,2026-06,7,A,F,
M,ZA,368,0,,Official repo rate.,4,South African Reserve Bank,, Central bank policy rates - South Africa - Monthly - End of period,2026-07,7,A,F,
M,ZA,368,0,,Official repo rate.,4,South African Reserve Bank,, Central bank policy rates - South Africa - Monthly - End of period,2026-08,7,A,F,
M,US,368,0,,From 19 Dec 1985 onwards: mid-point of the Federal Reserve target rate; from 1 Jul 1954 to 18 Dec 1985: US Fed Funds effective rate.,4,US Federal Reserve System,, Central bank policy rates - United States - Monthly - End of period,2016-01,0.375,A,F,
M,US,368,0,,From 19 Dec 1985 onwards: mid-point of the Federal Reserve target rate; from 1 Jul 1954 to 18 Dec 1985: US Fed Funds effective rate.,4,US Federal Reserve System,, Central bank policy rates - United States - Monthly - End of period,2016-02,0.375,A,F,
M,US,368,0,,From 19 Dec 1985 onwards: mid-point of the Federal Reserve target rate; from 1 Jul 1954 to 18 Dec 1985: US Fed Funds effective rate.,4,US Federal Reserve System,, Central bank policy rates - United States - Monthly - End of period,2016-03,0.375,A,F,
M,US,368,0,,From 19 Dec 1985 onwards: mid-point of the Federal Reserve target rate; from 1 Jul 1954 to 18 Dec 1985: US Fed Funds effective rate.,4,US Federal Reserve System,, Central bank policy rates - United States - Monthly - End of period,2016-04,0.375,A,F,
M,US,368,0,,From 19 Dec 1985 onwards: mid-point of the Federal Reserve target rate; from 1 Jul 1954 to 18 Dec 1985: US Fed Funds effective rate.,4,US Federal Reserve System,, Central bank policy rates - United States - Monthly - End of period,2016-05,0.375,A,F,
M,US,368,0,,From 19 Dec 1985 onwards: mid-point of the Federal Reserve target rate; from 1 Jul 1954 to 18 Dec 1985: US Fed Funds effective rate.,4,US Federal Reserve System,, Central bank policy rates - United States - Monthly - End of period,2016-06,0.375,A,F,
M,US,368,0,,From 19 Dec 1985 onwards: mid-point of the Federal Reserve target rate; from 1 Jul 1954 to 18 Dec 1985: US Fed Funds effective rate.,4,US Federal Reserve System,, Central bank policy rates - United States - Monthly - End of period,2016-07,0.375,A,F,
M,US,368,0,,From 19 Dec 1985 onwards: mid-point of the Federal Reserve target rate; from 1 Jul 1954 to 18 Dec 1985: US Fed Funds effective rate.,4,US Federal Reserve System,, Central bank policy rates - United States - Monthly - End of period,2016-08,0.375,A,F,
M,US,368,0,,From 19 Dec 1985 onwards: mid-point of the Federal Reserve target rate; from 1 Jul 1954 to 18 Dec 1985: US Fed Funds effective rate.,4,US Federal Reserve System,, Central bank policy rates - United States - Monthly - End of period,2016-09,0.375,A,F,
M,US,368,0,,From 19 Dec 1985 onwards: mid-point of the Federal Reserve target rate; from 1 Jul 1954 to 18 Dec 1985: US Fed Funds effective rate.,4,US Federal Reserve System,, Central bank policy rates - United States - Monthly - End of period,2016-10,0.375,A,F,
M,US,368,0,,From 19 Dec 1985 onwards: mid-point of the Federal Reserve target rate; from 1 Jul 1954 to 18 Dec 1985: US Fed Funds effective rate.,4,US Federal Reserve System,, Central bank policy rates - United States - Monthly - End of period,2016-11,0.375,A,F,
M,US,368,0,,From 19 Dec 1985 onwards: mid-point of the Federal Reserve target rate; from 1 Jul 1954 to 18 Dec 1985: US Fed Funds effective rate.,4,US Federal Reserve System,, Central bank policy rates - United States - Monthly - End of period,2016-12,0.625,A,F,
M,US,368,0,,From 19 Dec 1985 onwards: mid-point of the Federal Reserve target rate; from 1 Jul 1954 to 18 Dec 1985: US Fed Funds effective rate.,4,US Federal Reserve System,, Central bank policy rates - United States - Monthly - End of period,2017-01,0.625,A,F,
M,US,368,0,,From 19 Dec 1985 onwards: mid-point of the Federal Reserve target rate; from 1 Jul 1954 to 18 Dec 1985: US Fed Funds effective rate.,4,US Federal Reserve System,, Central bank policy rates - United States - Monthly - End of period,2017-02,0.625,A,F,
M,US,368,0,,From 19 Dec 1985 onwards: mid-point of the Federal Reserve target rate; from 1 Jul 1954 to 18 Dec 1985: US Fed Funds effective rate.,4,US Federal Reserve System,, Central bank policy rates - United States - Monthly - End of period,2017-03,0.875,A,F,
M,US,368,0,,From 19 Dec 1985 onwards: mid-point of the Federal Reserve target rate; from 1 Jul 1954 to 18 Dec 1985: US Fed Funds effective rate.,4,US Federal Reserve System,, Central bank policy rates - United States - Monthly - End of period,2017-04,0.875,A,F,
M,US,368,0,,From 19 Dec 1985 onwards: mid-point of the Federal Reserve target rate; from 1 Jul 1954 to 18 Dec 1985: US Fed Funds effective rate.,4,US Federal Reserve System,, Central bank policy rates - United States - Monthly - End of period,2017-05,0.875,A,F,
M,US,368,0,,From 19 Dec 1985 onwards: mid-point of the Federal Reserve target rate; from 1 Jul 1954 to 18 Dec 1985: US Fed Funds effective rate.,4,US Federal Reserve System,, Central bank policy rates - United States - Monthly - End of period,2017-06,1.125,A,F,
M,US,368,0,,From 19 Dec 1985 onwards: mid-point of the Federal Reserve target rate; from 1 Jul 1954 to 18 Dec 1985: US Fed Funds effective rate.,4,US Federal Reserve System,, Central bank policy rates - United States - Monthly - End of period,2017-07,1.125,A,F,
M,US,368,0,,From 19 Dec 1985 onwards: mid-point of the Federal Reserve target rate; from 1 Jul 1954 to 18 Dec 1985: US Fed Funds effective rate.,4,US Federal Reserve System,, Central bank policy rates - United States - Monthly - End of period,2017-08,1.125,A,F,
M,US,368,0,,From 19 Dec 1985 onwards: mid-point of the Federal Reserve target rate; from 1 Jul 1954 to 18 Dec 1985: US Fed Funds effective rate.,4,US Federal Reserve System,, Central bank policy rates - United States - Monthly - End of period,2017-09,1.125,A,F,
M,US,368,0,,From 19 Dec 1985 onwards: mid-point of the Federal Reserve target rate; from 1 Jul 1954 to 18 Dec 1985: US Fed Funds effective rate.,4,US Federal Reserve System,, Central bank policy rates - United States - Monthly - End of period,2017-10,1.125,A,F,
M,US,368,0,,From 19 Dec 1985 onwards: mid-point of the Federal Reserve target rate; from 1 Jul 1954 to 18 Dec 1985: US Fed Funds effective rate.,4,US Federal Reserve System,, Central bank policy rates - United States - Monthly - End of period,2017-11,1.125,A,F,
M,US,368,0,,From 19 Dec 1985 onwards: mid-point of the Federal Reserve target rate; from 1 Jul 1954 to 18 Dec 1985: US Fed Funds effective rate.,4,US Federal Reserve System,, Central bank policy rates - United States - Monthly - End of period,2017-12,1.375,A,F,
M,US,368,0,,From 19 Dec 1985 onwards: mid-point of the Federal Reserve target rate; from 1 Jul 1954 to 18 Dec 1985: US Fed Funds effective rate.,4,US Federal Reserve System,, Central bank policy rates - United States - Monthly - End of period,2018-01,1.375,A,F,
M,US,368,0,,From 19 Dec 1985 onwards: mid-point of the Federal Reserve target rate; from 1 Jul 1954 to 18 Dec 1985: US Fed Funds effective rate.,4,US Federal Reserve System,, Central bank policy rates - United States - Monthly - End of period,2018-02,1.375,A,F,
M,US,368,0,,From 19 Dec 1985 onwards: mid-point of the Federal Reserve target rate; from 1 Jul 1954 to 18 Dec 1985: US Fed Funds effective rate.,4,US Federal Reserve System,, Central bank policy rates - United States - Monthly - End of period,2018-03,1.625,A,F,
M,US,368,0,,From 19 Dec 1985 onwards: mid-point of the Federal Reserve target rate; from 1 Jul 1954 to 18 Dec 1985: US Fed Funds effective rate.,4,US Federal Reserve System,, Central bank policy rates - United States - Monthly - End of period,2018-04,1.625,A,F,
M,US,368,0,,From 19 Dec 1985 onwards: mid-point of the Federal Reserve target rate; from 1 Jul 1954 to 18 Dec 1985: US Fed Funds effective rate.,4,US Federal Reserve System,, Central bank policy rates - United States - Monthly - End of period,2018-05,1.625,A,F,
M,US,368,0,,From 19 Dec 1985 onwards: mid-point of the Federal Reserve target rate; from 1 Jul 1954 to 18 Dec 1985: US Fed Funds effective rate.,4,US Federal Reserve System,, Central bank policy rates - United States - Monthly - End of period,2018-06,1.875,A,F,
M,US,368,0,,From 19 Dec 1985 onwards: mid-point of the Federal Reserve target rate; from 1 Jul 1954 to 18 Dec 1985: US Fed Funds effective rate.,4,US Federal Reserve System,, Central bank policy rates - United States - Monthly - End of period,2018-07,1.875,A,F,
M,US,368,0,,From 19 Dec 1985 onwards: mid-point of the Federal Reserve target rate; from 1 Jul 1954 to 18 Dec 1985: US Fed Funds effective rate.,4,US Federal Reserve System,, Central bank policy rates - United States - Monthly - End of period,2018-08,1.875,A,F,
M,US,368,0,,From 19 Dec 1985 onwards: mid-point of the Federal Reserve target rate; from 1 Jul 1954 to 18 Dec 1985: US Fed Funds effective rate.,4,US Federal Reserve System,, Central bank policy rates - United States - Monthly - End of period,2018-09,2.125,A,F,
M,US,368,0,,From 19 Dec 1985 onwards: mid-point of the Federal Reserve target rate; from 1 Jul 1954 to 18 Dec 1985: US Fed Funds effective rate.,4,US Federal Reserve System,, Central bank policy rates - United States - Monthly - End of period,2018-10,2.125,A,F,
M,US,368,0,,From 19 Dec 1985 onwards: mid-point of the Federal Reserve target rate; from 1 Jul 1954 to 18 Dec 1985: US Fed Funds effective rate.,4,US Federal Reserve System,, Central bank policy rates - United States - Monthly - End of period,2018-11,2.125,A,F,
M,US,368,0,,From 19 Dec 1985 onwards: mid-point of the Federal Reserve target rate; from 1 Jul 1954 to 18 Dec 1985: US Fed Funds effective rate.,4,US Federal Reserve System,, Central bank policy rates - United States - Monthly - End of period,2018-12,2.375,A,F,
M,US,368,0,,From 19 Dec 1985 onwards: mid-point of the Federal Reserve target rate; from 1 Jul 1954 to 18 Dec 1985: US Fed Funds effective rate.,4,US Federal Reserve System,, Central bank policy rates - United States - Monthly - End of period,2019-01,2.375,A,F,
M,US,368,0,,From 19 Dec 1985 onwards: mid-point of the Federal Reserve target rate; from 1 Jul 1954 to 18 Dec 1985: US Fed Funds effective rate.,4,US Federal Reserve System,, Central bank policy rates - United States - Monthly - End of period,2019-02,2.375,A,F,
M,US,368,0,,From 19 Dec 1985 onwards: mid-point of the Federal Reserve target rate; from 1 Jul 1954 to 18 Dec 1985: US Fed Funds effective rate.,4,US Federal Reserve System,, Central bank policy rates - United States - Monthly - End of period,2019-03,2.375,A,F,
M,US,368,0,,From 19 Dec 1985 onwards: mid-point of the Federal Reserve target rate; from 1 Jul 1954 to 18 Dec 1985: US Fed Funds effective rate.,4,US Federal Reserve System,, Central bank policy rates - United States - Monthly - End of period,2019-04,2.375,A,F,
M,US,368,0,,From 19 Dec 1985 onwards: mid-point of the Federal Reserve target rate; from 1 Jul 1954 to 18 Dec 1985: US Fed Funds effective rate.,4,US Federal Reserve System,, Central bank policy rates - United States - Monthly - End of period,2019-05,2.375,A,F,
M,US,368,0,,From 19 Dec 1985 onwards: mid-point of the Federal Reserve target rate; from 1 Jul 1954 to 18 Dec 1985: US Fed Funds effective rate.,4,US Federal Reserve System,, Central bank policy rates - United States - Monthly - End of period,2019-06,2.375,A,F,
M,US,368,0,,From 19 Dec 1985 onwards: mid-point of the Federal Reserve target rate; from 1 Jul 1954 to 18 Dec 1985: US Fed Funds effective rate.,4,US Federal Reserve System,, Central bank policy rates - United States - Monthly - End of period,2019-07,2.375,A,F,
M,US,368,0,,From 19 Dec 1985 onwards: mid-point of the Federal Reserve target rate; from 1 Jul 1954 to 18 Dec 1985: US Fed Funds effective rate.,4,US Federal Reserve System,, Central bank policy rates - United States - Monthly - End of period,2019-08,2.125,A,F,
M,US,368,0,,From 19 Dec 1985 onwards: mid-point of the Federal Reserve target rate; from 1 Jul 1954 to 18 Dec 1985: US Fed Funds effective rate.,4,US Federal Reserve System,, Central bank policy rates - United States - Monthly - End of period,2019-09,1.875,A,F,
M,US,368,0,,From 19 Dec 1985 onwards: mid-point of the Federal Reserve target rate; from 1 Jul 1954 to 18 Dec 1985: US Fed Funds effective rate.,4,US Federal Reserve System,, Central bank policy rates - United States - Monthly - End of period,2019-10,1.625,A,F,
M,US,368,0,,From 19 Dec 1985 onwards: mid-point of the Federal Reserve target rate; from 1 Jul 1954 to 18 Dec 1985: US Fed Funds effective rate.,4,US Federal Reserve System,, Central bank policy rates - United States - Monthly - End of period,2019-11,1.625,A,F,
M,US,368,0,,From 19 Dec 1985 onwards: mid-point of the Federal Reserve target rate; from 1 Jul 1954 to 18 Dec 1985: US Fed Funds effective rate.,4,US Federal Reserve System,, Central bank policy rates - United States - Monthly - End of period,2019-12,1.625,A,F,
M,US,368,0,,From 19 Dec 1985 onwards: mid-point of the Federal Reserve target rate; from 1 Jul 1954 to 18 Dec 1985: US Fed Funds effective rate.,4,US Federal Reserve System,, Central bank policy rates - United States - Monthly - End of period,2020-01,1.625,A,F,
M,US,368,0,,From 19 Dec 1985 onwards: mid-point of the Federal Reserve target rate; from 1 Jul 1954 to 18 Dec 1985: US Fed Funds effective rate.,4,US Federal Reserve System,, Central bank policy rates - United States - Monthly - End of period,2020-02,1.625,A,F,
M,US,368,0,,From 19 Dec 1985 onwards: mid-point of the Federal Reserve target rate; from 1 Jul 1954 to 18 Dec 1985: US Fed Funds effective rate.,4,US Federal Reserve System,, Central bank policy rates - United States - Monthly - End of period,2020-03,0.125,A,F,
M,US,368,0,,From 19 Dec 1985 onwards: mid-point of the Federal Reserve target rate; from 1 Jul 1954 to 18 Dec 1985: US Fed Funds effective rate.,4,US Federal Reserve System,, Central bank policy rates - United States - Monthly - End of period,2020-04,0.125,A,F,
M,US,368,0,,From 19 Dec 1985 onwards: mid-point of the Federal Reserve target rate; from 1 Jul 1954 to 18 Dec 1985: US Fed Funds effective rate.,4,US Federal Reserve System,, Central bank policy rates - United States - Monthly - End of period,2020-05,0.125,A,F,
M,US,368,0,,From 19 Dec 1985 onwards: mid-point of the Federal Reserve target rate; from 1 Jul 1954 to 18 Dec 1985: US Fed Funds effective rate.,4,US Federal Reserve System,, Central bank policy rates - United States - Monthly - End of period,2020-06,0.125,A,F,
M,US,368,0,,From 19 Dec 1985 onwards: mid-point of the Federal Reserve target rate; from 1 Jul 1954 to 18 Dec 1985: US Fed Funds effective rate.,4,US Federal Reserve System,, Central bank policy rates - United States - Monthly - End of period,2020-07,0.125,A,F,
M,US,368,0,,From 19 Dec 1985 onwards: mid-point of the Federal Reserve target rate; from 1 Jul 1954 to 18 Dec 1985: US Fed Funds effective rate.,4,US Federal Reserve System,, Central bank policy rates - United States - Monthly - End of period,2020-08,0.125,A,F,
M,US,368,0,,From 19 Dec 1985 onwards: mid-point of the Federal Reserve target rate; from 1 Jul 1954 to 18 Dec 1985: US Fed Funds effective rate.,4,US Federal Reserve System,, Central bank policy rates - United States - Monthly - End of period,2020-09,0.125,A,F,
M,US,368,0,,From 19 Dec 1985 onwards: mid-point of the Federal Reserve target rate; from 1 Jul 1954 to 18 Dec 1985: US Fed Funds effective rate.,4,US Federal Reserve System,, Central bank policy rates - United States - Monthly - End of period,2020-10,0.125,A,F,
M,US,368,0,,From 19 Dec 1985 onwards: mid-point of the Federal Reserve target rate; from 1 Jul 1954 to 18 Dec 1985: US Fed Funds effective rate.,4,US Federal Reserve System,, Central bank policy rates - United States - Monthly - End of period,2020-11,0.125,A,F,
M,US,368,0,,From 19 Dec 1985 onwards: mid-point of the Federal Reserve target rate; from 1 Jul 1954 to 18 Dec 1985: US Fed Funds effective rate.,4,US Federal Reserve System,, Central bank policy rates - United States - Monthly - End of period,2020-12,0.125,A,F,
M,US,368,0,,From 19 Dec 1985 onwards: mid-point of the Federal Reserve target rate; from 1 Jul 1954 to 18 Dec 1985: US Fed Funds effective rate.,4,US Federal Reserve System,, Central bank policy rates - United States - Monthly - End of period,2021-01,0.125,A,F,
M,US,368,0,,From 19 Dec 1985 onwards: mid-point of the Federal Reserve target rate; from 1 Jul 1954 to 18 Dec 1985: US Fed Funds effective rate.,4,US Federal Reserve System,, Central bank policy rates - United States - Monthly - End of period,2021-02,0.125,A,F,
M,US,368,0,,From 19 Dec 1985 onwards: mid-point of the Federal Reserve target rate; from 1 Jul 1954 to 18 Dec 1985: US Fed Funds effective rate.,4,US Federal Reserve System,, Central bank policy rates - United States - Monthly - End of period,2021-03,0.125,A,F,
M,US,368,0,,From 19 Dec 1985 onwards: mid-point of the Federal Reserve target rate; from 1 Jul 1954 to 18 Dec 1985: US Fed Funds effective rate.,4,US Federal Reserve System,, Central bank policy rates - United States - Monthly - End of period,2021-04,0.125,A,F,
M,US,368,0,,From 19 Dec 1985 onwards: mid-point of the Federal Reserve target rate; from 1 Jul 1954 to 18 Dec 1985: US Fed Funds effective rate.,4,US Federal Reserve System,, Central bank policy rates - United States - Monthly - End of period,2021-05,0.125,A,F,
M,US,368,0,,From 19 Dec 1985 onwards: mid-point of the Federal Reserve target rate; from 1 Jul 1954 to 18 Dec 1985: US Fed Funds effective rate.,4,US Federal Reserve System,, Central bank policy rates - United States - Monthly - End of period,2021-06,0.125,A,F,
M,US,368,0,,From 19 Dec 1985 onwards: mid-point of the Federal Reserve target rate; from 1 Jul 1954 to 18 Dec 1985: US Fed Funds effective rate.,4,US Federal Reserve System,, Central bank policy rates - United States - Monthly - End of period,2021-07,0.125,A,F,
M,US,368,0,,From 19 Dec 1985 onwards: mid-point of the Federal Reserve target rate; from 1 Jul 1954 to 18 Dec 1985: US Fed Funds effective rate.,4,US Federal Reserve System,, Central bank policy rates - United States - Monthly - End of period,2021-08,0.125,A,F,
M,US,368,0,,From 19 Dec 1985 onwards: mid-point of the Federal Reserve target rate; from 1 Jul 1954 to 18 Dec 1985: US Fed Funds effective rate.,4,US Federal Reserve System,, Central bank policy rates - United States - Monthly - End of period,2021-09,0.125,A,F,
M,US,368,0,,From 19 Dec 1985 onwards: mid-point of the Federal Reserve target rate; from 1 Jul 1954 to 18 Dec 1985: US Fed Funds effective rate.,4,US Federal Reserve System,, Central bank policy rates - United States - Monthly - End of period,2021-10,0.125,A,F,
M,US,368,0,,From 19 Dec 1985 onwards: mid-point of the Federal Reserve target rate; from 1 Jul 1954 to 18 Dec 1985: US Fed Funds effective rate.,4,US Federal Reserve System,, Central bank policy rates - United States - Monthly - End of period,2021-11,0.125,A,F,
M,US,368,0,,From 19 Dec 1985 onwards: mid-point of the Federal Reserve target rate; from 1 Jul 1954 to 18 Dec 1985: US Fed Funds effective rate.,4,US Federal Reserve System,, Central bank policy rates - United States - Monthly - End of period,2021-12,0.125,A,F,
M,US,368,0,,From 19 Dec 1985 onwards: mid-point of the Federal Reserve target rate; from 1 Jul 1954 to 18 Dec 1985: US Fed Funds effective rate.,4,US Federal Reserve System,, Central bank policy rates - United States - Monthly - End of period,2022-01,0.125,A,F,
M,US,368,0,,From 19 Dec 1985 onwards: mid-point of the Federal Reserve target rate; from 1 Jul 1954 to 18 Dec 1985: US Fed Funds effective rate.,4,US Federal Reserve System,, Central bank policy rates - United States - Monthly - End of period,2022-02,0.125,A,F,
M,US,368,0,,From 19 Dec 1985 onwards: mid-point of the Federal Reserve target rate; from 1 Jul 1954 to 18 Dec 1985: US Fed Funds effective rate.,4,US Federal Reserve System,, Central bank policy rates - United States - Monthly - End of period,2022-03,0.375,A,F,
M,US,368,0,,From 19 Dec 1985 onwards: mid-point of the Federal Reserve target rate; from 1 Jul 1954 to 18 Dec 1985: US Fed Funds effective rate.,4,US Federal Reserve System,, Central bank policy rates - United States - Monthly - End of period,2022-04,0.375,A,F,
M,US,368,0,,From 19 Dec 1985 onwards: mid-point of the Federal Reserve target rate; from 1 Jul 1954 to 18 Dec 1985: US Fed Funds effective rate.,4,US Federal Reserve System,, Central bank policy rates - United States - Monthly - End of period,2022-05,0.875,A,F,
M,US,368,0,,From 19 Dec 1985 onwards: mid-point of the Federal Reserve target rate; from 1 Jul 1954 to 18 Dec 1985: US Fed Funds effective rate.,4,US Federal Reserve System,, Central bank policy rates - United States - Monthly - End of period,2022-06,1.625,A,F,
M,US,368,0,,From 19 Dec 1985 onwards: mid-point of the Federal Reserve target rate; from 1 Jul 1954 to 18 Dec 1985: US Fed Funds effective rate.,4,US Federal Reserve System,, Central bank policy rates - United States - Monthly - End of period,2022-07,2.375,A,F,
M,US,368,0,,From 19 Dec 1985 onwards: mid-point of the Federal Reserve target rate; from 1 Jul 1954 to 18 Dec 1985: US Fed Funds effective rate.,4,US Federal Reserve System,, Central bank policy rates - United States - Monthly - End of period,2022-08,2.375,A,F,
M,US,368,0,,From 19 Dec 1985 onwards: mid-point of the Federal Reserve target rate; from 1 Jul 1954 to 18 Dec 1985: US Fed Funds effective rate.,4,US Federal Reserve System,, Central bank policy rates - United States - Monthly - End of period,2022-09,3.125,A,F,
M,US,368,0,,From 19 Dec 1985 onwards: mid-point of the Federal Reserve target rate; from 1 Jul 1954 to 18 Dec 1985: US Fed Funds effective rate.,4,US Federal Reserve System,, Central bank policy rates - United States - Monthly - End of period,2022-10,3.125,A,F,
M,US,368,0,,From 19 Dec 1985 onwards: mid-point of the Federal Reserve target rate; from 1 Jul 1954 to 18 Dec 1985: US Fed Funds effective rate.,4,US Federal Reserve System,, Central bank policy rates - United States - Monthly - End of period,2022-11,3.875,A,F,
M,US,368,0,,From 19 Dec 1985 onwards: mid-point of the Federal Reserve target rate; from 1 Jul 1954 to 18 Dec 1985: US Fed Funds effective rate.,4,US Federal Reserve System,, Central bank policy rates - United States - Monthly - End of period,2022-12,4.375,A,F,
M,US,368,0,,From 19 Dec 1985 onwards: mid-point of the Federal Reserve target rate; from 1 Jul 1954 to 18 Dec 1985: US Fed Funds effective rate.,4,US Federal Reserve System,, Central bank policy rates - United States - Monthly - End of period,2023-01,4.375,A,F,
M,US,368,0,,From 19 Dec 1985 onwards: mid-point of the Federal Reserve target rate; from 1 Jul 1954 to 18 Dec 1985: US Fed Funds effective rate.,4,US Federal Reserve System,, Central bank policy rates - United States - Monthly - End of period,2023-02,4.625,A,F,
M,US,368,0,,From 19 Dec 1985 onwards: mid-point of the Federal Reserve target rate; from 1 Jul 1954 to 18 Dec 1985: US Fed Funds effective rate.,4,US Federal Reserve System,, Central bank policy rates - United States - Monthly - End of period,2023-03,4.875,A,F,
M,US,368,0,,From 19 Dec 1985 onwards: mid-point of the Federal Reserve target rate; from 1 Jul 1954 to 18 Dec 1985: US Fed Funds effective rate.,4,US Federal Reserve System,, Central bank policy rates - United States - Monthly - End of period,2023-04,4.875,A,F,
M,US,368,0,,From 19 Dec 1985 onwards: mid-point of the Federal Reserve target rate; from 1 Jul 1954 to 18 Dec 1985: US Fed Funds effective rate.,4,US Federal Reserve System,, Central bank policy rates - United States - Monthly - End of period,2023-05,5.125,A,F,
M,US,368,0,,From 19 Dec 1985 onwards: mid-point of the Federal Reserve target rate; from 1 Jul 1954 to 18 Dec 1985: US Fed Funds effective rate.,4,US Federal Reserve System,, Central bank policy rates - United States - Monthly - End of period,2023-06,5.125,A,F,
M,US,368,0,,From 19 Dec 1985 onwards: mid-point of the Federal Reserve target rate; from 1 Jul 1954 to 18 Dec 1985: US Fed Funds effective rate.,4,US Federal Reserve System,, Central bank policy rates - United States - Monthly - End of period,2023-07,5.375,A,F,
M,US,368,0,,From 19 Dec 1985 onwards: mid-point of the Federal Reserve target rate; from 1 Jul 1954 to 18 Dec 1985: US Fed Funds effective rate.,4,US Federal Reserve System,, Central bank policy rates - United States - Monthly - End of period,2023-08,5.375,A,F,
M,US,368,0,,From 19 Dec 1985 onwards: mid-point of the Federal Reserve target rate; from 1 Jul 1954 to 18 Dec 1985: US Fed Funds effective rate.,4,US Federal Reserve System,, Central bank policy rates - United States - Monthly - End of period,2023-09,5.375,A,F,
M,US,368,0,,From 19 Dec 1985 onwards: mid-point of the Federal Reserve target rate; from 1 Jul 1954 to 18 Dec 1985: US Fed Funds effective rate.,4,US Federal Reserve System,, Central bank policy rates - United States - Monthly - End of period,2023-10,5.375,A,F,
M,US,368,0,,From 19 Dec 1985 onwards: mid-point of the Federal Reserve target rate; from 1 Jul 1954 to 18 Dec 1985: US Fed Funds effective rate.,4,US Federal Reserve System,, Central bank policy rates - United States - Monthly - End of period,2023-11,5.375,A,F,
M,US,368,0,,From 19 Dec 1985 onwards: mid-point of the Federal Reserve target rate; from 1 Jul 1954 to 18 Dec 1985: US Fed Funds effective rate.,4,US Federal Reserve System,, Central bank policy rates - United States - Monthly - End of period,2023-12,5.375,A,F,
M,US,368,0,,From 19 Dec 1985 onwards: mid-point of the Federal Reserve target rate; from 1 Jul 1954 to 18 Dec 1985: US Fed Funds effective rate.,4,US Federal Reserve System,, Central bank policy rates - United States - Monthly - End of period,2024-01,5.375,A,F,
M,US,368,0,,From 19 Dec 1985 onwards: mid-point of the Federal Reserve target rate; from 1 Jul 1954 to 18 Dec 1985: US Fed Funds effective rate.,4,US Federal Reserve System,, Central bank policy rates - United States - Monthly - End of period,2024-02,5.375,A,F,
M,US,368,0,,From 19 Dec 1985 onwards: mid-point of the Federal Reserve target rate; from 1 Jul 1954 to 18 Dec 1985: US Fed Funds effective rate.,4,US Federal Reserve System,, Central bank policy rates - United States - Monthly - End of period,2024-03,5.375,A,F,
M,US,368,0,,From 19 Dec 1985 onwards: mid-point of the Federal Reserve target rate; from 1 Jul 1954 to 18 Dec 1985: US Fed Funds effective rate.,4,US Federal Reserve System,, Central bank policy rates - United States - Monthly - End of period,2024-04,5.375,A,F,
M,US,368,0,,From 19 Dec 1985 onwards: mid-point of the Federal Reserve target rate; from 1 Jul 1954 to 18 Dec 1985: US Fed Funds effective rate.,4,US Federal Reserve System,, Central bank policy rates - United States - Monthly - End of period,2024-05,5.375,A,F,
M,US,368,0,,From 19 Dec 1985 onwards: mid-point of the Federal Reserve target rate; from 1 Jul 1954 to 18 Dec 1985: US Fed Funds effective rate.,4,US Federal Reserve System,, Central bank policy rates - United States - Monthly - End of period,2024-06,5.375,A,F,
M,US,368,0,,From 19 Dec 1985 onwards: mid-point of the Federal Reserve target rate; from 1 Jul 1954 to 18 Dec 1985: US Fed Funds effective rate.,4,US Federal Reserve System,, Central bank policy rates - United States - Monthly - End of period,2024-07,5.375,A,F,
M,US,368,0,,From 19 Dec 1985 onwards: mid-point of the Federal Reserve target rate; from 1 Jul 1954 to 18 Dec 1985: US Fed Funds effective rate.,4,US Federal Reserve System,, Central bank policy rates - United States - Monthly - End of period,2024-08,5.375,A,F,
M,US,368,0,,From 19 Dec 1985 onwards: mid-point of the Federal Reserve target rate; from 1 Jul 1954 to 18 Dec 1985: US Fed Funds effective rate.,4,US Federal Reserve System,, Central bank policy rates - United States - Monthly - End of period,2024-09,4.875,A,F,
M,US,368,0,,From 19 Dec 1985 onwards: mid-point of the Federal Reserve target rate; from 1 Jul 1954 to 18 Dec 1985: US Fed Funds effective rate.,4,US Federal Reserve System,, Central bank policy rates - United States - Monthly - End of period,2024-10,4.875,A,F,
M,US,368,0,,From 19 Dec 1985 onwards: mid-point of the Federal Reserve target rate; from 1 Jul 1954 to 18 Dec 1985: US Fed Funds effective rate.,4,US Federal Reserve System,, Central bank policy rates - United States - Monthly - End of period,2024-11,4.625,A,F,
M,US,368,0,,From 19 Dec 1985 onwards: mid-point of the Federal Reserve target rate; from 1 Jul 1954 to 18 Dec 1985: US Fed Funds effective rate.,4,US Federal Reserve System,, Central bank policy rates - United States - Monthly - End of period,2024-12,4.375,A,F,
M,US,368,0,,From 19 Dec 1985 onwards: mid-point of the Federal Reserve target rate; from 1 Jul 1954 to 18 Dec 1985: US Fed Funds effective rate.,4,US Federal Reserve System,, Central bank policy rates - United States - Monthly - End of period,2025-01,4.375,A,F,
M,US,368,0,,From 19 Dec 1985 onwards: mid-point of the Federal Reserve target rate; from 1 Jul 1954 to 18 Dec 1985: US Fed Funds effective rate.,4,US Federal Reserve System,, Central bank policy rates - United States - Monthly - End of period,2025-02,4.375,A,F,
M,US,368,0,,From 19 Dec 1985 onwards: mid-point of the Federal Reserve target rate; from 1 Jul 1954 to 18 Dec 1985: US Fed Funds effective rate.,4,US Federal Reserve System,, Central bank policy rates - United States - Monthly - End of period,2025-03,4.375,A,F,
M,US,368,0,,From 19 Dec 1985 onwards: mid-point of the Federal Reserve target rate; from 1 Jul 1954 to 18 Dec 1985: US Fed Funds effective rate.,4,US Federal Reserve System,, Central bank policy rates - United States - Monthly - End of period,2025-04,4.375,A,F,
M,US,368,0,,From 19 Dec 1985 onwards: mid-point of the Federal Reserve target rate; from 1 Jul 1954 to 18 Dec 1985: US Fed Funds effective rate.,4,US Federal Reserve System,, Central bank policy rates - United States - Monthly - End of period,2025-05,4.375,A,F,
M,US,368,0,,From 19 Dec 1985 onwards: mid-point of the Federal Reserve target rate; from 1 Jul 1954 to 18 Dec 1985: US Fed Funds effective rate.,4,US Federal Reserve System,, Central bank policy rates - United States - Monthly - End of period,2025-06,4.375,A,F,
M,US,368,0,,From 19 Dec 1985 onwards: mid-point of the Federal Reserve target rate; from 1 Jul 1954 to 18 Dec 1985: US Fed Funds effective rate.,4,US Federal Reserve System,, Central bank policy rates - United States - Monthly - End of period,2025-07,4.375,A,F,
M,US,368,0,,From 19 Dec 1985 onwards: mid-point of the Federal Reserve target rate; from 1 Jul 1954 to 18 Dec 1985: US Fed Funds effective rate.,4,US Federal Reserve System,, Central bank policy rates - United States - Monthly - End of period,2025-08,4.375,A,F,
M,US,368,0,,From 19 Dec 1985 onwards: mid-point of the Federal Reserve target rate; from 1 Jul 1954 to 18 Dec 1985: US Fed Funds effective rate.,4,US Federal Reserve System,, Central bank policy rates - United States - Monthly - End of period,2025-09,4.125,A,F,
M,US,368,0,,From 19 Dec 1985 onwards: mid-point of the Federal Reserve target rate; from 1 Jul 1954 to 18 Dec 1985: US Fed Funds effective rate.,4,US Federal Reserve System,, Central bank policy rates - United States - Monthly - End of period,2025-10,3.875,A,F,
M,US,368,0,,From 19 Dec 1985 onwards: mid-point of the Federal Reserve target rate; from 1 Jul 1954 to 18 Dec 1985: US Fed Funds effective rate.,4,US Federal Reserve System,, Central bank policy rates - United States - Monthly - End of period,2025-11,3.875,A,F,
M,US,368,0,,From 19 Dec 1985 onwards: mid-point of the Federal Reserve target rate; from 1 Jul 1954 to 18 Dec 1985: US Fed Funds effective rate.,4,US Federal Reserve System,, Central bank policy rates - United States - Monthly - End of period,2025-12,3.625,A,F,
M,US,368,0,,From 19 Dec 1985 onwards: mid-point of the Federal Reserve target rate; from 1 Jul 1954 to 18 Dec 1985: US Fed Funds effective rate.,4,US Federal Reserve System,, Central bank policy rates - United States - Monthly - End of period,2026-01,3.625,A,F,
M,US,368,0,,From 19 Dec 1985 onwards: mid-point of the Federal Reserve target rate; from 1 Jul 1954 to 18 Dec 1985: US Fed Funds effective rate.,4,US Federal Reserve System,, Central bank policy rates - United States - Monthly - End of period,2026-02,3.625,A,F,
M,US,368,0,,From 19 Dec 1985 onwards: mid-point of the Federal Reserve target rate; from 1 Jul 1954 to 18 Dec 1985: US Fed Funds effective rate.,4,US Federal Reserve System,, Central bank policy rates - United States - Monthly - End of period,2026-03,3.625,A,F,
M,US,368,0,,From 19 Dec 1985 onwards: mid-point of the Federal Reserve target rate; from 1 Jul 1954 to 18 Dec 1985: US Fed Funds effective rate.,4,US Federal Reserve System,, Central bank policy rates - United States - Monthly - End of period,2026-04,3.625,A,F,
M,US,368,0,,From 19 Dec 1985 onwards: mid-point of the Federal Reserve target rate; from 1 Jul 1954 to 18 Dec 1985: US Fed Funds effective rate.,4,US Federal Reserve System,, Central bank policy rates - United States - Monthly - End of period,2026-05,3.625,A,F,
M,US,368,0,,From 19 Dec 1985 onwards: mid-point of the Federal Reserve target rate; from 1 Jul 1954 to 18 Dec 1985: US Fed Funds effective rate.,4,US Federal Reserve System,, Central bank policy rates - United States - Monthly - End of period,2026-06,3.625,A,F,
M,US,368,0,,From 19 Dec 1985 onwards: mid-point of the Federal Reserve target rate; from 1 Jul 1954 to 18 Dec 1985: US Fed Funds effective rate.,4,US Federal Reserve System,, Central bank policy rates - United States - Monthly - End of period,2026-07,3.625,A,F,
M,US,368,0,,From 19 Dec 1985 onwards: mid-point of the Federal Reserve target rate; from 1 Jul 1954 to 18 Dec 1985: US Fed Funds effective rate.,4,US Federal Reserve System,, Central bank policy rates - United States - Monthly - End of period,2026-08,3.625,A,F,
